sn,sensor,frameNumSource,missingFrameNum
CPBG1630011D,depth,hw,13
CPBG1630011D,depth,hw,14
CPBG1630011D,depth,hw,15
CPBG1630011D,depth,hw,16
CPBG1630011D,depth,hw,17
CPBG1630011D,depth,hw,22
CPBG1630011D,depth,hw,23
CPBG1630011D,depth,hw,30
CPBG1630011D,depth,hw,31
CPBG1630011D,depth,hw,32
CPBG1630011D,depth,hw,33
CPBG1630011D,depth,hw,34
CPBG1630011D,depth,hw,35
CPBG1630011D,depth,hw,36
CPBG1630011D,depth,hw,53
CPBG1630011D,depth,hw,81
CPBG1630011D,depth,hw,166
CPBG1630011D,depth,hw,232
CPBG1630011D,depth,hw,278
CPBG1630011D,depth,hw,284
CPBG1630011D,depth,hw,395
CPBG1630011D,depth,hw,397
CPBG1630011D,depth,hw,603
CPBG1630011D,depth,hw,736
CPBG1630011D,depth,hw,786
CPBG1630011D,depth,hw,807
CPBG1630011D,depth,hw,836
CPBG1630011D,depth,hw,864
CPBG1630011D,depth,hw,883
CPBG1630011D,depth,hw,889
CPBG1630011D,depth,hw,924
CPBG1630011D,depth,hw,1046
CPBG1630011D,depth,hw,1059
CPBG1630011D,depth,hw,1278
CPBG1630011D,depth,hw,1282
CPBG1630011D,depth,hw,1300
CPBG1630011D,depth,hw,1927
CPBG1630011D,depth,hw,1973
CPBG1630011D,depth,hw,2034
CPBG1630011D,depth,hw,2044
CPBG1630011D,depth,hw,2050
CPBG1630011D,depth,hw,2450
CPBG1630011D,depth,hw,2506
CPBG1630011D,depth,hw,2536
CPBG1630011D,depth,hw,2606
CPBG1630011D,depth,hw,2623
CPBG1630011D,depth,hw,2659
CPBG1630011D,depth,hw,2749
CPBG1630011D,depth,hw,2935
CPBG1630011D,depth,hw,3204
CPBG1630011D,depth,hw,3287
CPBG1630011D,depth,hw,3677
CPBG1630011D,depth,hw,3791
CPBG1630011D,depth,hw,3803
CPBG1630011D,depth,hw,4230
CPBG1630011D,depth,hw,4607
CPBG1630011D,depth,hw,4903
CPBG1630011D,depth,hw,4922
CPBG1630011D,depth,hw,4924
CPBG1630011D,depth,hw,4927
CPBG1630011D,depth,hw,4945
CPBG1630011D,depth,hw,4996
CPBG1630011D,depth,hw,5089
CPBG1630011D,depth,hw,5223
CPBG1630011D,depth,hw,5260
CPBG1630011D,depth,hw,5270
CPBG1630011D,depth,hw,5453
CPBG1630011D,depth,hw,5510
CPBG1630011D,depth,hw,5534
CPBG1630011D,depth,hw,5882
CPBG1630011D,depth,hw,5936
CPBG1630011D,depth,hw,5941
CPBG1630011D,depth,hw,5996
CPBG1630011D,depth,hw,6017
CPBG1630011D,depth,hw,6067
CPBG1630011D,depth,hw,6072
CPBG1630011D,depth,hw,6177
CPBG1630011D,depth,hw,6273
CPBG1630011D,depth,hw,6285
CPBG1630011D,depth,hw,6304
CPBG1630011D,depth,hw,6565
CPBG1630011D,depth,hw,6581
CPBG1630011D,depth,hw,6588
CPBG1630011D,depth,hw,6591
CPBG1630011D,depth,hw,6659
CPBG1630011D,depth,hw,6952
CPBG1630011D,depth,hw,6995
CPBG1630011D,depth,hw,7209
CPBG1630011D,depth,hw,7295
CPBG1630011D,depth,hw,7385
CPBG1630011D,depth,hw,7597
CPBG1630011D,depth,hw,7638
CPBG1630011D,depth,hw,7704
CPBG1630011D,depth,hw,7784
CPBG1630011D,depth,hw,7883
CPBG1630011D,depth,hw,7913
CPBG1630011D,depth,hw,8054
CPBG1630011D,depth,hw,8085
CPBG1630011D,depth,hw,8192
CPBG1630011D,depth,hw,8642
CPBG1630011D,depth,hw,8707
CPBG1630011D,depth,hw,8895
CPBG1630011D,depth,hw,8932
CPBG1630011D,depth,hw,9216
CPBG1630011D,depth,hw,9520
CPBG1630011D,depth,hw,9798
CPBG1630011D,depth,hw,10099
CPBG1630011D,depth,hw,10315
CPBG1630011D,depth,hw,10568
CPBG1630011D,depth,hw,10821
CPBG1630011D,depth,hw,11351
CPBG1630011D,depth,hw,11355
CPBG1630011D,depth,hw,11409
CPBG1630011D,depth,hw,11602
CPBG1630011D,depth,hw,11607
CPBG1630011D,depth,hw,11610
CPBG1630011D,depth,hw,11976
CPBG1630011D,depth,hw,12097
CPBG1630011D,depth,hw,12206
CPBG1630011D,depth,hw,12239
CPBG1630011D,depth,hw,12411
CPBG1630011D,depth,hw,12504
CPBG1630011D,depth,hw,12521
CPBG1630011D,depth,hw,12532
CPBG1630011D,depth,hw,12593
CPBG1630011D,depth,hw,12600
CPBG1630011D,depth,hw,12614
CPBG1630011D,depth,hw,12642
CPBG1630011D,depth,hw,12758
CPBG1630011D,depth,hw,12867
CPBG1630011D,depth,hw,12919
CPBG1630011D,depth,hw,13022
CPBG1630011D,depth,hw,13039
CPBG1630011D,depth,hw,13074
CPBG1630011D,depth,hw,13390
CPBG1630011D,depth,hw,13536
CPBG1630011D,depth,hw,13647
CPBG1630011D,depth,hw,13699
CPBG1630011D,depth,hw,13875
CPBG1630011D,depth,hw,13883
CPBG1630011D,depth,hw,13984
CPBG1630011D,depth,hw,14040
CPBG1630011D,depth,hw,14170
CPBG1630011D,depth,hw,14177
CPBG1630011D,depth,hw,14215
CPBG1630011D,depth,hw,14237
CPBG1630011D,depth,hw,14297
CPBG1630011D,depth,hw,14336
CPBG1630011D,depth,hw,14588
CPBG1630011D,depth,hw,14809
CPBG1630011D,depth,hw,14827
CPBG1630011D,depth,hw,14833
CPBG1630011D,depth,hw,14917
CPBG1630011D,depth,hw,15097
CPBG1630011D,depth,hw,15111
CPBG1630011D,depth,hw,15321
CPBG1630011D,depth,hw,15348
CPBG1630011D,depth,hw,15563
CPBG1630011D,depth,hw,15636
CPBG1630011D,depth,hw,15749
CPBG1630011D,depth,hw,15829
CPBG1630011D,depth,hw,15850
CPBG1630011D,depth,hw,16630
CPBG1630011D,depth,hw,16958
CPBG1630011D,depth,hw,17048
CPBG1630011D,depth,hw,17297
CPBG1630011D,depth,hw,17380
CPBG1630011D,depth,hw,17967
CPBG1630011D,depth,hw,18088
CPBG1630011D,depth,hw,18112
CPBG1630011D,depth,hw,18141
CPBG1630011D,depth,hw,20603
CPBG1630011D,depth,hw,20643
CPBG1630011D,depth,hw,20787
CPBG1630011D,depth,hw,20954
CPBG1630011D,depth,hw,21044
CPBG1630011D,depth,hw,21076
CPBG1630011D,depth,hw,21190
CPBG1630011D,depth,hw,21464
CPBG1630011D,depth,hw,21497
CPBG1630011D,depth,hw,21713
CPBG1630011D,depth,hw,21976
CPBG1630011D,depth,hw,22075
CPBG1630011D,depth,hw,22208
CPBG1630011D,depth,hw,22297
CPBG1630011D,depth,hw,22445
CPBG1630011D,depth,hw,22530
CPBG1630011D,depth,hw,22735
CPBG1630011D,depth,hw,23008
CPBG1630011D,depth,hw,23029
CPBG1630011D,depth,hw,23252
CPBG1630011D,depth,hw,23302
CPBG1630011D,depth,hw,23436
CPBG1630011D,depth,hw,23911
CPBG1630011D,depth,hw,24029
CPBG1630011D,depth,hw,24053
CPBG1630011D,depth,hw,24141
CPBG1630011D,depth,hw,24950
CPBG1630011D,depth,hw,25746
CPBG1630011D,depth,hw,25830
CPBG1630011D,depth,hw,25916
CPBG1630011D,depth,hw,26030
CPBG1630011D,depth,hw,26138
CPBG1630011D,depth,hw,26302
CPBG1630011D,depth,hw,26336
CPBG1630011D,depth,hw,26642
CPBG1630011D,depth,hw,26818
CPBG1630011D,depth,hw,26867
CPBG1630011D,depth,hw,27041
CPBG1630011D,depth,hw,27395
CPBG1630011D,depth,hw,27442
CPBG1630011D,depth,hw,27603
CPBG1630011D,depth,hw,27730
CPBG1630011D,depth,hw,27787
CPBG1630011D,depth,hw,27792
CPBG1630011D,depth,hw,28035
CPBG1630011D,depth,hw,28066
CPBG1630011D,depth,hw,28091
CPBG1630011D,depth,hw,28108
CPBG1630011D,depth,hw,28191
CPBG1630011D,depth,hw,28207
CPBG1630011D,depth,hw,28497
CPBG1630011D,depth,hw,28560
CPBG1630011D,depth,hw,28579
CPBG1630011D,depth,hw,28590
CPBG1630011D,depth,hw,28644
CPBG1630011D,depth,hw,28661
CPBG1630011D,depth,hw,28777
CPBG1630011D,depth,hw,28815
CPBG1630011D,depth,hw,28849
CPBG1630011D,depth,hw,28941
CPBG1630011D,depth,hw,29084
CPBG1630011D,depth,hw,29384
CPBG1630011D,depth,hw,29674
CPBG1630011D,depth,hw,29860
CPBG1630011D,depth,hw,29879
CPBG1630011D,depth,hw,30577
CPBG1630011D,depth,hw,30584
CPBG1630011D,depth,hw,30632
CPBG1630011D,depth,hw,30737
CPBG1630011D,depth,hw,30832
CPBG1630011D,depth,hw,30848
CPBG1630011D,depth,hw,30956
CPBG1630011D,depth,hw,30990
CPBG1630011D,depth,hw,30999
CPBG1630011D,depth,hw,31078
CPBG1630011D,depth,hw,31144
CPBG1630011D,depth,hw,31189
CPBG1630011D,depth,hw,31494
CPBG1630011D,depth,hw,31638
CPBG1630011D,depth,hw,31656
CPBG1630011D,depth,hw,31806
CPBG1630011D,depth,hw,31980
CPBG1630011D,depth,hw,32169
CPBG1630011D,depth,hw,32300
CPBG1630011D,depth,hw,32321
CPBG1630011D,depth,hw,32346
CPBG1630011D,depth,hw,32364
CPBG1630011D,depth,hw,32451
CPBG1630011D,depth,hw,33111
CPBG1630011D,depth,hw,33224
CPBG1630011D,depth,hw,33327
CPBG1630011D,depth,hw,33479
CPBG1630011D,depth,hw,33529
CPBG1630011D,depth,hw,33563
CPBG1630011D,depth,hw,33585
CPBG1630011D,depth,hw,33589
CPBG1630011D,depth,hw,33635
CPBG1630011D,depth,hw,33951
CPBG1630011D,depth,hw,33986
CPBG1630011D,depth,hw,34044
CPBG1630011D,depth,hw,34070
CPBG1630011D,depth,hw,34383
CPBG1630011D,depth,hw,34385
CPBG1630011D,depth,hw,34845
CPBG1630011D,depth,hw,35181
CPBG1630011D,depth,hw,35732
CPBG1630011D,depth,hw,36188
CPBG1630011D,depth,hw,36192
CPBG1630011D,depth,hw,36280
CPBG1630011D,depth,hw,36357
CPBG1630011D,depth,hw,36526
CPBG1630011D,depth,hw,37039
CPBG1630011D,depth,hw,37152
CPBG1630011D,depth,hw,37226
CPBG1630011D,depth,hw,37279
CPBG1630011D,depth,hw,37358
CPBG1630011D,depth,hw,37451
CPBG1630011D,depth,hw,37459
CPBG1630011D,depth,hw,37462
CPBG1630011D,depth,hw,37520
CPBG1630011D,depth,hw,37755
CPBG1630011D,depth,hw,37893
CPBG1630011D,depth,hw,38009
CPBG1630011D,depth,hw,38533
CPBG1630011D,depth,hw,38547
CPBG1630011D,depth,hw,38583
CPBG1630011D,depth,hw,38684
CPBG1630011D,depth,hw,38718
CPBG1630011D,depth,hw,38788
CPBG1630011D,depth,hw,38817
CPBG1630011D,depth,hw,38965
CPBG1630011D,depth,hw,39072
CPBG1630011D,depth,hw,39492
CPBG1630011D,depth,hw,39495
CPBG1630011D,depth,hw,39535
CPBG1630011D,depth,hw,39540
CPBG1630011D,depth,hw,39555
CPBG1630011D,depth,hw,39670
CPBG1630011D,depth,hw,39807
CPBG1630011D,depth,hw,40233
CPBG1630011D,depth,hw,40254
CPBG1630011D,depth,hw,40263
CPBG1630011D,depth,hw,40353
CPBG1630011D,depth,hw,40693
CPBG1630011D,depth,hw,40826
CPBG1630011D,depth,hw,40838
CPBG1630011D,depth,hw,40933
CPBG1630011D,depth,hw,41272
CPBG1630011D,depth,hw,41276
CPBG1630011D,depth,hw,41374
CPBG1630011D,depth,hw,41579
CPBG1630011D,depth,hw,41663
CPBG1630011D,depth,hw,42226
CPBG1630011D,depth,hw,42229
CPBG1630011D,depth,hw,42257
CPBG1630011D,depth,hw,42286
CPBG1630011D,depth,hw,42547
CPBG1630011D,depth,hw,42696
CPBG1630011D,depth,hw,42921
CPBG1630011D,depth,hw,42995
CPBG1630011D,depth,hw,43028
CPBG1630011D,depth,hw,43166
CPBG1630011D,depth,hw,43229
CPBG1630011D,depth,hw,43288
CPBG1630011D,depth,hw,43414
CPBG1630011D,depth,hw,44180
CPBG1630011D,depth,hw,44394
CPBG1630011D,depth,hw,44840
CPBG1630011D,depth,hw,44852
CPBG1630011D,depth,hw,44863
CPBG1630011D,depth,hw,44888
CPBG1630011D,depth,hw,44996
CPBG1630011D,depth,hw,45099
CPBG1630011D,depth,hw,45233
CPBG1630011D,depth,hw,45554
CPBG1630011D,depth,hw,45732
CPBG1630011D,depth,hw,46073
CPBG1630011D,depth,hw,46260
CPBG1630011D,depth,hw,46406
CPBG1630011D,depth,hw,46512
CPBG1630011D,depth,hw,46526
CPBG1630011D,depth,hw,46532
CPBG1630011D,depth,hw,46761
CPBG1630011D,depth,hw,46822
CPBG1630011D,depth,hw,47321
CPBG1630011D,depth,hw,47332
CPBG1630011D,depth,hw,47519
CPBG1630011D,depth,hw,47657
CPBG1630011D,depth,hw,48053
CPBG1630011D,depth,hw,48309
CPBG1630011D,depth,hw,48517
CPBG1630011D,depth,hw,49319
CPBG1630011D,depth,hw,49536
CPBG1630011D,depth,hw,49882
CPBG1630011D,depth,hw,50010
CPBG1630011D,depth,hw,50081
CPBG1630011D,depth,hw,50083
CPBG1630011D,depth,hw,50088
CPBG1630011D,depth,hw,50334
CPBG1630011D,depth,hw,50371
CPBG1630011D,depth,hw,50460
CPBG1630011D,depth,hw,50501
CPBG1630011D,depth,hw,50509
CPBG1630011D,depth,hw,50741
CPBG1630011D,depth,hw,50762
CPBG1630011D,depth,hw,51273
CPBG1630011D,depth,hw,51275
CPBG1630011D,depth,hw,51303
CPBG1630011D,depth,hw,51672
CPBG1630011D,depth,hw,51731
CPBG1630011D,depth,hw,51863
CPBG1630011D,depth,hw,51868
CPBG1630011D,depth,hw,52239
CPBG1630011D,depth,hw,52836
CPBG1630011D,depth,hw,52885
CPBG1630011D,depth,hw,52924
CPBG1630011D,depth,hw,53212
CPBG1630011D,depth,hw,53397
CPBG1630011D,depth,hw,53659
CPBG1630011D,depth,hw,53664
CPBG1630011D,depth,hw,53667
CPBG1630011D,depth,hw,54171
CPBG1630011D,depth,hw,54279
CPBG1630011D,depth,hw,54295
CPBG1630011D,depth,hw,54317
CPBG1630011D,depth,hw,54478
CPBG1630011D,depth,hw,54505
CPBG1630011D,depth,hw,54533
CPBG1630011D,depth,hw,54686
CPBG1630011D,depth,hw,54770
CPBG1630011D,depth,hw,54829
CPBG1630011D,depth,hw,54843
CPBG1630011D,depth,hw,55370
CPBG1630011D,depth,hw,55407
CPBG1630011D,depth,hw,55457
CPBG1630011D,depth,hw,55598
CPBG1630011D,depth,hw,56126
CPBG1630011D,depth,hw,56482
CPBG1630011D,depth,hw,56707
CPBG1630011D,depth,hw,56964
CPBG1630011D,depth,hw,57066
CPBG1630011D,depth,hw,57070
CPBG1630011D,depth,hw,57142
CPBG1630011D,depth,hw,57218
CPBG1630011D,depth,hw,57246
CPBG1630011D,depth,hw,57415
CPBG1630011D,depth,hw,58022
CPBG1630011D,depth,hw,58042
CPBG1630011D,depth,hw,58049
CPBG1630011D,depth,hw,58227
CPBG1630011D,depth,hw,58532
CPBG1630011D,depth,hw,58545
CPBG1630011D,depth,hw,58605
CPBG1630011D,depth,hw,58692
CPBG1630011D,depth,hw,58767
CPBG1630011D,depth,hw,58772
CPBG1630011D,depth,hw,59063
CPBG1630011D,depth,hw,59211
CPBG1630011D,depth,hw,59217
CPBG1630011D,depth,hw,59382
CPBG1630011D,depth,hw,59664
CPBG1630011D,depth,hw,59679
CPBG1630011D,depth,hw,59702
CPBG1630011D,depth,hw,59740
CPBG1630011D,depth,hw,60340
CPBG1630011D,depth,hw,60428
CPBG1630011D,depth,hw,60497
CPBG1630011D,depth,hw,60606
CPBG1630011D,depth,hw,61045
CPBG1630011D,depth,hw,61175
CPBG1630011D,depth,hw,61182
CPBG1630011D,depth,hw,61184
CPBG1630011D,depth,hw,61397
CPBG1630011D,depth,hw,61539
CPBG1630011D,depth,hw,61543
CPBG1630011D,depth,hw,61584
CPBG1630011D,depth,hw,61615
CPBG1630011D,depth,hw,61676
CPBG1630011D,depth,hw,61737
CPBG1630011D,depth,hw,61791
CPBG1630011D,depth,hw,62282
CPBG1630011D,depth,hw,62333
CPBG1630011D,depth,hw,62364
CPBG1630011D,depth,hw,62464
CPBG1630011D,depth,hw,62482
CPBG1630011D,depth,hw,62493
CPBG1630011D,depth,hw,62497
CPBG1630011D,depth,hw,62531
CPBG1630011D,depth,hw,62551
CPBG1630011D,depth,hw,62571
CPBG1630011D,depth,hw,62781
CPBG1630011D,depth,hw,62880
CPBG1630011D,depth,hw,63016
CPBG1630011D,depth,hw,63149
CPBG1630011D,depth,hw,63172
CPBG1630011D,depth,hw,63470
CPBG1630011D,depth,hw,63682
CPBG1630011D,depth,hw,63754
CPBG1630011D,depth,hw,63972
CPBG1630011D,depth,hw,64353
CPBG1630011D,depth,hw,64503
CPBG1630011D,depth,hw,64546
CPBG1630011D,depth,hw,64679
CPBG1630011D,depth,hw,64691
CPBG1630011D,depth,hw,64828
CPBG1630011D,depth,hw,65012
CPBG1630011D,depth,hw,65054
CPBG1630011D,depth,hw,65220
CPBG1630011D,depth,hw,65361
CPBG1630011D,depth,hw,65597
CPBG1630011D,depth,hw,65736
CPBG1630011D,depth,hw,65765
CPBG1630011D,depth,hw,65859
CPBG1630011D,depth,hw,65862
CPBG1630011D,depth,hw,65869
CPBG1630011D,depth,hw,66026
CPBG1630011D,depth,hw,66129
CPBG1630011D,depth,hw,66131
CPBG1630011D,depth,hw,66134
CPBG1630011D,depth,hw,66185
CPBG1630011D,depth,hw,66369
CPBG1630011D,depth,hw,66445
CPBG1630011D,depth,hw,66583
CPBG1630011D,depth,hw,66625
CPBG1630011D,depth,hw,66716
CPBG1630011D,depth,hw,66948
CPBG1630011D,depth,hw,66990
CPBG1630011D,depth,hw,67035
CPBG1630011D,depth,hw,67045
CPBG1630011D,depth,hw,67470
CPBG1630011D,depth,hw,67529
CPBG1630011D,depth,hw,67626
CPBG1630011D,depth,hw,67752
CPBG1630011D,depth,hw,67881
CPBG1630011D,depth,hw,67984
CPBG1630011D,depth,hw,67998
CPBG1630011D,depth,hw,68024
CPBG1630011D,depth,hw,68062
CPBG1630011D,depth,hw,68193
CPBG1630011D,depth,hw,68590
CPBG1630011D,depth,hw,68779
CPBG1630011D,depth,hw,68797
CPBG1630011D,depth,hw,68936
CPBG1630011D,depth,hw,68976
CPBG1630011D,depth,hw,69347
CPBG1630011D,depth,hw,69530
CPBG1630011D,depth,hw,69896
CPBG1630011D,depth,hw,70240
CPBG1630011D,depth,hw,70414
CPBG1630011D,depth,hw,70663
CPBG1630011D,depth,hw,70680
CPBG1630011D,depth,hw,70700
CPBG1630011D,depth,hw,70750
CPBG1630011D,depth,hw,70756
CPBG1630011D,depth,hw,71544
CPBG1630011D,depth,hw,71658
CPBG1630011D,depth,hw,71679
CPBG1630011D,depth,hw,71783
CPBG1630011D,depth,hw,72235
CPBG1630011D,depth,hw,72345
CPBG1630011D,depth,hw,72382
CPBG1630011D,depth,hw,72386
CPBG1630011D,depth,hw,72817
CPBG1630011D,depth,hw,72950
CPBG1630011D,depth,hw,73051
CPBG1630011D,depth,hw,73538
CPBG1630011D,depth,hw,73618
CPBG1630011D,depth,hw,73684
CPBG1630011D,depth,hw,73841
CPBG1630011D,depth,hw,73847
CPBG1630011D,depth,hw,73924
CPBG1630011D,depth,hw,74070
CPBG1630011D,depth,hw,74177
CPBG1630011D,depth,hw,74247
CPBG1630011D,depth,hw,74260
CPBG1630011D,depth,hw,74372
CPBG1630011D,depth,hw,74498
CPBG1630011D,depth,hw,74507
CPBG1630011D,depth,hw,74637
CPBG1630011D,depth,hw,74647
CPBG1630011D,depth,hw,74690
CPBG1630011D,depth,hw,74699
CPBG1630011D,depth,hw,74749
CPBG1630011D,depth,hw,74806
CPBG1630011D,depth,hw,74825
CPBG1630011D,depth,hw,74827
CPBG1630011D,depth,hw,74840
CPBG1630011D,depth,hw,74848
CPBG1630011D,depth,hw,74870
CPBG1630011D,depth,hw,74979
CPBG1630011D,depth,hw,74985
CPBG1630011D,depth,hw,74992
CPBG1630011D,depth,hw,75018
CPBG1630011D,depth,hw,75600
CPBG1630011D,depth,hw,75680
CPBG1630011D,depth,hw,76524
CPBG1630011D,depth,hw,76551
CPBG1630011D,depth,hw,76598
CPBG1630011D,depth,hw,76728
CPBG1630011D,depth,hw,76824
CPBG1630011D,depth,hw,76891
CPBG1630011D,depth,hw,76982
CPBG1630011D,depth,hw,77298
CPBG1630011D,depth,hw,77614
CPBG1630011D,depth,hw,77641
CPBG1630011D,depth,hw,77651
CPBG1630011D,depth,hw,77704
CPBG1630011D,depth,hw,78140
CPBG1630011D,depth,hw,78153
CPBG1630011D,depth,hw,78163
CPBG1630011D,depth,hw,78171
CPBG1630011D,depth,hw,78201
CPBG1630011D,color,hw,402
CPBG1630011D,color,hw,618
CPBG1630011D,color,hw,624
CPBG1630011D,color,hw,631
CPBG1630011D,color,hw,654
CPBG1630011D,color,hw,960
CPBG1630011D,color,hw,1165
CPBG1630011D,color,hw,1229
CPBG1630011D,color,hw,1269
CPBG1630011D,color,hw,1408
CPBG1630011D,color,hw,1545
CPBG1630011D,color,hw,1634
CPBG1630011D,color,hw,1663
CPBG1630011D,color,hw,1845
CPBG1630011D,color,hw,1860
CPBG1630011D,color,hw,1964
CPBG1630011D,color,hw,1972
CPBG1630011D,color,hw,1988
CPBG1630011D,color,hw,2048
CPBG1630011D,color,hw,2590
CPBG1630011D,color,hw,2646
CPBG1630011D,color,hw,2666
CPBG1630011D,color,hw,3006
CPBG1630011D,color,hw,3008
CPBG1630011D,color,hw,3140
CPBG1630011D,color,hw,3474
CPBG1630011D,color,hw,3753
CPBG1630011D,color,hw,3935
CPBG1630011D,color,hw,4032
CPBG1630011D,color,hw,4374
CPBG1630011D,color,hw,4790
CPBG1630011D,color,hw,5078
CPBG1630011D,color,hw,5122
CPBG1630011D,color,hw,5124
CPBG1630011D,color,hw,5284
CPBG1630011D,color,hw,5456
CPBG1630011D,color,hw,5504
CPBG1630011D,color,hw,5572
CPBG1630011D,color,hw,5879
CPBG1630011D,color,hw,5883
CPBG1630011D,color,hw,5892
CPBG1630011D,color,hw,5989
CPBG1630011D,color,hw,6458
CPBG1630011D,color,hw,6511
CPBG1630011D,color,hw,7156
CPBG1630011D,color,hw,7445
CPBG1630011D,color,hw,7466
CPBG1630011D,color,hw,7537
CPBG1630011D,color,hw,7578
CPBG1630011D,color,hw,7640
CPBG1630011D,color,hw,7655
CPBG1630011D,color,hw,7903
CPBG1630011D,color,hw,7916
CPBG1630011D,color,hw,8004
CPBG1630011D,color,hw,8462
CPBG1630011D,color,hw,8688
CPBG1630011D,color,hw,8735
CPBG1630011D,color,hw,9006
CPBG1630011D,color,hw,9184
CPBG1630011D,color,hw,9212
CPBG1630011D,color,hw,9598
CPBG1630011D,color,hw,9692
CPBG1630011D,color,hw,9768
CPBG1630011D,color,hw,9813
CPBG1630011D,color,hw,9930
CPBG1630011D,color,hw,10119
CPBG1630011D,color,hw,10126
CPBG1630011D,color,hw,10352
CPBG1630011D,color,hw,10675
CPBG1630011D,color,hw,10728
CPBG1630011D,color,hw,11367
CPBG1630011D,color,hw,11465
CPBG1630011D,color,hw,11493
CPBG1630011D,color,hw,12146
CPBG1630011D,color,hw,12163
CPBG1630011D,color,hw,12487
CPBG1630011D,color,hw,12564
CPBG1630011D,color,hw,12591
CPBG1630011D,color,hw,12601
CPBG1630011D,color,hw,12613
CPBG1630011D,color,hw,12673
CPBG1630011D,color,hw,12706
CPBG1630011D,color,hw,12733
CPBG1630011D,color,hw,13039
CPBG1630011D,color,hw,13157
CPBG1630011D,color,hw,13189
CPBG1630011D,color,hw,13307
CPBG1630011D,color,hw,13345
CPBG1630011D,color,hw,13870
CPBG1630011D,color,hw,13885
CPBG1630011D,color,hw,13966
CPBG1630011D,color,hw,14949
CPBG1630011D,color,hw,14977
CPBG1630011D,color,hw,14996
CPBG1630011D,color,hw,15368
CPBG1630011D,color,hw,15404
CPBG1630011D,color,hw,15477
CPBG1630011D,color,hw,15566
CPBG1630011D,color,hw,15948
CPBG1630011D,color,hw,16045
CPBG1630011D,color,hw,16067
CPBG1630011D,color,hw,16466
CPBG1630011D,color,hw,16491
CPBG1630011D,color,hw,16518
CPBG1630011D,color,hw,17002
CPBG1630011D,color,hw,17210
CPBG1630011D,color,hw,17324
CPBG1630011D,color,hw,17459
CPBG1630011D,color,hw,17470
CPBG1630011D,color,hw,17495
CPBG1630011D,color,hw,17545
CPBG1630011D,color,hw,17557
CPBG1630011D,color,hw,17744
CPBG1630011D,color,hw,17986
CPBG1630011D,color,hw,18189
CPBG1630011D,color,hw,18259
CPBG1630011D,color,hw,18337
CPBG1630011D,color,hw,18685
CPBG1630011D,color,hw,18967
CPBG1630011D,color,hw,19016
CPBG1630011D,color,hw,19093
CPBG1630011D,color,hw,19101
CPBG1630011D,color,hw,19329
CPBG1630011D,color,hw,19627
CPBG1630011D,color,hw,19810
CPBG1630011D,color,hw,19877
CPBG1630011D,color,hw,19895
CPBG1630011D,color,hw,20126
CPBG1630011D,color,hw,20134
CPBG1630011D,color,hw,20150
CPBG1630011D,color,hw,20159
CPBG1630011D,color,hw,20345
CPBG1630011D,color,hw,20612
CPBG1630011D,color,hw,20927
CPBG1630011D,color,hw,21258
CPBG1630011D,color,hw,21583
CPBG1630011D,color,hw,21628
CPBG1630011D,color,hw,21744
CPBG1630011D,color,hw,21835
CPBG1630011D,color,hw,21961
CPBG1630011D,color,hw,22094
CPBG1630011D,color,hw,22487
CPBG1630011D,color,hw,22543
CPBG1630011D,color,hw,22807
CPBG1630011D,color,hw,22903
CPBG1630011D,color,hw,23287
CPBG1630011D,color,hw,23466
CPBG1630011D,color,hw,23598
CPBG1630011D,color,hw,23776
CPBG1630011D,color,hw,23822
CPBG1630011D,color,hw,23907
CPBG1630011D,color,hw,23998
CPBG1630011D,color,hw,24066
CPBG1630011D,color,hw,24219
CPBG1630011D,color,hw,24307
CPBG1630011D,color,hw,24334
CPBG1630011D,color,hw,24812
CPBG1630011D,color,hw,24915
CPBG1630011D,color,hw,24917
CPBG1630011D,color,hw,24961
CPBG1630011D,color,hw,25221
CPBG1630011D,color,hw,25331
CPBG1630011D,color,hw,25345
CPBG1630011D,color,hw,25521
CPBG1630011D,color,hw,25572
CPBG1630011D,color,hw,25576
CPBG1630011D,color,hw,25578
CPBG1630011D,color,hw,25628
CPBG1630011D,color,hw,25749
CPBG1630011D,color,hw,25864
CPBG1630011D,color,hw,26242
CPBG1630011D,color,hw,26708
CPBG1630011D,color,hw,26986
CPBG1630011D,color,hw,27081
CPBG1630011D,color,hw,27262
CPBG1630011D,color,hw,27446
CPBG1630011D,color,hw,27831
CPBG1630011D,color,hw,27841
CPBG1630011D,color,hw,27922
CPBG1630011D,color,hw,27978
CPBG1630011D,color,hw,28223
CPBG1630011D,color,hw,28274
CPBG1630011D,color,hw,28351
CPBG1630011D,color,hw,28382
CPBG1630011D,color,hw,28420
CPBG1630011D,color,hw,28561
CPBG1630011D,color,hw,28607
CPBG1630011D,color,hw,29376
CPBG1630011D,color,hw,29823
CPBG1630011D,color,hw,30007
CPBG1630011D,color,hw,30039
CPBG1630011D,color,hw,30497
CPBG1630011D,color,hw,30604
CPBG1630011D,color,hw,31128
CPBG1630011D,color,hw,31345
CPBG1630011D,color,hw,31364
CPBG1630011D,color,hw,31436
CPBG1630011D,color,hw,31785
CPBG1630011D,color,hw,31866
CPBG1630011D,color,hw,31907
CPBG1630011D,color,hw,32321
CPBG1630011D,color,hw,32374
CPBG1630011D,color,hw,32378
CPBG1630011D,color,hw,32398
CPBG1630011D,color,hw,32496
CPBG1630011D,color,hw,32519
CPBG1630011D,color,hw,32727
CPBG1630011D,color,hw,33199
CPBG1630011D,color,hw,33445
CPBG1630011D,color,hw,33569
CPBG1630011D,color,hw,34015
CPBG1630011D,color,hw,34278
CPBG1630011D,color,hw,34283
CPBG1630011D,color,hw,34526
CPBG1630011D,color,hw,34586
CPBG1630011D,color,hw,34604
CPBG1630011D,color,hw,34755
CPBG1630011D,color,hw,34863
CPBG1630011D,color,hw,34915
CPBG1630011D,color,hw,34918
CPBG1630011D,color,hw,35118
CPBG1630011D,color,hw,35231
CPBG1630011D,color,hw,35264
CPBG1630011D,color,hw,35668
CPBG1630011D,color,hw,35712
CPBG1630011D,color,hw,35735
CPBG1630011D,color,hw,35757
CPBG1630011D,color,hw,35819
CPBG1630011D,color,hw,35991
CPBG1630011D,color,hw,36038
CPBG1630011D,color,hw,36042
CPBG1630011D,color,hw,36045
CPBG1630011D,color,hw,36212
CPBG1630011D,color,hw,36346
CPBG1630011D,color,hw,36751
CPBG1630011D,color,hw,37047
CPBG1630011D,color,hw,37186
CPBG1630011D,color,hw,37479
CPBG1630011D,color,hw,37673
CPBG1630011D,color,hw,37890
CPBG1630011D,color,hw,38106
CPBG1630011D,color,hw,38555
CPBG1630011D,color,hw,39068
CPBG1630011D,color,hw,39223
CPBG1630011D,color,hw,39454
CPBG1630011D,color,hw,39522
CPBG1630011D,color,hw,39972
CPBG1630011D,color,hw,39977
CPBG1630011D,color,hw,40132
CPBG1630011D,color,hw,40164
CPBG1630011D,color,hw,40246
CPBG1630011D,color,hw,40387
CPBG1630011D,color,hw,40398
CPBG1630011D,color,hw,40710
CPBG1630011D,color,hw,41066
CPBG1630011D,color,hw,41338
CPBG1630011D,color,hw,41412
CPBG1630011D,color,hw,41460
CPBG1630011D,color,hw,41618
CPBG1630011D,color,hw,41924
CPBG1630011D,color,hw,42126
CPBG1630011D,color,hw,42336
CPBG1630011D,color,hw,42401
CPBG1630011D,color,hw,42483
CPBG1630011D,color,hw,42490
CPBG1630011D,color,hw,42492
CPBG1630011D,color,hw,42501
CPBG1630011D,color,hw,42519
CPBG1630011D,color,hw,43057
CPBG1630011D,color,hw,43206
CPBG1630011D,color,hw,43224
CPBG1630011D,color,hw,43333
CPBG1630011D,color,hw,43399
CPBG1630011D,color,hw,43438
CPBG1630011D,color,hw,43619
CPBG1630011D,color,hw,43627
CPBG1630011D,color,hw,43732
CPBG1630011D,color,hw,43942
CPBG1630011D,color,hw,43981
CPBG1630011D,color,hw,43989
CPBG1630011D,color,hw,43994
CPBG1630011D,color,hw,44315
CPBG1630011D,color,hw,44806
CPBG1630011D,color,hw,44943
CPBG1630011D,color,hw,45108
CPBG1630011D,color,hw,45145
CPBG1630011D,color,hw,45213
CPBG1630011D,color,hw,45290
CPBG1630011D,color,hw,45298
CPBG1630011D,color,hw,45610
CPBG1630011D,color,hw,45786
CPBG1630011D,color,hw,45893
CPBG1630011D,color,hw,45900
CPBG1630011D,color,hw,46488
CPBG1630011D,color,hw,46511
CPBG1630011D,color,hw,46513
CPBG1630011D,color,hw,46549
CPBG1630011D,color,hw,46714
CPBG1630011D,color,hw,47279
CPBG1630011D,color,hw,47522
CPBG1630011D,color,hw,48221
CPBG1630011D,color,hw,48277
CPBG1630011D,color,hw,49125
CPBG1630011D,color,hw,49390
CPBG1630011D,color,hw,49519
CPBG1630011D,color,hw,49747
CPBG1630011D,color,hw,49823
CPBG1630011D,color,hw,49884
CPBG1630011D,color,hw,49918
CPBG1630011D,color,hw,50056
CPBG1630011D,color,hw,50143
CPBG1630011D,color,hw,50258
CPBG1630011D,color,hw,50365
CPBG1630011D,color,hw,50368
CPBG1630011D,color,hw,50378
CPBG1630011D,color,hw,50915
CPBG1630011D,color,hw,51044
CPBG1630011D,color,hw,51174
CPBG1630011D,color,hw,51246
CPBG1630011D,color,hw,51403
CPBG1630011D,color,hw,51462
CPBG1630011D,color,hw,51474
CPBG1630011D,color,hw,51597
CPBG1630011D,color,hw,52093
CPBG1630011D,color,hw,52189
CPBG1630011D,color,hw,52247
CPBG1630011D,color,hw,52282
CPBG1630011D,color,hw,53103
CPBG1630011D,color,hw,53192
CPBG1630011D,color,hw,53201
CPBG1630011D,color,hw,53277
CPBG1630011D,color,hw,53411
CPBG1630011D,color,hw,53821
CPBG1630011D,color,hw,54015
CPBG1630011D,color,hw,54107
CPBG1630011D,color,hw,54300
CPBG1630011D,color,hw,54794
CPBG1630011D,color,hw,54910
CPBG1630011D,color,hw,55277
CPBG1630011D,color,hw,55368
CPBG1630011D,color,hw,55469
CPBG1630011D,color,hw,55729
CPBG1630011D,color,hw,55857
CPBG1630011D,color,hw,56167
CPBG1630011D,color,hw,56561
CPBG1630011D,color,hw,56658
CPBG1630011D,color,hw,56726
CPBG1630011D,color,hw,56754
CPBG1630011D,color,hw,57312
CPBG1630011D,color,hw,57526
CPBG1630011D,color,hw,57691
CPBG1630011D,color,hw,57756
CPBG1630011D,color,hw,57912
CPBG1630011D,color,hw,58119
CPBG1630011D,color,hw,58144
CPBG1630011D,color,hw,58208
CPBG1630011D,color,hw,58795
CPBG1630011D,color,hw,59032
CPBG1630011D,color,hw,59421
CPBG1630011D,color,hw,59429
CPBG1630011D,color,hw,59525
CPBG1630011D,color,hw,59650
CPBG1630011D,color,hw,59655
CPBG1630011D,color,hw,59724
CPBG1630011D,color,hw,59881
CPBG1630011D,color,hw,60090
CPBG1630011D,color,hw,60093
CPBG1630011D,color,hw,60337
CPBG1630011D,color,hw,60403
CPBG1630011D,color,hw,60586
CPBG1630011D,color,hw,60629
CPBG1630011D,color,hw,60840
CPBG1630011D,color,hw,60985
CPBG1630011D,color,hw,61055
CPBG1630011D,color,hw,61343
CPBG1630011D,color,hw,61492
CPBG1630011D,color,hw,61890
CPBG1630011D,color,hw,61902
CPBG1630011D,color,hw,62246
CPBG1630011D,color,hw,62313
CPBG1630011D,color,hw,62315
CPBG1630011D,color,hw,62914
CPBG1630011D,color,hw,63099
CPBG1630011D,color,hw,64026
CPBG1630011D,color,hw,64155
CPBG1630011D,color,hw,64198
CPBG1630011D,color,hw,64442
CPBG1630011D,color,hw,64940
CPBG1630011D,color,hw,64978
CPBG1630011D,color,hw,65181
CPBG1630011D,color,hw,65201
CPBG1630011D,color,hw,65240
CPBG1630011D,color,hw,65318
CPBG1630011D,color,hw,65465
CPBG1630011D,color,hw,66095
CPBG1630011D,color,hw,66151
CPBG1630011D,color,hw,66660
CPBG1630011D,color,hw,66831
CPBG1630011D,color,hw,67432
CPBG1630011D,color,hw,67478
CPBG1630011D,color,hw,67769
CPBG1630011D,color,hw,67907
CPBG1630011D,color,hw,68254
CPBG1630011D,color,hw,68312
CPBG1630011D,color,hw,68670
CPBG1630011D,color,hw,68694
CPBG1630011D,color,hw,68780
CPBG1630011D,color,hw,68947
CPBG1630011D,color,hw,69156
CPBG1630011D,color,hw,69778
CPBG1630011D,color,hw,69790
CPBG1630011D,color,hw,69807
CPBG1630011D,color,hw,69918
CPBG1630011D,color,hw,70256
CPBG1630011D,color,hw,70389
CPBG1630011D,color,hw,70421
CPBG1630011D,color,hw,70423
CPBG1630011D,color,hw,70446
CPBG1630011D,color,hw,70566
CPBG1630011D,color,hw,70845
CPBG1630011D,color,hw,71021
CPBG1630011D,color,hw,71942
CPBG1630011D,color,hw,71959
CPBG1630011D,color,hw,72046
CPBG1630011D,color,hw,72193
CPBG1630011D,color,hw,72413
CPBG1630011D,color,hw,72689
CPBG1630011D,color,hw,72777
CPBG1630011D,color,hw,72840
CPBG1630011D,color,hw,73048
CPBG1630011D,color,hw,73528
CPBG1630011D,color,hw,73709
CPBG1630011D,color,hw,73840
CPBG1630011D,color,hw,73911
CPBG1630011D,color,hw,74581
CPBG1630011D,color,hw,74672
CPBG1630011D,color,hw,74885
CPBG1630011D,color,hw,74898
CPBG1630011D,color,hw,74980
CPBG1630011D,color,hw,75003
CPBG1630011D,color,hw,75017
CPBG1630011D,color,hw,75027
CPBG1630011D,color,hw,75077
CPBG1630011D,color,hw,75167
CPBG1630011D,color,hw,75202
CPBG1630011D,color,hw,75208
CPBG1630011D,color,hw,75432
CPBG1630011D,color,hw,75806
CPBG1630011D,color,hw,75903
CPBG1630011D,color,hw,75909
CPBG1630011D,color,hw,76338
CPBG1630011D,color,hw,76374
CPBG1630011D,color,hw,76443
CPBG1630011D,color,hw,76597
CPBG1630011D,color,hw,76717
CPBG1630011D,color,hw,76793
CPBG1630011D,color,hw,76810
CPBG1630011D,color,hw,76870
CPBG1630011D,color,hw,76872
CPBG1630011D,color,hw,76932
CPBG1630011D,color,hw,76938
CPBG1630011D,color,hw,77169
CPBG1630011D,color,hw,77181
CPBG1630011D,color,hw,77419
CPBG1630011D,color,hw,77425
CPBG1630011D,color,hw,77554
CPBG1630011D,color,hw,77677
CPBG1630011D,color,hw,77733
CPBG1630011D,color,hw,77883
CPBG1630011D,color,hw,78332
CPBG1630011D,color,hw,78377
CV3T561000H0,depth,hw,15
CV3T561000H0,depth,hw,144
CV3T561000H0,depth,hw,179
CV3T561000H0,depth,hw,349
CV3T561000H0,depth,hw,545
CV3T561000H0,depth,hw,671
CV3T561000H0,depth,hw,719
CV3T561000H0,depth,hw,791
CV3T561000H0,depth,hw,810
CV3T561000H0,depth,hw,812
CV3T561000H0,depth,hw,848
CV3T561000H0,depth,hw,990
CV3T561000H0,depth,hw,1125
CV3T561000H0,depth,hw,1130
CV3T561000H0,depth,hw,1336
CV3T561000H0,depth,hw,1421
CV3T561000H0,depth,hw,1437
CV3T561000H0,depth,hw,1542
CV3T561000H0,depth,hw,1544
CV3T561000H0,depth,hw,1727
CV3T561000H0,depth,hw,1984
CV3T561000H0,depth,hw,2382
CV3T561000H0,depth,hw,2451
CV3T561000H0,depth,hw,2585
CV3T561000H0,depth,hw,2589
CV3T561000H0,depth,hw,2682
CV3T561000H0,depth,hw,2732
CV3T561000H0,depth,hw,2742
CV3T561000H0,depth,hw,2766
CV3T561000H0,depth,hw,2868
CV3T561000H0,depth,hw,2889
CV3T561000H0,depth,hw,2940
CV3T561000H0,depth,hw,2945
CV3T561000H0,depth,hw,2957
CV3T561000H0,depth,hw,2966
CV3T561000H0,depth,hw,2980
CV3T561000H0,depth,hw,3011
CV3T561000H0,depth,hw,3050
CV3T561000H0,depth,hw,3088
CV3T561000H0,depth,hw,3152
CV3T561000H0,depth,hw,3224
CV3T561000H0,depth,hw,3320
CV3T561000H0,depth,hw,3423
CV3T561000H0,depth,hw,3436
CV3T561000H0,depth,hw,3442
CV3T561000H0,depth,hw,3480
CV3T561000H0,depth,hw,3577
CV3T561000H0,depth,hw,3630
CV3T561000H0,depth,hw,3789
CV3T561000H0,depth,hw,3912
CV3T561000H0,depth,hw,3959
CV3T561000H0,depth,hw,4299
CV3T561000H0,depth,hw,4303
CV3T561000H0,depth,hw,4430
CV3T561000H0,depth,hw,4451
CV3T561000H0,depth,hw,4471
CV3T561000H0,depth,hw,4647
CV3T561000H0,depth,hw,4674
CV3T561000H0,depth,hw,4691
CV3T561000H0,depth,hw,4714
CV3T561000H0,depth,hw,4783
CV3T561000H0,depth,hw,4912
CV3T561000H0,depth,hw,4944
CV3T561000H0,depth,hw,4983
CV3T561000H0,depth,hw,4986
CV3T561000H0,depth,hw,5195
CV3T561000H0,depth,hw,5256
CV3T561000H0,depth,hw,5274
CV3T561000H0,depth,hw,5328
CV3T561000H0,depth,hw,5403
CV3T561000H0,depth,hw,5433
CV3T561000H0,depth,hw,5514
CV3T561000H0,depth,hw,5546
CV3T561000H0,depth,hw,5564
CV3T561000H0,depth,hw,5589
CV3T561000H0,depth,hw,5595
CV3T561000H0,depth,hw,5612
CV3T561000H0,depth,hw,5777
CV3T561000H0,depth,hw,5790
CV3T561000H0,depth,hw,5808
CV3T561000H0,depth,hw,5859
CV3T561000H0,depth,hw,5897
CV3T561000H0,depth,hw,5934
CV3T561000H0,depth,hw,5941
CV3T561000H0,depth,hw,5961
CV3T561000H0,depth,hw,6129
CV3T561000H0,depth,hw,6133
CV3T561000H0,depth,hw,6224
CV3T561000H0,depth,hw,6286
CV3T561000H0,depth,hw,6326
CV3T561000H0,depth,hw,6357
CV3T561000H0,depth,hw,6466
CV3T561000H0,depth,hw,6717
CV3T561000H0,depth,hw,6825
CV3T561000H0,depth,hw,6836
CV3T561000H0,depth,hw,6910
CV3T561000H0,depth,hw,6938
CV3T561000H0,depth,hw,7020
CV3T561000H0,depth,hw,7046
CV3T561000H0,depth,hw,7066
CV3T561000H0,depth,hw,7115
CV3T561000H0,depth,hw,7126
CV3T561000H0,depth,hw,7157
CV3T561000H0,depth,hw,7253
CV3T561000H0,depth,hw,7335
CV3T561000H0,depth,hw,7576
CV3T561000H0,depth,hw,7753
CV3T561000H0,depth,hw,7786
CV3T561000H0,depth,hw,7811
CV3T561000H0,depth,hw,8045
CV3T561000H0,depth,hw,8169
CV3T561000H0,depth,hw,8305
CV3T561000H0,depth,hw,8310
CV3T561000H0,depth,hw,8456
CV3T561000H0,depth,hw,8555
CV3T561000H0,depth,hw,8740
CV3T561000H0,depth,hw,8745
CV3T561000H0,depth,hw,8748
CV3T561000H0,depth,hw,8773
CV3T561000H0,depth,hw,8823
CV3T561000H0,depth,hw,8839
CV3T561000H0,depth,hw,8843
CV3T561000H0,depth,hw,8850
CV3T561000H0,depth,hw,8853
CV3T561000H0,depth,hw,8920
CV3T561000H0,depth,hw,8964
CV3T561000H0,depth,hw,9097
CV3T561000H0,depth,hw,9142
CV3T561000H0,depth,hw,9148
CV3T561000H0,depth,hw,9196
CV3T561000H0,depth,hw,9270
CV3T561000H0,depth,hw,9360
CV3T561000H0,depth,hw,9503
CV3T561000H0,depth,hw,9529
CV3T561000H0,depth,hw,9551
CV3T561000H0,depth,hw,9576
CV3T561000H0,depth,hw,9581
CV3T561000H0,depth,hw,9619
CV3T561000H0,depth,hw,9654
CV3T561000H0,depth,hw,9656
CV3T561000H0,depth,hw,9777
CV3T561000H0,depth,hw,9824
CV3T561000H0,depth,hw,9838
CV3T561000H0,depth,hw,9863
CV3T561000H0,depth,hw,9868
CV3T561000H0,depth,hw,9883
CV3T561000H0,depth,hw,9942
CV3T561000H0,depth,hw,10097
CV3T561000H0,depth,hw,10110
CV3T561000H0,depth,hw,10132
CV3T561000H0,depth,hw,10188
CV3T561000H0,depth,hw,10213
CV3T561000H0,depth,hw,10291
CV3T561000H0,depth,hw,10397
CV3T561000H0,depth,hw,10425
CV3T561000H0,depth,hw,10510
CV3T561000H0,depth,hw,10640
CV3T561000H0,depth,hw,10648
CV3T561000H0,depth,hw,10686
CV3T561000H0,depth,hw,10708
CV3T561000H0,depth,hw,10747
CV3T561000H0,depth,hw,10758
CV3T561000H0,depth,hw,10910
CV3T561000H0,depth,hw,11028
CV3T561000H0,depth,hw,11037
CV3T561000H0,depth,hw,11090
CV3T561000H0,depth,hw,11152
CV3T561000H0,depth,hw,11383
CV3T561000H0,depth,hw,11393
CV3T561000H0,depth,hw,11679
CV3T561000H0,depth,hw,11751
CV3T561000H0,depth,hw,11815
CV3T561000H0,depth,hw,11826
CV3T561000H0,depth,hw,11868
CV3T561000H0,depth,hw,11884
CV3T561000H0,depth,hw,11930
CV3T561000H0,depth,hw,11967
CV3T561000H0,depth,hw,12048
CV3T561000H0,depth,hw,12084
CV3T561000H0,depth,hw,12109
CV3T561000H0,depth,hw,12117
CV3T561000H0,depth,hw,12129
CV3T561000H0,depth,hw,12227
CV3T561000H0,depth,hw,12245
CV3T561000H0,depth,hw,12289
CV3T561000H0,depth,hw,12373
CV3T561000H0,depth,hw,12462
CV3T561000H0,depth,hw,12525
CV3T561000H0,depth,hw,12528
CV3T561000H0,depth,hw,12560
CV3T561000H0,depth,hw,12585
CV3T561000H0,depth,hw,12589
CV3T561000H0,depth,hw,12640
CV3T561000H0,depth,hw,12685
CV3T561000H0,depth,hw,12735
CV3T561000H0,depth,hw,12778
CV3T561000H0,depth,hw,12860
CV3T561000H0,depth,hw,12935
CV3T561000H0,depth,hw,12961
CV3T561000H0,depth,hw,13054
CV3T561000H0,depth,hw,13114
CV3T561000H0,depth,hw,13290
CV3T561000H0,depth,hw,13296
CV3T561000H0,depth,hw,13431
CV3T561000H0,depth,hw,13438
CV3T561000H0,depth,hw,13450
CV3T561000H0,depth,hw,13458
CV3T561000H0,depth,hw,13463
CV3T561000H0,depth,hw,13501
CV3T561000H0,depth,hw,13543
CV3T561000H0,depth,hw,13588
CV3T561000H0,depth,hw,13709
CV3T561000H0,depth,hw,13716
CV3T561000H0,depth,hw,13731
CV3T561000H0,depth,hw,13798
CV3T561000H0,depth,hw,13880
CV3T561000H0,depth,hw,14104
CV3T561000H0,depth,hw,14162
CV3T561000H0,depth,hw,14168
CV3T561000H0,depth,hw,14176
CV3T561000H0,depth,hw,14220
CV3T561000H0,depth,hw,14235
CV3T561000H0,depth,hw,14250
CV3T561000H0,depth,hw,14252
CV3T561000H0,depth,hw,14263
CV3T561000H0,depth,hw,14628
CV3T561000H0,depth,hw,14703
CV3T561000H0,depth,hw,14979
CV3T561000H0,depth,hw,15067
CV3T561000H0,depth,hw,15088
CV3T561000H0,depth,hw,15230
CV3T561000H0,depth,hw,15310
CV3T561000H0,depth,hw,15594
CV3T561000H0,depth,hw,15633
CV3T561000H0,depth,hw,15648
CV3T561000H0,depth,hw,15771
CV3T561000H0,depth,hw,15796
CV3T561000H0,depth,hw,15811
CV3T561000H0,depth,hw,15818
CV3T561000H0,depth,hw,15870
CV3T561000H0,depth,hw,15934
CV3T561000H0,depth,hw,15939
CV3T561000H0,depth,hw,15976
CV3T561000H0,depth,hw,16044
CV3T561000H0,depth,hw,16046
CV3T561000H0,depth,hw,16348
CV3T561000H0,depth,hw,16670
CV3T561000H0,depth,hw,16822
CV3T561000H0,depth,hw,16829
CV3T561000H0,depth,hw,16839
CV3T561000H0,depth,hw,16905
CV3T561000H0,depth,hw,17033
CV3T561000H0,depth,hw,17053
CV3T561000H0,depth,hw,17116
CV3T561000H0,depth,hw,17189
CV3T561000H0,depth,hw,17193
CV3T561000H0,depth,hw,17218
CV3T561000H0,depth,hw,17448
CV3T561000H0,depth,hw,17472
CV3T561000H0,depth,hw,17580
CV3T561000H0,depth,hw,17704
CV3T561000H0,depth,hw,17792
CV3T561000H0,depth,hw,17804
CV3T561000H0,depth,hw,17828
CV3T561000H0,depth,hw,17879
CV3T561000H0,depth,hw,17987
CV3T561000H0,depth,hw,17990
CV3T561000H0,depth,hw,18015
CV3T561000H0,depth,hw,18225
CV3T561000H0,depth,hw,18247
CV3T561000H0,depth,hw,18252
CV3T561000H0,depth,hw,18284
CV3T561000H0,depth,hw,18377
CV3T561000H0,depth,hw,18404
CV3T561000H0,depth,hw,18436
CV3T561000H0,depth,hw,18473
CV3T561000H0,depth,hw,18606
CV3T561000H0,depth,hw,18704
CV3T561000H0,depth,hw,18753
CV3T561000H0,depth,hw,18801
CV3T561000H0,depth,hw,18947
CV3T561000H0,depth,hw,18978
CV3T561000H0,depth,hw,18986
CV3T561000H0,depth,hw,19048
CV3T561000H0,depth,hw,19072
CV3T561000H0,depth,hw,19081
CV3T561000H0,depth,hw,19100
CV3T561000H0,depth,hw,19188
CV3T561000H0,depth,hw,19191
CV3T561000H0,depth,hw,19273
CV3T561000H0,depth,hw,19296
CV3T561000H0,depth,hw,19490
CV3T561000H0,depth,hw,19589
CV3T561000H0,depth,hw,19636
CV3T561000H0,depth,hw,19876
CV3T561000H0,depth,hw,19890
CV3T561000H0,depth,hw,19897
CV3T561000H0,depth,hw,20034
CV3T561000H0,depth,hw,20270
CV3T561000H0,depth,hw,20470
CV3T561000H0,depth,hw,20675
CV3T561000H0,depth,hw,20677
CV3T561000H0,depth,hw,20706
CV3T561000H0,depth,hw,20774
CV3T561000H0,depth,hw,20837
CV3T561000H0,depth,hw,20945
CV3T561000H0,depth,hw,21013
CV3T561000H0,depth,hw,21047
CV3T561000H0,depth,hw,21119
CV3T561000H0,depth,hw,21170
CV3T561000H0,depth,hw,21243
CV3T561000H0,depth,hw,21272
CV3T561000H0,depth,hw,21278
CV3T561000H0,depth,hw,21405
CV3T561000H0,depth,hw,21419
CV3T561000H0,depth,hw,21535
CV3T561000H0,depth,hw,21565
CV3T561000H0,depth,hw,21572
CV3T561000H0,depth,hw,21633
CV3T561000H0,depth,hw,21635
CV3T561000H0,depth,hw,21701
CV3T561000H0,depth,hw,21775
CV3T561000H0,depth,hw,21833
CV3T561000H0,depth,hw,21937
CV3T561000H0,depth,hw,21968
CV3T561000H0,depth,hw,21980
CV3T561000H0,depth,hw,22366
CV3T561000H0,depth,hw,22423
CV3T561000H0,depth,hw,22745
CV3T561000H0,depth,hw,22784
CV3T561000H0,depth,hw,22991
CV3T561000H0,depth,hw,23056
CV3T561000H0,depth,hw,23058
CV3T561000H0,depth,hw,23061
CV3T561000H0,depth,hw,23063
CV3T561000H0,depth,hw,23117
CV3T561000H0,depth,hw,23199
CV3T561000H0,depth,hw,23217
CV3T561000H0,depth,hw,23303
CV3T561000H0,depth,hw,23342
CV3T561000H0,depth,hw,23505
CV3T561000H0,depth,hw,23684
CV3T561000H0,depth,hw,23715
CV3T561000H0,depth,hw,23743
CV3T561000H0,depth,hw,24268
CV3T561000H0,depth,hw,24524
CV3T561000H0,depth,hw,24561
CV3T561000H0,depth,hw,24574
CV3T561000H0,depth,hw,24670
CV3T561000H0,depth,hw,24701
CV3T561000H0,depth,hw,24706
CV3T561000H0,depth,hw,24749
CV3T561000H0,depth,hw,24772
CV3T561000H0,depth,hw,24796
CV3T561000H0,depth,hw,24809
CV3T561000H0,depth,hw,24893
CV3T561000H0,depth,hw,24912
CV3T561000H0,depth,hw,24933
CV3T561000H0,depth,hw,24953
CV3T561000H0,depth,hw,24990
CV3T561000H0,depth,hw,25029
CV3T561000H0,depth,hw,25221
CV3T561000H0,depth,hw,25236
CV3T561000H0,depth,hw,25378
CV3T561000H0,depth,hw,25514
CV3T561000H0,depth,hw,25597
CV3T561000H0,depth,hw,25604
CV3T561000H0,depth,hw,25706
CV3T561000H0,depth,hw,25717
CV3T561000H0,depth,hw,25723
CV3T561000H0,depth,hw,25820
CV3T561000H0,depth,hw,25842
CV3T561000H0,depth,hw,26176
CV3T561000H0,depth,hw,26231
CV3T561000H0,depth,hw,26238
CV3T561000H0,depth,hw,26255
CV3T561000H0,depth,hw,26271
CV3T561000H0,depth,hw,26277
CV3T561000H0,depth,hw,26291
CV3T561000H0,depth,hw,26293
CV3T561000H0,depth,hw,26316
CV3T561000H0,depth,hw,26402
CV3T561000H0,depth,hw,26626
CV3T561000H0,depth,hw,26632
CV3T561000H0,depth,hw,26732
CV3T561000H0,depth,hw,26770
CV3T561000H0,depth,hw,26808
CV3T561000H0,depth,hw,26812
CV3T561000H0,depth,hw,26882
CV3T561000H0,depth,hw,26939
CV3T561000H0,depth,hw,26954
CV3T561000H0,depth,hw,26960
CV3T561000H0,depth,hw,26967
CV3T561000H0,depth,hw,26979
CV3T561000H0,depth,hw,27003
CV3T561000H0,depth,hw,27038
CV3T561000H0,depth,hw,27073
CV3T561000H0,depth,hw,27084
CV3T561000H0,depth,hw,27087
CV3T561000H0,depth,hw,27115
CV3T561000H0,depth,hw,27120
CV3T561000H0,depth,hw,27144
CV3T561000H0,depth,hw,27166
CV3T561000H0,depth,hw,27212
CV3T561000H0,depth,hw,27271
CV3T561000H0,depth,hw,27300
CV3T561000H0,depth,hw,27324
CV3T561000H0,depth,hw,27345
CV3T561000H0,depth,hw,27447
CV3T561000H0,depth,hw,27498
CV3T561000H0,depth,hw,27501
CV3T561000H0,depth,hw,27552
CV3T561000H0,depth,hw,27616
CV3T561000H0,depth,hw,27794
CV3T561000H0,depth,hw,27802
CV3T561000H0,depth,hw,27807
CV3T561000H0,depth,hw,27983
CV3T561000H0,depth,hw,28035
CV3T561000H0,depth,hw,28042
CV3T561000H0,depth,hw,28131
CV3T561000H0,depth,hw,28163
CV3T561000H0,depth,hw,28204
CV3T561000H0,depth,hw,28272
CV3T561000H0,depth,hw,28394
CV3T561000H0,depth,hw,28410
CV3T561000H0,depth,hw,28462
CV3T561000H0,depth,hw,28508
CV3T561000H0,depth,hw,28528
CV3T561000H0,depth,hw,28535
CV3T561000H0,depth,hw,28541
CV3T561000H0,depth,hw,28545
CV3T561000H0,depth,hw,28552
CV3T561000H0,depth,hw,28567
CV3T561000H0,depth,hw,28576
CV3T561000H0,depth,hw,28732
CV3T561000H0,depth,hw,28765
CV3T561000H0,depth,hw,28780
CV3T561000H0,depth,hw,28947
CV3T561000H0,depth,hw,28977
CV3T561000H0,depth,hw,29042
CV3T561000H0,depth,hw,29086
CV3T561000H0,depth,hw,29164
CV3T561000H0,depth,hw,29351
CV3T561000H0,depth,hw,29413
CV3T561000H0,depth,hw,29418
CV3T561000H0,depth,hw,29424
CV3T561000H0,depth,hw,29482
CV3T561000H0,depth,hw,29490
CV3T561000H0,depth,hw,29649
CV3T561000H0,depth,hw,29678
CV3T561000H0,depth,hw,29688
CV3T561000H0,depth,hw,29764
CV3T561000H0,depth,hw,29816
CV3T561000H0,depth,hw,29950
CV3T561000H0,depth,hw,29961
CV3T561000H0,depth,hw,29974
CV3T561000H0,depth,hw,30150
CV3T561000H0,depth,hw,30256
CV3T561000H0,depth,hw,30327
CV3T561000H0,depth,hw,30381
CV3T561000H0,depth,hw,30415
CV3T561000H0,depth,hw,30547
CV3T561000H0,depth,hw,30874
CV3T561000H0,depth,hw,30881
CV3T561000H0,depth,hw,31049
CV3T561000H0,depth,hw,31109
CV3T561000H0,depth,hw,31365
CV3T561000H0,depth,hw,31382
CV3T561000H0,depth,hw,31396
CV3T561000H0,depth,hw,31402
CV3T561000H0,depth,hw,31419
CV3T561000H0,depth,hw,31422
CV3T561000H0,depth,hw,31435
CV3T561000H0,depth,hw,31553
CV3T561000H0,depth,hw,31592
CV3T561000H0,depth,hw,31716
CV3T561000H0,depth,hw,31757
CV3T561000H0,depth,hw,31892
CV3T561000H0,depth,hw,31898
CV3T561000H0,depth,hw,31946
CV3T561000H0,depth,hw,31951
CV3T561000H0,depth,hw,31954
CV3T561000H0,depth,hw,32046
CV3T561000H0,depth,hw,32052
CV3T561000H0,depth,hw,32057
CV3T561000H0,depth,hw,32102
CV3T561000H0,depth,hw,32117
CV3T561000H0,depth,hw,32155
CV3T561000H0,depth,hw,32185
CV3T561000H0,depth,hw,32269
CV3T561000H0,depth,hw,32283
CV3T561000H0,depth,hw,32510
CV3T561000H0,depth,hw,32522
CV3T561000H0,depth,hw,32587
CV3T561000H0,depth,hw,32653
CV3T561000H0,depth,hw,32797
CV3T561000H0,depth,hw,32840
CV3T561000H0,depth,hw,32885
CV3T561000H0,depth,hw,32907
CV3T561000H0,depth,hw,32946
CV3T561000H0,depth,hw,32948
CV3T561000H0,depth,hw,33058
CV3T561000H0,depth,hw,33144
CV3T561000H0,depth,hw,33255
CV3T561000H0,depth,hw,33263
CV3T561000H0,depth,hw,33280
CV3T561000H0,depth,hw,33295
CV3T561000H0,depth,hw,33364
CV3T561000H0,depth,hw,33387
CV3T561000H0,depth,hw,33410
CV3T561000H0,depth,hw,33414
CV3T561000H0,depth,hw,33423
CV3T561000H0,depth,hw,33425
CV3T561000H0,depth,hw,33508
CV3T561000H0,depth,hw,33548
CV3T561000H0,depth,hw,33606
CV3T561000H0,depth,hw,33876
CV3T561000H0,depth,hw,33942
CV3T561000H0,depth,hw,34067
CV3T561000H0,depth,hw,34116
CV3T561000H0,depth,hw,34127
CV3T561000H0,depth,hw,34178
CV3T561000H0,depth,hw,34317
CV3T561000H0,depth,hw,34387
CV3T561000H0,depth,hw,34549
CV3T561000H0,depth,hw,34611
CV3T561000H0,depth,hw,35114
CV3T561000H0,depth,hw,35121
CV3T561000H0,depth,hw,35126
CV3T561000H0,depth,hw,35162
CV3T561000H0,depth,hw,35204
CV3T561000H0,depth,hw,35215
CV3T561000H0,depth,hw,35227
CV3T561000H0,depth,hw,35243
CV3T561000H0,depth,hw,35289
CV3T561000H0,depth,hw,35470
CV3T561000H0,depth,hw,35581
CV3T561000H0,depth,hw,35995
CV3T561000H0,depth,hw,36141
CV3T561000H0,depth,hw,36186
CV3T561000H0,depth,hw,36240
CV3T561000H0,depth,hw,36468
CV3T561000H0,depth,hw,36480
CV3T561000H0,depth,hw,36543
CV3T561000H0,depth,hw,36611
CV3T561000H0,depth,hw,36626
CV3T561000H0,depth,hw,36633
CV3T561000H0,depth,hw,36926
CV3T561000H0,depth,hw,36969
CV3T561000H0,depth,hw,36990
CV3T561000H0,depth,hw,37001
CV3T561000H0,depth,hw,37095
CV3T561000H0,depth,hw,37150
CV3T561000H0,depth,hw,37208
CV3T561000H0,depth,hw,37377
CV3T561000H0,depth,hw,37482
CV3T561000H0,depth,hw,37495
CV3T561000H0,depth,hw,37497
CV3T561000H0,depth,hw,37521
CV3T561000H0,depth,hw,37546
CV3T561000H0,depth,hw,37742
CV3T561000H0,depth,hw,38039
CV3T561000H0,depth,hw,38079
CV3T561000H0,depth,hw,38094
CV3T561000H0,depth,hw,38292
CV3T561000H0,depth,hw,38327
CV3T561000H0,depth,hw,38365
CV3T561000H0,depth,hw,38369
CV3T561000H0,depth,hw,38454
CV3T561000H0,depth,hw,38465
CV3T561000H0,depth,hw,38534
CV3T561000H0,depth,hw,38539
CV3T561000H0,depth,hw,38549
CV3T561000H0,depth,hw,38555
CV3T561000H0,depth,hw,38570
CV3T561000H0,depth,hw,38592
CV3T561000H0,depth,hw,38608
CV3T561000H0,depth,hw,38798
CV3T561000H0,depth,hw,38947
CV3T561000H0,depth,hw,39043
CV3T561000H0,depth,hw,39062
CV3T561000H0,depth,hw,39129
CV3T561000H0,depth,hw,39136
CV3T561000H0,depth,hw,39196
CV3T561000H0,depth,hw,39328
CV3T561000H0,depth,hw,39368
CV3T561000H0,depth,hw,39484
CV3T561000H0,depth,hw,39488
CV3T561000H0,depth,hw,39578
CV3T561000H0,depth,hw,39943
CV3T561000H0,depth,hw,39992
CV3T561000H0,depth,hw,40028
CV3T561000H0,depth,hw,40039
CV3T561000H0,depth,hw,40062
CV3T561000H0,depth,hw,40111
CV3T561000H0,depth,hw,40160
CV3T561000H0,depth,hw,40182
CV3T561000H0,depth,hw,40244
CV3T561000H0,depth,hw,40555
CV3T561000H0,depth,hw,40581
CV3T561000H0,depth,hw,40612
CV3T561000H0,depth,hw,40707
CV3T561000H0,depth,hw,40858
CV3T561000H0,depth,hw,40886
CV3T561000H0,depth,hw,40891
CV3T561000H0,depth,hw,40901
CV3T561000H0,depth,hw,40948
CV3T561000H0,depth,hw,40958
CV3T561000H0,depth,hw,40983
CV3T561000H0,depth,hw,41035
CV3T561000H0,depth,hw,41167
CV3T561000H0,depth,hw,41225
CV3T561000H0,depth,hw,41284
CV3T561000H0,depth,hw,41443
CV3T561000H0,depth,hw,41445
CV3T561000H0,depth,hw,41486
CV3T561000H0,depth,hw,41525
CV3T561000H0,depth,hw,41602
CV3T561000H0,depth,hw,41644
CV3T561000H0,depth,hw,41719
CV3T561000H0,depth,hw,41780
CV3T561000H0,depth,hw,41916
CV3T561000H0,depth,hw,41958
CV3T561000H0,depth,hw,41996
CV3T561000H0,depth,hw,42187
CV3T561000H0,depth,hw,42220
CV3T561000H0,depth,hw,42258
CV3T561000H0,depth,hw,42332
CV3T561000H0,depth,hw,42370
CV3T561000H0,depth,hw,42506
CV3T561000H0,depth,hw,42535
CV3T561000H0,depth,hw,42562
CV3T561000H0,depth,hw,42655
CV3T561000H0,depth,hw,42662
CV3T561000H0,depth,hw,42736
CV3T561000H0,depth,hw,42831
CV3T561000H0,depth,hw,42850
CV3T561000H0,depth,hw,42945
CV3T561000H0,depth,hw,42956
CV3T561000H0,depth,hw,42975
CV3T561000H0,depth,hw,43042
CV3T561000H0,depth,hw,43397
CV3T561000H0,depth,hw,43489
CV3T561000H0,depth,hw,43491
CV3T561000H0,depth,hw,43614
CV3T561000H0,depth,hw,43640
CV3T561000H0,depth,hw,43809
CV3T561000H0,depth,hw,44071
CV3T561000H0,depth,hw,44087
CV3T561000H0,depth,hw,44094
CV3T561000H0,depth,hw,44156
CV3T561000H0,depth,hw,44166
CV3T561000H0,depth,hw,44183
CV3T561000H0,depth,hw,44215
CV3T561000H0,depth,hw,44243
CV3T561000H0,depth,hw,44254
CV3T561000H0,depth,hw,44374
CV3T561000H0,depth,hw,44442
CV3T561000H0,depth,hw,44598
CV3T561000H0,depth,hw,44691
CV3T561000H0,depth,hw,44857
CV3T561000H0,depth,hw,44875
CV3T561000H0,depth,hw,44924
CV3T561000H0,depth,hw,44948
CV3T561000H0,depth,hw,44959
CV3T561000H0,depth,hw,44961
CV3T561000H0,depth,hw,44965
CV3T561000H0,depth,hw,45077
CV3T561000H0,depth,hw,45113
CV3T561000H0,depth,hw,45135
CV3T561000H0,depth,hw,45200
CV3T561000H0,depth,hw,45221
CV3T561000H0,depth,hw,45361
CV3T561000H0,depth,hw,45469
CV3T561000H0,depth,hw,45511
CV3T561000H0,depth,hw,45533
CV3T561000H0,depth,hw,45590
CV3T561000H0,depth,hw,45647
CV3T561000H0,depth,hw,45676
CV3T561000H0,depth,hw,45679
CV3T561000H0,depth,hw,45749
CV3T561000H0,depth,hw,45751
CV3T561000H0,depth,hw,45784
CV3T561000H0,depth,hw,45792
CV3T561000H0,depth,hw,45796
CV3T561000H0,depth,hw,45941
CV3T561000H0,depth,hw,45988
CV3T561000H0,depth,hw,45991
CV3T561000H0,depth,hw,46000
CV3T561000H0,depth,hw,46084
CV3T561000H0,depth,hw,46162
CV3T561000H0,depth,hw,46178
CV3T561000H0,depth,hw,46278
CV3T561000H0,depth,hw,46349
CV3T561000H0,depth,hw,46533
CV3T561000H0,depth,hw,46704
CV3T561000H0,depth,hw,46847
CV3T561000H0,depth,hw,46903
CV3T561000H0,depth,hw,47014
CV3T561000H0,depth,hw,47020
CV3T561000H0,depth,hw,47025
CV3T561000H0,depth,hw,47072
CV3T561000H0,depth,hw,47159
CV3T561000H0,depth,hw,47189
CV3T561000H0,depth,hw,47229
CV3T561000H0,depth,hw,47271
CV3T561000H0,depth,hw,47315
CV3T561000H0,depth,hw,47352
CV3T561000H0,depth,hw,47405
CV3T561000H0,depth,hw,47436
CV3T561000H0,depth,hw,47456
CV3T561000H0,depth,hw,47521
CV3T561000H0,depth,hw,47661
CV3T561000H0,depth,hw,47678
CV3T561000H0,depth,hw,47735
CV3T561000H0,depth,hw,47750
CV3T561000H0,depth,hw,47787
CV3T561000H0,depth,hw,47827
CV3T561000H0,depth,hw,47886
CV3T561000H0,depth,hw,48223
CV3T561000H0,depth,hw,48229
CV3T561000H0,depth,hw,48289
CV3T561000H0,depth,hw,48404
CV3T561000H0,depth,hw,48508
CV3T561000H0,depth,hw,48675
CV3T561000H0,depth,hw,48742
CV3T561000H0,depth,hw,48793
CV3T561000H0,depth,hw,48887
CV3T561000H0,depth,hw,48914
CV3T561000H0,depth,hw,48919
CV3T561000H0,depth,hw,48937
CV3T561000H0,depth,hw,48961
CV3T561000H0,depth,hw,49125
CV3T561000H0,depth,hw,49332
CV3T561000H0,depth,hw,49432
CV3T561000H0,depth,hw,49524
CV3T561000H0,depth,hw,49557
CV3T561000H0,depth,hw,49642
CV3T561000H0,depth,hw,49781
CV3T561000H0,depth,hw,49783
CV3T561000H0,depth,hw,49816
CV3T561000H0,depth,hw,49828
CV3T561000H0,depth,hw,49833
CV3T561000H0,depth,hw,49933
CV3T561000H0,depth,hw,50224
CV3T561000H0,depth,hw,50482
CV3T561000H0,depth,hw,50521
CV3T561000H0,depth,hw,50603
CV3T561000H0,depth,hw,50619
CV3T561000H0,depth,hw,50966
CV3T561000H0,depth,hw,51009
CV3T561000H0,depth,hw,51014
CV3T561000H0,depth,hw,51074
CV3T561000H0,depth,hw,51099
CV3T561000H0,depth,hw,51106
CV3T561000H0,depth,hw,51235
CV3T561000H0,depth,hw,51237
CV3T561000H0,depth,hw,51288
CV3T561000H0,depth,hw,51413
CV3T561000H0,depth,hw,51430
CV3T561000H0,depth,hw,51648
CV3T561000H0,depth,hw,51693
CV3T561000H0,depth,hw,51712
CV3T561000H0,depth,hw,51753
CV3T561000H0,depth,hw,51782
CV3T561000H0,depth,hw,51847
CV3T561000H0,depth,hw,51896
CV3T561000H0,depth,hw,51948
CV3T561000H0,depth,hw,51976
CV3T561000H0,depth,hw,52110
CV3T561000H0,depth,hw,52114
CV3T561000H0,depth,hw,52175
CV3T561000H0,depth,hw,52180
CV3T561000H0,depth,hw,52213
CV3T561000H0,depth,hw,52259
CV3T561000H0,depth,hw,52419
CV3T561000H0,depth,hw,52515
CV3T561000H0,depth,hw,52526
CV3T561000H0,depth,hw,52528
CV3T561000H0,depth,hw,52737
CV3T561000H0,depth,hw,52746
CV3T561000H0,depth,hw,52783
CV3T561000H0,depth,hw,53199
CV3T561000H0,depth,hw,53211
CV3T561000H0,depth,hw,53649
CV3T561000H0,depth,hw,53669
CV3T561000H0,depth,hw,53676
CV3T561000H0,depth,hw,53987
CV3T561000H0,depth,hw,54001
CV3T561000H0,depth,hw,54047
CV3T561000H0,depth,hw,54170
CV3T561000H0,depth,hw,54219
CV3T561000H0,depth,hw,54236
CV3T561000H0,depth,hw,54333
CV3T561000H0,depth,hw,54336
CV3T561000H0,depth,hw,54349
CV3T561000H0,depth,hw,54361
CV3T561000H0,depth,hw,54449
CV3T561000H0,depth,hw,54460
CV3T561000H0,depth,hw,54485
CV3T561000H0,depth,hw,54647
CV3T561000H0,depth,hw,54905
CV3T561000H0,depth,hw,55114
CV3T561000H0,depth,hw,55132
CV3T561000H0,depth,hw,55175
CV3T561000H0,depth,hw,55263
CV3T561000H0,depth,hw,55309
CV3T561000H0,depth,hw,55610
CV3T561000H0,depth,hw,55673
CV3T561000H0,depth,hw,55884
CV3T561000H0,depth,hw,55991
CV3T561000H0,depth,hw,56019
CV3T561000H0,depth,hw,56044
CV3T561000H0,depth,hw,56049
CV3T561000H0,depth,hw,56160
CV3T561000H0,depth,hw,56258
CV3T561000H0,depth,hw,56345
CV3T561000H0,depth,hw,56554
CV3T561000H0,depth,hw,56557
CV3T561000H0,depth,hw,56615
CV3T561000H0,depth,hw,56619
CV3T561000H0,depth,hw,56628
CV3T561000H0,depth,hw,56882
CV3T561000H0,depth,hw,57043
CV3T561000H0,depth,hw,57093
CV3T561000H0,depth,hw,57104
CV3T561000H0,depth,hw,57106
CV3T561000H0,depth,hw,57112
CV3T561000H0,depth,hw,57119
CV3T561000H0,depth,hw,57128
CV3T561000H0,depth,hw,57145
CV3T561000H0,depth,hw,57157
CV3T561000H0,depth,hw,57178
CV3T561000H0,depth,hw,57181
CV3T561000H0,depth,hw,57234
CV3T561000H0,depth,hw,57294
CV3T561000H0,depth,hw,57357
CV3T561000H0,depth,hw,57364
CV3T561000H0,depth,hw,57376
CV3T561000H0,depth,hw,57385
CV3T561000H0,depth,hw,57402
CV3T561000H0,depth,hw,57416
CV3T561000H0,depth,hw,57511
CV3T561000H0,depth,hw,57627
CV3T561000H0,depth,hw,57670
CV3T561000H0,depth,hw,57681
CV3T561000H0,depth,hw,57767
CV3T561000H0,depth,hw,57892
CV3T561000H0,depth,hw,57897
CV3T561000H0,depth,hw,57947
CV3T561000H0,depth,hw,57975
CV3T561000H0,depth,hw,57980
CV3T561000H0,depth,hw,58020
CV3T561000H0,depth,hw,58068
CV3T561000H0,depth,hw,58105
CV3T561000H0,depth,hw,58262
CV3T561000H0,depth,hw,58269
CV3T561000H0,depth,hw,58322
CV3T561000H0,depth,hw,58333
CV3T561000H0,depth,hw,58390
CV3T561000H0,depth,hw,58531
CV3T561000H0,depth,hw,58631
CV3T561000H0,depth,hw,58685
CV3T561000H0,depth,hw,58691
CV3T561000H0,depth,hw,58789
CV3T561000H0,depth,hw,58844
CV3T561000H0,depth,hw,58884
CV3T561000H0,depth,hw,58886
CV3T561000H0,depth,hw,58891
CV3T561000H0,depth,hw,58925
CV3T561000H0,depth,hw,58949
CV3T561000H0,depth,hw,59029
CV3T561000H0,depth,hw,59077
CV3T561000H0,depth,hw,59157
CV3T561000H0,depth,hw,59206
CV3T561000H0,depth,hw,59241
CV3T561000H0,depth,hw,59269
CV3T561000H0,depth,hw,59285
CV3T561000H0,depth,hw,59305
CV3T561000H0,depth,hw,59419
CV3T561000H0,depth,hw,59448
CV3T561000H0,depth,hw,59572
CV3T561000H0,depth,hw,59583
CV3T561000H0,depth,hw,59814
CV3T561000H0,depth,hw,59852
CV3T561000H0,depth,hw,59920
CV3T561000H0,depth,hw,59987
CV3T561000H0,depth,hw,60132
CV3T561000H0,depth,hw,60152
CV3T561000H0,depth,hw,60164
CV3T561000H0,depth,hw,60301
CV3T561000H0,depth,hw,60333
CV3T561000H0,depth,hw,60763
CV3T561000H0,depth,hw,60777
CV3T561000H0,depth,hw,60789
CV3T561000H0,depth,hw,60999
CV3T561000H0,depth,hw,61001
CV3T561000H0,depth,hw,61071
CV3T561000H0,depth,hw,61134
CV3T561000H0,depth,hw,61163
CV3T561000H0,depth,hw,61265
CV3T561000H0,depth,hw,61352
CV3T561000H0,depth,hw,61358
CV3T561000H0,depth,hw,61473
CV3T561000H0,depth,hw,61498
CV3T561000H0,depth,hw,61548
CV3T561000H0,depth,hw,61654
CV3T561000H0,depth,hw,61688
CV3T561000H0,depth,hw,61771
CV3T561000H0,depth,hw,61939
CV3T561000H0,depth,hw,62041
CV3T561000H0,depth,hw,62127
CV3T561000H0,depth,hw,62196
CV3T561000H0,depth,hw,62250
CV3T561000H0,depth,hw,62435
CV3T561000H0,depth,hw,62524
CV3T561000H0,depth,hw,62633
CV3T561000H0,depth,hw,62639
CV3T561000H0,depth,hw,62651
CV3T561000H0,depth,hw,62715
CV3T561000H0,depth,hw,62838
CV3T561000H0,depth,hw,62840
CV3T561000H0,depth,hw,62846
CV3T561000H0,depth,hw,62848
CV3T561000H0,depth,hw,62860
CV3T561000H0,depth,hw,62865
CV3T561000H0,depth,hw,62894
CV3T561000H0,depth,hw,62925
CV3T561000H0,depth,hw,62937
CV3T561000H0,depth,hw,62980
CV3T561000H0,depth,hw,63024
CV3T561000H0,depth,hw,63310
CV3T561000H0,depth,hw,63331
CV3T561000H0,depth,hw,63384
CV3T561000H0,depth,hw,63404
CV3T561000H0,depth,hw,63415
CV3T561000H0,depth,hw,63531
CV3T561000H0,depth,hw,63551
CV3T561000H0,depth,hw,63596
CV3T561000H0,depth,hw,63617
CV3T561000H0,depth,hw,63728
CV3T561000H0,depth,hw,63778
CV3T561000H0,depth,hw,63839
CV3T561000H0,depth,hw,63857
CV3T561000H0,depth,hw,63961
CV3T561000H0,depth,hw,64390
CV3T561000H0,depth,hw,64420
CV3T561000H0,depth,hw,64484
CV3T561000H0,depth,hw,64490
CV3T561000H0,depth,hw,64608
CV3T561000H0,depth,hw,64723
CV3T561000H0,depth,hw,64807
CV3T561000H0,depth,hw,64814
CV3T561000H0,depth,hw,64837
CV3T561000H0,depth,hw,64892
CV3T561000H0,depth,hw,64895
CV3T561000H0,depth,hw,64903
CV3T561000H0,depth,hw,64906
CV3T561000H0,depth,hw,64910
CV3T561000H0,depth,hw,65033
CV3T561000H0,depth,hw,65058
CV3T561000H0,depth,hw,65062
CV3T561000H0,depth,hw,65077
CV3T561000H0,depth,hw,65092
CV3T561000H0,depth,hw,65122
CV3T561000H0,depth,hw,65241
CV3T561000H0,depth,hw,65269
CV3T561000H0,depth,hw,65409
CV3T561000H0,depth,hw,65411
CV3T561000H0,depth,hw,65512
CV3T561000H0,depth,hw,65600
CV3T561000H0,depth,hw,65725
CV3T561000H0,depth,hw,65950
CV3T561000H0,depth,hw,66038
CV3T561000H0,depth,hw,66059
CV3T561000H0,depth,hw,66063
CV3T561000H0,depth,hw,66077
CV3T561000H0,depth,hw,66225
CV3T561000H0,depth,hw,66352
CV3T561000H0,depth,hw,66573
CV3T561000H0,depth,hw,66577
CV3T561000H0,depth,hw,66666
CV3T561000H0,depth,hw,66675
CV3T561000H0,depth,hw,66691
CV3T561000H0,depth,hw,66698
CV3T561000H0,depth,hw,66746
CV3T561000H0,depth,hw,66749
CV3T561000H0,depth,hw,66809
CV3T561000H0,depth,hw,66811
CV3T561000H0,depth,hw,66866
CV3T561000H0,depth,hw,66869
CV3T561000H0,depth,hw,66882
CV3T561000H0,depth,hw,66918
CV3T561000H0,depth,hw,67135
CV3T561000H0,depth,hw,67150
CV3T561000H0,depth,hw,67162
CV3T561000H0,depth,hw,67233
CV3T561000H0,depth,hw,67335
CV3T561000H0,depth,hw,67380
CV3T561000H0,depth,hw,67386
CV3T561000H0,depth,hw,67390
CV3T561000H0,depth,hw,67411
CV3T561000H0,depth,hw,67457
CV3T561000H0,depth,hw,67620
CV3T561000H0,depth,hw,67681
CV3T561000H0,depth,hw,67687
CV3T561000H0,depth,hw,67727
CV3T561000H0,depth,hw,67789
CV3T561000H0,depth,hw,67881
CV3T561000H0,depth,hw,67982
CV3T561000H0,depth,hw,68144
CV3T561000H0,depth,hw,68149
CV3T561000H0,depth,hw,68177
CV3T561000H0,depth,hw,68262
CV3T561000H0,depth,hw,68271
CV3T561000H0,depth,hw,68427
CV3T561000H0,depth,hw,68487
CV3T561000H0,depth,hw,68564
CV3T561000H0,depth,hw,68665
CV3T561000H0,depth,hw,68755
CV3T561000H0,depth,hw,69058
CV3T561000H0,depth,hw,69060
CV3T561000H0,depth,hw,69418
CV3T561000H0,depth,hw,69837
CV3T561000H0,depth,hw,69884
CV3T561000H0,depth,hw,70022
CV3T561000H0,depth,hw,70038
CV3T561000H0,depth,hw,70083
CV3T561000H0,depth,hw,70216
CV3T561000H0,depth,hw,70236
CV3T561000H0,depth,hw,70239
CV3T561000H0,depth,hw,70253
CV3T561000H0,depth,hw,70275
CV3T561000H0,depth,hw,70284
CV3T561000H0,depth,hw,70359
CV3T561000H0,depth,hw,70737
CV3T561000H0,depth,hw,70743
CV3T561000H0,depth,hw,70749
CV3T561000H0,depth,hw,70751
CV3T561000H0,depth,hw,70816
CV3T561000H0,depth,hw,71142
CV3T561000H0,depth,hw,71426
CV3T561000H0,depth,hw,71451
CV3T561000H0,depth,hw,71562
CV3T561000H0,depth,hw,71565
CV3T561000H0,depth,hw,71570
CV3T561000H0,depth,hw,71602
CV3T561000H0,depth,hw,71696
CV3T561000H0,depth,hw,71799
CV3T561000H0,depth,hw,71828
CV3T561000H0,depth,hw,71899
CV3T561000H0,depth,hw,71915
CV3T561000H0,depth,hw,71962
CV3T561000H0,depth,hw,72098
CV3T561000H0,depth,hw,72147
CV3T561000H0,depth,hw,72440
CV3T561000H0,depth,hw,72467
CV3T561000H0,depth,hw,72561
CV3T561000H0,depth,hw,72564
CV3T561000H0,depth,hw,72631
CV3T561000H0,depth,hw,72663
CV3T561000H0,depth,hw,72785
CV3T561000H0,depth,hw,72940
CV3T561000H0,depth,hw,72946
CV3T561000H0,depth,hw,73013
CV3T561000H0,depth,hw,73023
CV3T561000H0,depth,hw,73034
CV3T561000H0,depth,hw,73165
CV3T561000H0,depth,hw,73192
CV3T561000H0,depth,hw,73241
CV3T561000H0,depth,hw,73246
CV3T561000H0,depth,hw,73336
CV3T561000H0,depth,hw,73421
CV3T561000H0,depth,hw,73468
CV3T561000H0,depth,hw,73483
CV3T561000H0,depth,hw,73507
CV3T561000H0,depth,hw,73733
CV3T561000H0,depth,hw,73800
CV3T561000H0,depth,hw,73845
CV3T561000H0,depth,hw,73888
CV3T561000H0,depth,hw,73968
CV3T561000H0,depth,hw,73982
CV3T561000H0,depth,hw,74122
CV3T561000H0,depth,hw,74159
CV3T561000H0,depth,hw,74176
CV3T561000H0,depth,hw,74204
CV3T561000H0,depth,hw,74262
CV3T561000H0,depth,hw,74267
CV3T561000H0,depth,hw,74299
CV3T561000H0,depth,hw,74389
CV3T561000H0,depth,hw,74418
CV3T561000H0,depth,hw,74424
CV3T561000H0,depth,hw,74460
CV3T561000H0,depth,hw,74520
CV3T561000H0,depth,hw,74551
CV3T561000H0,depth,hw,74554
CV3T561000H0,depth,hw,74620
CV3T561000H0,depth,hw,74627
CV3T561000H0,depth,hw,74639
CV3T561000H0,depth,hw,74772
CV3T561000H0,depth,hw,74775
CV3T561000H0,depth,hw,74796
CV3T561000H0,depth,hw,74995
CV3T561000H0,depth,hw,75153
CV3T561000H0,depth,hw,75240
CV3T561000H0,depth,hw,75280
CV3T561000H0,depth,hw,75734
CV3T561000H0,depth,hw,75764
CV3T561000H0,depth,hw,75851
CV3T561000H0,depth,hw,76193
CV3T561000H0,depth,hw,76230
CV3T561000H0,depth,hw,76350
CV3T561000H0,depth,hw,76379
CV3T561000H0,depth,hw,76387
CV3T561000H0,depth,hw,76428
CV3T561000H0,depth,hw,76472
CV3T561000H0,depth,hw,76606
CV3T561000H0,depth,hw,76611
CV3T561000H0,depth,hw,76797
CV3T561000H0,depth,hw,76845
CV3T561000H0,depth,hw,76941
CV3T561000H0,depth,hw,76974
CV3T561000H0,depth,hw,76983
CV3T561000H0,depth,hw,76986
CV3T561000H0,depth,hw,77031
CV3T561000H0,depth,hw,77157
CV3T561000H0,depth,hw,77288
CV3T561000H0,depth,hw,77343
CV3T561000H0,depth,hw,77440
CV3T561000H0,depth,hw,77453
CV3T561000H0,depth,hw,77465
CV3T561000H0,depth,hw,77501
CV3T561000H0,depth,hw,77519
CV3T561000H0,depth,hw,77528
CV3T561000H0,depth,hw,77583
CV3T561000H0,depth,hw,77646
CV3T561000H0,depth,hw,77679
CV3T561000H0,depth,hw,77826
CV3T561000H0,depth,hw,77925
CV3T561000H0,depth,hw,77958
CV3T561000H0,depth,hw,77983
CV3T561000H0,depth,hw,78052
CV3T561000H0,depth,hw,78143
CV3T561000H0,depth,hw,78212
CV3T561000H0,depth,hw,78257
CV3T561000H0,depth,hw,78260
CV3T561000H0,depth,hw,78293
CV3T561000H0,depth,hw,78315
CV3T561000H0,depth,hw,78327
CV3T561000H0,depth,hw,78332
CV3T561000H0,depth,hw,78344
CV3T561000H0,color,hw,25
CV3T561000H0,color,hw,280
CV3T561000H0,color,hw,321
CV3T561000H0,color,hw,331
CV3T561000H0,color,hw,404
CV3T561000H0,color,hw,464
CV3T561000H0,color,hw,565
CV3T561000H0,color,hw,620
CV3T561000H0,color,hw,878
CV3T561000H0,color,hw,883
CV3T561000H0,color,hw,931
CV3T561000H0,color,hw,935
CV3T561000H0,color,hw,985
CV3T561000H0,color,hw,1154
CV3T561000H0,color,hw,1264
CV3T561000H0,color,hw,1300
CV3T561000H0,color,hw,1347
CV3T561000H0,color,hw,1357
CV3T561000H0,color,hw,1381
CV3T561000H0,color,hw,1435
CV3T561000H0,color,hw,1530
CV3T561000H0,color,hw,1559
CV3T561000H0,color,hw,1642
CV3T561000H0,color,hw,1775
CV3T561000H0,color,hw,1856
CV3T561000H0,color,hw,1919
CV3T561000H0,color,hw,1975
CV3T561000H0,color,hw,2107
CV3T561000H0,color,hw,2212
CV3T561000H0,color,hw,2368
CV3T561000H0,color,hw,2402
CV3T561000H0,color,hw,2499
CV3T561000H0,color,hw,2529
CV3T561000H0,color,hw,2668
CV3T561000H0,color,hw,2890
CV3T561000H0,color,hw,2972
CV3T561000H0,color,hw,2977
CV3T561000H0,color,hw,3007
CV3T561000H0,color,hw,3046
CV3T561000H0,color,hw,3350
CV3T561000H0,color,hw,3486
CV3T561000H0,color,hw,3494
CV3T561000H0,color,hw,3529
CV3T561000H0,color,hw,3814
CV3T561000H0,color,hw,3922
CV3T561000H0,color,hw,4235
CV3T561000H0,color,hw,4295
CV3T561000H0,color,hw,4333
CV3T561000H0,color,hw,4527
CV3T561000H0,color,hw,4618
CV3T561000H0,color,hw,4782
CV3T561000H0,color,hw,4864
CV3T561000H0,color,hw,4954
CV3T561000H0,color,hw,4985
CV3T561000H0,color,hw,5017
CV3T561000H0,color,hw,5035
CV3T561000H0,color,hw,5134
CV3T561000H0,color,hw,5171
CV3T561000H0,color,hw,5183
CV3T561000H0,color,hw,5187
CV3T561000H0,color,hw,5266
CV3T561000H0,color,hw,5299
CV3T561000H0,color,hw,5351
CV3T561000H0,color,hw,5363
CV3T561000H0,color,hw,5375
CV3T561000H0,color,hw,5381
CV3T561000H0,color,hw,5416
CV3T561000H0,color,hw,5431
CV3T561000H0,color,hw,5440
CV3T561000H0,color,hw,5538
CV3T561000H0,color,hw,5687
CV3T561000H0,color,hw,5761
CV3T561000H0,color,hw,5918
CV3T561000H0,color,hw,6012
CV3T561000H0,color,hw,6024
CV3T561000H0,color,hw,6038
CV3T561000H0,color,hw,6101
CV3T561000H0,color,hw,6417
CV3T561000H0,color,hw,6720
CV3T561000H0,color,hw,6769
CV3T561000H0,color,hw,6822
CV3T561000H0,color,hw,6923
CV3T561000H0,color,hw,6969
CV3T561000H0,color,hw,7012
CV3T561000H0,color,hw,7087
CV3T561000H0,color,hw,7110
CV3T561000H0,color,hw,7127
CV3T561000H0,color,hw,7161
CV3T561000H0,color,hw,7164
CV3T561000H0,color,hw,7385
CV3T561000H0,color,hw,7488
CV3T561000H0,color,hw,7517
CV3T561000H0,color,hw,7831
CV3T561000H0,color,hw,8043
CV3T561000H0,color,hw,8467
CV3T561000H0,color,hw,8482
CV3T561000H0,color,hw,8533
CV3T561000H0,color,hw,8551
CV3T561000H0,color,hw,9044
CV3T561000H0,color,hw,9183
CV3T561000H0,color,hw,9189
CV3T561000H0,color,hw,9227
CV3T561000H0,color,hw,9308
CV3T561000H0,color,hw,9450
CV3T561000H0,color,hw,9489
CV3T561000H0,color,hw,9519
CV3T561000H0,color,hw,10056
CV3T561000H0,color,hw,10314
CV3T561000H0,color,hw,10362
CV3T561000H0,color,hw,10421
CV3T561000H0,color,hw,10845
CV3T561000H0,color,hw,10929
CV3T561000H0,color,hw,10950
CV3T561000H0,color,hw,11025
CV3T561000H0,color,hw,11279
CV3T561000H0,color,hw,11368
CV3T561000H0,color,hw,11402
CV3T561000H0,color,hw,11491
CV3T561000H0,color,hw,11689
CV3T561000H0,color,hw,11854
CV3T561000H0,color,hw,12121
CV3T561000H0,color,hw,12155
CV3T561000H0,color,hw,12218
CV3T561000H0,color,hw,12276
CV3T561000H0,color,hw,12574
CV3T561000H0,color,hw,12790
CV3T561000H0,color,hw,13052
CV3T561000H0,color,hw,13106
CV3T561000H0,color,hw,13228
CV3T561000H0,color,hw,13238
CV3T561000H0,color,hw,13331
CV3T561000H0,color,hw,13349
CV3T561000H0,color,hw,13359
CV3T561000H0,color,hw,13590
CV3T561000H0,color,hw,13803
CV3T561000H0,color,hw,13839
CV3T561000H0,color,hw,13858
CV3T561000H0,color,hw,13957
CV3T561000H0,color,hw,14008
CV3T561000H0,color,hw,14101
CV3T561000H0,color,hw,14399
CV3T561000H0,color,hw,14447
CV3T561000H0,color,hw,14459
CV3T561000H0,color,hw,14517
CV3T561000H0,color,hw,14558
CV3T561000H0,color,hw,14811
CV3T561000H0,color,hw,14826
CV3T561000H0,color,hw,14883
CV3T561000H0,color,hw,14968
CV3T561000H0,color,hw,15135
CV3T561000H0,color,hw,15175
CV3T561000H0,color,hw,15179
CV3T561000H0,color,hw,15460
CV3T561000H0,color,hw,15468
CV3T561000H0,color,hw,15507
CV3T561000H0,color,hw,15544
CV3T561000H0,color,hw,15556
CV3T561000H0,color,hw,15733
CV3T561000H0,color,hw,15741
CV3T561000H0,color,hw,16046
CV3T561000H0,color,hw,16069
CV3T561000H0,color,hw,16390
CV3T561000H0,color,hw,16397
CV3T561000H0,color,hw,16402
CV3T561000H0,color,hw,16406
CV3T561000H0,color,hw,16425
CV3T561000H0,color,hw,16485
CV3T561000H0,color,hw,16528
CV3T561000H0,color,hw,16544
CV3T561000H0,color,hw,16590
CV3T561000H0,color,hw,16638
CV3T561000H0,color,hw,16749
CV3T561000H0,color,hw,16852
CV3T561000H0,color,hw,16937
CV3T561000H0,color,hw,17060
CV3T561000H0,color,hw,17461
CV3T561000H0,color,hw,17464
CV3T561000H0,color,hw,17520
CV3T561000H0,color,hw,17938
CV3T561000H0,color,hw,18102
CV3T561000H0,color,hw,18132
CV3T561000H0,color,hw,18149
CV3T561000H0,color,hw,18171
CV3T561000H0,color,hw,18321
CV3T561000H0,color,hw,18339
CV3T561000H0,color,hw,18575
CV3T561000H0,color,hw,18651
CV3T561000H0,color,hw,18951
CV3T561000H0,color,hw,19267
CV3T561000H0,color,hw,19455
CV3T561000H0,color,hw,19509
CV3T561000H0,color,hw,19568
CV3T561000H0,color,hw,19765
CV3T561000H0,color,hw,19947
CV3T561000H0,color,hw,20004
CV3T561000H0,color,hw,20043
CV3T561000H0,color,hw,20252
CV3T561000H0,color,hw,20321
CV3T561000H0,color,hw,20608
CV3T561000H0,color,hw,20721
CV3T561000H0,color,hw,20728
CV3T561000H0,color,hw,21190
CV3T561000H0,color,hw,21217
CV3T561000H0,color,hw,21265
CV3T561000H0,color,hw,21396
CV3T561000H0,color,hw,21655
CV3T561000H0,color,hw,21754
CV3T561000H0,color,hw,21832
CV3T561000H0,color,hw,22007
CV3T561000H0,color,hw,22009
CV3T561000H0,color,hw,22015
CV3T561000H0,color,hw,22204
CV3T561000H0,color,hw,22241
CV3T561000H0,color,hw,22328
CV3T561000H0,color,hw,22339
CV3T561000H0,color,hw,22350
CV3T561000H0,color,hw,22411
CV3T561000H0,color,hw,22450
CV3T561000H0,color,hw,22641
CV3T561000H0,color,hw,23058
CV3T561000H0,color,hw,23066
CV3T561000H0,color,hw,23124
CV3T561000H0,color,hw,23156
CV3T561000H0,color,hw,23233
CV3T561000H0,color,hw,23371
CV3T561000H0,color,hw,23536
CV3T561000H0,color,hw,23749
CV3T561000H0,color,hw,23827
CV3T561000H0,color,hw,23922
CV3T561000H0,color,hw,23925
CV3T561000H0,color,hw,24078
CV3T561000H0,color,hw,24130
CV3T561000H0,color,hw,24213
CV3T561000H0,color,hw,24264
CV3T561000H0,color,hw,24285
CV3T561000H0,color,hw,24610
CV3T561000H0,color,hw,24647
CV3T561000H0,color,hw,24849
CV3T561000H0,color,hw,24918
CV3T561000H0,color,hw,24939
CV3T561000H0,color,hw,25176
CV3T561000H0,color,hw,25200
CV3T561000H0,color,hw,25307
CV3T561000H0,color,hw,25309
CV3T561000H0,color,hw,25685
CV3T561000H0,color,hw,25725
CV3T561000H0,color,hw,25893
CV3T561000H0,color,hw,25975
CV3T561000H0,color,hw,25996
CV3T561000H0,color,hw,26113
CV3T561000H0,color,hw,26157
CV3T561000H0,color,hw,26215
CV3T561000H0,color,hw,26592
CV3T561000H0,color,hw,26852
CV3T561000H0,color,hw,27114
CV3T561000H0,color,hw,27214
CV3T561000H0,color,hw,27309
CV3T561000H0,color,hw,27445
CV3T561000H0,color,hw,27542
CV3T561000H0,color,hw,27709
CV3T561000H0,color,hw,27793
CV3T561000H0,color,hw,27832
CV3T561000H0,color,hw,28030
CV3T561000H0,color,hw,28392
CV3T561000H0,color,hw,28441
CV3T561000H0,color,hw,28477
CV3T561000H0,color,hw,28519
CV3T561000H0,color,hw,28692
CV3T561000H0,color,hw,28754
CV3T561000H0,color,hw,28828
CV3T561000H0,color,hw,28843
CV3T561000H0,color,hw,28906
CV3T561000H0,color,hw,29241
CV3T561000H0,color,hw,29252
CV3T561000H0,color,hw,29440
CV3T561000H0,color,hw,29632
CV3T561000H0,color,hw,29670
CV3T561000H0,color,hw,29708
CV3T561000H0,color,hw,29783
CV3T561000H0,color,hw,29858
CV3T561000H0,color,hw,29949
CV3T561000H0,color,hw,29982
CV3T561000H0,color,hw,29996
CV3T561000H0,color,hw,30185
CV3T561000H0,color,hw,30472
CV3T561000H0,color,hw,30646
CV3T561000H0,color,hw,30934
CV3T561000H0,color,hw,30974
CV3T561000H0,color,hw,31034
CV3T561000H0,color,hw,31190
CV3T561000H0,color,hw,31436
CV3T561000H0,color,hw,32005
CV3T561000H0,color,hw,32166
CV3T561000H0,color,hw,32181
CV3T561000H0,color,hw,32400
CV3T561000H0,color,hw,32675
CV3T561000H0,color,hw,32940
CV3T561000H0,color,hw,33030
CV3T561000H0,color,hw,33104
CV3T561000H0,color,hw,33310
CV3T561000H0,color,hw,33494
CV3T561000H0,color,hw,33604
CV3T561000H0,color,hw,33624
CV3T561000H0,color,hw,33672
CV3T561000H0,color,hw,34063
CV3T561000H0,color,hw,34186
CV3T561000H0,color,hw,34254
CV3T561000H0,color,hw,34384
CV3T561000H0,color,hw,34474
CV3T561000H0,color,hw,34576
CV3T561000H0,color,hw,34955
CV3T561000H0,color,hw,34997
CV3T561000H0,color,hw,35008
CV3T561000H0,color,hw,35045
CV3T561000H0,color,hw,35204
CV3T561000H0,color,hw,35294
CV3T561000H0,color,hw,35368
CV3T561000H0,color,hw,35375
CV3T561000H0,color,hw,35518
CV3T561000H0,color,hw,35564
CV3T561000H0,color,hw,35676
CV3T561000H0,color,hw,35695
CV3T561000H0,color,hw,35808
CV3T561000H0,color,hw,35953
CV3T561000H0,color,hw,36228
CV3T561000H0,color,hw,36332
CV3T561000H0,color,hw,36401
CV3T561000H0,color,hw,36657
CV3T561000H0,color,hw,37667
CV3T561000H0,color,hw,37999
CV3T561000H0,color,hw,38153
CV3T561000H0,color,hw,38422
CV3T561000H0,color,hw,38595
CV3T561000H0,color,hw,39071
CV3T561000H0,color,hw,39123
CV3T561000H0,color,hw,39247
CV3T561000H0,color,hw,39282
CV3T561000H0,color,hw,39328
CV3T561000H0,color,hw,39466
CV3T561000H0,color,hw,39515
CV3T561000H0,color,hw,39574
CV3T561000H0,color,hw,39580
CV3T561000H0,color,hw,39718
CV3T561000H0,color,hw,39821
CV3T561000H0,color,hw,39919
CV3T561000H0,color,hw,39945
CV3T561000H0,color,hw,40274
CV3T561000H0,color,hw,40451
CV3T561000H0,color,hw,40665
CV3T561000H0,color,hw,40695
CV3T561000H0,color,hw,40923
CV3T561000H0,color,hw,41074
CV3T561000H0,color,hw,41342
CV3T561000H0,color,hw,41394
CV3T561000H0,color,hw,41910
CV3T561000H0,color,hw,42064
CV3T561000H0,color,hw,42145
CV3T561000H0,color,hw,42232
CV3T561000H0,color,hw,42340
CV3T561000H0,color,hw,42471
CV3T561000H0,color,hw,42482
CV3T561000H0,color,hw,42506
CV3T561000H0,color,hw,42539
CV3T561000H0,color,hw,42564
CV3T561000H0,color,hw,42705
CV3T561000H0,color,hw,42806
CV3T561000H0,color,hw,43046
CV3T561000H0,color,hw,43471
CV3T561000H0,color,hw,43495
CV3T561000H0,color,hw,43640
CV3T561000H0,color,hw,44100
CV3T561000H0,color,hw,44149
CV3T561000H0,color,hw,44337
CV3T561000H0,color,hw,44398
CV3T561000H0,color,hw,44522
CV3T561000H0,color,hw,44555
CV3T561000H0,color,hw,45022
CV3T561000H0,color,hw,45127
CV3T561000H0,color,hw,45178
CV3T561000H0,color,hw,45306
CV3T561000H0,color,hw,45346
CV3T561000H0,color,hw,45388
CV3T561000H0,color,hw,45409
CV3T561000H0,color,hw,45417
CV3T561000H0,color,hw,45525
CV3T561000H0,color,hw,45593
CV3T561000H0,color,hw,45601
CV3T561000H0,color,hw,45614
CV3T561000H0,color,hw,45669
CV3T561000H0,color,hw,45928
CV3T561000H0,color,hw,46069
CV3T561000H0,color,hw,46088
CV3T561000H0,color,hw,46122
CV3T561000H0,color,hw,46127
CV3T561000H0,color,hw,46171
CV3T561000H0,color,hw,46275
CV3T561000H0,color,hw,46705
CV3T561000H0,color,hw,46753
CV3T561000H0,color,hw,46930
CV3T561000H0,color,hw,47084
CV3T561000H0,color,hw,47115
CV3T561000H0,color,hw,47134
CV3T561000H0,color,hw,47199
CV3T561000H0,color,hw,47403
CV3T561000H0,color,hw,47638
CV3T561000H0,color,hw,47710
CV3T561000H0,color,hw,47852
CV3T561000H0,color,hw,47897
CV3T561000H0,color,hw,48320
CV3T561000H0,color,hw,48330
CV3T561000H0,color,hw,48437
CV3T561000H0,color,hw,48615
CV3T561000H0,color,hw,48631
CV3T561000H0,color,hw,48722
CV3T561000H0,color,hw,48801
CV3T561000H0,color,hw,49107
CV3T561000H0,color,hw,49332
CV3T561000H0,color,hw,49355
CV3T561000H0,color,hw,49540
CV3T561000H0,color,hw,49686
CV3T561000H0,color,hw,49823
CV3T561000H0,color,hw,49848
CV3T561000H0,color,hw,50062
CV3T561000H0,color,hw,50065
CV3T561000H0,color,hw,50356
CV3T561000H0,color,hw,50425
CV3T561000H0,color,hw,50473
CV3T561000H0,color,hw,50642
CV3T561000H0,color,hw,50655
CV3T561000H0,color,hw,50714
CV3T561000H0,color,hw,50980
CV3T561000H0,color,hw,51224
CV3T561000H0,color,hw,51283
CV3T561000H0,color,hw,51328
CV3T561000H0,color,hw,51364
CV3T561000H0,color,hw,51428
CV3T561000H0,color,hw,51466
CV3T561000H0,color,hw,51485
CV3T561000H0,color,hw,51492
CV3T561000H0,color,hw,51542
CV3T561000H0,color,hw,51798
CV3T561000H0,color,hw,51816
CV3T561000H0,color,hw,52258
CV3T561000H0,color,hw,52272
CV3T561000H0,color,hw,52455
CV3T561000H0,color,hw,52479
CV3T561000H0,color,hw,52623
CV3T561000H0,color,hw,52922
CV3T561000H0,color,hw,53077
CV3T561000H0,color,hw,53111
CV3T561000H0,color,hw,53268
CV3T561000H0,color,hw,53299
CV3T561000H0,color,hw,53442
CV3T561000H0,color,hw,53487
CV3T561000H0,color,hw,53567
CV3T561000H0,color,hw,53609
CV3T561000H0,color,hw,53639
CV3T561000H0,color,hw,54050
CV3T561000H0,color,hw,54231
CV3T561000H0,color,hw,54608
CV3T561000H0,color,hw,55287
CV3T561000H0,color,hw,55308
CV3T561000H0,color,hw,55433
CV3T561000H0,color,hw,55457
CV3T561000H0,color,hw,55527
CV3T561000H0,color,hw,55723
CV3T561000H0,color,hw,55930
CV3T561000H0,color,hw,55983
CV3T561000H0,color,hw,56076
CV3T561000H0,color,hw,56275
CV3T561000H0,color,hw,56328
CV3T561000H0,color,hw,56388
CV3T561000H0,color,hw,56399
CV3T561000H0,color,hw,56647
CV3T561000H0,color,hw,56807
CV3T561000H0,color,hw,56936
CV3T561000H0,color,hw,57139
CV3T561000H0,color,hw,57155
CV3T561000H0,color,hw,57166
CV3T561000H0,color,hw,57196
CV3T561000H0,color,hw,57256
CV3T561000H0,color,hw,57563
CV3T561000H0,color,hw,57825
CV3T561000H0,color,hw,57996
CV3T561000H0,color,hw,58127
CV3T561000H0,color,hw,58160
CV3T561000H0,color,hw,58304
CV3T561000H0,color,hw,58330
CV3T561000H0,color,hw,58416
CV3T561000H0,color,hw,58674
CV3T561000H0,color,hw,58872
CV3T561000H0,color,hw,58875
CV3T561000H0,color,hw,59273
CV3T561000H0,color,hw,59484
CV3T561000H0,color,hw,59661
CV3T561000H0,color,hw,59745
CV3T561000H0,color,hw,60004
CV3T561000H0,color,hw,60205
CV3T561000H0,color,hw,60282
CV3T561000H0,color,hw,60352
CV3T561000H0,color,hw,60510
CV3T561000H0,color,hw,60851
CV3T561000H0,color,hw,61132
CV3T561000H0,color,hw,61386
CV3T561000H0,color,hw,61453
CV3T561000H0,color,hw,61477
CV3T561000H0,color,hw,61518
CV3T561000H0,color,hw,61743
CV3T561000H0,color,hw,61962
CV3T561000H0,color,hw,62028
CV3T561000H0,color,hw,62228
CV3T561000H0,color,hw,62264
CV3T561000H0,color,hw,62572
CV3T561000H0,color,hw,62637
CV3T561000H0,color,hw,63021
CV3T561000H0,color,hw,63117
CV3T561000H0,color,hw,63223
CV3T561000H0,color,hw,63247
CV3T561000H0,color,hw,63576
CV3T561000H0,color,hw,63804
CV3T561000H0,color,hw,64066
CV3T561000H0,color,hw,64173
CV3T561000H0,color,hw,64305
CV3T561000H0,color,hw,64342
CV3T561000H0,color,hw,64494
CV3T561000H0,color,hw,64549
CV3T561000H0,color,hw,64593
CV3T561000H0,color,hw,64641
CV3T561000H0,color,hw,64786
CV3T561000H0,color,hw,65062
CV3T561000H0,color,hw,65081
CV3T561000H0,color,hw,65181
CV3T561000H0,color,hw,65309
CV3T561000H0,color,hw,65483
CV3T561000H0,color,hw,65525
CV3T561000H0,color,hw,65975
CV3T561000H0,color,hw,66294
CV3T561000H0,color,hw,66495
CV3T561000H0,color,hw,66687
CV3T561000H0,color,hw,67613
CV3T561000H0,color,hw,67635
CV3T561000H0,color,hw,68034
CV3T561000H0,color,hw,68039
CV3T561000H0,color,hw,68150
CV3T561000H0,color,hw,68471
CV3T561000H0,color,hw,68485
CV3T561000H0,color,hw,68507
CV3T561000H0,color,hw,68514
CV3T561000H0,color,hw,68522
CV3T561000H0,color,hw,68746
CV3T561000H0,color,hw,68760
CV3T561000H0,color,hw,69059
CV3T561000H0,color,hw,69348
CV3T561000H0,color,hw,69378
CV3T561000H0,color,hw,69818
CV3T561000H0,color,hw,69882
CV3T561000H0,color,hw,69987
CV3T561000H0,color,hw,70577
CV3T561000H0,color,hw,70591
CV3T561000H0,color,hw,70614
CV3T561000H0,color,hw,70792
CV3T561000H0,color,hw,70913
CV3T561000H0,color,hw,71052
CV3T561000H0,color,hw,71523
CV3T561000H0,color,hw,71623
CV3T561000H0,color,hw,71634
CV3T561000H0,color,hw,71894
CV3T561000H0,color,hw,71955
CV3T561000H0,color,hw,71999
CV3T561000H0,color,hw,72140
CV3T561000H0,color,hw,72360
CV3T561000H0,color,hw,72409
CV3T561000H0,color,hw,72480
CV3T561000H0,color,hw,72497
CV3T561000H0,color,hw,72612
CV3T561000H0,color,hw,72848
CV3T561000H0,color,hw,72929
CV3T561000H0,color,hw,73053
CV3T561000H0,color,hw,73319
CV3T561000H0,color,hw,73325
CV3T561000H0,color,hw,73732
CV3T561000H0,color,hw,73980
CV3T561000H0,color,hw,74083
CV3T561000H0,color,hw,74133
CV3T561000H0,color,hw,74309
CV3T561000H0,color,hw,74660
CV3T561000H0,color,hw,75066
CV3T561000H0,color,hw,75217
CV3T561000H0,color,hw,75521
CV3T561000H0,color,hw,75690
CV3T561000H0,color,hw,75737
CV3T561000H0,color,hw,75906
CV3T561000H0,color,hw,75909
CV3T561000H0,color,hw,75981
CV3T561000H0,color,hw,76155
CV3T561000H0,color,hw,76232
CV3T561000H0,color,hw,76416
CV3T561000H0,color,hw,76485
CV3T561000H0,color,hw,76503
CV3T561000H0,color,hw,76543
CV3T561000H0,color,hw,76574
CV3T561000H0,color,hw,76667
CV3T561000H0,color,hw,76813
CV3T561000H0,color,hw,76962
CV3T561000H0,color,hw,77196
CV3T561000H0,color,hw,77284
CV3T561000H0,color,hw,77442
CV3T561000H0,color,hw,77517
CV3T561000H0,color,hw,77654
CV3T561000H0,color,hw,77706
CV3T561000H0,color,hw,77729
CV3T561000H0,color,hw,77923
CV3T561000H0,color,hw,77960
CV3T561000H0,color,hw,78004
CV3T561000B5,depth,hw,16
CV3T561000B5,depth,hw,26
CV3T561000B5,depth,hw,37
CV3T561000B5,depth,hw,69
CV3T561000B5,depth,hw,74
CV3T561000B5,depth,hw,84
CV3T561000B5,depth,hw,104
CV3T561000B5,depth,hw,117
CV3T561000B5,depth,hw,133
CV3T561000B5,depth,hw,140
CV3T561000B5,depth,hw,151
CV3T561000B5,depth,hw,158
CV3T561000B5,depth,hw,162
CV3T561000B5,depth,hw,178
CV3T561000B5,depth,hw,222
CV3T561000B5,depth,hw,244
CV3T561000B5,depth,hw,253
CV3T561000B5,depth,hw,255
CV3T561000B5,depth,hw,262
CV3T561000B5,depth,hw,265
CV3T561000B5,depth,hw,303
CV3T561000B5,depth,hw,307
CV3T561000B5,depth,hw,317
CV3T561000B5,depth,hw,322
CV3T561000B5,depth,hw,337
CV3T561000B5,depth,hw,349
CV3T561000B5,depth,hw,368
CV3T561000B5,depth,hw,434
CV3T561000B5,depth,hw,481
CV3T561000B5,depth,hw,511
CV3T561000B5,depth,hw,527
CV3T561000B5,depth,hw,533
CV3T561000B5,depth,hw,626
CV3T561000B5,depth,hw,645
CV3T561000B5,depth,hw,684
CV3T561000B5,depth,hw,690
CV3T561000B5,depth,hw,798
CV3T561000B5,depth,hw,800
CV3T561000B5,depth,hw,805
CV3T561000B5,depth,hw,818
CV3T561000B5,depth,hw,831
CV3T561000B5,depth,hw,834
CV3T561000B5,depth,hw,849
CV3T561000B5,depth,hw,856
CV3T561000B5,depth,hw,904
CV3T561000B5,depth,hw,906
CV3T561000B5,depth,hw,963
CV3T561000B5,depth,hw,1107
CV3T561000B5,depth,hw,1137
CV3T561000B5,depth,hw,1212
CV3T561000B5,depth,hw,1222
CV3T561000B5,depth,hw,1227
CV3T561000B5,depth,hw,1229
CV3T561000B5,depth,hw,1249
CV3T561000B5,depth,hw,1262
CV3T561000B5,depth,hw,1268
CV3T561000B5,depth,hw,1290
CV3T561000B5,depth,hw,1296
CV3T561000B5,depth,hw,1309
CV3T561000B5,depth,hw,1507
CV3T561000B5,depth,hw,1512
CV3T561000B5,depth,hw,1539
CV3T561000B5,depth,hw,1780
CV3T561000B5,depth,hw,1788
CV3T561000B5,depth,hw,1817
CV3T561000B5,depth,hw,1832
CV3T561000B5,depth,hw,1866
CV3T561000B5,depth,hw,1875
CV3T561000B5,depth,hw,1878
CV3T561000B5,depth,hw,1889
CV3T561000B5,depth,hw,1906
CV3T561000B5,depth,hw,1911
CV3T561000B5,depth,hw,1924
CV3T561000B5,depth,hw,1949
CV3T561000B5,depth,hw,1986
CV3T561000B5,depth,hw,2060
CV3T561000B5,depth,hw,2072
CV3T561000B5,depth,hw,2077
CV3T561000B5,depth,hw,2121
CV3T561000B5,depth,hw,2144
CV3T561000B5,depth,hw,2151
CV3T561000B5,depth,hw,2207
CV3T561000B5,depth,hw,2211
CV3T561000B5,depth,hw,2225
CV3T561000B5,depth,hw,2231
CV3T561000B5,depth,hw,2243
CV3T561000B5,depth,hw,2248
CV3T561000B5,depth,hw,2263
CV3T561000B5,depth,hw,2267
CV3T561000B5,depth,hw,2285
CV3T561000B5,depth,hw,2332
CV3T561000B5,depth,hw,2340
CV3T561000B5,depth,hw,2354
CV3T561000B5,depth,hw,2390
CV3T561000B5,depth,hw,2422
CV3T561000B5,depth,hw,2426
CV3T561000B5,depth,hw,2432
CV3T561000B5,depth,hw,2451
CV3T561000B5,depth,hw,2478
CV3T561000B5,depth,hw,2502
CV3T561000B5,depth,hw,2543
CV3T561000B5,depth,hw,2574
CV3T561000B5,depth,hw,2705
CV3T561000B5,depth,hw,2728
CV3T561000B5,depth,hw,2735
CV3T561000B5,depth,hw,2741
CV3T561000B5,depth,hw,2753
CV3T561000B5,depth,hw,2783
CV3T561000B5,depth,hw,2806
CV3T561000B5,depth,hw,2812
CV3T561000B5,depth,hw,2841
CV3T561000B5,depth,hw,2856
CV3T561000B5,depth,hw,2859
CV3T561000B5,depth,hw,2871
CV3T561000B5,depth,hw,2891
CV3T561000B5,depth,hw,2984
CV3T561000B5,depth,hw,2989
CV3T561000B5,depth,hw,2996
CV3T561000B5,depth,hw,2998
CV3T561000B5,depth,hw,3003
CV3T561000B5,depth,hw,3017
CV3T561000B5,depth,hw,3067
CV3T561000B5,depth,hw,3257
CV3T561000B5,depth,hw,3452
CV3T561000B5,depth,hw,3469
CV3T561000B5,depth,hw,3689
CV3T561000B5,depth,hw,3744
CV3T561000B5,depth,hw,3903
CV3T561000B5,depth,hw,4325
CV3T561000B5,depth,hw,4475
CV3T561000B5,depth,hw,4663
CV3T561000B5,depth,hw,4772
CV3T561000B5,depth,hw,4780
CV3T561000B5,depth,hw,4791
CV3T561000B5,depth,hw,4882
CV3T561000B5,depth,hw,4887
CV3T561000B5,depth,hw,4900
CV3T561000B5,depth,hw,4917
CV3T561000B5,depth,hw,4961
CV3T561000B5,depth,hw,4985
CV3T561000B5,depth,hw,4991
CV3T561000B5,depth,hw,5003
CV3T561000B5,depth,hw,5021
CV3T561000B5,depth,hw,5079
CV3T561000B5,depth,hw,5126
CV3T561000B5,depth,hw,5152
CV3T561000B5,depth,hw,5157
CV3T561000B5,depth,hw,5169
CV3T561000B5,depth,hw,5176
CV3T561000B5,depth,hw,5198
CV3T561000B5,depth,hw,5218
CV3T561000B5,depth,hw,5240
CV3T561000B5,depth,hw,5246
CV3T561000B5,depth,hw,5296
CV3T561000B5,depth,hw,5301
CV3T561000B5,depth,hw,5320
CV3T561000B5,depth,hw,5331
CV3T561000B5,depth,hw,5336
CV3T561000B5,depth,hw,5339
CV3T561000B5,depth,hw,5346
CV3T561000B5,depth,hw,5358
CV3T561000B5,depth,hw,5364
CV3T561000B5,depth,hw,5375
CV3T561000B5,depth,hw,5388
CV3T561000B5,depth,hw,5419
CV3T561000B5,depth,hw,5430
CV3T561000B5,depth,hw,5539
CV3T561000B5,depth,hw,5569
CV3T561000B5,depth,hw,5574
CV3T561000B5,depth,hw,5583
CV3T561000B5,depth,hw,5593
CV3T561000B5,depth,hw,5595
CV3T561000B5,depth,hw,5599
CV3T561000B5,depth,hw,5645
CV3T561000B5,depth,hw,5780
CV3T561000B5,depth,hw,5785
CV3T561000B5,depth,hw,5822
CV3T561000B5,depth,hw,5847
CV3T561000B5,depth,hw,5853
CV3T561000B5,depth,hw,5930
CV3T561000B5,depth,hw,5932
CV3T561000B5,depth,hw,5964
CV3T561000B5,depth,hw,6019
CV3T561000B5,depth,hw,6022
CV3T561000B5,depth,hw,6059
CV3T561000B5,depth,hw,6107
CV3T561000B5,depth,hw,6114
CV3T561000B5,depth,hw,6162
CV3T561000B5,depth,hw,6189
CV3T561000B5,depth,hw,6200
CV3T561000B5,depth,hw,6215
CV3T561000B5,depth,hw,6219
CV3T561000B5,depth,hw,6243
CV3T561000B5,depth,hw,6343
CV3T561000B5,depth,hw,6393
CV3T561000B5,depth,hw,6411
CV3T561000B5,depth,hw,6429
CV3T561000B5,depth,hw,6439
CV3T561000B5,depth,hw,6465
CV3T561000B5,depth,hw,6469
CV3T561000B5,depth,hw,6473
CV3T561000B5,depth,hw,6482
CV3T561000B5,depth,hw,6485
CV3T561000B5,depth,hw,6503
CV3T561000B5,depth,hw,7033
CV3T561000B5,depth,hw,7051
CV3T561000B5,depth,hw,7078
CV3T561000B5,depth,hw,7129
CV3T561000B5,depth,hw,7145
CV3T561000B5,depth,hw,7147
CV3T561000B5,depth,hw,7191
CV3T561000B5,depth,hw,7196
CV3T561000B5,depth,hw,7208
CV3T561000B5,depth,hw,7213
CV3T561000B5,depth,hw,7232
CV3T561000B5,depth,hw,7244
CV3T561000B5,depth,hw,7257
CV3T561000B5,depth,hw,7263
CV3T561000B5,depth,hw,7267
CV3T561000B5,depth,hw,7287
CV3T561000B5,depth,hw,7300
CV3T561000B5,depth,hw,7302
CV3T561000B5,depth,hw,7307
CV3T561000B5,depth,hw,7358
CV3T561000B5,depth,hw,7367
CV3T561000B5,depth,hw,7383
CV3T561000B5,depth,hw,7400
CV3T561000B5,depth,hw,7404
CV3T561000B5,depth,hw,7406
CV3T561000B5,depth,hw,7408
CV3T561000B5,depth,hw,7418
CV3T561000B5,depth,hw,7448
CV3T561000B5,depth,hw,7473
CV3T561000B5,depth,hw,7478
CV3T561000B5,depth,hw,7496
CV3T561000B5,depth,hw,7516
CV3T561000B5,depth,hw,7528
CV3T561000B5,depth,hw,7535
CV3T561000B5,depth,hw,7537
CV3T561000B5,depth,hw,7542
CV3T561000B5,depth,hw,7585
CV3T561000B5,depth,hw,7594
CV3T561000B5,depth,hw,7631
CV3T561000B5,depth,hw,7635
CV3T561000B5,depth,hw,7656
CV3T561000B5,depth,hw,7692
CV3T561000B5,depth,hw,7741
CV3T561000B5,depth,hw,7807
CV3T561000B5,depth,hw,7815
CV3T561000B5,depth,hw,7817
CV3T561000B5,depth,hw,7892
CV3T561000B5,depth,hw,7897
CV3T561000B5,depth,hw,7942
CV3T561000B5,depth,hw,7971
CV3T561000B5,depth,hw,7977
CV3T561000B5,depth,hw,7980
CV3T561000B5,depth,hw,7982
CV3T561000B5,depth,hw,7986
CV3T561000B5,depth,hw,8018
CV3T561000B5,depth,hw,8065
CV3T561000B5,depth,hw,8078
CV3T561000B5,depth,hw,8084
CV3T561000B5,depth,hw,8113
CV3T561000B5,depth,hw,8124
CV3T561000B5,depth,hw,8163
CV3T561000B5,depth,hw,8225
CV3T561000B5,depth,hw,8246
CV3T561000B5,depth,hw,8249
CV3T561000B5,depth,hw,8255
CV3T561000B5,depth,hw,8268
CV3T561000B5,depth,hw,8285
CV3T561000B5,depth,hw,8289
CV3T561000B5,depth,hw,8314
CV3T561000B5,depth,hw,8349
CV3T561000B5,depth,hw,8382
CV3T561000B5,depth,hw,8412
CV3T561000B5,depth,hw,8608
CV3T561000B5,depth,hw,8711
CV3T561000B5,depth,hw,8724
CV3T561000B5,depth,hw,8733
CV3T561000B5,depth,hw,8857
CV3T561000B5,depth,hw,8899
CV3T561000B5,depth,hw,8929
CV3T561000B5,depth,hw,8936
CV3T561000B5,depth,hw,8944
CV3T561000B5,depth,hw,8962
CV3T561000B5,depth,hw,8973
CV3T561000B5,depth,hw,8979
CV3T561000B5,depth,hw,9014
CV3T561000B5,depth,hw,9068
CV3T561000B5,depth,hw,9081
CV3T561000B5,depth,hw,9111
CV3T561000B5,depth,hw,9146
CV3T561000B5,depth,hw,9151
CV3T561000B5,depth,hw,9225
CV3T561000B5,depth,hw,9269
CV3T561000B5,depth,hw,9282
CV3T561000B5,depth,hw,9312
CV3T561000B5,depth,hw,9317
CV3T561000B5,depth,hw,9354
CV3T561000B5,depth,hw,9398
CV3T561000B5,depth,hw,9408
CV3T561000B5,depth,hw,9421
CV3T561000B5,depth,hw,9441
CV3T561000B5,depth,hw,9446
CV3T561000B5,depth,hw,9524
CV3T561000B5,depth,hw,9569
CV3T561000B5,depth,hw,9574
CV3T561000B5,depth,hw,9592
CV3T561000B5,depth,hw,9610
CV3T561000B5,depth,hw,9612
CV3T561000B5,depth,hw,9624
CV3T561000B5,depth,hw,9661
CV3T561000B5,depth,hw,9670
CV3T561000B5,depth,hw,9735
CV3T561000B5,depth,hw,9737
CV3T561000B5,depth,hw,9754
CV3T561000B5,depth,hw,9783
CV3T561000B5,depth,hw,9920
CV3T561000B5,depth,hw,9931
CV3T561000B5,depth,hw,9949
CV3T561000B5,depth,hw,9958
CV3T561000B5,depth,hw,10010
CV3T561000B5,depth,hw,10031
CV3T561000B5,depth,hw,10033
CV3T561000B5,depth,hw,10040
CV3T561000B5,depth,hw,10069
CV3T561000B5,depth,hw,10089
CV3T561000B5,depth,hw,10157
CV3T561000B5,depth,hw,10217
CV3T561000B5,depth,hw,10272
CV3T561000B5,depth,hw,10291
CV3T561000B5,depth,hw,10298
CV3T561000B5,depth,hw,10316
CV3T561000B5,depth,hw,10329
CV3T561000B5,depth,hw,10376
CV3T561000B5,depth,hw,10379
CV3T561000B5,depth,hw,10386
CV3T561000B5,depth,hw,10397
CV3T561000B5,depth,hw,10415
CV3T561000B5,depth,hw,10420
CV3T561000B5,depth,hw,10583
CV3T561000B5,depth,hw,10611
CV3T561000B5,depth,hw,10642
CV3T561000B5,depth,hw,10647
CV3T561000B5,depth,hw,10654
CV3T561000B5,depth,hw,10702
CV3T561000B5,depth,hw,10800
CV3T561000B5,depth,hw,10812
CV3T561000B5,depth,hw,10819
CV3T561000B5,depth,hw,10822
CV3T561000B5,depth,hw,10902
CV3T561000B5,depth,hw,10950
CV3T561000B5,depth,hw,11064
CV3T561000B5,depth,hw,11113
CV3T561000B5,depth,hw,11133
CV3T561000B5,depth,hw,11135
CV3T561000B5,depth,hw,11160
CV3T561000B5,depth,hw,11201
CV3T561000B5,depth,hw,11228
CV3T561000B5,depth,hw,11262
CV3T561000B5,depth,hw,11268
CV3T561000B5,depth,hw,11473
CV3T561000B5,depth,hw,11534
CV3T561000B5,depth,hw,11546
CV3T561000B5,depth,hw,11584
CV3T561000B5,depth,hw,11589
CV3T561000B5,depth,hw,11611
CV3T561000B5,depth,hw,11642
CV3T561000B5,depth,hw,11660
CV3T561000B5,depth,hw,11664
CV3T561000B5,depth,hw,11677
CV3T561000B5,depth,hw,11716
CV3T561000B5,depth,hw,11789
CV3T561000B5,depth,hw,11798
CV3T561000B5,depth,hw,11820
CV3T561000B5,depth,hw,11841
CV3T561000B5,depth,hw,11851
CV3T561000B5,depth,hw,11856
CV3T561000B5,depth,hw,11862
CV3T561000B5,depth,hw,11880
CV3T561000B5,depth,hw,11920
CV3T561000B5,depth,hw,11949
CV3T561000B5,depth,hw,11952
CV3T561000B5,depth,hw,11954
CV3T561000B5,depth,hw,11977
CV3T561000B5,depth,hw,11999
CV3T561000B5,depth,hw,12009
CV3T561000B5,depth,hw,12040
CV3T561000B5,depth,hw,12046
CV3T561000B5,depth,hw,12096
CV3T561000B5,depth,hw,12187
CV3T561000B5,depth,hw,12196
CV3T561000B5,depth,hw,12198
CV3T561000B5,depth,hw,12200
CV3T561000B5,depth,hw,12254
CV3T561000B5,depth,hw,12266
CV3T561000B5,depth,hw,12279
CV3T561000B5,depth,hw,12285
CV3T561000B5,depth,hw,12372
CV3T561000B5,depth,hw,12380
CV3T561000B5,depth,hw,12387
CV3T561000B5,depth,hw,12396
CV3T561000B5,depth,hw,12411
CV3T561000B5,depth,hw,12417
CV3T561000B5,depth,hw,12426
CV3T561000B5,depth,hw,12447
CV3T561000B5,depth,hw,12453
CV3T561000B5,depth,hw,12472
CV3T561000B5,depth,hw,12481
CV3T561000B5,depth,hw,12489
CV3T561000B5,depth,hw,12628
CV3T561000B5,depth,hw,12636
CV3T561000B5,depth,hw,12648
CV3T561000B5,depth,hw,12654
CV3T561000B5,depth,hw,12680
CV3T561000B5,depth,hw,12703
CV3T561000B5,depth,hw,12710
CV3T561000B5,depth,hw,12754
CV3T561000B5,depth,hw,12774
CV3T561000B5,depth,hw,12777
CV3T561000B5,depth,hw,12794
CV3T561000B5,depth,hw,12802
CV3T561000B5,depth,hw,12807
CV3T561000B5,depth,hw,12924
CV3T561000B5,depth,hw,12932
CV3T561000B5,depth,hw,12957
CV3T561000B5,depth,hw,12962
CV3T561000B5,depth,hw,13146
CV3T561000B5,depth,hw,13351
CV3T561000B5,depth,hw,13469
CV3T561000B5,depth,hw,13475
CV3T561000B5,depth,hw,13477
CV3T561000B5,depth,hw,13486
CV3T561000B5,depth,hw,13505
CV3T561000B5,depth,hw,13522
CV3T561000B5,depth,hw,13535
CV3T561000B5,depth,hw,13558
CV3T561000B5,depth,hw,13564
CV3T561000B5,depth,hw,13613
CV3T561000B5,depth,hw,13623
CV3T561000B5,depth,hw,13668
CV3T561000B5,depth,hw,13742
CV3T561000B5,depth,hw,13755
CV3T561000B5,depth,hw,13791
CV3T561000B5,depth,hw,13809
CV3T561000B5,depth,hw,13821
CV3T561000B5,depth,hw,13844
CV3T561000B5,depth,hw,13847
CV3T561000B5,depth,hw,13867
CV3T561000B5,depth,hw,13871
CV3T561000B5,depth,hw,13885
CV3T561000B5,depth,hw,13896
CV3T561000B5,depth,hw,13900
CV3T561000B5,depth,hw,13932
CV3T561000B5,depth,hw,13944
CV3T561000B5,depth,hw,13963
CV3T561000B5,depth,hw,13992
CV3T561000B5,depth,hw,13999
CV3T561000B5,depth,hw,14004
CV3T561000B5,depth,hw,14068
CV3T561000B5,depth,hw,14074
CV3T561000B5,depth,hw,14098
CV3T561000B5,depth,hw,14250
CV3T561000B5,depth,hw,14256
CV3T561000B5,depth,hw,14262
CV3T561000B5,depth,hw,14283
CV3T561000B5,depth,hw,14287
CV3T561000B5,depth,hw,14301
CV3T561000B5,depth,hw,14307
CV3T561000B5,depth,hw,14691
CV3T561000B5,depth,hw,14701
CV3T561000B5,depth,hw,14703
CV3T561000B5,depth,hw,14708
CV3T561000B5,depth,hw,14717
CV3T561000B5,depth,hw,14720
CV3T561000B5,depth,hw,14797
CV3T561000B5,depth,hw,14807
CV3T561000B5,depth,hw,14831
CV3T561000B5,depth,hw,14833
CV3T561000B5,depth,hw,14844
CV3T561000B5,depth,hw,14851
CV3T561000B5,depth,hw,14885
CV3T561000B5,depth,hw,14889
CV3T561000B5,depth,hw,14919
CV3T561000B5,depth,hw,14935
CV3T561000B5,depth,hw,14948
CV3T561000B5,depth,hw,14950
CV3T561000B5,depth,hw,14955
CV3T561000B5,depth,hw,14980
CV3T561000B5,depth,hw,14996
CV3T561000B5,depth,hw,15035
CV3T561000B5,depth,hw,15195
CV3T561000B5,depth,hw,15200
CV3T561000B5,depth,hw,15204
CV3T561000B5,depth,hw,15213
CV3T561000B5,depth,hw,15215
CV3T561000B5,depth,hw,15226
CV3T561000B5,depth,hw,15239
CV3T561000B5,depth,hw,15289
CV3T561000B5,depth,hw,15313
CV3T561000B5,depth,hw,15324
CV3T561000B5,depth,hw,15326
CV3T561000B5,depth,hw,15435
CV3T561000B5,depth,hw,15441
CV3T561000B5,depth,hw,15449
CV3T561000B5,depth,hw,15511
CV3T561000B5,depth,hw,15516
CV3T561000B5,depth,hw,15527
CV3T561000B5,depth,hw,15622
CV3T561000B5,depth,hw,15629
CV3T561000B5,depth,hw,15638
CV3T561000B5,depth,hw,15661
CV3T561000B5,depth,hw,15671
CV3T561000B5,depth,hw,15931
CV3T561000B5,depth,hw,16068
CV3T561000B5,depth,hw,16207
CV3T561000B5,depth,hw,16209
CV3T561000B5,depth,hw,16249
CV3T561000B5,depth,hw,16252
CV3T561000B5,depth,hw,16295
CV3T561000B5,depth,hw,16308
CV3T561000B5,depth,hw,16320
CV3T561000B5,depth,hw,16325
CV3T561000B5,depth,hw,16367
CV3T561000B5,depth,hw,16395
CV3T561000B5,depth,hw,16402
CV3T561000B5,depth,hw,16415
CV3T561000B5,depth,hw,16427
CV3T561000B5,depth,hw,16431
CV3T561000B5,depth,hw,16445
CV3T561000B5,depth,hw,16487
CV3T561000B5,depth,hw,16499
CV3T561000B5,depth,hw,16517
CV3T561000B5,depth,hw,16522
CV3T561000B5,depth,hw,16540
CV3T561000B5,depth,hw,16576
CV3T561000B5,depth,hw,16642
CV3T561000B5,depth,hw,16707
CV3T561000B5,depth,hw,16716
CV3T561000B5,depth,hw,16718
CV3T561000B5,depth,hw,16724
CV3T561000B5,depth,hw,16738
CV3T561000B5,depth,hw,16816
CV3T561000B5,depth,hw,16819
CV3T561000B5,depth,hw,16840
CV3T561000B5,depth,hw,16921
CV3T561000B5,depth,hw,16929
CV3T561000B5,depth,hw,16999
CV3T561000B5,depth,hw,17007
CV3T561000B5,depth,hw,17024
CV3T561000B5,depth,hw,17084
CV3T561000B5,depth,hw,17126
CV3T561000B5,depth,hw,17178
CV3T561000B5,depth,hw,17180
CV3T561000B5,depth,hw,17192
CV3T561000B5,depth,hw,17210
CV3T561000B5,depth,hw,17217
CV3T561000B5,depth,hw,17222
CV3T561000B5,depth,hw,17227
CV3T561000B5,depth,hw,17239
CV3T561000B5,depth,hw,17247
CV3T561000B5,depth,hw,17481
CV3T561000B5,depth,hw,17545
CV3T561000B5,depth,hw,17575
CV3T561000B5,depth,hw,17607
CV3T561000B5,depth,hw,17629
CV3T561000B5,depth,hw,17720
CV3T561000B5,depth,hw,17831
CV3T561000B5,depth,hw,17880
CV3T561000B5,depth,hw,17893
CV3T561000B5,depth,hw,17897
CV3T561000B5,depth,hw,17910
CV3T561000B5,depth,hw,17946
CV3T561000B5,depth,hw,17987
CV3T561000B5,depth,hw,18012
CV3T561000B5,depth,hw,18059
CV3T561000B5,depth,hw,18101
CV3T561000B5,depth,hw,18124
CV3T561000B5,depth,hw,18135
CV3T561000B5,depth,hw,18271
CV3T561000B5,depth,hw,18401
CV3T561000B5,depth,hw,18487
CV3T561000B5,depth,hw,18508
CV3T561000B5,depth,hw,18541
CV3T561000B5,depth,hw,18633
CV3T561000B5,depth,hw,19267
CV3T561000B5,depth,hw,19356
CV3T561000B5,depth,hw,19410
CV3T561000B5,depth,hw,19443
CV3T561000B5,depth,hw,19472
CV3T561000B5,depth,hw,19556
CV3T561000B5,depth,hw,19643
CV3T561000B5,depth,hw,19873
CV3T561000B5,depth,hw,19875
CV3T561000B5,depth,hw,19889
CV3T561000B5,depth,hw,19893
CV3T561000B5,depth,hw,19895
CV3T561000B5,depth,hw,19908
CV3T561000B5,depth,hw,20136
CV3T561000B5,depth,hw,20669
CV3T561000B5,depth,hw,20770
CV3T561000B5,depth,hw,20965
CV3T561000B5,depth,hw,20967
CV3T561000B5,depth,hw,20969
CV3T561000B5,depth,hw,21007
CV3T561000B5,depth,hw,21042
CV3T561000B5,depth,hw,21053
CV3T561000B5,depth,hw,21071
CV3T561000B5,depth,hw,21079
CV3T561000B5,depth,hw,21081
CV3T561000B5,depth,hw,21098
CV3T561000B5,depth,hw,21136
CV3T561000B5,depth,hw,21144
CV3T561000B5,depth,hw,21164
CV3T561000B5,depth,hw,21191
CV3T561000B5,depth,hw,21202
CV3T561000B5,depth,hw,21232
CV3T561000B5,depth,hw,21238
CV3T561000B5,depth,hw,21249
CV3T561000B5,depth,hw,21257
CV3T561000B5,depth,hw,21262
CV3T561000B5,depth,hw,21285
CV3T561000B5,depth,hw,21339
CV3T561000B5,depth,hw,21394
CV3T561000B5,depth,hw,21400
CV3T561000B5,depth,hw,21418
CV3T561000B5,depth,hw,21423
CV3T561000B5,depth,hw,21444
CV3T561000B5,depth,hw,21448
CV3T561000B5,depth,hw,21454
CV3T561000B5,depth,hw,21598
CV3T561000B5,depth,hw,21603
CV3T561000B5,depth,hw,21644
CV3T561000B5,depth,hw,21656
CV3T561000B5,depth,hw,21699
CV3T561000B5,depth,hw,21712
CV3T561000B5,depth,hw,21732
CV3T561000B5,depth,hw,21763
CV3T561000B5,depth,hw,21799
CV3T561000B5,depth,hw,21821
CV3T561000B5,depth,hw,21840
CV3T561000B5,depth,hw,21842
CV3T561000B5,depth,hw,21954
CV3T561000B5,depth,hw,21983
CV3T561000B5,depth,hw,21991
CV3T561000B5,depth,hw,22042
CV3T561000B5,depth,hw,22048
CV3T561000B5,depth,hw,22052
CV3T561000B5,depth,hw,22063
CV3T561000B5,depth,hw,22244
CV3T561000B5,depth,hw,22285
CV3T561000B5,depth,hw,22342
CV3T561000B5,depth,hw,22522
CV3T561000B5,depth,hw,22654
CV3T561000B5,depth,hw,22672
CV3T561000B5,depth,hw,22744
CV3T561000B5,depth,hw,22746
CV3T561000B5,depth,hw,22752
CV3T561000B5,depth,hw,22758
CV3T561000B5,depth,hw,22771
CV3T561000B5,depth,hw,22781
CV3T561000B5,depth,hw,22799
CV3T561000B5,depth,hw,22819
CV3T561000B5,depth,hw,22868
CV3T561000B5,depth,hw,22874
CV3T561000B5,depth,hw,22890
CV3T561000B5,depth,hw,22903
CV3T561000B5,depth,hw,22915
CV3T561000B5,depth,hw,22938
CV3T561000B5,depth,hw,22956
CV3T561000B5,depth,hw,22959
CV3T561000B5,depth,hw,22974
CV3T561000B5,depth,hw,22981
CV3T561000B5,depth,hw,22988
CV3T561000B5,depth,hw,23000
CV3T561000B5,depth,hw,23120
CV3T561000B5,depth,hw,23132
CV3T561000B5,depth,hw,23184
CV3T561000B5,depth,hw,23188
CV3T561000B5,depth,hw,23191
CV3T561000B5,depth,hw,23193
CV3T561000B5,depth,hw,23210
CV3T561000B5,depth,hw,23223
CV3T561000B5,depth,hw,23244
CV3T561000B5,depth,hw,23294
CV3T561000B5,depth,hw,23311
CV3T561000B5,depth,hw,23323
CV3T561000B5,depth,hw,23359
CV3T561000B5,depth,hw,23380
CV3T561000B5,depth,hw,23396
CV3T561000B5,depth,hw,23413
CV3T561000B5,depth,hw,23447
CV3T561000B5,depth,hw,23453
CV3T561000B5,depth,hw,23455
CV3T561000B5,depth,hw,23506
CV3T561000B5,depth,hw,23575
CV3T561000B5,depth,hw,23585
CV3T561000B5,depth,hw,23598
CV3T561000B5,depth,hw,23655
CV3T561000B5,depth,hw,23725
CV3T561000B5,depth,hw,23773
CV3T561000B5,depth,hw,23804
CV3T561000B5,depth,hw,23832
CV3T561000B5,depth,hw,23904
CV3T561000B5,depth,hw,23909
CV3T561000B5,depth,hw,23941
CV3T561000B5,depth,hw,23994
CV3T561000B5,depth,hw,24005
CV3T561000B5,depth,hw,24128
CV3T561000B5,depth,hw,24154
CV3T561000B5,depth,hw,24167
CV3T561000B5,depth,hw,24242
CV3T561000B5,depth,hw,24248
CV3T561000B5,depth,hw,24271
CV3T561000B5,depth,hw,24315
CV3T561000B5,depth,hw,24317
CV3T561000B5,depth,hw,24321
CV3T561000B5,depth,hw,24333
CV3T561000B5,depth,hw,24345
CV3T561000B5,depth,hw,24563
CV3T561000B5,depth,hw,25296
CV3T561000B5,depth,hw,25316
CV3T561000B5,depth,hw,25439
CV3T561000B5,depth,hw,25570
CV3T561000B5,depth,hw,25691
CV3T561000B5,depth,hw,25726
CV3T561000B5,depth,hw,25730
CV3T561000B5,depth,hw,25732
CV3T561000B5,depth,hw,25779
CV3T561000B5,depth,hw,25782
CV3T561000B5,depth,hw,25799
CV3T561000B5,depth,hw,25807
CV3T561000B5,depth,hw,25822
CV3T561000B5,depth,hw,25836
CV3T561000B5,depth,hw,25855
CV3T561000B5,depth,hw,25882
CV3T561000B5,depth,hw,25898
CV3T561000B5,depth,hw,25913
CV3T561000B5,depth,hw,25925
CV3T561000B5,depth,hw,25937
CV3T561000B5,depth,hw,25943
CV3T561000B5,depth,hw,25955
CV3T561000B5,depth,hw,25977
CV3T561000B5,depth,hw,26016
CV3T561000B5,depth,hw,26022
CV3T561000B5,depth,hw,26244
CV3T561000B5,depth,hw,26256
CV3T561000B5,depth,hw,26265
CV3T561000B5,depth,hw,26267
CV3T561000B5,depth,hw,26270
CV3T561000B5,depth,hw,26275
CV3T561000B5,depth,hw,26357
CV3T561000B5,depth,hw,26369
CV3T561000B5,depth,hw,26402
CV3T561000B5,depth,hw,26414
CV3T561000B5,depth,hw,26427
CV3T561000B5,depth,hw,26431
CV3T561000B5,depth,hw,26444
CV3T561000B5,depth,hw,26456
CV3T561000B5,depth,hw,26468
CV3T561000B5,depth,hw,26500
CV3T561000B5,depth,hw,26504
CV3T561000B5,depth,hw,26517
CV3T561000B5,depth,hw,26524
CV3T561000B5,depth,hw,26577
CV3T561000B5,depth,hw,26582
CV3T561000B5,depth,hw,26622
CV3T561000B5,depth,hw,26649
CV3T561000B5,depth,hw,26678
CV3T561000B5,depth,hw,26695
CV3T561000B5,depth,hw,26714
CV3T561000B5,depth,hw,26726
CV3T561000B5,depth,hw,26738
CV3T561000B5,depth,hw,26766
CV3T561000B5,depth,hw,26809
CV3T561000B5,depth,hw,26815
CV3T561000B5,depth,hw,26822
CV3T561000B5,depth,hw,26848
CV3T561000B5,depth,hw,26861
CV3T561000B5,depth,hw,26909
CV3T561000B5,depth,hw,26965
CV3T561000B5,depth,hw,26971
CV3T561000B5,depth,hw,26994
CV3T561000B5,depth,hw,27004
CV3T561000B5,depth,hw,27006
CV3T561000B5,depth,hw,27018
CV3T561000B5,depth,hw,27024
CV3T561000B5,depth,hw,27111
CV3T561000B5,depth,hw,27176
CV3T561000B5,depth,hw,27202
CV3T561000B5,depth,hw,27211
CV3T561000B5,depth,hw,27256
CV3T561000B5,depth,hw,27276
CV3T561000B5,depth,hw,27288
CV3T561000B5,depth,hw,27333
CV3T561000B5,depth,hw,27338
CV3T561000B5,depth,hw,27360
CV3T561000B5,depth,hw,27376
CV3T561000B5,depth,hw,27382
CV3T561000B5,depth,hw,27384
CV3T561000B5,depth,hw,27389
CV3T561000B5,depth,hw,27437
CV3T561000B5,depth,hw,27449
CV3T561000B5,depth,hw,27454
CV3T561000B5,depth,hw,27473
CV3T561000B5,depth,hw,27495
CV3T561000B5,depth,hw,27540
CV3T561000B5,depth,hw,27556
CV3T561000B5,depth,hw,27569
CV3T561000B5,depth,hw,27601
CV3T561000B5,depth,hw,27605
CV3T561000B5,depth,hw,27608
CV3T561000B5,depth,hw,27656
CV3T561000B5,depth,hw,27664
CV3T561000B5,depth,hw,27666
CV3T561000B5,depth,hw,27688
CV3T561000B5,depth,hw,27699
CV3T561000B5,depth,hw,27703
CV3T561000B5,depth,hw,27762
CV3T561000B5,depth,hw,27796
CV3T561000B5,depth,hw,27798
CV3T561000B5,depth,hw,27870
CV3T561000B5,depth,hw,27906
CV3T561000B5,depth,hw,27910
CV3T561000B5,depth,hw,27993
CV3T561000B5,depth,hw,27999
CV3T561000B5,depth,hw,28006
CV3T561000B5,depth,hw,28010
CV3T561000B5,depth,hw,28023
CV3T561000B5,depth,hw,28041
CV3T561000B5,depth,hw,28072
CV3T561000B5,depth,hw,28096
CV3T561000B5,depth,hw,28105
CV3T561000B5,depth,hw,28155
CV3T561000B5,depth,hw,28160
CV3T561000B5,depth,hw,28206
CV3T561000B5,depth,hw,28213
CV3T561000B5,depth,hw,28267
CV3T561000B5,depth,hw,28277
CV3T561000B5,depth,hw,28289
CV3T561000B5,depth,hw,28292
CV3T561000B5,depth,hw,28298
CV3T561000B5,depth,hw,28301
CV3T561000B5,depth,hw,28314
CV3T561000B5,depth,hw,28342
CV3T561000B5,depth,hw,28363
CV3T561000B5,depth,hw,28367
CV3T561000B5,depth,hw,28387
CV3T561000B5,depth,hw,28392
CV3T561000B5,depth,hw,28405
CV3T561000B5,depth,hw,28409
CV3T561000B5,depth,hw,28415
CV3T561000B5,depth,hw,28422
CV3T561000B5,depth,hw,28428
CV3T561000B5,depth,hw,28456
CV3T561000B5,depth,hw,28570
CV3T561000B5,depth,hw,28614
CV3T561000B5,depth,hw,28626
CV3T561000B5,depth,hw,28697
CV3T561000B5,depth,hw,28800
CV3T561000B5,depth,hw,28806
CV3T561000B5,depth,hw,28822
CV3T561000B5,depth,hw,28838
CV3T561000B5,depth,hw,28845
CV3T561000B5,depth,hw,28847
CV3T561000B5,depth,hw,28870
CV3T561000B5,depth,hw,28876
CV3T561000B5,depth,hw,28882
CV3T561000B5,depth,hw,28889
CV3T561000B5,depth,hw,28893
CV3T561000B5,depth,hw,28966
CV3T561000B5,depth,hw,29028
CV3T561000B5,depth,hw,29074
CV3T561000B5,depth,hw,29081
CV3T561000B5,depth,hw,29089
CV3T561000B5,depth,hw,29257
CV3T561000B5,depth,hw,29260
CV3T561000B5,depth,hw,29269
CV3T561000B5,depth,hw,29294
CV3T561000B5,depth,hw,29339
CV3T561000B5,depth,hw,29361
CV3T561000B5,depth,hw,29452
CV3T561000B5,depth,hw,29477
CV3T561000B5,depth,hw,29483
CV3T561000B5,depth,hw,29488
CV3T561000B5,depth,hw,29552
CV3T561000B5,depth,hw,29563
CV3T561000B5,depth,hw,29631
CV3T561000B5,depth,hw,29648
CV3T561000B5,depth,hw,29652
CV3T561000B5,depth,hw,29664
CV3T561000B5,depth,hw,29672
CV3T561000B5,depth,hw,29687
CV3T561000B5,depth,hw,29706
CV3T561000B5,depth,hw,29718
CV3T561000B5,depth,hw,29739
CV3T561000B5,depth,hw,29743
CV3T561000B5,depth,hw,29747
CV3T561000B5,depth,hw,29758
CV3T561000B5,depth,hw,29865
CV3T561000B5,depth,hw,29936
CV3T561000B5,depth,hw,29972
CV3T561000B5,depth,hw,30016
CV3T561000B5,depth,hw,30025
CV3T561000B5,depth,hw,30114
CV3T561000B5,depth,hw,30170
CV3T561000B5,depth,hw,30209
CV3T561000B5,depth,hw,30235
CV3T561000B5,depth,hw,30265
CV3T561000B5,depth,hw,30268
CV3T561000B5,depth,hw,30277
CV3T561000B5,depth,hw,30289
CV3T561000B5,depth,hw,30322
CV3T561000B5,depth,hw,30337
CV3T561000B5,depth,hw,30377
CV3T561000B5,depth,hw,30382
CV3T561000B5,depth,hw,30418
CV3T561000B5,depth,hw,30443
CV3T561000B5,depth,hw,30448
CV3T561000B5,depth,hw,30466
CV3T561000B5,depth,hw,30473
CV3T561000B5,depth,hw,30482
CV3T561000B5,depth,hw,30486
CV3T561000B5,depth,hw,30492
CV3T561000B5,depth,hw,30528
CV3T561000B5,depth,hw,30586
CV3T561000B5,depth,hw,30601
CV3T561000B5,depth,hw,30604
CV3T561000B5,depth,hw,30624
CV3T561000B5,depth,hw,30632
CV3T561000B5,depth,hw,30696
CV3T561000B5,depth,hw,30705
CV3T561000B5,depth,hw,30711
CV3T561000B5,depth,hw,30725
CV3T561000B5,depth,hw,30734
CV3T561000B5,depth,hw,30740
CV3T561000B5,depth,hw,30807
CV3T561000B5,depth,hw,30850
CV3T561000B5,depth,hw,30857
CV3T561000B5,depth,hw,30866
CV3T561000B5,depth,hw,30900
CV3T561000B5,depth,hw,30903
CV3T561000B5,depth,hw,30919
CV3T561000B5,depth,hw,30924
CV3T561000B5,depth,hw,30944
CV3T561000B5,depth,hw,30955
CV3T561000B5,depth,hw,30960
CV3T561000B5,depth,hw,30967
CV3T561000B5,depth,hw,30993
CV3T561000B5,depth,hw,31025
CV3T561000B5,depth,hw,31040
CV3T561000B5,depth,hw,31053
CV3T561000B5,depth,hw,31068
CV3T561000B5,depth,hw,31077
CV3T561000B5,depth,hw,31080
CV3T561000B5,depth,hw,31096
CV3T561000B5,depth,hw,31114
CV3T561000B5,depth,hw,31146
CV3T561000B5,depth,hw,31162
CV3T561000B5,depth,hw,31403
CV3T561000B5,depth,hw,31412
CV3T561000B5,depth,hw,31418
CV3T561000B5,depth,hw,31442
CV3T561000B5,depth,hw,31469
CV3T561000B5,depth,hw,31520
CV3T561000B5,depth,hw,31523
CV3T561000B5,depth,hw,31748
CV3T561000B5,depth,hw,32032
CV3T561000B5,depth,hw,32147
CV3T561000B5,depth,hw,32152
CV3T561000B5,depth,hw,32165
CV3T561000B5,depth,hw,32174
CV3T561000B5,depth,hw,32183
CV3T561000B5,depth,hw,32189
CV3T561000B5,depth,hw,32201
CV3T561000B5,depth,hw,32213
CV3T561000B5,depth,hw,32215
CV3T561000B5,depth,hw,32269
CV3T561000B5,depth,hw,32272
CV3T561000B5,depth,hw,32285
CV3T561000B5,depth,hw,32327
CV3T561000B5,depth,hw,32354
CV3T561000B5,depth,hw,32435
CV3T561000B5,depth,hw,32585
CV3T561000B5,depth,hw,32587
CV3T561000B5,depth,hw,32615
CV3T561000B5,depth,hw,32627
CV3T561000B5,depth,hw,32642
CV3T561000B5,depth,hw,32651
CV3T561000B5,depth,hw,32666
CV3T561000B5,depth,hw,32684
CV3T561000B5,depth,hw,32687
CV3T561000B5,depth,hw,32816
CV3T561000B5,depth,hw,32865
CV3T561000B5,depth,hw,32872
CV3T561000B5,depth,hw,32918
CV3T561000B5,depth,hw,32931
CV3T561000B5,depth,hw,32959
CV3T561000B5,depth,hw,32967
CV3T561000B5,depth,hw,32978
CV3T561000B5,depth,hw,33015
CV3T561000B5,depth,hw,33026
CV3T561000B5,depth,hw,33050
CV3T561000B5,depth,hw,33075
CV3T561000B5,depth,hw,33088
CV3T561000B5,depth,hw,33112
CV3T561000B5,depth,hw,33135
CV3T561000B5,depth,hw,33161
CV3T561000B5,depth,hw,33173
CV3T561000B5,depth,hw,33179
CV3T561000B5,depth,hw,33182
CV3T561000B5,depth,hw,33186
CV3T561000B5,depth,hw,33191
CV3T561000B5,depth,hw,33194
CV3T561000B5,depth,hw,33197
CV3T561000B5,depth,hw,33199
CV3T561000B5,depth,hw,33215
CV3T561000B5,depth,hw,33231
CV3T561000B5,depth,hw,33287
CV3T561000B5,depth,hw,33312
CV3T561000B5,depth,hw,33347
CV3T561000B5,depth,hw,33389
CV3T561000B5,depth,hw,33400
CV3T561000B5,depth,hw,33507
CV3T561000B5,depth,hw,33510
CV3T561000B5,depth,hw,33519
CV3T561000B5,depth,hw,33523
CV3T561000B5,depth,hw,33536
CV3T561000B5,depth,hw,33580
CV3T561000B5,depth,hw,33586
CV3T561000B5,depth,hw,33590
CV3T561000B5,depth,hw,33596
CV3T561000B5,depth,hw,33614
CV3T561000B5,depth,hw,33617
CV3T561000B5,depth,hw,33625
CV3T561000B5,depth,hw,33638
CV3T561000B5,depth,hw,33663
CV3T561000B5,depth,hw,33667
CV3T561000B5,depth,hw,33678
CV3T561000B5,depth,hw,33685
CV3T561000B5,depth,hw,33691
CV3T561000B5,depth,hw,33725
CV3T561000B5,depth,hw,33727
CV3T561000B5,depth,hw,33744
CV3T561000B5,depth,hw,33756
CV3T561000B5,depth,hw,33780
CV3T561000B5,depth,hw,33792
CV3T561000B5,depth,hw,33798
CV3T561000B5,depth,hw,33827
CV3T561000B5,depth,hw,33835
CV3T561000B5,depth,hw,33852
CV3T561000B5,depth,hw,33903
CV3T561000B5,depth,hw,33916
CV3T561000B5,depth,hw,33923
CV3T561000B5,depth,hw,33940
CV3T561000B5,depth,hw,33944
CV3T561000B5,depth,hw,33966
CV3T561000B5,depth,hw,33976
CV3T561000B5,depth,hw,33989
CV3T561000B5,depth,hw,34028
CV3T561000B5,depth,hw,34040
CV3T561000B5,depth,hw,34053
CV3T561000B5,depth,hw,34088
CV3T561000B5,depth,hw,34147
CV3T561000B5,depth,hw,34153
CV3T561000B5,depth,hw,34164
CV3T561000B5,depth,hw,34166
CV3T561000B5,depth,hw,34170
CV3T561000B5,depth,hw,34218
CV3T561000B5,depth,hw,34223
CV3T561000B5,depth,hw,34225
CV3T561000B5,depth,hw,34228
CV3T561000B5,depth,hw,34331
CV3T561000B5,depth,hw,34808
CV3T561000B5,depth,hw,34872
CV3T561000B5,depth,hw,35569
CV3T561000B5,depth,hw,35814
CV3T561000B5,depth,hw,35948
CV3T561000B5,depth,hw,36029
CV3T561000B5,depth,hw,36052
CV3T561000B5,depth,hw,36387
CV3T561000B5,depth,hw,36410
CV3T561000B5,depth,hw,36456
CV3T561000B5,depth,hw,36465
CV3T561000B5,depth,hw,36469
CV3T561000B5,depth,hw,36475
CV3T561000B5,depth,hw,36487
CV3T561000B5,depth,hw,36565
CV3T561000B5,depth,hw,36606
CV3T561000B5,depth,hw,36612
CV3T561000B5,depth,hw,36618
CV3T561000B5,depth,hw,36621
CV3T561000B5,depth,hw,36641
CV3T561000B5,depth,hw,36650
CV3T561000B5,depth,hw,36697
CV3T561000B5,depth,hw,36757
CV3T561000B5,depth,hw,36762
CV3T561000B5,depth,hw,36776
CV3T561000B5,depth,hw,36782
CV3T561000B5,depth,hw,36788
CV3T561000B5,depth,hw,36811
CV3T561000B5,depth,hw,36816
CV3T561000B5,depth,hw,36819
CV3T561000B5,depth,hw,36824
CV3T561000B5,depth,hw,36826
CV3T561000B5,depth,hw,36833
CV3T561000B5,depth,hw,36847
CV3T561000B5,depth,hw,36912
CV3T561000B5,depth,hw,36955
CV3T561000B5,depth,hw,36967
CV3T561000B5,depth,hw,37033
CV3T561000B5,depth,hw,37041
CV3T561000B5,depth,hw,37050
CV3T561000B5,depth,hw,37061
CV3T561000B5,depth,hw,37068
CV3T561000B5,depth,hw,37086
CV3T561000B5,depth,hw,37093
CV3T561000B5,depth,hw,37209
CV3T561000B5,depth,hw,37296
CV3T561000B5,depth,hw,37329
CV3T561000B5,depth,hw,37349
CV3T561000B5,depth,hw,37359
CV3T561000B5,depth,hw,37362
CV3T561000B5,depth,hw,37367
CV3T561000B5,depth,hw,37396
CV3T561000B5,depth,hw,37399
CV3T561000B5,depth,hw,37401
CV3T561000B5,depth,hw,37408
CV3T561000B5,depth,hw,37414
CV3T561000B5,depth,hw,37418
CV3T561000B5,depth,hw,37447
CV3T561000B5,depth,hw,37480
CV3T561000B5,depth,hw,37509
CV3T561000B5,depth,hw,37519
CV3T561000B5,depth,hw,37586
CV3T561000B5,depth,hw,37610
CV3T561000B5,depth,hw,37617
CV3T561000B5,depth,hw,37645
CV3T561000B5,depth,hw,37672
CV3T561000B5,depth,hw,37692
CV3T561000B5,depth,hw,37706
CV3T561000B5,depth,hw,37724
CV3T561000B5,depth,hw,37772
CV3T561000B5,depth,hw,37789
CV3T561000B5,depth,hw,37829
CV3T561000B5,depth,hw,37931
CV3T561000B5,depth,hw,37960
CV3T561000B5,depth,hw,37966
CV3T561000B5,depth,hw,37987
CV3T561000B5,depth,hw,38003
CV3T561000B5,depth,hw,38037
CV3T561000B5,depth,hw,38055
CV3T561000B5,depth,hw,38069
CV3T561000B5,depth,hw,38080
CV3T561000B5,depth,hw,38135
CV3T561000B5,depth,hw,38207
CV3T561000B5,depth,hw,38255
CV3T561000B5,depth,hw,38277
CV3T561000B5,depth,hw,38325
CV3T561000B5,depth,hw,38358
CV3T561000B5,depth,hw,38372
CV3T561000B5,depth,hw,38431
CV3T561000B5,depth,hw,38441
CV3T561000B5,depth,hw,38565
CV3T561000B5,depth,hw,38605
CV3T561000B5,depth,hw,38616
CV3T561000B5,depth,hw,38734
CV3T561000B5,depth,hw,38768
CV3T561000B5,depth,hw,38777
CV3T561000B5,depth,hw,38782
CV3T561000B5,depth,hw,38816
CV3T561000B5,depth,hw,38829
CV3T561000B5,depth,hw,38841
CV3T561000B5,depth,hw,38871
CV3T561000B5,depth,hw,38886
CV3T561000B5,depth,hw,38927
CV3T561000B5,depth,hw,38932
CV3T561000B5,depth,hw,38974
CV3T561000B5,depth,hw,39020
CV3T561000B5,depth,hw,39027
CV3T561000B5,depth,hw,39033
CV3T561000B5,depth,hw,39040
CV3T561000B5,depth,hw,39044
CV3T561000B5,depth,hw,39052
CV3T561000B5,depth,hw,39086
CV3T561000B5,depth,hw,39099
CV3T561000B5,depth,hw,39118
CV3T561000B5,depth,hw,39128
CV3T561000B5,depth,hw,39177
CV3T561000B5,depth,hw,39184
CV3T561000B5,depth,hw,39200
CV3T561000B5,depth,hw,39251
CV3T561000B5,depth,hw,39272
CV3T561000B5,depth,hw,39343
CV3T561000B5,depth,hw,39358
CV3T561000B5,depth,hw,39361
CV3T561000B5,depth,hw,39376
CV3T561000B5,depth,hw,39392
CV3T561000B5,depth,hw,39399
CV3T561000B5,depth,hw,39411
CV3T561000B5,depth,hw,39413
CV3T561000B5,depth,hw,39433
CV3T561000B5,depth,hw,39459
CV3T561000B5,depth,hw,39470
CV3T561000B5,depth,hw,39489
CV3T561000B5,depth,hw,39519
CV3T561000B5,depth,hw,39534
CV3T561000B5,depth,hw,39536
CV3T561000B5,depth,hw,39571
CV3T561000B5,depth,hw,39596
CV3T561000B5,depth,hw,39621
CV3T561000B5,depth,hw,39627
CV3T561000B5,depth,hw,39680
CV3T561000B5,depth,hw,39693
CV3T561000B5,depth,hw,39707
CV3T561000B5,depth,hw,39724
CV3T561000B5,depth,hw,39742
CV3T561000B5,depth,hw,39754
CV3T561000B5,depth,hw,39783
CV3T561000B5,depth,hw,39801
CV3T561000B5,depth,hw,39820
CV3T561000B5,depth,hw,39841
CV3T561000B5,depth,hw,39897
CV3T561000B5,depth,hw,39906
CV3T561000B5,depth,hw,39910
CV3T561000B5,depth,hw,39916
CV3T561000B5,depth,hw,39933
CV3T561000B5,depth,hw,40007
CV3T561000B5,depth,hw,40019
CV3T561000B5,depth,hw,40035
CV3T561000B5,depth,hw,40051
CV3T561000B5,depth,hw,40058
CV3T561000B5,depth,hw,40083
CV3T561000B5,depth,hw,40132
CV3T561000B5,depth,hw,40163
CV3T561000B5,depth,hw,40174
CV3T561000B5,depth,hw,40177
CV3T561000B5,depth,hw,40240
CV3T561000B5,depth,hw,40247
CV3T561000B5,depth,hw,40251
CV3T561000B5,depth,hw,40258
CV3T561000B5,depth,hw,40377
CV3T561000B5,depth,hw,40385
CV3T561000B5,depth,hw,40402
CV3T561000B5,depth,hw,40404
CV3T561000B5,depth,hw,40406
CV3T561000B5,depth,hw,40411
CV3T561000B5,depth,hw,40419
CV3T561000B5,depth,hw,40429
CV3T561000B5,depth,hw,40437
CV3T561000B5,depth,hw,40455
CV3T561000B5,depth,hw,40459
CV3T561000B5,depth,hw,40473
CV3T561000B5,depth,hw,40479
CV3T561000B5,depth,hw,40503
CV3T561000B5,depth,hw,40520
CV3T561000B5,depth,hw,40526
CV3T561000B5,depth,hw,40570
CV3T561000B5,depth,hw,40578
CV3T561000B5,depth,hw,40581
CV3T561000B5,depth,hw,40620
CV3T561000B5,depth,hw,40625
CV3T561000B5,depth,hw,40630
CV3T561000B5,depth,hw,40635
CV3T561000B5,depth,hw,40760
CV3T561000B5,depth,hw,40771
CV3T561000B5,depth,hw,40780
CV3T561000B5,depth,hw,40851
CV3T561000B5,depth,hw,40857
CV3T561000B5,depth,hw,40863
CV3T561000B5,depth,hw,40873
CV3T561000B5,depth,hw,40886
CV3T561000B5,depth,hw,40904
CV3T561000B5,depth,hw,40920
CV3T561000B5,depth,hw,40922
CV3T561000B5,depth,hw,40951
CV3T561000B5,depth,hw,40954
CV3T561000B5,depth,hw,40960
CV3T561000B5,depth,hw,40963
CV3T561000B5,depth,hw,40966
CV3T561000B5,depth,hw,40976
CV3T561000B5,depth,hw,41013
CV3T561000B5,depth,hw,41024
CV3T561000B5,depth,hw,41028
CV3T561000B5,depth,hw,41030
CV3T561000B5,depth,hw,41035
CV3T561000B5,depth,hw,41056
CV3T561000B5,depth,hw,41080
CV3T561000B5,depth,hw,41105
CV3T561000B5,depth,hw,41129
CV3T561000B5,depth,hw,41141
CV3T561000B5,depth,hw,41146
CV3T561000B5,depth,hw,41163
CV3T561000B5,depth,hw,41168
CV3T561000B5,depth,hw,41170
CV3T561000B5,depth,hw,41187
CV3T561000B5,depth,hw,41191
CV3T561000B5,depth,hw,41195
CV3T561000B5,depth,hw,41199
CV3T561000B5,depth,hw,41201
CV3T561000B5,depth,hw,41209
CV3T561000B5,depth,hw,41242
CV3T561000B5,depth,hw,41304
CV3T561000B5,depth,hw,41324
CV3T561000B5,depth,hw,41363
CV3T561000B5,depth,hw,41579
CV3T561000B5,depth,hw,41689
CV3T561000B5,depth,hw,41699
CV3T561000B5,depth,hw,41703
CV3T561000B5,depth,hw,41788
CV3T561000B5,depth,hw,41850
CV3T561000B5,depth,hw,41868
CV3T561000B5,depth,hw,41875
CV3T561000B5,depth,hw,41878
CV3T561000B5,depth,hw,41883
CV3T561000B5,depth,hw,41896
CV3T561000B5,depth,hw,41898
CV3T561000B5,depth,hw,41924
CV3T561000B5,depth,hw,42058
CV3T561000B5,depth,hw,42075
CV3T561000B5,depth,hw,42081
CV3T561000B5,depth,hw,42117
CV3T561000B5,depth,hw,42139
CV3T561000B5,depth,hw,42520
CV3T561000B5,depth,hw,42565
CV3T561000B5,depth,hw,42570
CV3T561000B5,depth,hw,42650
CV3T561000B5,depth,hw,42661
CV3T561000B5,depth,hw,42665
CV3T561000B5,depth,hw,42673
CV3T561000B5,depth,hw,42679
CV3T561000B5,depth,hw,42689
CV3T561000B5,depth,hw,42709
CV3T561000B5,depth,hw,42711
CV3T561000B5,depth,hw,42746
CV3T561000B5,depth,hw,42782
CV3T561000B5,depth,hw,42787
CV3T561000B5,depth,hw,42805
CV3T561000B5,depth,hw,42846
CV3T561000B5,depth,hw,42864
CV3T561000B5,depth,hw,42922
CV3T561000B5,depth,hw,42934
CV3T561000B5,depth,hw,42947
CV3T561000B5,depth,hw,42991
CV3T561000B5,depth,hw,43027
CV3T561000B5,depth,hw,43058
CV3T561000B5,depth,hw,43081
CV3T561000B5,depth,hw,43087
CV3T561000B5,depth,hw,43093
CV3T561000B5,depth,hw,43101
CV3T561000B5,depth,hw,43110
CV3T561000B5,depth,hw,43112
CV3T561000B5,depth,hw,43115
CV3T561000B5,depth,hw,43123
CV3T561000B5,depth,hw,43140
CV3T561000B5,depth,hw,43144
CV3T561000B5,depth,hw,43156
CV3T561000B5,depth,hw,43193
CV3T561000B5,depth,hw,43218
CV3T561000B5,depth,hw,43247
CV3T561000B5,depth,hw,43251
CV3T561000B5,depth,hw,43272
CV3T561000B5,depth,hw,43285
CV3T561000B5,depth,hw,43324
CV3T561000B5,depth,hw,43380
CV3T561000B5,depth,hw,43394
CV3T561000B5,depth,hw,43488
CV3T561000B5,depth,hw,43535
CV3T561000B5,depth,hw,43729
CV3T561000B5,depth,hw,43993
CV3T561000B5,depth,hw,43998
CV3T561000B5,depth,hw,44068
CV3T561000B5,depth,hw,44086
CV3T561000B5,depth,hw,44130
CV3T561000B5,depth,hw,44132
CV3T561000B5,depth,hw,44173
CV3T561000B5,depth,hw,44185
CV3T561000B5,depth,hw,44195
CV3T561000B5,depth,hw,44200
CV3T561000B5,depth,hw,44221
CV3T561000B5,depth,hw,44251
CV3T561000B5,depth,hw,44256
CV3T561000B5,depth,hw,44270
CV3T561000B5,depth,hw,44284
CV3T561000B5,depth,hw,44287
CV3T561000B5,depth,hw,44290
CV3T561000B5,depth,hw,44298
CV3T561000B5,depth,hw,44321
CV3T561000B5,depth,hw,44331
CV3T561000B5,depth,hw,44362
CV3T561000B5,depth,hw,44365
CV3T561000B5,depth,hw,44386
CV3T561000B5,depth,hw,44417
CV3T561000B5,depth,hw,44420
CV3T561000B5,depth,hw,44518
CV3T561000B5,depth,hw,44555
CV3T561000B5,depth,hw,44561
CV3T561000B5,depth,hw,44585
CV3T561000B5,depth,hw,44616
CV3T561000B5,depth,hw,44637
CV3T561000B5,depth,hw,44646
CV3T561000B5,depth,hw,44652
CV3T561000B5,depth,hw,44765
CV3T561000B5,depth,hw,44796
CV3T561000B5,depth,hw,44811
CV3T561000B5,depth,hw,44825
CV3T561000B5,depth,hw,44867
CV3T561000B5,depth,hw,44976
CV3T561000B5,depth,hw,44988
CV3T561000B5,depth,hw,44997
CV3T561000B5,depth,hw,45001
CV3T561000B5,depth,hw,45026
CV3T561000B5,depth,hw,45028
CV3T561000B5,depth,hw,45053
CV3T561000B5,depth,hw,45070
CV3T561000B5,depth,hw,45075
CV3T561000B5,depth,hw,45088
CV3T561000B5,depth,hw,45126
CV3T561000B5,depth,hw,45141
CV3T561000B5,depth,hw,45189
CV3T561000B5,depth,hw,45206
CV3T561000B5,depth,hw,45227
CV3T561000B5,depth,hw,45277
CV3T561000B5,depth,hw,45366
CV3T561000B5,depth,hw,45445
CV3T561000B5,depth,hw,45777
CV3T561000B5,depth,hw,45973
CV3T561000B5,depth,hw,45999
CV3T561000B5,depth,hw,46094
CV3T561000B5,depth,hw,46136
CV3T561000B5,depth,hw,46149
CV3T561000B5,depth,hw,46154
CV3T561000B5,depth,hw,46189
CV3T561000B5,depth,hw,46198
CV3T561000B5,depth,hw,46201
CV3T561000B5,depth,hw,46203
CV3T561000B5,depth,hw,46213
CV3T561000B5,depth,hw,46220
CV3T561000B5,depth,hw,46235
CV3T561000B5,depth,hw,46278
CV3T561000B5,depth,hw,46345
CV3T561000B5,depth,hw,46378
CV3T561000B5,depth,hw,46438
CV3T561000B5,depth,hw,46446
CV3T561000B5,depth,hw,46460
CV3T561000B5,depth,hw,46485
CV3T561000B5,depth,hw,46514
CV3T561000B5,depth,hw,46528
CV3T561000B5,depth,hw,46564
CV3T561000B5,depth,hw,46566
CV3T561000B5,depth,hw,46576
CV3T561000B5,depth,hw,46642
CV3T561000B5,depth,hw,46670
CV3T561000B5,depth,hw,46673
CV3T561000B5,depth,hw,46733
CV3T561000B5,depth,hw,46742
CV3T561000B5,depth,hw,46760
CV3T561000B5,depth,hw,46769
CV3T561000B5,depth,hw,46783
CV3T561000B5,depth,hw,46821
CV3T561000B5,depth,hw,46833
CV3T561000B5,depth,hw,46842
CV3T561000B5,depth,hw,46905
CV3T561000B5,depth,hw,46908
CV3T561000B5,depth,hw,46910
CV3T561000B5,depth,hw,46925
CV3T561000B5,depth,hw,46941
CV3T561000B5,depth,hw,46945
CV3T561000B5,depth,hw,46951
CV3T561000B5,depth,hw,47010
CV3T561000B5,depth,hw,47012
CV3T561000B5,depth,hw,47017
CV3T561000B5,depth,hw,47033
CV3T561000B5,depth,hw,47042
CV3T561000B5,depth,hw,47052
CV3T561000B5,depth,hw,47075
CV3T561000B5,depth,hw,47140
CV3T561000B5,depth,hw,47145
CV3T561000B5,depth,hw,47161
CV3T561000B5,depth,hw,47178
CV3T561000B5,depth,hw,47181
CV3T561000B5,depth,hw,47192
CV3T561000B5,depth,hw,47195
CV3T561000B5,depth,hw,47197
CV3T561000B5,depth,hw,47202
CV3T561000B5,depth,hw,47213
CV3T561000B5,depth,hw,47218
CV3T561000B5,depth,hw,47237
CV3T561000B5,depth,hw,47284
CV3T561000B5,depth,hw,47296
CV3T561000B5,depth,hw,47306
CV3T561000B5,depth,hw,47308
CV3T561000B5,depth,hw,47330
CV3T561000B5,depth,hw,47357
CV3T561000B5,depth,hw,47380
CV3T561000B5,depth,hw,47387
CV3T561000B5,depth,hw,47566
CV3T561000B5,depth,hw,47568
CV3T561000B5,depth,hw,47599
CV3T561000B5,depth,hw,47602
CV3T561000B5,depth,hw,47652
CV3T561000B5,depth,hw,47657
CV3T561000B5,depth,hw,47739
CV3T561000B5,depth,hw,47764
CV3T561000B5,depth,hw,47781
CV3T561000B5,depth,hw,47885
CV3T561000B5,depth,hw,47900
CV3T561000B5,depth,hw,48059
CV3T561000B5,depth,hw,48653
CV3T561000B5,depth,hw,48667
CV3T561000B5,depth,hw,48714
CV3T561000B5,depth,hw,48809
CV3T561000B5,depth,hw,48820
CV3T561000B5,depth,hw,48839
CV3T561000B5,depth,hw,48846
CV3T561000B5,depth,hw,48858
CV3T561000B5,depth,hw,48883
CV3T561000B5,depth,hw,48886
CV3T561000B5,depth,hw,48899
CV3T561000B5,depth,hw,48905
CV3T561000B5,depth,hw,48910
CV3T561000B5,depth,hw,48913
CV3T561000B5,depth,hw,48924
CV3T561000B5,depth,hw,48946
CV3T561000B5,depth,hw,48953
CV3T561000B5,depth,hw,48960
CV3T561000B5,depth,hw,48979
CV3T561000B5,depth,hw,48985
CV3T561000B5,depth,hw,49034
CV3T561000B5,depth,hw,49039
CV3T561000B5,depth,hw,49075
CV3T561000B5,depth,hw,49078
CV3T561000B5,depth,hw,49112
CV3T561000B5,depth,hw,49136
CV3T561000B5,depth,hw,49186
CV3T561000B5,depth,hw,49244
CV3T561000B5,depth,hw,49271
CV3T561000B5,depth,hw,49278
CV3T561000B5,depth,hw,49297
CV3T561000B5,depth,hw,49329
CV3T561000B5,depth,hw,49331
CV3T561000B5,depth,hw,49344
CV3T561000B5,depth,hw,49365
CV3T561000B5,depth,hw,49382
CV3T561000B5,depth,hw,49402
CV3T561000B5,depth,hw,49408
CV3T561000B5,depth,hw,49415
CV3T561000B5,depth,hw,49484
CV3T561000B5,depth,hw,49497
CV3T561000B5,depth,hw,49502
CV3T561000B5,depth,hw,49600
CV3T561000B5,depth,hw,49646
CV3T561000B5,depth,hw,49664
CV3T561000B5,depth,hw,49671
CV3T561000B5,depth,hw,49699
CV3T561000B5,depth,hw,49796
CV3T561000B5,depth,hw,49854
CV3T561000B5,depth,hw,49887
CV3T561000B5,depth,hw,49903
CV3T561000B5,depth,hw,49919
CV3T561000B5,depth,hw,49956
CV3T561000B5,depth,hw,49958
CV3T561000B5,depth,hw,49979
CV3T561000B5,depth,hw,49993
CV3T561000B5,depth,hw,49996
CV3T561000B5,depth,hw,50027
CV3T561000B5,depth,hw,50029
CV3T561000B5,depth,hw,50040
CV3T561000B5,depth,hw,50078
CV3T561000B5,depth,hw,50094
CV3T561000B5,depth,hw,50106
CV3T561000B5,depth,hw,50128
CV3T561000B5,depth,hw,50140
CV3T561000B5,depth,hw,50204
CV3T561000B5,depth,hw,50223
CV3T561000B5,depth,hw,50240
CV3T561000B5,depth,hw,50251
CV3T561000B5,depth,hw,50258
CV3T561000B5,depth,hw,50268
CV3T561000B5,depth,hw,50271
CV3T561000B5,depth,hw,50276
CV3T561000B5,depth,hw,50280
CV3T561000B5,depth,hw,50283
CV3T561000B5,depth,hw,50288
CV3T561000B5,depth,hw,50294
CV3T561000B5,depth,hw,50306
CV3T561000B5,depth,hw,50311
CV3T561000B5,depth,hw,50314
CV3T561000B5,depth,hw,50318
CV3T561000B5,depth,hw,50344
CV3T561000B5,depth,hw,50383
CV3T561000B5,depth,hw,50497
CV3T561000B5,depth,hw,50613
CV3T561000B5,depth,hw,50641
CV3T561000B5,depth,hw,50649
CV3T561000B5,depth,hw,50678
CV3T561000B5,depth,hw,50680
CV3T561000B5,depth,hw,50696
CV3T561000B5,depth,hw,50725
CV3T561000B5,depth,hw,50738
CV3T561000B5,depth,hw,50762
CV3T561000B5,depth,hw,50818
CV3T561000B5,depth,hw,50844
CV3T561000B5,depth,hw,50854
CV3T561000B5,depth,hw,50859
CV3T561000B5,depth,hw,50876
CV3T561000B5,depth,hw,50887
CV3T561000B5,depth,hw,50976
CV3T561000B5,depth,hw,51008
CV3T561000B5,depth,hw,51011
CV3T561000B5,depth,hw,51031
CV3T561000B5,depth,hw,51071
CV3T561000B5,depth,hw,51078
CV3T561000B5,depth,hw,51333
CV3T561000B5,depth,hw,51346
CV3T561000B5,depth,hw,51372
CV3T561000B5,depth,hw,51394
CV3T561000B5,depth,hw,51399
CV3T561000B5,depth,hw,51414
CV3T561000B5,depth,hw,51428
CV3T561000B5,depth,hw,51445
CV3T561000B5,depth,hw,51456
CV3T561000B5,depth,hw,51459
CV3T561000B5,depth,hw,51488
CV3T561000B5,depth,hw,51491
CV3T561000B5,depth,hw,51500
CV3T561000B5,depth,hw,51506
CV3T561000B5,depth,hw,51512
CV3T561000B5,depth,hw,51553
CV3T561000B5,depth,hw,51574
CV3T561000B5,depth,hw,51583
CV3T561000B5,depth,hw,51588
CV3T561000B5,depth,hw,51610
CV3T561000B5,depth,hw,51619
CV3T561000B5,depth,hw,51630
CV3T561000B5,depth,hw,51635
CV3T561000B5,depth,hw,51638
CV3T561000B5,depth,hw,51654
CV3T561000B5,depth,hw,51677
CV3T561000B5,depth,hw,51684
CV3T561000B5,depth,hw,51708
CV3T561000B5,depth,hw,51783
CV3T561000B5,depth,hw,51853
CV3T561000B5,depth,hw,51932
CV3T561000B5,depth,hw,51942
CV3T561000B5,depth,hw,51961
CV3T561000B5,depth,hw,51988
CV3T561000B5,depth,hw,52004
CV3T561000B5,depth,hw,52042
CV3T561000B5,depth,hw,52064
CV3T561000B5,depth,hw,52078
CV3T561000B5,depth,hw,52082
CV3T561000B5,depth,hw,52167
CV3T561000B5,depth,hw,52192
CV3T561000B5,depth,hw,52204
CV3T561000B5,depth,hw,52247
CV3T561000B5,depth,hw,52317
CV3T561000B5,depth,hw,52504
CV3T561000B5,depth,hw,52644
CV3T561000B5,depth,hw,52674
CV3T561000B5,depth,hw,52690
CV3T561000B5,depth,hw,52712
CV3T561000B5,depth,hw,52726
CV3T561000B5,depth,hw,52729
CV3T561000B5,depth,hw,52735
CV3T561000B5,depth,hw,52739
CV3T561000B5,depth,hw,52760
CV3T561000B5,depth,hw,52768
CV3T561000B5,depth,hw,52844
CV3T561000B5,depth,hw,52851
CV3T561000B5,depth,hw,52890
CV3T561000B5,depth,hw,52895
CV3T561000B5,depth,hw,52920
CV3T561000B5,depth,hw,52924
CV3T561000B5,depth,hw,52930
CV3T561000B5,depth,hw,52954
CV3T561000B5,depth,hw,52965
CV3T561000B5,depth,hw,52967
CV3T561000B5,depth,hw,53022
CV3T561000B5,depth,hw,53031
CV3T561000B5,depth,hw,53050
CV3T561000B5,depth,hw,53091
CV3T561000B5,depth,hw,53104
CV3T561000B5,depth,hw,53254
CV3T561000B5,depth,hw,53345
CV3T561000B5,depth,hw,53409
CV3T561000B5,depth,hw,53424
CV3T561000B5,depth,hw,53436
CV3T561000B5,depth,hw,53453
CV3T561000B5,depth,hw,53472
CV3T561000B5,depth,hw,53512
CV3T561000B5,depth,hw,53537
CV3T561000B5,depth,hw,53543
CV3T561000B5,depth,hw,53651
CV3T561000B5,depth,hw,53655
CV3T561000B5,depth,hw,53686
CV3T561000B5,depth,hw,53694
CV3T561000B5,depth,hw,53703
CV3T561000B5,depth,hw,53707
CV3T561000B5,depth,hw,53712
CV3T561000B5,depth,hw,53730
CV3T561000B5,depth,hw,53743
CV3T561000B5,depth,hw,53762
CV3T561000B5,depth,hw,53813
CV3T561000B5,depth,hw,53863
CV3T561000B5,depth,hw,53869
CV3T561000B5,depth,hw,53882
CV3T561000B5,depth,hw,53904
CV3T561000B5,depth,hw,53932
CV3T561000B5,depth,hw,53992
CV3T561000B5,depth,hw,54081
CV3T561000B5,depth,hw,54084
CV3T561000B5,depth,hw,54087
CV3T561000B5,depth,hw,54175
CV3T561000B5,depth,hw,54191
CV3T561000B5,depth,hw,54210
CV3T561000B5,depth,hw,54311
CV3T561000B5,depth,hw,54320
CV3T561000B5,depth,hw,54347
CV3T561000B5,depth,hw,54360
CV3T561000B5,depth,hw,54471
CV3T561000B5,depth,hw,54495
CV3T561000B5,depth,hw,54503
CV3T561000B5,depth,hw,54538
CV3T561000B5,depth,hw,54558
CV3T561000B5,depth,hw,54564
CV3T561000B5,depth,hw,54570
CV3T561000B5,depth,hw,54636
CV3T561000B5,depth,hw,54644
CV3T561000B5,depth,hw,54654
CV3T561000B5,depth,hw,54686
CV3T561000B5,depth,hw,54720
CV3T561000B5,depth,hw,54723
CV3T561000B5,depth,hw,54770
CV3T561000B5,depth,hw,54781
CV3T561000B5,depth,hw,54800
CV3T561000B5,depth,hw,54809
CV3T561000B5,depth,hw,54833
CV3T561000B5,depth,hw,55184
CV3T561000B5,depth,hw,55221
CV3T561000B5,depth,hw,55264
CV3T561000B5,depth,hw,55282
CV3T561000B5,depth,hw,55284
CV3T561000B5,depth,hw,55289
CV3T561000B5,depth,hw,55390
CV3T561000B5,depth,hw,55779
CV3T561000B5,depth,hw,55783
CV3T561000B5,depth,hw,55805
CV3T561000B5,depth,hw,56054
CV3T561000B5,depth,hw,56061
CV3T561000B5,depth,hw,56064
CV3T561000B5,depth,hw,56088
CV3T561000B5,depth,hw,56100
CV3T561000B5,depth,hw,56108
CV3T561000B5,depth,hw,56121
CV3T561000B5,depth,hw,56186
CV3T561000B5,depth,hw,56199
CV3T561000B5,depth,hw,56242
CV3T561000B5,depth,hw,56248
CV3T561000B5,depth,hw,56301
CV3T561000B5,depth,hw,56352
CV3T561000B5,depth,hw,56394
CV3T561000B5,depth,hw,56426
CV3T561000B5,depth,hw,56433
CV3T561000B5,depth,hw,56438
CV3T561000B5,depth,hw,56440
CV3T561000B5,depth,hw,56458
CV3T561000B5,depth,hw,56460
CV3T561000B5,depth,hw,56463
CV3T561000B5,depth,hw,56481
CV3T561000B5,depth,hw,56553
CV3T561000B5,depth,hw,56581
CV3T561000B5,depth,hw,56620
CV3T561000B5,depth,hw,56638
CV3T561000B5,depth,hw,56649
CV3T561000B5,depth,hw,56655
CV3T561000B5,depth,hw,56670
CV3T561000B5,depth,hw,56685
CV3T561000B5,depth,hw,56696
CV3T561000B5,depth,hw,56730
CV3T561000B5,depth,hw,56732
CV3T561000B5,depth,hw,56760
CV3T561000B5,depth,hw,56789
CV3T561000B5,depth,hw,56823
CV3T561000B5,depth,hw,56845
CV3T561000B5,depth,hw,56859
CV3T561000B5,depth,hw,56882
CV3T561000B5,depth,hw,56942
CV3T561000B5,depth,hw,56985
CV3T561000B5,depth,hw,57006
CV3T561000B5,depth,hw,57206
CV3T561000B5,depth,hw,57208
CV3T561000B5,depth,hw,57212
CV3T561000B5,depth,hw,57249
CV3T561000B5,depth,hw,57383
CV3T561000B5,depth,hw,57485
CV3T561000B5,depth,hw,57487
CV3T561000B5,depth,hw,57490
CV3T561000B5,depth,hw,57524
CV3T561000B5,depth,hw,57599
CV3T561000B5,depth,hw,57642
CV3T561000B5,depth,hw,57708
CV3T561000B5,depth,hw,57715
CV3T561000B5,depth,hw,57736
CV3T561000B5,depth,hw,57749
CV3T561000B5,depth,hw,57754
CV3T561000B5,depth,hw,57760
CV3T561000B5,depth,hw,57762
CV3T561000B5,depth,hw,57765
CV3T561000B5,depth,hw,57772
CV3T561000B5,depth,hw,57789
CV3T561000B5,depth,hw,57792
CV3T561000B5,depth,hw,57796
CV3T561000B5,depth,hw,57859
CV3T561000B5,depth,hw,57866
CV3T561000B5,depth,hw,57879
CV3T561000B5,depth,hw,57903
CV3T561000B5,depth,hw,57960
CV3T561000B5,depth,hw,57977
CV3T561000B5,depth,hw,57979
CV3T561000B5,depth,hw,57991
CV3T561000B5,depth,hw,57997
CV3T561000B5,depth,hw,58004
CV3T561000B5,depth,hw,58022
CV3T561000B5,depth,hw,58070
CV3T561000B5,depth,hw,58075
CV3T561000B5,depth,hw,58081
CV3T561000B5,depth,hw,58093
CV3T561000B5,depth,hw,58219
CV3T561000B5,depth,hw,58224
CV3T561000B5,depth,hw,58228
CV3T561000B5,depth,hw,58238
CV3T561000B5,depth,hw,58244
CV3T561000B5,depth,hw,58268
CV3T561000B5,depth,hw,58397
CV3T561000B5,depth,hw,58404
CV3T561000B5,depth,hw,58409
CV3T561000B5,depth,hw,58416
CV3T561000B5,depth,hw,58425
CV3T561000B5,depth,hw,58602
CV3T561000B5,depth,hw,58654
CV3T561000B5,depth,hw,58689
CV3T561000B5,depth,hw,58695
CV3T561000B5,depth,hw,58710
CV3T561000B5,depth,hw,58727
CV3T561000B5,depth,hw,58747
CV3T561000B5,depth,hw,58753
CV3T561000B5,depth,hw,58763
CV3T561000B5,depth,hw,58804
CV3T561000B5,depth,hw,58810
CV3T561000B5,depth,hw,58816
CV3T561000B5,depth,hw,58821
CV3T561000B5,depth,hw,58829
CV3T561000B5,depth,hw,58844
CV3T561000B5,depth,hw,58850
CV3T561000B5,depth,hw,58855
CV3T561000B5,depth,hw,58862
CV3T561000B5,depth,hw,58939
CV3T561000B5,depth,hw,58959
CV3T561000B5,depth,hw,58963
CV3T561000B5,depth,hw,58968
CV3T561000B5,depth,hw,58997
CV3T561000B5,depth,hw,58999
CV3T561000B5,depth,hw,59011
CV3T561000B5,depth,hw,59051
CV3T561000B5,depth,hw,59057
CV3T561000B5,depth,hw,59069
CV3T561000B5,depth,hw,59172
CV3T561000B5,depth,hw,59178
CV3T561000B5,depth,hw,59196
CV3T561000B5,depth,hw,59259
CV3T561000B5,depth,hw,59264
CV3T561000B5,depth,hw,59267
CV3T561000B5,depth,hw,59287
CV3T561000B5,depth,hw,59307
CV3T561000B5,depth,hw,59313
CV3T561000B5,depth,hw,59320
CV3T561000B5,depth,hw,59337
CV3T561000B5,depth,hw,59349
CV3T561000B5,depth,hw,59392
CV3T561000B5,depth,hw,59403
CV3T561000B5,depth,hw,59430
CV3T561000B5,depth,hw,59442
CV3T561000B5,depth,hw,59503
CV3T561000B5,depth,hw,59509
CV3T561000B5,depth,hw,59514
CV3T561000B5,depth,hw,59536
CV3T561000B5,depth,hw,59596
CV3T561000B5,depth,hw,59613
CV3T561000B5,depth,hw,59626
CV3T561000B5,depth,hw,59656
CV3T561000B5,depth,hw,59663
CV3T561000B5,depth,hw,59673
CV3T561000B5,depth,hw,59686
CV3T561000B5,depth,hw,59704
CV3T561000B5,depth,hw,59725
CV3T561000B5,depth,hw,59727
CV3T561000B5,depth,hw,60117
CV3T561000B5,depth,hw,60152
CV3T561000B5,depth,hw,60195
CV3T561000B5,depth,hw,60236
CV3T561000B5,depth,hw,60304
CV3T561000B5,depth,hw,60307
CV3T561000B5,depth,hw,60328
CV3T561000B5,depth,hw,60334
CV3T561000B5,depth,hw,60376
CV3T561000B5,depth,hw,60407
CV3T561000B5,depth,hw,60451
CV3T561000B5,depth,hw,60476
CV3T561000B5,depth,hw,60533
CV3T561000B5,depth,hw,60538
CV3T561000B5,depth,hw,60541
CV3T561000B5,depth,hw,60546
CV3T561000B5,depth,hw,60659
CV3T561000B5,depth,hw,60671
CV3T561000B5,depth,hw,60685
CV3T561000B5,depth,hw,60751
CV3T561000B5,depth,hw,60763
CV3T561000B5,depth,hw,60775
CV3T561000B5,depth,hw,60780
CV3T561000B5,depth,hw,60784
CV3T561000B5,depth,hw,60801
CV3T561000B5,depth,hw,60803
CV3T561000B5,depth,hw,60805
CV3T561000B5,depth,hw,60809
CV3T561000B5,depth,hw,60820
CV3T561000B5,depth,hw,60826
CV3T561000B5,depth,hw,60935
CV3T561000B5,depth,hw,61028
CV3T561000B5,depth,hw,61101
CV3T561000B5,depth,hw,61122
CV3T561000B5,depth,hw,61186
CV3T561000B5,depth,hw,61191
CV3T561000B5,depth,hw,61209
CV3T561000B5,depth,hw,61253
CV3T561000B5,depth,hw,61259
CV3T561000B5,depth,hw,61265
CV3T561000B5,depth,hw,61271
CV3T561000B5,depth,hw,61320
CV3T561000B5,depth,hw,61323
CV3T561000B5,depth,hw,61345
CV3T561000B5,depth,hw,61353
CV3T561000B5,depth,hw,61363
CV3T561000B5,depth,hw,61372
CV3T561000B5,depth,hw,61394
CV3T561000B5,depth,hw,61399
CV3T561000B5,depth,hw,61417
CV3T561000B5,depth,hw,61503
CV3T561000B5,depth,hw,61515
CV3T561000B5,depth,hw,61521
CV3T561000B5,depth,hw,61544
CV3T561000B5,depth,hw,61546
CV3T561000B5,depth,hw,61548
CV3T561000B5,depth,hw,61582
CV3T561000B5,depth,hw,61588
CV3T561000B5,depth,hw,61612
CV3T561000B5,depth,hw,61654
CV3T561000B5,depth,hw,61731
CV3T561000B5,depth,hw,61738
CV3T561000B5,depth,hw,61750
CV3T561000B5,depth,hw,61804
CV3T561000B5,depth,hw,61806
CV3T561000B5,depth,hw,61818
CV3T561000B5,depth,hw,61840
CV3T561000B5,depth,hw,61848
CV3T561000B5,depth,hw,61858
CV3T561000B5,depth,hw,61866
CV3T561000B5,depth,hw,61916
CV3T561000B5,depth,hw,61928
CV3T561000B5,depth,hw,61934
CV3T561000B5,depth,hw,61949
CV3T561000B5,depth,hw,61964
CV3T561000B5,depth,hw,62049
CV3T561000B5,depth,hw,62056
CV3T561000B5,depth,hw,62074
CV3T561000B5,depth,hw,62109
CV3T561000B5,depth,hw,62122
CV3T561000B5,depth,hw,62124
CV3T561000B5,depth,hw,62159
CV3T561000B5,depth,hw,62203
CV3T561000B5,depth,hw,62217
CV3T561000B5,depth,hw,62224
CV3T561000B5,depth,hw,62227
CV3T561000B5,depth,hw,62277
CV3T561000B5,depth,hw,62310
CV3T561000B5,depth,hw,62317
CV3T561000B5,depth,hw,62322
CV3T561000B5,depth,hw,62326
CV3T561000B5,depth,hw,62331
CV3T561000B5,depth,hw,62443
CV3T561000B5,depth,hw,62452
CV3T561000B5,depth,hw,62465
CV3T561000B5,depth,hw,62470
CV3T561000B5,depth,hw,62511
CV3T561000B5,depth,hw,62586
CV3T561000B5,depth,hw,62647
CV3T561000B5,depth,hw,62656
CV3T561000B5,depth,hw,62664
CV3T561000B5,depth,hw,62677
CV3T561000B5,depth,hw,62699
CV3T561000B5,depth,hw,62701
CV3T561000B5,depth,hw,62706
CV3T561000B5,depth,hw,62712
CV3T561000B5,depth,hw,62723
CV3T561000B5,depth,hw,62730
CV3T561000B5,depth,hw,62756
CV3T561000B5,depth,hw,62764
CV3T561000B5,depth,hw,62766
CV3T561000B5,depth,hw,62774
CV3T561000B5,depth,hw,62894
CV3T561000B5,depth,hw,62927
CV3T561000B5,depth,hw,62936
CV3T561000B5,depth,hw,62939
CV3T561000B5,depth,hw,62974
CV3T561000B5,depth,hw,62995
CV3T561000B5,depth,hw,63015
CV3T561000B5,depth,hw,63090
CV3T561000B5,depth,hw,63111
CV3T561000B5,depth,hw,63146
CV3T561000B5,depth,hw,63151
CV3T561000B5,depth,hw,63158
CV3T561000B5,depth,hw,63221
CV3T561000B5,depth,hw,63227
CV3T561000B5,depth,hw,63245
CV3T561000B5,depth,hw,63293
CV3T561000B5,depth,hw,63314
CV3T561000B5,depth,hw,63359
CV3T561000B5,depth,hw,63395
CV3T561000B5,depth,hw,63400
CV3T561000B5,depth,hw,63412
CV3T561000B5,depth,hw,63436
CV3T561000B5,depth,hw,63455
CV3T561000B5,depth,hw,63462
CV3T561000B5,depth,hw,63511
CV3T561000B5,depth,hw,63535
CV3T561000B5,depth,hw,63571
CV3T561000B5,depth,hw,63574
CV3T561000B5,depth,hw,63582
CV3T561000B5,depth,hw,63613
CV3T561000B5,depth,hw,63635
CV3T561000B5,depth,hw,63665
CV3T561000B5,depth,hw,63683
CV3T561000B5,depth,hw,63690
CV3T561000B5,depth,hw,63695
CV3T561000B5,depth,hw,63704
CV3T561000B5,depth,hw,63732
CV3T561000B5,depth,hw,63891
CV3T561000B5,depth,hw,64003
CV3T561000B5,depth,hw,64034
CV3T561000B5,depth,hw,64046
CV3T561000B5,depth,hw,64074
CV3T561000B5,depth,hw,64085
CV3T561000B5,depth,hw,64106
CV3T561000B5,depth,hw,64109
CV3T561000B5,depth,hw,64136
CV3T561000B5,depth,hw,64185
CV3T561000B5,depth,hw,64199
CV3T561000B5,depth,hw,64210
CV3T561000B5,depth,hw,64281
CV3T561000B5,depth,hw,64361
CV3T561000B5,depth,hw,64377
CV3T561000B5,depth,hw,64383
CV3T561000B5,depth,hw,64409
CV3T561000B5,depth,hw,64442
CV3T561000B5,depth,hw,64449
CV3T561000B5,depth,hw,64492
CV3T561000B5,depth,hw,64510
CV3T561000B5,depth,hw,64589
CV3T561000B5,depth,hw,64604
CV3T561000B5,depth,hw,64755
CV3T561000B5,depth,hw,64894
CV3T561000B5,depth,hw,64911
CV3T561000B5,depth,hw,64931
CV3T561000B5,depth,hw,64941
CV3T561000B5,depth,hw,64948
CV3T561000B5,depth,hw,64979
CV3T561000B5,depth,hw,64990
CV3T561000B5,depth,hw,65053
CV3T561000B5,depth,hw,65055
CV3T561000B5,depth,hw,65070
CV3T561000B5,depth,hw,65081
CV3T561000B5,depth,hw,65083
CV3T561000B5,depth,hw,65085
CV3T561000B5,depth,hw,65152
CV3T561000B5,depth,hw,65456
CV3T561000B5,depth,hw,65463
CV3T561000B5,depth,hw,65470
CV3T561000B5,depth,hw,65475
CV3T561000B5,depth,hw,65505
CV3T561000B5,depth,hw,65565
CV3T561000B5,depth,hw,65579
CV3T561000B5,depth,hw,65602
CV3T561000B5,depth,hw,65613
CV3T561000B5,depth,hw,65634
CV3T561000B5,depth,hw,65646
CV3T561000B5,depth,hw,65655
CV3T561000B5,depth,hw,65675
CV3T561000B5,depth,hw,65749
CV3T561000B5,depth,hw,65831
CV3T561000B5,depth,hw,65834
CV3T561000B5,depth,hw,65861
CV3T561000B5,depth,hw,65864
CV3T561000B5,depth,hw,65881
CV3T561000B5,depth,hw,65912
CV3T561000B5,depth,hw,65943
CV3T561000B5,depth,hw,65985
CV3T561000B5,depth,hw,66027
CV3T561000B5,depth,hw,66047
CV3T561000B5,depth,hw,66051
CV3T561000B5,depth,hw,66064
CV3T561000B5,depth,hw,66069
CV3T561000B5,depth,hw,66094
CV3T561000B5,depth,hw,66106
CV3T561000B5,depth,hw,66139
CV3T561000B5,depth,hw,66149
CV3T561000B5,depth,hw,66151
CV3T561000B5,depth,hw,66154
CV3T561000B5,depth,hw,66171
CV3T561000B5,depth,hw,66186
CV3T561000B5,depth,hw,66212
CV3T561000B5,depth,hw,66215
CV3T561000B5,depth,hw,66220
CV3T561000B5,depth,hw,66231
CV3T561000B5,depth,hw,66237
CV3T561000B5,depth,hw,66239
CV3T561000B5,depth,hw,66248
CV3T561000B5,depth,hw,66264
CV3T561000B5,depth,hw,66275
CV3T561000B5,depth,hw,66349
CV3T561000B5,depth,hw,66379
CV3T561000B5,depth,hw,66452
CV3T561000B5,depth,hw,66488
CV3T561000B5,depth,hw,66524
CV3T561000B5,depth,hw,66539
CV3T561000B5,depth,hw,66597
CV3T561000B5,depth,hw,66622
CV3T561000B5,depth,hw,66670
CV3T561000B5,depth,hw,66673
CV3T561000B5,depth,hw,66714
CV3T561000B5,depth,hw,66720
CV3T561000B5,depth,hw,66724
CV3T561000B5,depth,hw,66739
CV3T561000B5,depth,hw,66750
CV3T561000B5,depth,hw,66904
CV3T561000B5,depth,hw,66906
CV3T561000B5,depth,hw,67343
CV3T561000B5,depth,hw,67412
CV3T561000B5,depth,hw,67414
CV3T561000B5,depth,hw,67448
CV3T561000B5,depth,hw,67466
CV3T561000B5,depth,hw,67469
CV3T561000B5,depth,hw,67500
CV3T561000B5,depth,hw,67519
CV3T561000B5,depth,hw,67531
CV3T561000B5,depth,hw,67652
CV3T561000B5,depth,hw,67658
CV3T561000B5,depth,hw,67692
CV3T561000B5,depth,hw,67763
CV3T561000B5,depth,hw,67768
CV3T561000B5,depth,hw,67789
CV3T561000B5,depth,hw,67794
CV3T561000B5,depth,hw,67799
CV3T561000B5,depth,hw,67841
CV3T561000B5,depth,hw,67854
CV3T561000B5,depth,hw,67906
CV3T561000B5,depth,hw,67913
CV3T561000B5,depth,hw,67925
CV3T561000B5,depth,hw,67956
CV3T561000B5,depth,hw,67991
CV3T561000B5,depth,hw,68003
CV3T561000B5,depth,hw,68015
CV3T561000B5,depth,hw,68065
CV3T561000B5,depth,hw,68078
CV3T561000B5,depth,hw,68081
CV3T561000B5,depth,hw,68191
CV3T561000B5,depth,hw,68218
CV3T561000B5,depth,hw,68229
CV3T561000B5,depth,hw,68236
CV3T561000B5,depth,hw,68258
CV3T561000B5,depth,hw,68294
CV3T561000B5,depth,hw,68301
CV3T561000B5,depth,hw,68332
CV3T561000B5,depth,hw,68355
CV3T561000B5,depth,hw,68372
CV3T561000B5,depth,hw,68401
CV3T561000B5,depth,hw,68408
CV3T561000B5,depth,hw,68426
CV3T561000B5,depth,hw,68429
CV3T561000B5,depth,hw,68508
CV3T561000B5,depth,hw,68547
CV3T561000B5,depth,hw,68595
CV3T561000B5,depth,hw,68609
CV3T561000B5,depth,hw,68634
CV3T561000B5,depth,hw,68647
CV3T561000B5,depth,hw,68669
CV3T561000B5,depth,hw,68681
CV3T561000B5,depth,hw,68688
CV3T561000B5,depth,hw,68733
CV3T561000B5,depth,hw,68736
CV3T561000B5,depth,hw,68744
CV3T561000B5,depth,hw,68757
CV3T561000B5,depth,hw,68768
CV3T561000B5,depth,hw,68803
CV3T561000B5,depth,hw,68806
CV3T561000B5,depth,hw,68828
CV3T561000B5,depth,hw,68852
CV3T561000B5,depth,hw,68990
CV3T561000B5,depth,hw,69004
CV3T561000B5,depth,hw,69014
CV3T561000B5,depth,hw,69030
CV3T561000B5,depth,hw,69040
CV3T561000B5,depth,hw,69051
CV3T561000B5,depth,hw,69090
CV3T561000B5,depth,hw,69213
CV3T561000B5,depth,hw,69415
CV3T561000B5,depth,hw,69697
CV3T561000B5,depth,hw,69724
CV3T561000B5,depth,hw,69889
CV3T561000B5,depth,hw,69891
CV3T561000B5,depth,hw,70076
CV3T561000B5,depth,hw,70107
CV3T561000B5,depth,hw,70119
CV3T561000B5,depth,hw,70121
CV3T561000B5,depth,hw,70130
CV3T561000B5,depth,hw,70137
CV3T561000B5,depth,hw,70173
CV3T561000B5,depth,hw,70178
CV3T561000B5,depth,hw,70347
CV3T561000B5,depth,hw,70349
CV3T561000B5,depth,hw,70377
CV3T561000B5,depth,hw,70531
CV3T561000B5,depth,hw,70556
CV3T561000B5,depth,hw,70566
CV3T561000B5,depth,hw,70577
CV3T561000B5,depth,hw,70590
CV3T561000B5,depth,hw,70601
CV3T561000B5,depth,hw,70613
CV3T561000B5,depth,hw,70649
CV3T561000B5,depth,hw,70663
CV3T561000B5,depth,hw,70711
CV3T561000B5,depth,hw,70728
CV3T561000B5,depth,hw,70738
CV3T561000B5,depth,hw,70777
CV3T561000B5,depth,hw,70781
CV3T561000B5,depth,hw,70811
CV3T561000B5,depth,hw,71165
CV3T561000B5,depth,hw,71201
CV3T561000B5,depth,hw,71206
CV3T561000B5,depth,hw,71270
CV3T561000B5,depth,hw,71500
CV3T561000B5,depth,hw,71571
CV3T561000B5,depth,hw,71580
CV3T561000B5,depth,hw,71593
CV3T561000B5,depth,hw,71598
CV3T561000B5,depth,hw,71608
CV3T561000B5,depth,hw,71614
CV3T561000B5,depth,hw,71622
CV3T561000B5,depth,hw,71625
CV3T561000B5,depth,hw,71639
CV3T561000B5,depth,hw,71663
CV3T561000B5,depth,hw,71674
CV3T561000B5,depth,hw,71676
CV3T561000B5,depth,hw,71687
CV3T561000B5,depth,hw,71693
CV3T561000B5,depth,hw,71783
CV3T561000B5,depth,hw,71788
CV3T561000B5,depth,hw,71801
CV3T561000B5,depth,hw,71941
CV3T561000B5,depth,hw,71976
CV3T561000B5,depth,hw,71994
CV3T561000B5,depth,hw,71999
CV3T561000B5,depth,hw,72006
CV3T561000B5,depth,hw,72042
CV3T561000B5,depth,hw,72049
CV3T561000B5,depth,hw,72099
CV3T561000B5,depth,hw,72121
CV3T561000B5,depth,hw,72125
CV3T561000B5,depth,hw,72164
CV3T561000B5,depth,hw,72175
CV3T561000B5,depth,hw,72182
CV3T561000B5,depth,hw,72217
CV3T561000B5,depth,hw,72219
CV3T561000B5,depth,hw,72227
CV3T561000B5,depth,hw,72349
CV3T561000B5,depth,hw,72351
CV3T561000B5,depth,hw,72375
CV3T561000B5,depth,hw,72444
CV3T561000B5,depth,hw,72457
CV3T561000B5,depth,hw,72478
CV3T561000B5,depth,hw,72561
CV3T561000B5,depth,hw,72682
CV3T561000B5,depth,hw,72760
CV3T561000B5,depth,hw,72794
CV3T561000B5,depth,hw,72836
CV3T561000B5,depth,hw,72861
CV3T561000B5,depth,hw,72868
CV3T561000B5,depth,hw,72938
CV3T561000B5,depth,hw,72954
CV3T561000B5,depth,hw,73016
CV3T561000B5,depth,hw,73057
CV3T561000B5,depth,hw,73225
CV3T561000B5,depth,hw,73254
CV3T561000B5,depth,hw,73322
CV3T561000B5,depth,hw,73349
CV3T561000B5,depth,hw,73359
CV3T561000B5,depth,hw,73473
CV3T561000B5,depth,hw,73528
CV3T561000B5,depth,hw,73534
CV3T561000B5,depth,hw,73557
CV3T561000B5,depth,hw,73581
CV3T561000B5,depth,hw,73618
CV3T561000B5,depth,hw,73700
CV3T561000B5,depth,hw,73702
CV3T561000B5,depth,hw,73729
CV3T561000B5,depth,hw,73750
CV3T561000B5,depth,hw,73799
CV3T561000B5,depth,hw,73807
CV3T561000B5,depth,hw,73850
CV3T561000B5,depth,hw,73888
CV3T561000B5,depth,hw,73892
CV3T561000B5,depth,hw,73898
CV3T561000B5,depth,hw,73900
CV3T561000B5,depth,hw,73921
CV3T561000B5,depth,hw,73981
CV3T561000B5,depth,hw,73997
CV3T561000B5,depth,hw,74006
CV3T561000B5,depth,hw,74035
CV3T561000B5,depth,hw,74054
CV3T561000B5,depth,hw,74095
CV3T561000B5,depth,hw,74147
CV3T561000B5,depth,hw,74152
CV3T561000B5,depth,hw,74167
CV3T561000B5,depth,hw,74169
CV3T561000B5,depth,hw,74171
CV3T561000B5,depth,hw,74270
CV3T561000B5,depth,hw,74301
CV3T561000B5,depth,hw,74311
CV3T561000B5,depth,hw,74386
CV3T561000B5,depth,hw,74542
CV3T561000B5,depth,hw,74556
CV3T561000B5,depth,hw,74566
CV3T561000B5,depth,hw,74589
CV3T561000B5,depth,hw,74623
CV3T561000B5,depth,hw,74625
CV3T561000B5,depth,hw,74627
CV3T561000B5,depth,hw,74693
CV3T561000B5,depth,hw,74718
CV3T561000B5,depth,hw,74725
CV3T561000B5,depth,hw,74741
CV3T561000B5,depth,hw,74747
CV3T561000B5,depth,hw,74784
CV3T561000B5,depth,hw,74808
CV3T561000B5,depth,hw,74819
CV3T561000B5,depth,hw,74821
CV3T561000B5,depth,hw,74828
CV3T561000B5,depth,hw,74830
CV3T561000B5,depth,hw,74833
CV3T561000B5,depth,hw,74838
CV3T561000B5,depth,hw,74845
CV3T561000B5,depth,hw,75293
CV3T561000B5,depth,hw,75759
CV3T561000B5,depth,hw,76253
CV3T561000B5,depth,hw,76320
CV3T561000B5,depth,hw,76353
CV3T561000B5,depth,hw,76361
CV3T561000B5,depth,hw,76378
CV3T561000B5,depth,hw,76384
CV3T561000B5,depth,hw,76395
CV3T561000B5,depth,hw,76397
CV3T561000B5,depth,hw,76402
CV3T561000B5,depth,hw,76407
CV3T561000B5,depth,hw,76437
CV3T561000B5,depth,hw,76444
CV3T561000B5,depth,hw,76455
CV3T561000B5,depth,hw,76461
CV3T561000B5,depth,hw,76477
CV3T561000B5,depth,hw,76497
CV3T561000B5,depth,hw,76512
CV3T561000B5,depth,hw,76527
CV3T561000B5,depth,hw,76534
CV3T561000B5,depth,hw,76540
CV3T561000B5,depth,hw,76570
CV3T561000B5,depth,hw,76621
CV3T561000B5,depth,hw,76640
CV3T561000B5,depth,hw,76643
CV3T561000B5,depth,hw,76645
CV3T561000B5,depth,hw,76679
CV3T561000B5,depth,hw,76686
CV3T561000B5,depth,hw,76693
CV3T561000B5,depth,hw,76698
CV3T561000B5,depth,hw,76717
CV3T561000B5,depth,hw,76729
CV3T561000B5,depth,hw,76740
CV3T561000B5,depth,hw,76758
CV3T561000B5,depth,hw,76807
CV3T561000B5,depth,hw,76837
CV3T561000B5,depth,hw,76860
CV3T561000B5,depth,hw,76912
CV3T561000B5,depth,hw,76919
CV3T561000B5,depth,hw,76996
CV3T561000B5,depth,hw,77000
CV3T561000B5,depth,hw,77059
CV3T561000B5,depth,hw,77070
CV3T561000B5,depth,hw,77092
CV3T561000B5,depth,hw,77094
CV3T561000B5,depth,hw,77124
CV3T561000B5,depth,hw,77148
CV3T561000B5,depth,hw,77151
CV3T561000B5,depth,hw,77155
CV3T561000B5,depth,hw,77161
CV3T561000B5,depth,hw,77165
CV3T561000B5,depth,hw,77168
CV3T561000B5,depth,hw,77199
CV3T561000B5,depth,hw,77209
CV3T561000B5,depth,hw,77288
CV3T561000B5,depth,hw,77312
CV3T561000B5,depth,hw,77428
CV3T561000B5,depth,hw,77443
CV3T561000B5,depth,hw,77445
CV3T561000B5,depth,hw,77474
CV3T561000B5,depth,hw,77509
CV3T561000B5,depth,hw,77533
CV3T561000B5,depth,hw,77574
CV3T561000B5,depth,hw,77605
CV3T561000B5,depth,hw,77617
CV3T561000B5,depth,hw,77634
CV3T561000B5,depth,hw,77641
CV3T561000B5,depth,hw,77653
CV3T561000B5,depth,hw,77700
CV3T561000B5,depth,hw,77711
CV3T561000B5,depth,hw,77738
CV3T561000B5,depth,hw,77741
CV3T561000B5,depth,hw,77751
CV3T561000B5,depth,hw,77833
CV3T561000B5,depth,hw,77839
CV3T561000B5,depth,hw,77905
CV3T561000B5,depth,hw,77924
CV3T561000B5,depth,hw,77926
CV3T561000B5,depth,hw,77946
CV3T561000B5,depth,hw,77978
CV3T561000B5,depth,hw,77983
CV3T561000B5,depth,hw,78006
CV3T561000B5,depth,hw,78037
CV3T561000B5,depth,hw,78057
CV3T561000B5,depth,hw,78108
CV3T561000B5,depth,hw,78138
CV3T561000B5,depth,hw,78143
CV3T561000B5,depth,hw,78163
CV3T561000B5,depth,hw,78170
CV3T561000B5,depth,hw,78182
CV3T561000B5,depth,hw,78212
CV3T561000B5,depth,hw,78236
CV3T561000B5,color,hw,94
CV3T561000B5,color,hw,103
CV3T561000B5,color,hw,109
CV3T561000B5,color,hw,156
CV3T561000B5,color,hw,167
CV3T561000B5,color,hw,240
CV3T561000B5,color,hw,242
CV3T561000B5,color,hw,364
CV3T561000B5,color,hw,503
CV3T561000B5,color,hw,601
CV3T561000B5,color,hw,619
CV3T561000B5,color,hw,678
CV3T561000B5,color,hw,825
CV3T561000B5,color,hw,999
CV3T561000B5,color,hw,1156
CV3T561000B5,color,hw,1171
CV3T561000B5,color,hw,1304
CV3T561000B5,color,hw,1433
CV3T561000B5,color,hw,1596
CV3T561000B5,color,hw,1624
CV3T561000B5,color,hw,1660
CV3T561000B5,color,hw,1689
CV3T561000B5,color,hw,1863
CV3T561000B5,color,hw,2076
CV3T561000B5,color,hw,2175
CV3T561000B5,color,hw,2259
CV3T561000B5,color,hw,2286
CV3T561000B5,color,hw,2469
CV3T561000B5,color,hw,2518
CV3T561000B5,color,hw,2705
CV3T561000B5,color,hw,2730
CV3T561000B5,color,hw,2790
CV3T561000B5,color,hw,3126
CV3T561000B5,color,hw,3160
CV3T561000B5,color,hw,3277
CV3T561000B5,color,hw,3432
CV3T561000B5,color,hw,3524
CV3T561000B5,color,hw,3659
CV3T561000B5,color,hw,3744
CV3T561000B5,color,hw,3774
CV3T561000B5,color,hw,3796
CV3T561000B5,color,hw,3839
CV3T561000B5,color,hw,3924
CV3T561000B5,color,hw,3945
CV3T561000B5,color,hw,3985
CV3T561000B5,color,hw,3990
CV3T561000B5,color,hw,3996
CV3T561000B5,color,hw,4018
CV3T561000B5,color,hw,4042
CV3T561000B5,color,hw,4044
CV3T561000B5,color,hw,4089
CV3T561000B5,color,hw,4143
CV3T561000B5,color,hw,4580
CV3T561000B5,color,hw,4775
CV3T561000B5,color,hw,4794
CV3T561000B5,color,hw,4998
CV3T561000B5,color,hw,5011
CV3T561000B5,color,hw,5060
CV3T561000B5,color,hw,5067
CV3T561000B5,color,hw,5084
CV3T561000B5,color,hw,5160
CV3T561000B5,color,hw,5166
CV3T561000B5,color,hw,5518
CV3T561000B5,color,hw,5692
CV3T561000B5,color,hw,5854
CV3T561000B5,color,hw,6034
CV3T561000B5,color,hw,6038
CV3T561000B5,color,hw,6119
CV3T561000B5,color,hw,6152
CV3T561000B5,color,hw,6440
CV3T561000B5,color,hw,6535
CV3T561000B5,color,hw,6620
CV3T561000B5,color,hw,6642
CV3T561000B5,color,hw,6724
CV3T561000B5,color,hw,6739
CV3T561000B5,color,hw,6755
CV3T561000B5,color,hw,6783
CV3T561000B5,color,hw,6839
CV3T561000B5,color,hw,6907
CV3T561000B5,color,hw,7121
CV3T561000B5,color,hw,7184
CV3T561000B5,color,hw,7190
CV3T561000B5,color,hw,7418
CV3T561000B5,color,hw,7425
CV3T561000B5,color,hw,7550
CV3T561000B5,color,hw,7737
CV3T561000B5,color,hw,7759
CV3T561000B5,color,hw,7913
CV3T561000B5,color,hw,7954
CV3T561000B5,color,hw,8048
CV3T561000B5,color,hw,8057
CV3T561000B5,color,hw,8110
CV3T561000B5,color,hw,8333
CV3T561000B5,color,hw,8351
CV3T561000B5,color,hw,8430
CV3T561000B5,color,hw,8469
CV3T561000B5,color,hw,8656
CV3T561000B5,color,hw,8727
CV3T561000B5,color,hw,8733
CV3T561000B5,color,hw,8767
CV3T561000B5,color,hw,8773
CV3T561000B5,color,hw,9156
CV3T561000B5,color,hw,9167
CV3T561000B5,color,hw,9227
CV3T561000B5,color,hw,9253
CV3T561000B5,color,hw,9256
CV3T561000B5,color,hw,9446
CV3T561000B5,color,hw,9487
CV3T561000B5,color,hw,9543
CV3T561000B5,color,hw,9651
CV3T561000B5,color,hw,9670
CV3T561000B5,color,hw,9846
CV3T561000B5,color,hw,9864
CV3T561000B5,color,hw,9867
CV3T561000B5,color,hw,9980
CV3T561000B5,color,hw,10062
CV3T561000B5,color,hw,10067
CV3T561000B5,color,hw,10099
CV3T561000B5,color,hw,10246
CV3T561000B5,color,hw,10730
CV3T561000B5,color,hw,10753
CV3T561000B5,color,hw,10778
CV3T561000B5,color,hw,10805
CV3T561000B5,color,hw,10889
CV3T561000B5,color,hw,11244
CV3T561000B5,color,hw,11430
CV3T561000B5,color,hw,11498
CV3T561000B5,color,hw,11674
CV3T561000B5,color,hw,11699
CV3T561000B5,color,hw,11984
CV3T561000B5,color,hw,12036
CV3T561000B5,color,hw,12097
CV3T561000B5,color,hw,12360
CV3T561000B5,color,hw,12377
CV3T561000B5,color,hw,12381
CV3T561000B5,color,hw,12456
CV3T561000B5,color,hw,12552
CV3T561000B5,color,hw,12567
CV3T561000B5,color,hw,12647
CV3T561000B5,color,hw,12925
CV3T561000B5,color,hw,13048
CV3T561000B5,color,hw,13158
CV3T561000B5,color,hw,13176
CV3T561000B5,color,hw,13336
CV3T561000B5,color,hw,13478
CV3T561000B5,color,hw,13521
CV3T561000B5,color,hw,13639
CV3T561000B5,color,hw,13905
CV3T561000B5,color,hw,13962
CV3T561000B5,color,hw,14097
CV3T561000B5,color,hw,14213
CV3T561000B5,color,hw,14226
CV3T561000B5,color,hw,14324
CV3T561000B5,color,hw,14326
CV3T561000B5,color,hw,14349
CV3T561000B5,color,hw,14416
CV3T561000B5,color,hw,14482
CV3T561000B5,color,hw,14554
CV3T561000B5,color,hw,14823
CV3T561000B5,color,hw,14845
CV3T561000B5,color,hw,14957
CV3T561000B5,color,hw,15082
CV3T561000B5,color,hw,15087
CV3T561000B5,color,hw,15111
CV3T561000B5,color,hw,15314
CV3T561000B5,color,hw,15422
CV3T561000B5,color,hw,15480
CV3T561000B5,color,hw,15494
CV3T561000B5,color,hw,15528
CV3T561000B5,color,hw,15591
CV3T561000B5,color,hw,15603
CV3T561000B5,color,hw,15619
CV3T561000B5,color,hw,15773
CV3T561000B5,color,hw,15806
CV3T561000B5,color,hw,15989
CV3T561000B5,color,hw,16018
CV3T561000B5,color,hw,16057
CV3T561000B5,color,hw,16063
CV3T561000B5,color,hw,16282
CV3T561000B5,color,hw,16298
CV3T561000B5,color,hw,16417
CV3T561000B5,color,hw,16420
CV3T561000B5,color,hw,16468
CV3T561000B5,color,hw,16537
CV3T561000B5,color,hw,16586
CV3T561000B5,color,hw,16708
CV3T561000B5,color,hw,16767
CV3T561000B5,color,hw,16771
CV3T561000B5,color,hw,16773
CV3T561000B5,color,hw,16870
CV3T561000B5,color,hw,16954
CV3T561000B5,color,hw,17306
CV3T561000B5,color,hw,17336
CV3T561000B5,color,hw,17348
CV3T561000B5,color,hw,17396
CV3T561000B5,color,hw,17409
CV3T561000B5,color,hw,17424
CV3T561000B5,color,hw,17505
CV3T561000B5,color,hw,17521
CV3T561000B5,color,hw,17739
CV3T561000B5,color,hw,17747
CV3T561000B5,color,hw,17946
CV3T561000B5,color,hw,18143
CV3T561000B5,color,hw,18208
CV3T561000B5,color,hw,18237
CV3T561000B5,color,hw,18311
CV3T561000B5,color,hw,18318
CV3T561000B5,color,hw,18367
CV3T561000B5,color,hw,18425
CV3T561000B5,color,hw,18611
CV3T561000B5,color,hw,18635
CV3T561000B5,color,hw,18712
CV3T561000B5,color,hw,18844
CV3T561000B5,color,hw,18914
CV3T561000B5,color,hw,19229
CV3T561000B5,color,hw,19233
CV3T561000B5,color,hw,19250
CV3T561000B5,color,hw,19284
CV3T561000B5,color,hw,19325
CV3T561000B5,color,hw,19391
CV3T561000B5,color,hw,19421
CV3T561000B5,color,hw,19606
CV3T561000B5,color,hw,19633
CV3T561000B5,color,hw,19638
CV3T561000B5,color,hw,19678
CV3T561000B5,color,hw,19683
CV3T561000B5,color,hw,19765
CV3T561000B5,color,hw,19785
CV3T561000B5,color,hw,19853
CV3T561000B5,color,hw,20044
CV3T561000B5,color,hw,20060
CV3T561000B5,color,hw,20088
CV3T561000B5,color,hw,20094
CV3T561000B5,color,hw,20174
CV3T561000B5,color,hw,20206
CV3T561000B5,color,hw,20300
CV3T561000B5,color,hw,20516
CV3T561000B5,color,hw,20667
CV3T561000B5,color,hw,20716
CV3T561000B5,color,hw,20867
CV3T561000B5,color,hw,20897
CV3T561000B5,color,hw,20957
CV3T561000B5,color,hw,21254
CV3T561000B5,color,hw,21512
CV3T561000B5,color,hw,21592
CV3T561000B5,color,hw,21631
CV3T561000B5,color,hw,21983
CV3T561000B5,color,hw,22102
CV3T561000B5,color,hw,22144
CV3T561000B5,color,hw,22176
CV3T561000B5,color,hw,22218
CV3T561000B5,color,hw,22272
CV3T561000B5,color,hw,22401
CV3T561000B5,color,hw,22413
CV3T561000B5,color,hw,22523
CV3T561000B5,color,hw,22692
CV3T561000B5,color,hw,22700
CV3T561000B5,color,hw,22707
CV3T561000B5,color,hw,22807
CV3T561000B5,color,hw,22849
CV3T561000B5,color,hw,22955
CV3T561000B5,color,hw,22964
CV3T561000B5,color,hw,22994
CV3T561000B5,color,hw,23241
CV3T561000B5,color,hw,23419
CV3T561000B5,color,hw,23459
CV3T561000B5,color,hw,23600
CV3T561000B5,color,hw,23605
CV3T561000B5,color,hw,23746
CV3T561000B5,color,hw,24079
CV3T561000B5,color,hw,24097
CV3T561000B5,color,hw,24226
CV3T561000B5,color,hw,24263
CV3T561000B5,color,hw,24363
CV3T561000B5,color,hw,24368
CV3T561000B5,color,hw,24398
CV3T561000B5,color,hw,24404
CV3T561000B5,color,hw,24409
CV3T561000B5,color,hw,24472
CV3T561000B5,color,hw,24476
CV3T561000B5,color,hw,24533
CV3T561000B5,color,hw,24586
CV3T561000B5,color,hw,24626
CV3T561000B5,color,hw,24885
CV3T561000B5,color,hw,24887
CV3T561000B5,color,hw,24935
CV3T561000B5,color,hw,25352
CV3T561000B5,color,hw,25379
CV3T561000B5,color,hw,25527
CV3T561000B5,color,hw,25617
CV3T561000B5,color,hw,25770
CV3T561000B5,color,hw,26055
CV3T561000B5,color,hw,26200
CV3T561000B5,color,hw,26206
CV3T561000B5,color,hw,26264
CV3T561000B5,color,hw,26481
CV3T561000B5,color,hw,26555
CV3T561000B5,color,hw,26646
CV3T561000B5,color,hw,26679
CV3T561000B5,color,hw,26690
CV3T561000B5,color,hw,26837
CV3T561000B5,color,hw,26883
CV3T561000B5,color,hw,26953
CV3T561000B5,color,hw,27062
CV3T561000B5,color,hw,27091
CV3T561000B5,color,hw,27171
CV3T561000B5,color,hw,27174
CV3T561000B5,color,hw,27202
CV3T561000B5,color,hw,27549
CV3T561000B5,color,hw,27802
CV3T561000B5,color,hw,27978
CV3T561000B5,color,hw,28029
CV3T561000B5,color,hw,28036
CV3T561000B5,color,hw,28383
CV3T561000B5,color,hw,28917
CV3T561000B5,color,hw,28988
CV3T561000B5,color,hw,29018
CV3T561000B5,color,hw,29114
CV3T561000B5,color,hw,29121
CV3T561000B5,color,hw,29144
CV3T561000B5,color,hw,29158
CV3T561000B5,color,hw,29276
CV3T561000B5,color,hw,29336
CV3T561000B5,color,hw,29385
CV3T561000B5,color,hw,29403
CV3T561000B5,color,hw,29494
CV3T561000B5,color,hw,29503
CV3T561000B5,color,hw,29602
CV3T561000B5,color,hw,29626
CV3T561000B5,color,hw,29898
CV3T561000B5,color,hw,30372
CV3T561000B5,color,hw,30451
CV3T561000B5,color,hw,30454
CV3T561000B5,color,hw,30459
CV3T561000B5,color,hw,30474
CV3T561000B5,color,hw,30490
CV3T561000B5,color,hw,30540
CV3T561000B5,color,hw,30590
CV3T561000B5,color,hw,30603
CV3T561000B5,color,hw,30631
CV3T561000B5,color,hw,30640
CV3T561000B5,color,hw,30668
CV3T561000B5,color,hw,30769
CV3T561000B5,color,hw,30996
CV3T561000B5,color,hw,31031
CV3T561000B5,color,hw,31076
CV3T561000B5,color,hw,31292
CV3T561000B5,color,hw,31325
CV3T561000B5,color,hw,31530
CV3T561000B5,color,hw,31701
CV3T561000B5,color,hw,31867
CV3T561000B5,color,hw,31901
CV3T561000B5,color,hw,31974
CV3T561000B5,color,hw,32204
CV3T561000B5,color,hw,32482
CV3T561000B5,color,hw,32585
CV3T561000B5,color,hw,32912
CV3T561000B5,color,hw,33046
CV3T561000B5,color,hw,33130
CV3T561000B5,color,hw,33320
CV3T561000B5,color,hw,33341
CV3T561000B5,color,hw,33346
CV3T561000B5,color,hw,33437
CV3T561000B5,color,hw,33564
CV3T561000B5,color,hw,33572
CV3T561000B5,color,hw,33626
CV3T561000B5,color,hw,33671
CV3T561000B5,color,hw,33676
CV3T561000B5,color,hw,33695
CV3T561000B5,color,hw,33897
CV3T561000B5,color,hw,34038
CV3T561000B5,color,hw,34079
CV3T561000B5,color,hw,34122
CV3T561000B5,color,hw,34124
CV3T561000B5,color,hw,34263
CV3T561000B5,color,hw,34265
CV3T561000B5,color,hw,34319
CV3T561000B5,color,hw,34422
CV3T561000B5,color,hw,34483
CV3T561000B5,color,hw,34505
CV3T561000B5,color,hw,34517
CV3T561000B5,color,hw,34568
CV3T561000B5,color,hw,34621
CV3T561000B5,color,hw,34685
CV3T561000B5,color,hw,34716
CV3T561000B5,color,hw,34738
CV3T561000B5,color,hw,34849
CV3T561000B5,color,hw,34889
CV3T561000B5,color,hw,34893
CV3T561000B5,color,hw,34903
CV3T561000B5,color,hw,34990
CV3T561000B5,color,hw,35002
CV3T561000B5,color,hw,35062
CV3T561000B5,color,hw,35079
CV3T561000B5,color,hw,35097
CV3T561000B5,color,hw,35174
CV3T561000B5,color,hw,35307
CV3T561000B5,color,hw,35394
CV3T561000B5,color,hw,35592
CV3T561000B5,color,hw,35727
CV3T561000B5,color,hw,35756
CV3T561000B5,color,hw,35853
CV3T561000B5,color,hw,35922
CV3T561000B5,color,hw,36151
CV3T561000B5,color,hw,36215
CV3T561000B5,color,hw,36556
CV3T561000B5,color,hw,36665
CV3T561000B5,color,hw,36761
CV3T561000B5,color,hw,36888
CV3T561000B5,color,hw,36966
CV3T561000B5,color,hw,37092
CV3T561000B5,color,hw,37123
CV3T561000B5,color,hw,37244
CV3T561000B5,color,hw,37396
CV3T561000B5,color,hw,37594
CV3T561000B5,color,hw,37638
CV3T561000B5,color,hw,37725
CV3T561000B5,color,hw,37813
CV3T561000B5,color,hw,37823
CV3T561000B5,color,hw,37831
CV3T561000B5,color,hw,37848
CV3T561000B5,color,hw,38005
CV3T561000B5,color,hw,38235
CV3T561000B5,color,hw,38482
CV3T561000B5,color,hw,38509
CV3T561000B5,color,hw,38526
CV3T561000B5,color,hw,38897
CV3T561000B5,color,hw,39057
CV3T561000B5,color,hw,39282
CV3T561000B5,color,hw,39361
CV3T561000B5,color,hw,39363
CV3T561000B5,color,hw,39443
CV3T561000B5,color,hw,39609
CV3T561000B5,color,hw,39675
CV3T561000B5,color,hw,39697
CV3T561000B5,color,hw,39703
CV3T561000B5,color,hw,39721
CV3T561000B5,color,hw,39782
CV3T561000B5,color,hw,39823
CV3T561000B5,color,hw,40038
CV3T561000B5,color,hw,40070
CV3T561000B5,color,hw,40072
CV3T561000B5,color,hw,40093
CV3T561000B5,color,hw,40115
CV3T561000B5,color,hw,40135
CV3T561000B5,color,hw,40406
CV3T561000B5,color,hw,40538
CV3T561000B5,color,hw,40565
CV3T561000B5,color,hw,40669
CV3T561000B5,color,hw,40997
CV3T561000B5,color,hw,41008
CV3T561000B5,color,hw,41010
CV3T561000B5,color,hw,41062
CV3T561000B5,color,hw,41142
CV3T561000B5,color,hw,41220
CV3T561000B5,color,hw,41267
CV3T561000B5,color,hw,41412
CV3T561000B5,color,hw,41546
CV3T561000B5,color,hw,41656
CV3T561000B5,color,hw,41688
CV3T561000B5,color,hw,41718
CV3T561000B5,color,hw,41727
CV3T561000B5,color,hw,41729
CV3T561000B5,color,hw,41791
CV3T561000B5,color,hw,41854
CV3T561000B5,color,hw,41926
CV3T561000B5,color,hw,41957
CV3T561000B5,color,hw,42024
CV3T561000B5,color,hw,42102
CV3T561000B5,color,hw,42105
CV3T561000B5,color,hw,42273
CV3T561000B5,color,hw,42396
CV3T561000B5,color,hw,42425
CV3T561000B5,color,hw,42573
CV3T561000B5,color,hw,42638
CV3T561000B5,color,hw,42670
CV3T561000B5,color,hw,42691
CV3T561000B5,color,hw,42822
CV3T561000B5,color,hw,43140
CV3T561000B5,color,hw,43184
CV3T561000B5,color,hw,43350
CV3T561000B5,color,hw,43358
CV3T561000B5,color,hw,43380
CV3T561000B5,color,hw,43911
CV3T561000B5,color,hw,44076
CV3T561000B5,color,hw,44111
CV3T561000B5,color,hw,44145
CV3T561000B5,color,hw,44254
CV3T561000B5,color,hw,44261
CV3T561000B5,color,hw,44337
CV3T561000B5,color,hw,44452
CV3T561000B5,color,hw,44838
CV3T561000B5,color,hw,44867
CV3T561000B5,color,hw,45057
CV3T561000B5,color,hw,45075
CV3T561000B5,color,hw,45099
CV3T561000B5,color,hw,45166
CV3T561000B5,color,hw,45339
CV3T561000B5,color,hw,45463
CV3T561000B5,color,hw,45486
CV3T561000B5,color,hw,45575
CV3T561000B5,color,hw,45630
CV3T561000B5,color,hw,45651
CV3T561000B5,color,hw,45795
CV3T561000B5,color,hw,45803
CV3T561000B5,color,hw,45831
CV3T561000B5,color,hw,45835
CV3T561000B5,color,hw,45838
CV3T561000B5,color,hw,45943
CV3T561000B5,color,hw,45962
CV3T561000B5,color,hw,46109
CV3T561000B5,color,hw,46195
CV3T561000B5,color,hw,46391
CV3T561000B5,color,hw,46591
CV3T561000B5,color,hw,46718
CV3T561000B5,color,hw,46788
CV3T561000B5,color,hw,47274
CV3T561000B5,color,hw,47300
CV3T561000B5,color,hw,47446
CV3T561000B5,color,hw,47581
CV3T561000B5,color,hw,47583
CV3T561000B5,color,hw,47661
CV3T561000B5,color,hw,47690
CV3T561000B5,color,hw,47901
CV3T561000B5,color,hw,47979
CV3T561000B5,color,hw,48023
CV3T561000B5,color,hw,48043
CV3T561000B5,color,hw,48126
CV3T561000B5,color,hw,48134
CV3T561000B5,color,hw,48141
CV3T561000B5,color,hw,48184
CV3T561000B5,color,hw,48385
CV3T561000B5,color,hw,48400
CV3T561000B5,color,hw,48428
CV3T561000B5,color,hw,48500
CV3T561000B5,color,hw,48529
CV3T561000B5,color,hw,48532
CV3T561000B5,color,hw,48557
CV3T561000B5,color,hw,48563
CV3T561000B5,color,hw,48653
CV3T561000B5,color,hw,48679
CV3T561000B5,color,hw,48762
CV3T561000B5,color,hw,48887
CV3T561000B5,color,hw,48940
CV3T561000B5,color,hw,49170
CV3T561000B5,color,hw,49289
CV3T561000B5,color,hw,49301
CV3T561000B5,color,hw,49303
CV3T561000B5,color,hw,49353
CV3T561000B5,color,hw,49380
CV3T561000B5,color,hw,49454
CV3T561000B5,color,hw,49685
CV3T561000B5,color,hw,49981
CV3T561000B5,color,hw,50206
CV3T561000B5,color,hw,50251
CV3T561000B5,color,hw,50565
CV3T561000B5,color,hw,50640
CV3T561000B5,color,hw,50729
CV3T561000B5,color,hw,50743
CV3T561000B5,color,hw,50820
CV3T561000B5,color,hw,50852
CV3T561000B5,color,hw,50864
CV3T561000B5,color,hw,50972
CV3T561000B5,color,hw,51105
CV3T561000B5,color,hw,51128
CV3T561000B5,color,hw,51137
CV3T561000B5,color,hw,51159
CV3T561000B5,color,hw,51555
CV3T561000B5,color,hw,51775
CV3T561000B5,color,hw,52038
CV3T561000B5,color,hw,52111
CV3T561000B5,color,hw,52121
CV3T561000B5,color,hw,52204
CV3T561000B5,color,hw,52314
CV3T561000B5,color,hw,52321
CV3T561000B5,color,hw,52727
CV3T561000B5,color,hw,52796
CV3T561000B5,color,hw,52912
CV3T561000B5,color,hw,53087
CV3T561000B5,color,hw,53250
CV3T561000B5,color,hw,53275
CV3T561000B5,color,hw,53324
CV3T561000B5,color,hw,53479
CV3T561000B5,color,hw,53540
CV3T561000B5,color,hw,53546
CV3T561000B5,color,hw,53711
CV3T561000B5,color,hw,53931
CV3T561000B5,color,hw,54225
CV3T561000B5,color,hw,54247
CV3T561000B5,color,hw,54377
CV3T561000B5,color,hw,54859
CV3T561000B5,color,hw,54886
CV3T561000B5,color,hw,54934
CV3T561000B5,color,hw,54947
CV3T561000B5,color,hw,54952
CV3T561000B5,color,hw,55198
CV3T561000B5,color,hw,55446
CV3T561000B5,color,hw,55559
CV3T561000B5,color,hw,55618
CV3T561000B5,color,hw,55707
CV3T561000B5,color,hw,55773
CV3T561000B5,color,hw,55878
CV3T561000B5,color,hw,55934
CV3T561000B5,color,hw,56046
CV3T561000B5,color,hw,56273
CV3T561000B5,color,hw,56276
CV3T561000B5,color,hw,56649
CV3T561000B5,color,hw,56821
CV3T561000B5,color,hw,56986
CV3T561000B5,color,hw,57190
CV3T561000B5,color,hw,57248
CV3T561000B5,color,hw,57830
CV3T561000B5,color,hw,57832
CV3T561000B5,color,hw,57888
CV3T561000B5,color,hw,58164
CV3T561000B5,color,hw,58719
CV3T561000B5,color,hw,58727
CV3T561000B5,color,hw,58912
CV3T561000B5,color,hw,59147
CV3T561000B5,color,hw,59278
CV3T561000B5,color,hw,59324
CV3T561000B5,color,hw,59476
CV3T561000B5,color,hw,59746
CV3T561000B5,color,hw,59794
CV3T561000B5,color,hw,59817
CV3T561000B5,color,hw,59828
CV3T561000B5,color,hw,60015
CV3T561000B5,color,hw,60017
CV3T561000B5,color,hw,60050
CV3T561000B5,color,hw,60211
CV3T561000B5,color,hw,60380
CV3T561000B5,color,hw,60454
CV3T561000B5,color,hw,60460
CV3T561000B5,color,hw,60528
CV3T561000B5,color,hw,61072
CV3T561000B5,color,hw,61106
CV3T561000B5,color,hw,61120
CV3T561000B5,color,hw,61247
CV3T561000B5,color,hw,61250
CV3T561000B5,color,hw,61542
CV3T561000B5,color,hw,61555
CV3T561000B5,color,hw,61618
CV3T561000B5,color,hw,61715
CV3T561000B5,color,hw,61815
CV3T561000B5,color,hw,62359
CV3T561000B5,color,hw,62380
CV3T561000B5,color,hw,62586
CV3T561000B5,color,hw,63081
CV3T561000B5,color,hw,63098
CV3T561000B5,color,hw,63181
CV3T561000B5,color,hw,63342
CV3T561000B5,color,hw,63403
CV3T561000B5,color,hw,63537
CV3T561000B5,color,hw,63874
CV3T561000B5,color,hw,63904
CV3T561000B5,color,hw,63970
CV3T561000B5,color,hw,64345
CV3T561000B5,color,hw,64434
CV3T561000B5,color,hw,64492
CV3T561000B5,color,hw,64526
CV3T561000B5,color,hw,64550
CV3T561000B5,color,hw,64570
CV3T561000B5,color,hw,64586
CV3T561000B5,color,hw,64598
CV3T561000B5,color,hw,64840
CV3T561000B5,color,hw,64846
CV3T561000B5,color,hw,64880
CV3T561000B5,color,hw,64887
CV3T561000B5,color,hw,65149
CV3T561000B5,color,hw,65161
CV3T561000B5,color,hw,65274
CV3T561000B5,color,hw,65338
CV3T561000B5,color,hw,65639
CV3T561000B5,color,hw,65844
CV3T561000B5,color,hw,65939
CV3T561000B5,color,hw,66114
CV3T561000B5,color,hw,66255
CV3T561000B5,color,hw,66408
CV3T561000B5,color,hw,66564
CV3T561000B5,color,hw,66706
CV3T561000B5,color,hw,66790
CV3T561000B5,color,hw,66824
CV3T561000B5,color,hw,66902
CV3T561000B5,color,hw,66922
CV3T561000B5,color,hw,66925
CV3T561000B5,color,hw,66993
CV3T561000B5,color,hw,66995
CV3T561000B5,color,hw,67190
CV3T561000B5,color,hw,67223
CV3T561000B5,color,hw,67251
CV3T561000B5,color,hw,67347
CV3T561000B5,color,hw,67407
CV3T561000B5,color,hw,67653
CV3T561000B5,color,hw,67827
CV3T561000B5,color,hw,67928
CV3T561000B5,color,hw,67980
CV3T561000B5,color,hw,68117
CV3T561000B5,color,hw,68158
CV3T561000B5,color,hw,68305
CV3T561000B5,color,hw,68350
CV3T561000B5,color,hw,68642
CV3T561000B5,color,hw,68686
CV3T561000B5,color,hw,69069
CV3T561000B5,color,hw,69167
CV3T561000B5,color,hw,69194
CV3T561000B5,color,hw,69298
CV3T561000B5,color,hw,69672
CV3T561000B5,color,hw,69707
CV3T561000B5,color,hw,69962
CV3T561000B5,color,hw,69965
CV3T561000B5,color,hw,70044
CV3T561000B5,color,hw,70259
CV3T561000B5,color,hw,70618
CV3T561000B5,color,hw,70786
CV3T561000B5,color,hw,70929
CV3T561000B5,color,hw,70932
CV3T561000B5,color,hw,71008
CV3T561000B5,color,hw,71070
CV3T561000B5,color,hw,71173
CV3T561000B5,color,hw,71239
CV3T561000B5,color,hw,71339
CV3T561000B5,color,hw,71771
CV3T561000B5,color,hw,71807
CV3T561000B5,color,hw,71952
CV3T561000B5,color,hw,72128
CV3T561000B5,color,hw,72277
CV3T561000B5,color,hw,72428
CV3T561000B5,color,hw,72528
CV3T561000B5,color,hw,72692
CV3T561000B5,color,hw,72724
CV3T561000B5,color,hw,72986
CV3T561000B5,color,hw,73004
CV3T561000B5,color,hw,73094
CV3T561000B5,color,hw,73669
CV3T561000B5,color,hw,73821
CV3T561000B5,color,hw,74000
CV3T561000B5,color,hw,74089
CV3T561000B5,color,hw,74161
CV3T561000B5,color,hw,74402
CV3T561000B5,color,hw,74744
CV3T561000B5,color,hw,75015
CV3T561000B5,color,hw,75133
CV3T561000B5,color,hw,75208
CV3T561000B5,color,hw,75225
CV3T561000B5,color,hw,75276
CV3T561000B5,color,hw,75490
CV3T561000B5,color,hw,75503
CV3T561000B5,color,hw,75760
CV3T561000B5,color,hw,76014
CV3T561000B5,color,hw,76071
CV3T561000B5,color,hw,76172
CV3T561000B5,color,hw,76380
CV3T561000B5,color,hw,76416
CV3T561000B5,color,hw,76426
CV3T561000B5,color,hw,76474
CV3T561000B5,color,hw,76476
CV3T561000B5,color,hw,76730
CV3T561000B5,color,hw,76887
CV3T561000B5,color,hw,77170
CV3T561000B5,color,hw,77267
CV3T561000B5,color,hw,77270
CV3T561000B5,color,hw,77435
CV3T561000B5,color,hw,77548
CV3T561000B5,color,hw,77554
CV3T561000B5,color,hw,77593
CV3T561000B5,color,hw,77690
CV3T561000B5,color,hw,77925
CV3T561000B5,color,hw,78091
CV3T561000B5,color,hw,78102
CV3T561000B5,color,hw,78172
CV3T561000B5,color,hw,78244
