deviceIndex,streamType,hwTimestampUs,globalTimestampUs,sysTimestampUs,frameNumber
0,DEPTH,1787842366704566,1787842366706636,1787842366729254,9
0,DEPTH,1787842366737899,1787842366739959,1787842366762306,10
0,DEPTH,1787842366771232,1787842366773282,1787842366795379,11
0,DEPTH,1787842366804566,1787842366806606,1787842366828681,12
0,DEPTH,1787842366837902,1787842366839933,1787842366861990,13
0,DEPTH,1787842366871230,1787842366873251,1787842366895794,14
0,DEPTH,1787842366904568,1787842366906579,1787842366929106,15
0,DEPTH,1787842366937902,1787842366939903,1787842366962363,16
0,DEPTH,1787842366971241,1787842366973232,1787842366996681,17
0,DEPTH,1787842367004565,1787842367006546,1787842367028869,18
0,DEPTH,1787842367037902,1787842367039873,1787842367062129,19
0,DEPTH,1787842367071235,1787842367073196,1787842367095772,20
0,DEPTH,1787842367104664,1787842367107384,1787842367129338,21
0,DEPTH,1787842367137901,1787842367140615,1787842367162493,22
0,DEPTH,1787842367171239,1787842367173947,1787842367195639,23
0,DEPTH,1787842367204568,1787842367207271,1787842367228959,24
0,DEPTH,1787842367237906,1787842367240603,1787842367262124,25
0,DEPTH,1787842367271235,1787842367273926,1787842367295569,26
0,DEPTH,1787842367304598,1787842367307283,1787842367329121,27
0,DEPTH,1787842367338567,1787842367341247,1787842367363266,28
0,DEPTH,1787842367371257,1787842367373931,1787842367395554,29
0,DEPTH,1787842367404577,1787842367407245,1787842367428930,30
0,DEPTH,1787842367438152,1787842367440814,1787842367462234,31
0,DEPTH,1787842367471244,1787842367473901,1787842367495460,32
0,DEPTH,1787842367504577,1787842367507228,1787842367529338,33
0,DEPTH,1787842367537907,1787842367540552,1787842367562491,34
0,DEPTH,1787842367571246,1787842367573886,1787842367595415,35
0,DEPTH,1787842367604572,1787842367607206,1787842367628697,36
0,DEPTH,1787842367637907,1787842367640535,1787842367662291,37
0,DEPTH,1787842367671241,1787842367673863,1787842367695699,38
0,DEPTH,1787842367704575,1787842367707192,1787842367729051,39
0,DEPTH,1787842367737907,1787842367740518,1787842367762329,40
0,DEPTH,1787842367771244,1787842367773849,1787842367795385,41
0,DEPTH,1787842367804586,1787842367807185,1787842367829029,42
0,DEPTH,1787842367838057,1787842367840651,1787842367862093,43
0,DEPTH,1787842367871337,1787842367873925,1787842367895373,44
0,DEPTH,1787842367904574,1787842367907156,1787842367929300,45
0,DEPTH,1787842367937907,1787842367940484,1787842367962347,46
0,DEPTH,1787842367971244,1787842367973815,1787842367995478,47
0,DEPTH,1787842368004580,1787842368007145,1787842368028958,48
0,DEPTH,1787842368037907,1787842368040466,1787842368061989,49
0,DEPTH,1787842368071242,1787842368073796,1787842368095457,50
0,DEPTH,1787842368104582,1787842368107771,1787842368128903,51
0,DEPTH,1787842368137907,1787842368141094,1787842368162455,52
0,DEPTH,1787842368171246,1787842368174430,1787842368195520,53
0,DEPTH,1787842368204577,1787842368207758,1787842368228934,54
0,DEPTH,1787842368237907,1787842368241086,1787842368262031,55
0,DEPTH,1787842368271246,1787842368274422,1787842368295492,56
0,DEPTH,1787842368304579,1787842368307753,1787842368329120,57
0,DEPTH,1787842368337918,1787842368341089,1787842368362641,58
0,DEPTH,1787842368371247,1787842368374415,1787842368395830,59
0,DEPTH,1787842368371247,1787842368374415,1787842368428777,60
0,DEPTH,1787842368437907,1787842368441070,1787842368461987,61
0,DEPTH,1787842368471255,1787842368474415,1787842368495453,62
0,DEPTH,1787842368504580,1787842368507738,1787842368529028,63
0,DEPTH,1787842368537921,1787842368541076,1787842368562465,64
0,DEPTH,1787842368571248,1787842368574400,1787842368595468,65
0,DEPTH,1787842368571248,1787842368574400,1787842368628651,66
0,DEPTH,1787842368637921,1787842368641068,1787842368662252,67
0,DEPTH,1787842368671266,1787842368674411,1787842368695296,68
0,DEPTH,1787842368671266,1787842368674411,1787842368728766,69
0,DEPTH,1787842368737907,1787842368741046,1787842368762038,70
0,DEPTH,1787842368771254,1787842368774390,1787842368795646,71
0,DEPTH,1787842368771254,1787842368774390,1787842368828790,72
0,DEPTH,1787842368837924,1787842368841055,1787842368862043,73
0,DEPTH,1787842368871251,1787842368874380,1787842368895477,74
0,DEPTH,1787842368904584,1787842368907710,1787842368929147,75
0,DEPTH,1787842368937925,1787842368941048,1787842368962456,76
0,DEPTH,1787842368971251,1787842368974372,1787842368995385,77
0,DEPTH,1787842369004590,1787842369007708,1787842369028648,78
0,DEPTH,1787842369037946,1787842369041061,1787842369062272,79
0,DEPTH,1787842369071251,1787842369074364,1787842369095586,80
0,DEPTH,1787842369104584,1787842369107855,1787842369131476,81
0,DEPTH,1787842369137987,1787842369141256,1787842369162309,82
0,DEPTH,1787842369171452,1787842369174719,1787842369195724,83
0,DEPTH,1787842369171452,1787842369174719,1787842369229226,84
0,DEPTH,1787842369237926,1787842369241189,1787842369262212,85
0,DEPTH,1787842369271254,1787842369274515,1787842369295483,86
0,DEPTH,1787842369304587,1787842369307846,1787842369329521,87
0,DEPTH,1787842369337927,1787842369341185,1787842369362414,88
0,DEPTH,1787842369371261,1787842369374517,1787842369395618,89
0,DEPTH,1787842369404613,1787842369407867,1787842369428965,90
0,DEPTH,1787842369437921,1787842369441173,1787842369462054,91
0,DEPTH,1787842369471259,1787842369474509,1787842369495354,92
0,DEPTH,1787842369504587,1787842369507835,1787842369529148,93
0,DEPTH,1787842369537935,1787842369541181,1787842369562515,94
0,DEPTH,1787842369571256,1787842369574500,1787842369595508,95
0,DEPTH,1787842369604590,1787842369607832,1787842369628943,96
0,DEPTH,1787842369637927,1787842369641167,1787842369662417,97
0,DEPTH,1787842369671262,1787842369674500,1787842369695480,98
0,DEPTH,1787842369671262,1787842369674500,1787842369729138,99
0,DEPTH,1787842369737934,1787842369741168,1787842369762472,100
0,DEPTH,1787842369771259,1787842369774491,1787842369795701,101
0,DEPTH,1787842369804590,1787842369807820,1787842369828825,102
0,DEPTH,1787842369837927,1787842369841155,1787842369862467,103
0,DEPTH,1787842369871589,1787842369874816,1787842369895843,104
0,DEPTH,1787842369904595,1787842369907820,1787842369929220,105
0,DEPTH,1787842369937931,1787842369941154,1787842369962147,106
0,DEPTH,1787842369971265,1787842369974486,1787842369995744,107
0,DEPTH,1787842370005343,1787842370008562,1787842370029554,108
0,DEPTH,1787842370037928,1787842370041145,1787842370061976,109
0,DEPTH,1787842370071433,1787842370074648,1787842370095491,110
0,DEPTH,1787842370104597,1787842370107810,1787842370128778,111
0,DEPTH,1787842370138282,1787842370141778,1787842370162684,112
0,DEPTH,1787842370171268,1787842370174764,1787842370195593,113
0,DEPTH,1787842370204603,1787842370208098,1787842370228974,114
0,DEPTH,1787842370237946,1787842370241440,1787842370262178,115
0,DEPTH,1787842370271264,1787842370274757,1787842370295288,116
0,DEPTH,1787842370304600,1787842370308093,1787842370328758,117
0,DEPTH,1787842370337931,1787842370341423,1787842370362528,118
0,DEPTH,1787842370371267,1787842370374758,1787842370395868,119
0,DEPTH,1787842370404604,1787842370408094,1787842370428676,120
0,DEPTH,1787842370437939,1787842370441428,1787842370462394,121
0,DEPTH,1787842370471269,1787842370474757,1787842370495350,122
0,DEPTH,1787842370504598,1787842370508085,1787842370529014,123
0,DEPTH,1787842370538009,1787842370541496,1787842370562312,124
0,DEPTH,1787842370571269,1787842370574755,1787842370595794,125
0,DEPTH,1787842370604597,1787842370608082,1787842370628801,126
0,DEPTH,1787842370637941,1787842370641425,1787842370662026,127
0,DEPTH,1787842370671270,1787842370674753,1787842370695461,128
0,DEPTH,1787842370704693,1787842370708176,1787842370729099,129
0,DEPTH,1787842370738084,1787842370741566,1787842370762430,130
0,DEPTH,1787842370771265,1787842370774746,1787842370795536,131
0,DEPTH,1787842370804615,1787842370808095,1787842370828912,132
0,DEPTH,1787842370837933,1787842370841412,1787842370862769,133
0,DEPTH,1787842370871268,1787842370874747,1787842370895615,134
0,DEPTH,1787842370905228,1787842370908706,1787842370929338,135
0,DEPTH,1787842370937939,1787842370941416,1787842370962455,136
0,DEPTH,1787842370971275,1787842370974751,1787842370995949,137
0,DEPTH,1787842371004607,1787842371008082,1787842371029178,138
0,DEPTH,1787842371037940,1787842371041414,1787842371062279,139
0,DEPTH,1787842371071270,1787842371074743,1787842371095401,140
0,DEPTH,1787842371104604,1787842371108077,1787842371128593,141
0,DEPTH,1787842371137935,1787842371141504,1787842371162569,142
0,DEPTH,1787842371171269,1787842371174838,1787842371195526,143
0,DEPTH,1787842371204645,1787842371208213,1787842371228769,144
0,DEPTH,1787842371238231,1787842371241799,1787842371262491,145
0,DEPTH,1787842371271292,1787842371274859,1787842371295327,146
0,DEPTH,1787842371304607,1787842371308174,1787842371328713,147
0,DEPTH,1787842371337939,1787842371341505,1787842371362460,148
0,DEPTH,1787842371371271,1787842371374837,1787842371395500,149
0,DEPTH,1787842371404606,1787842371408171,1787842371428676,150
0,DEPTH,1787842371437939,1787842371441504,1787842371462032,151
0,DEPTH,1787842371471274,1787842371474838,1787842371495392,152
0,DEPTH,1787842371504606,1787842371508170,1787842371528647,153
0,DEPTH,1787842371537941,1787842371541504,1787842371562257,154
0,DEPTH,1787842371571277,1787842371574840,1787842371595631,155
0,DEPTH,1787842371604608,1787842371608170,1787842371629303,156
0,DEPTH,1787842371637944,1787842371641506,1787842371661998,157
0,DEPTH,1787842371671280,1787842371674842,1787842371695524,158
0,DEPTH,1787842371704610,1787842371708171,1787842371728633,159
0,DEPTH,1787842371737947,1787842371741507,1787842371762275,160
0,DEPTH,1787842371771279,1787842371774839,1787842371795383,161
0,DEPTH,1787842371804615,1787842371808175,1787842371829097,162
0,DEPTH,1787842371837950,1787842371841509,1787842371862166,163
0,DEPTH,1787842371871280,1787842371874839,1787842371895268,164
0,DEPTH,1787842371904608,1787842371908166,1787842371928841,165
0,DEPTH,1787842371937948,1787842371941506,1787842371961937,166
0,DEPTH,1787842371971277,1787842371974835,1787842371995446,167
0,DEPTH,1787842372004659,1787842372008216,1787842372028985,168
0,DEPTH,1787842372037973,1787842372041529,1787842372062104,169
0,DEPTH,1787842372071279,1787842372074835,1787842372095362,170
0,DEPTH,1787842372104626,1787842372108182,1787842372128697,171
0,DEPTH,1787842372137945,1787842372141500,1787842372162250,172
0,DEPTH,1787842372171281,1787842372174836,1787842372195337,173
0,DEPTH,1787842372204609,1787842372208163,1787842372228846,174
0,DEPTH,1787842372237949,1787842372241503,1787842372262270,175
0,DEPTH,1787842372271344,1787842372274897,1787842372295380,176
0,DEPTH,1787842372304630,1787842372308183,1787842372328683,177
0,DEPTH,1787842372337951,1787842372341503,1787842372362155,178
0,DEPTH,1787842372371614,1787842372375166,1787842372396059,179
0,DEPTH,1787842372404614,1787842372408165,1787842372428941,180
0,DEPTH,1787842372437955,1787842372441506,1787842372462044,181
0,DEPTH,1787842372471290,1787842372474840,1787842372495404,182
0,DEPTH,1787842372504615,1787842372508165,1787842372528690,183
0,DEPTH,1787842372538156,1787842372541706,1787842372562677,184
0,DEPTH,1787842372572085,1787842372575634,1787842372596311,185
0,DEPTH,1787842372604622,1787842372608171,1787842372628909,186
0,DEPTH,1787842372637952,1787842372641500,1787842372662267,187
0,DEPTH,1787842372671289,1787842372674837,1787842372695414,188
0,DEPTH,1787842372704617,1787842372708164,1787842372728807,189
0,DEPTH,1787842372737949,1787842372741496,1787842372762120,190
0,DEPTH,1787842372771284,1787842372774830,1787842372795331,191
0,DEPTH,1787842372804616,1787842372808162,1787842372828736,192
0,DEPTH,1787842372837950,1787842372841495,1787842372862206,193
0,DEPTH,1787842372871284,1787842372874829,1787842372895338,194
0,DEPTH,1787842372904618,1787842372908162,1787842372928606,195
0,DEPTH,1787842372937957,1787842372941501,1787842372961965,196
0,DEPTH,1787842372971285,1787842372974828,1787842372995404,197
0,DEPTH,1787842373004617,1787842373008160,1787842373028885,198
0,DEPTH,1787842373038063,1787842373041606,1787842373062181,199
0,DEPTH,1787842373071295,1787842373074837,1787842373095482,200
0,DEPTH,1787842373104622,1787842373108164,1787842373128795,201
0,DEPTH,1787842373138360,1787842373141901,1787842373162576,202
0,DEPTH,1787842373171290,1787842373174831,1787842373195861,203
0,DEPTH,1787842373204647,1787842373208187,1787842373229305,204
0,DEPTH,1787842373237961,1787842373241501,1787842373262037,205
0,DEPTH,1787842373271288,1787842373274827,1787842373295425,206
0,DEPTH,1787842373304621,1787842373308160,1787842373328796,207
0,DEPTH,1787842373337954,1787842373341492,1787842373362210,208
0,DEPTH,1787842373371290,1787842373374828,1787842373395544,209
0,DEPTH,1787842373404763,1787842373408300,1787842373428923,210
0,DEPTH,1787842373437955,1787842373441492,1787842373462106,211
0,DEPTH,1787842373471289,1787842373474826,1787842373495575,212
0,DEPTH,1787842373504623,1787842373508159,1787842373528823,213
0,DEPTH,1787842373537961,1787842373541497,1787842373562536,214
0,DEPTH,1787842373571298,1787842373574833,1787842373595559,215
0,DEPTH,1787842373604624,1787842373608158,1787842373628910,216
0,DEPTH,1787842373637956,1787842373641490,1787842373662850,217
0,DEPTH,1787842373671296,1787842373674830,1787842373695362,218
0,DEPTH,1787842373704625,1787842373708158,1787842373729072,219
0,DEPTH,1787842373737959,1787842373741492,1787842373762080,220
0,DEPTH,1787842373771295,1787842373774827,1787842373795877,221
0,DEPTH,1787842373804623,1787842373808155,1787842373828790,222
0,DEPTH,1787842373837959,1787842373841490,1787842373862147,223
0,DEPTH,1787842373871293,1787842373874824,1787842373895517,224
0,DEPTH,1787842373904630,1787842373908161,1787842373928905,225
0,DEPTH,1787842373937965,1787842373941495,1787842373962044,226
0,DEPTH,1787842373971294,1787842373974824,1787842373995757,227
0,DEPTH,1787842374004626,1787842374008155,1787842374029092,228
0,DEPTH,1787842374037961,1787842374041490,1787842374062236,229
0,DEPTH,1787842374071300,1787842374074828,1787842374095555,230
0,DEPTH,1787842374104627,1787842374108155,1787842374129025,231
0,DEPTH,1787842374137961,1787842374141488,1787842374162031,232
0,DEPTH,1787842374171295,1787842374174822,1787842374195739,233
0,DEPTH,1787842374204627,1787842374208153,1787842374229350,234
0,DEPTH,1787842374237968,1787842374241494,1787842374262749,235
0,DEPTH,1787842374271295,1787842374274820,1787842374295418,236
0,DEPTH,1787842374304630,1787842374308155,1787842374328766,237
0,DEPTH,1787842374337965,1787842374341490,1787842374362296,238
0,DEPTH,1787842374371303,1787842374374827,1787842374395444,239
0,DEPTH,1787842374404629,1787842374408152,1787842374428913,240
0,DEPTH,1787842374437970,1787842374441493,1787842374462330,241
0,DEPTH,1787842374471310,1787842374474833,1787842374495475,242
0,DEPTH,1787842374504646,1787842374508168,1787842374528739,243
0,DEPTH,1787842374537967,1787842374541489,1787842374562114,244
0,DEPTH,1787842374571298,1787842374574819,1787842374595472,245
0,DEPTH,1787842374604629,1787842374608150,1787842374629039,246
0,DEPTH,1787842374637972,1787842374641492,1787842374662466,247
0,DEPTH,1787842374671299,1787842374674819,1787842374695574,248
0,DEPTH,1787842374704634,1787842374708153,1787842374728909,249
0,DEPTH,1787842374737966,1787842374741485,1787842374762070,250
0,DEPTH,1787842374771305,1787842374774823,1787842374795680,251
0,DEPTH,1787842374804632,1787842374808150,1787842374829224,252
0,DEPTH,1787842374804632,1787842374808150,1787842374862321,253
0,DEPTH,1787842374871301,1787842374874818,1787842374895663,254
0,DEPTH,1787842374904641,1787842374908158,1787842374928821,255
0,DEPTH,1787842374937976,1787842374941492,1787842374962109,256
0,DEPTH,1787842374971311,1787842374974827,1787842374995542,257
0,DEPTH,1787842375004641,1787842375008156,1787842375029170,258
0,DEPTH,1787842375004641,1787842375008156,1787842375062361,259
0,DEPTH,1787842375071309,1787842375074823,1787842375095539,260
0,DEPTH,1787842375104661,1787842375108175,1787842375129331,261
0,DEPTH,1787842375137973,1787842375141486,1787842375162276,262
0,DEPTH,1787842375171305,1787842375174818,1787842375195416,263
0,DEPTH,1787842375204639,1787842375208151,1787842375228909,264
0,DEPTH,1787842375237977,1787842375241489,1787842375262304,265
0,DEPTH,1787842375271302,1787842375274813,1787842375295570,266
0,DEPTH,1787842375304645,1787842375308156,1787842375328758,267
0,DEPTH,1787842375337973,1787842375341483,1787842375362097,268
0,DEPTH,1787842375371307,1787842375374817,1787842375395513,269
0,DEPTH,1787842375404642,1787842375408152,1787842375428974,270
0,DEPTH,1787842375437972,1787842375441481,1787842375462334,271
0,DEPTH,1787842375471314,1787842375474823,1787842375495315,272
0,DEPTH,1787842375504641,1787842375508149,1787842375528662,273
0,DEPTH,1787842375537980,1787842375541488,1787842375562040,274
0,DEPTH,1787842375572112,1787842375575619,1787842375596173,275
0,DEPTH,1787842375604643,1787842375608150,1787842375628746,276
0,DEPTH,1787842375637975,1787842375641481,1787842375662151,277
0,DEPTH,1787842375671308,1787842375674814,1787842375695575,278
0,DEPTH,1787842375704648,1787842375708153,1787842375728668,279
0,DEPTH,1787842375737981,1787842375741486,1787842375761976,280
0,DEPTH,1787842375771313,1787842375774818,1787842375795302,281
0,DEPTH,1787842375804650,1787842375808154,1787842375828577,282
0,DEPTH,1787842375837979,1787842375841482,1787842375862432,283
0,DEPTH,1787842375871318,1787842375874821,1787842375895424,284
0,DEPTH,1787842375904645,1787842375908148,1787842375928699,285
0,DEPTH,1787842375937981,1787842375941483,1787842375962003,286
0,DEPTH,1787842375971310,1787842375974812,1787842375995349,287
0,DEPTH,1787842376004644,1787842376008145,1787842376028882,288
0,DEPTH,1787842376037983,1787842376041484,1787842376062115,289
0,DEPTH,1787842376071312,1787842376074812,1787842376095434,290
0,DEPTH,1787842376104644,1787842376108144,1787842376128746,291
0,DEPTH,1787842376137988,1787842376141487,1787842376162192,292
0,DEPTH,1787842376171317,1787842376174816,1787842376195263,293
0,DEPTH,1787842376204651,1787842376208150,1787842376228753,294
0,DEPTH,1787842376237980,1787842376241478,1787842376262258,295
0,DEPTH,1787842376271319,1787842376274817,1787842376295510,296
0,DEPTH,1787842376304646,1787842376308143,1787842376328761,297
0,DEPTH,1787842376337985,1787842376341482,1787842376362206,298
0,DEPTH,1787842376371315,1787842376374811,1787842376395319,299
0,DEPTH,1787842376404649,1787842376408145,1787842376428603,300
0,DEPTH,1787842376437987,1787842376441482,1787842376462182,301
0,DEPTH,1787842376471325,1787842376474820,1787842376495585,302
0,DEPTH,1787842376504657,1787842376508151,1787842376529032,303
0,DEPTH,1787842376537988,1787842376541482,1787842376562162,304
0,DEPTH,1787842376571315,1787842376574808,1787842376595262,305
0,DEPTH,1787842376604651,1787842376608144,1787842376628874,306
0,DEPTH,1787842376637982,1787842376641474,1787842376662307,307
0,DEPTH,1787842376671316,1787842376674808,1787842376695661,308
0,COLOR,1787842366704567,1787842366706637,1787842366724099,8
0,COLOR,1787842366737899,1787842366739959,1787842366757664,9
0,COLOR,1787842366771233,1787842366773283,1787842366790922,10
0,COLOR,1787842366804567,1787842366806608,1787842366824286,11
0,COLOR,1787842366837903,1787842366839934,1787842366857661,12
0,COLOR,1787842366871231,1787842366873252,1787842366890834,13
0,COLOR,1787842366904569,1787842366906580,1787842366924036,14
0,COLOR,1787842366937903,1787842366939904,1787842366957331,15
0,COLOR,1787842366971242,1787842366973233,1787842366990734,16
0,COLOR,1787842367004566,1787842367006547,1787842367023880,17
0,COLOR,1787842367037903,1787842367039874,1787842367057178,18
0,COLOR,1787842367071235,1787842367073196,1787842367090568,19
0,COLOR,1787842367104665,1787842367107385,1787842367126117,20
0,COLOR,1787842367137902,1787842367140616,1787842367157733,21
0,COLOR,1787842367171239,1787842367173947,1787842367190980,22
0,COLOR,1787842367204569,1787842367207272,1787842367224113,23
0,COLOR,1787842367237906,1787842367240603,1787842367257521,24
0,COLOR,1787842367271235,1787842367273926,1787842367291211,25
0,COLOR,1787842367304599,1787842367307285,1787842367323996,26
0,COLOR,1787842367338568,1787842367341248,1787842367357986,27
0,COLOR,1787842367371257,1787842367373931,1787842367390581,28
0,COLOR,1787842367404578,1787842367407246,1787842367424098,29
0,COLOR,1787842367438152,1787842367440814,1787842367457428,30
0,COLOR,1787842367471244,1787842367473901,1787842367490892,31
0,COLOR,1787842367504578,1787842367507229,1787842367524204,32
0,COLOR,1787842367537908,1787842367540553,1787842367557639,33
0,COLOR,1787842367571247,1787842367573887,1787842367590867,34
0,COLOR,1787842367604572,1787842367607206,1787842367623863,35
0,COLOR,1787842367637908,1787842367640536,1787842367657582,36
0,COLOR,1787842367671242,1787842367673864,1787842367690823,37
0,COLOR,1787842367704576,1787842367707193,1787842367724228,38
0,COLOR,1787842367737908,1787842367740519,1787842367757425,39
0,COLOR,1787842367771245,1787842367773850,1787842367790671,40
0,COLOR,1787842367804587,1787842367807186,1787842367824806,41
0,COLOR,1787842367838057,1787842367840651,1787842367857409,42
0,COLOR,1787842367871337,1787842367873925,1787842367890928,43
0,COLOR,1787842367904575,1787842367907157,1787842367924225,44
0,COLOR,1787842367937908,1787842367940485,1787842367957320,45
0,COLOR,1787842367971245,1787842367973816,1787842367990922,46
0,COLOR,1787842368004581,1787842368007146,1787842368024121,47
0,COLOR,1787842368037908,1787842368040467,1787842368057775,48
0,COLOR,1787842368037908,1787842368040467,1787842368090834,49
0,COLOR,1787842368104582,1787842368107771,1787842368124366,50
0,COLOR,1787842368137908,1787842368141095,1787842368157330,51
0,COLOR,1787842368171246,1787842368174430,1787842368190673,52
0,COLOR,1787842368204578,1787842368207760,1787842368224190,53
0,COLOR,1787842368237908,1787842368241087,1787842368257547,54
0,COLOR,1787842368271247,1787842368274423,1787842368290850,55
0,COLOR,1787842368304580,1787842368307754,1787842368324111,56
0,COLOR,1787842368337918,1787842368341089,1787842368357355,57
0,COLOR,1787842368371247,1787842368374415,1787842368390519,58
0,COLOR,1787842368404581,1787842368407747,1787842368424274,59
0,COLOR,1787842368437908,1787842368441071,1787842368457509,60
0,COLOR,1787842368471255,1787842368474415,1787842368490683,61
0,COLOR,1787842368504581,1787842368507739,1787842368524607,62
0,COLOR,1787842368537922,1787842368541077,1787842368557496,63
0,COLOR,1787842368571249,1787842368574401,1787842368590645,64
0,COLOR,1787842368604582,1787842368607732,1787842368624244,65
0,COLOR,1787842368637921,1787842368641068,1787842368657508,66
0,COLOR,1787842368671266,1787842368674411,1787842368690542,67
0,COLOR,1787842368704591,1787842368707733,1787842368724256,68
0,COLOR,1787842368737908,1787842368741047,1787842368757315,69
0,COLOR,1787842368771255,1787842368774392,1787842368790864,70
0,COLOR,1787842368804595,1787842368807729,1787842368823945,71
0,COLOR,1787842368837925,1787842368841056,1787842368857334,72
0,COLOR,1787842368871252,1787842368874381,1787842368890980,73
0,COLOR,1787842368904585,1787842368907711,1787842368924313,74
0,COLOR,1787842368937926,1787842368941049,1787842368957330,75
0,COLOR,1787842368971252,1787842368974373,1787842368991539,76
0,COLOR,1787842369004591,1787842369007709,1787842369024134,77
0,COLOR,1787842369037946,1787842369041061,1787842369057800,78
0,COLOR,1787842369071252,1787842369074365,1787842369090677,79
0,COLOR,1787842369104584,1787842369107694,1787842369123880,80
0,COLOR,1787842369137988,1787842369141257,1787842369157361,81
0,COLOR,1787842369171453,1787842369174720,1787842369190936,82
0,COLOR,1787842369204609,1787842369207874,1787842369224225,83
0,COLOR,1787842369237926,1787842369241189,1787842369257173,84
0,COLOR,1787842369271254,1787842369274515,1787842369290748,85
0,COLOR,1787842369304588,1787842369307848,1787842369324362,86
0,COLOR,1787842369337928,1787842369341186,1787842369357206,87
0,COLOR,1787842369371262,1787842369374518,1787842369390525,88
0,COLOR,1787842369404614,1787842369407867,1787842369424029,89
0,COLOR,1787842369437922,1787842369441174,1787842369457489,90
0,COLOR,1787842369471260,1787842369474510,1787842369490506,91
0,COLOR,1787842369504587,1787842369507835,1787842369524518,92
0,COLOR,1787842369537936,1787842369541182,1787842369557499,93
0,COLOR,1787842369571257,1787842369574501,1787842369591103,94
0,COLOR,1787842369604591,1787842369607833,1787842369624157,95
0,COLOR,1787842369637927,1787842369641167,1787842369657372,96
0,COLOR,1787842369671262,1787842369674500,1787842369690668,97
0,COLOR,1787842369704590,1787842369707826,1787842369724246,98
0,COLOR,1787842369737935,1787842369741169,1787842369757561,99
0,COLOR,1787842369771259,1787842369774491,1787842369791064,100
0,COLOR,1787842369804591,1787842369807821,1787842369824063,101
0,COLOR,1787842369837928,1787842369841156,1787842369857565,102
0,COLOR,1787842369871590,1787842369874816,1787842369891012,103
0,COLOR,1787842369904596,1787842369907821,1787842369924038,104
0,COLOR,1787842369937932,1787842369941155,1787842369957960,105
0,COLOR,1787842369971266,1787842369974487,1787842369991175,106
0,COLOR,1787842370005343,1787842370008562,1787842370024733,107
0,COLOR,1787842370037929,1787842370041146,1787842370057156,108
0,COLOR,1787842370071433,1787842370074648,1787842370091022,109
0,COLOR,1787842370104598,1787842370107811,1787842370124306,110
0,COLOR,1787842370138283,1787842370141779,1787842370157776,111
0,COLOR,1787842370171269,1787842370174765,1787842370191002,112
0,COLOR,1787842370204604,1787842370208099,1787842370224218,113
0,COLOR,1787842370237946,1787842370241440,1787842370257396,114
0,COLOR,1787842370271264,1787842370274757,1787842370290618,115
0,COLOR,1787842370304601,1787842370308094,1787842370324371,116
0,COLOR,1787842370337932,1787842370341424,1787842370357787,117
0,COLOR,1787842370371268,1787842370374759,1787842370390956,118
0,COLOR,1787842370404605,1787842370408095,1787842370424241,119
0,COLOR,1787842370437940,1787842370441429,1787842370457211,120
0,COLOR,1787842370471270,1787842370474758,1787842370490515,121
0,COLOR,1787842370504598,1787842370508085,1787842370524302,122
0,COLOR,1787842370538009,1787842370541496,1787842370557780,123
0,COLOR,1787842370571270,1787842370574756,1787842370591101,124
0,COLOR,1787842370604598,1787842370608083,1787842370624042,125
0,COLOR,1787842370637941,1787842370641425,1787842370657359,126
0,COLOR,1787842370671270,1787842370674753,1787842370690599,127
0,COLOR,1787842370704693,1787842370708176,1787842370724032,128
0,COLOR,1787842370738085,1787842370741567,1787842370757619,129
0,COLOR,1787842370771266,1787842370774747,1787842370791154,130
0,COLOR,1787842370804616,1787842370808096,1787842370823979,131
0,COLOR,1787842370837934,1787842370841413,1787842370857296,132
0,COLOR,1787842370871269,1787842370874748,1787842370890532,133
0,COLOR,1787842370905229,1787842370908707,1787842370924682,134
0,COLOR,1787842370937939,1787842370941416,1787842370957678,135
0,COLOR,1787842370971276,1787842370974752,1787842370991400,136
0,COLOR,1787842371004607,1787842371008082,1787842371023891,137
0,COLOR,1787842371037941,1787842371041415,1787842371057345,138
0,COLOR,1787842371071271,1787842371074745,1787842371090433,139
0,COLOR,1787842371104605,1787842371108078,1787842371123922,140
0,COLOR,1787842371137935,1787842371141504,1787842371157568,141
0,COLOR,1787842371171270,1787842371174838,1787842371191052,142
0,COLOR,1787842371204645,1787842371208213,1787842371224177,143
0,COLOR,1787842371238232,1787842371241800,1787842371257870,144
0,COLOR,1787842371271293,1787842371274860,1787842371290585,145
0,COLOR,1787842371304607,1787842371308174,1787842371324030,146
0,COLOR,1787842371337939,1787842371341505,1787842371357244,147
0,COLOR,1787842371371272,1787842371374838,1787842371390735,148
0,COLOR,1787842371404607,1787842371408172,1787842371424148,149
0,COLOR,1787842371437939,1787842371441504,1787842371457642,150
0,COLOR,1787842371471275,1787842371474839,1787842371490505,151
0,COLOR,1787842371504607,1787842371508171,1787842371524102,152
0,COLOR,1787842371537942,1787842371541505,1787842371557296,153
0,COLOR,1787842371571277,1787842371574840,1787842371590619,154
0,COLOR,1787842371604608,1787842371608170,1787842371624019,155
0,COLOR,1787842371637945,1787842371641507,1787842371657452,156
0,COLOR,1787842371671281,1787842371674843,1787842371690519,157
0,COLOR,1787842371704611,1787842371708172,1787842371723969,158
0,COLOR,1787842371737947,1787842371741507,1787842371757672,159
0,COLOR,1787842371771280,1787842371774840,1787842371791155,160
0,COLOR,1787842371804616,1787842371808176,1787842371824654,161
0,COLOR,1787842371837951,1787842371841510,1787842371857541,162
0,COLOR,1787842371871281,1787842371874840,1787842371890492,163
0,COLOR,1787842371904609,1787842371908167,1787842371924053,164
0,COLOR,1787842371937949,1787842371941507,1787842371957316,165
0,COLOR,1787842371971278,1787842371974835,1787842371990806,166
0,COLOR,1787842372004660,1787842372008217,1787842372024745,167
0,COLOR,1787842372037974,1787842372041531,1787842372057464,168
0,COLOR,1787842372071279,1787842372074835,1787842372090755,169
0,COLOR,1787842372104627,1787842372108183,1787842372124016,170
0,COLOR,1787842372137945,1787842372141500,1787842372157490,171
0,COLOR,1787842372171282,1787842372174837,1787842372191158,172
0,COLOR,1787842372204610,1787842372208164,1787842372224443,173
0,COLOR,1787842372237950,1787842372241504,1787842372257327,174
0,COLOR,1787842372271345,1787842372274898,1787842372290695,175
0,COLOR,1787842372304631,1787842372308184,1787842372324145,176
0,COLOR,1787842372337951,1787842372341503,1787842372357324,177
0,COLOR,1787842372371615,1787842372375167,1787842372391175,178
0,COLOR,1787842372404615,1787842372408166,1787842372424286,179
0,COLOR,1787842372437955,1787842372441506,1787842372457855,180
0,COLOR,1787842372471290,1787842372474840,1787842372490835,181
0,COLOR,1787842372504616,1787842372508166,1787842372523981,182
0,COLOR,1787842372538157,1787842372541707,1787842372557382,183
0,COLOR,1787842372572086,1787842372575635,1787842372591621,184
0,COLOR,1787842372604623,1787842372608172,1787842372624243,185
0,COLOR,1787842372637952,1787842372641500,1787842372657636,186
0,COLOR,1787842372671289,1787842372674837,1787842372690489,187
0,COLOR,1787842372704618,1787842372708165,1787842372723804,188
0,COLOR,1787842372737950,1787842372741497,1787842372757518,189
0,COLOR,1787842372771285,1787842372774831,1787842372791244,190
0,COLOR,1787842372804617,1787842372808163,1787842372824409,191
0,COLOR,1787842372837951,1787842372841496,1787842372857567,192
0,COLOR,1787842372871285,1787842372874830,1787842372890646,193
0,COLOR,1787842372904619,1787842372908163,1787842372924483,194
0,COLOR,1787842372937958,1787842372941502,1787842372957334,195
0,COLOR,1787842372971286,1787842372974830,1787842372990798,196
0,COLOR,1787842373004618,1787842373008161,1787842373024299,197
0,COLOR,1787842373038064,1787842373041607,1787842373057755,198
0,COLOR,1787842373071295,1787842373074837,1787842373090601,199
0,COLOR,1787842373104622,1787842373108164,1787842373123978,200
0,COLOR,1787842373138361,1787842373141902,1787842373157756,201
0,COLOR,1787842373171291,1787842373174831,1787842373190867,202
0,COLOR,1787842373204647,1787842373208187,1787842373224653,203
0,COLOR,1787842373237961,1787842373241501,1787842373257826,204
0,COLOR,1787842373271288,1787842373274827,1787842373290542,205
0,COLOR,1787842373304621,1787842373308160,1787842373323959,206
0,COLOR,1787842373337955,1787842373341493,1787842373357190,207
0,COLOR,1787842373371291,1787842373374829,1787842373390598,208
0,COLOR,1787842373404763,1787842373408300,1787842373423924,209
0,COLOR,1787842373437956,1787842373441493,1787842373457275,210
0,COLOR,1787842373471290,1787842373474827,1787842373490561,211
0,COLOR,1787842373504623,1787842373508159,1787842373523811,212
0,COLOR,1787842373537961,1787842373541497,1787842373557229,213
0,COLOR,1787842373571299,1787842373574834,1787842373590460,214
0,COLOR,1787842373571299,1787842373574834,1787842373623819,215
0,COLOR,1787842373637957,1787842373641491,1787842373657684,216
0,COLOR,1787842373671297,1787842373674831,1787842373690488,217
0,COLOR,1787842373704626,1787842373708159,1787842373723826,218
0,COLOR,1787842373737959,1787842373741492,1787842373757231,219
0,COLOR,1787842373771296,1787842373774828,1787842373790537,220
0,COLOR,1787842373804624,1787842373808156,1787842373824354,221
0,COLOR,1787842373837960,1787842373841491,1787842373857538,222
0,COLOR,1787842373871294,1787842373874825,1787842373890753,223
0,COLOR,1787842373904631,1787842373908162,1787842373924021,224
0,COLOR,1787842373937966,1787842373941496,1787842373957188,225
0,COLOR,1787842373971295,1787842373974825,1787842373990803,226
0,COLOR,1787842374004627,1787842374008156,1787842374023846,227
0,COLOR,1787842374037962,1787842374041491,1787842374057775,228
0,COLOR,1787842374071301,1787842374074829,1787842374090533,229
0,COLOR,1787842374104627,1787842374108155,1787842374123982,230
0,COLOR,1787842374137962,1787842374141489,1787842374157189,231
0,COLOR,1787842374171296,1787842374174823,1787842374190659,232
0,COLOR,1787842374204627,1787842374208153,1787842374224298,233
0,COLOR,1787842374237969,1787842374241495,1787842374257647,234
0,COLOR,1787842374271296,1787842374274821,1787842374290635,235
0,COLOR,1787842374304631,1787842374308156,1787842374323900,236
0,COLOR,1787842374337966,1787842374341491,1787842374357588,237
0,COLOR,1787842374371304,1787842374374828,1787842374390553,238
0,COLOR,1787842374404630,1787842374408154,1787842374424447,239
0,COLOR,1787842374437971,1787842374441494,1787842374457920,240
0,COLOR,1787842374471311,1787842374474834,1787842374490698,241
0,COLOR,1787842374504646,1787842374508168,1787842374524207,242
0,COLOR,1787842374537968,1787842374541490,1787842374557151,243
0,COLOR,1787842374571299,1787842374574820,1787842374590525,244
0,COLOR,1787842374604630,1787842374608151,1787842374624452,245
0,COLOR,1787842374637973,1787842374641493,1787842374657733,246
0,COLOR,1787842374671300,1787842374674820,1787842374690683,247
0,COLOR,1787842374704635,1787842374708154,1787842374724176,248
0,COLOR,1787842374737967,1787842374741486,1787842374757416,249
0,COLOR,1787842374771306,1787842374774824,1787842374790619,250
0,COLOR,1787842374804633,1787842374808151,1787842374824087,251
0,COLOR,1787842374837969,1787842374841487,1787842374857539,252
0,COLOR,1787842374871302,1787842374874819,1787842374891187,253
0,COLOR,1787842374904642,1787842374908159,1787842374923866,254
0,COLOR,1787842374937977,1787842374941493,1787842374957199,255
0,COLOR,1787842374971312,1787842374974828,1787842374990656,256
0,COLOR,1787842375004642,1787842375008157,1787842375024434,257
0,COLOR,1787842375037980,1787842375041495,1787842375057367,258
0,COLOR,1787842375071310,1787842375074824,1787842375090547,259
0,COLOR,1787842375104662,1787842375108176,1787842375123868,260
0,COLOR,1787842375137974,1787842375141487,1787842375157395,261
0,COLOR,1787842375171306,1787842375174819,1787842375190875,262
0,COLOR,1787842375204640,1787842375208152,1787842375224199,263
0,COLOR,1787842375237978,1787842375241490,1787842375257841,264
0,COLOR,1787842375271303,1787842375274814,1787842375290752,265
0,COLOR,1787842375304646,1787842375308157,1787842375323848,266
0,COLOR,1787842375337974,1787842375341485,1787842375357208,267
0,COLOR,1787842375371308,1787842375374818,1787842375390584,268
0,COLOR,1787842375404642,1787842375408152,1787842375424010,269
0,COLOR,1787842375437973,1787842375441482,1787842375457568,270
0,COLOR,1787842375471314,1787842375474823,1787842375490689,271
0,COLOR,1787842375504642,1787842375508150,1787842375524165,272
0,COLOR,1787842375537980,1787842375541488,1787842375557190,273
0,COLOR,1787842375572112,1787842375575619,1787842375591368,274
0,COLOR,1787842375604643,1787842375608150,1787842375624126,275
0,COLOR,1787842375637975,1787842375641481,1787842375657593,276
0,COLOR,1787842375671309,1787842375674815,1787842375690664,277
0,COLOR,1787842375704649,1787842375708154,1787842375724128,278
0,COLOR,1787842375737982,1787842375741487,1787842375757620,279
0,COLOR,1787842375771314,1787842375774818,1787842375790510,280
0,COLOR,1787842375804651,1787842375808155,1787842375823905,281
0,COLOR,1787842375837980,1787842375841484,1787842375858015,282
0,COLOR,1787842375871319,1787842375874822,1787842375891018,283
0,COLOR,1787842375904646,1787842375908149,1787842375924178,284
0,COLOR,1787842375937982,1787842375941484,1787842375957548,285
0,COLOR,1787842375971311,1787842375974813,1787842375990849,286
0,COLOR,1787842376004644,1787842376008145,1787842376023984,287
0,COLOR,1787842376037984,1787842376041485,1787842376057737,288
0,COLOR,1787842376071312,1787842376074812,1787842376090743,289
0,COLOR,1787842376104645,1787842376108145,1787842376124139,290
0,COLOR,1787842376137988,1787842376141487,1787842376157452,291
0,COLOR,1787842376171317,1787842376174816,1787842376190676,292
0,COLOR,1787842376204652,1787842376208151,1787842376223836,293
0,COLOR,1787842376237980,1787842376241478,1787842376257858,294
0,COLOR,1787842376271320,1787842376274818,1787842376290822,295
0,COLOR,1787842376304647,1787842376308144,1787842376323832,296
0,COLOR,1787842376337986,1787842376341483,1787842376357514,297
0,COLOR,1787842376371315,1787842376374811,1787842376390753,298
0,COLOR,1787842376404650,1787842376408146,1787842376423805,299
0,COLOR,1787842376437987,1787842376441482,1787842376458078,300
0,COLOR,1787842376471326,1787842376474821,1787842376490632,301
0,COLOR,1787842376504658,1787842376508152,1787842376524439,302
0,COLOR,1787842376537989,1787842376541483,1787842376557495,303
0,COLOR,1787842376571316,1787842376574809,1787842376590505,304
0,COLOR,1787842376604652,1787842376608145,1787842376624148,305
0,COLOR,1787842376637983,1787842376641475,1787842376657416,306
0,COLOR,1787842376671317,1787842376674809,1787842376691220,307
1,DEPTH,1787842366704428,1787842366705474,1787842366729116,9
1,DEPTH,1787842366737760,1787842366738792,1787842366762097,10
1,DEPTH,1787842366771094,1787842366772112,1787842366795354,11
1,DEPTH,1787842366804428,1787842366805431,1787842366828875,12
1,DEPTH,1787842366837763,1787842366838752,1787842366862355,13
1,DEPTH,1787842366871092,1787842366872067,1787842366895754,14
1,DEPTH,1787842366904429,1787842366905390,1787842366929109,15
1,DEPTH,1787842366937763,1787842366938710,1787842366962490,16
1,DEPTH,1787842366971102,1787842366972035,1787842366995857,17
1,DEPTH,1787842367004427,1787842367005345,1787842367028644,18
1,DEPTH,1787842367037763,1787842367038667,1787842367061966,19
1,DEPTH,1787842367071095,1787842367073421,1787842367095804,20
1,DEPTH,1787842367104525,1787842367106845,1787842367129188,21
1,DEPTH,1787842367137762,1787842367140076,1787842367162183,22
1,DEPTH,1787842367171100,1787842367173408,1787842367195642,23
1,DEPTH,1787842367204429,1787842367206731,1787842367229020,24
1,DEPTH,1787842367237766,1787842367240062,1787842367262305,25
1,DEPTH,1787842367271095,1787842367273386,1787842367295624,26
1,DEPTH,1787842367304459,1787842367306744,1787842367329366,27
1,DEPTH,1787842367338427,1787842367340706,1787842367363201,28
1,DEPTH,1787842367371117,1787842367373390,1787842367395600,29
1,DEPTH,1787842367404437,1787842367406704,1787842367428715,30
1,DEPTH,1787842367438012,1787842367440273,1787842367462185,31
1,DEPTH,1787842367471104,1787842367473359,1787842367495690,32
1,DEPTH,1787842367504437,1787842367506686,1787842367529097,33
1,DEPTH,1787842367537776,1787842367540020,1787842367562112,34
1,DEPTH,1787842367571106,1787842367573343,1787842367595492,35
1,DEPTH,1787842367604432,1787842367606664,1787842367628800,36
1,DEPTH,1787842367637767,1787842367639993,1787842367662022,37
1,DEPTH,1787842367671101,1787842367673321,1787842367695681,38
1,DEPTH,1787842367704435,1787842367706649,1787842367728759,39
1,DEPTH,1787842367737767,1787842367739975,1787842367761988,40
1,DEPTH,1787842367771104,1787842367773306,1787842367795363,41
1,DEPTH,1787842367804446,1787842367806642,1787842367828896,42
1,DEPTH,1787842367837916,1787842367840106,1787842367862394,43
1,DEPTH,1787842367871196,1787842367873380,1787842367895644,44
1,DEPTH,1787842367904433,1787842367906611,1787842367928959,45
1,DEPTH,1787842367937768,1787842367939940,1787842367962326,46
1,DEPTH,1787842367971103,1787842367973270,1787842367995405,47
1,DEPTH,1787842368004439,1787842368006600,1787842368029636,48
1,DEPTH,1787842368037769,1787842368039924,1787842368061980,49
1,DEPTH,1787842368071101,1787842368074106,1787842368095466,50
1,DEPTH,1787842368104441,1787842368107444,1787842368129354,51
1,DEPTH,1787842368137769,1787842368140771,1787842368162465,52
1,DEPTH,1787842368171105,1787842368174105,1787842368195799,53
1,DEPTH,1787842368204436,1787842368207435,1787842368228661,54
1,DEPTH,1787842368237771,1787842368240768,1787842368261968,55
1,DEPTH,1787842368271104,1787842368274099,1787842368295909,56
1,DEPTH,1787842368304438,1787842368307432,1787842368329083,57
1,DEPTH,1787842368337776,1787842368340768,1787842368362258,58
1,DEPTH,1787842368371105,1787842368374096,1787842368395376,59
1,DEPTH,1787842368404438,1787842368407427,1787842368428613,60
1,DEPTH,1787842368404438,1787842368407427,1787842368462228,61
1,DEPTH,1787842368471113,1787842368474099,1787842368495680,62
1,DEPTH,1787842368504438,1787842368507422,1787842368529346,63
1,DEPTH,1787842368537779,1787842368540762,1787842368562508,64
1,DEPTH,1787842368571107,1787842368574088,1787842368595526,65
1,DEPTH,1787842368604439,1787842368607419,1787842368628896,66
1,DEPTH,1787842368637779,1787842368640757,1787842368662032,67
1,DEPTH,1787842368671124,1787842368674101,1787842368695556,68
1,DEPTH,1787842368704448,1787842368707423,1787842368729335,69
1,DEPTH,1787842368737774,1787842368740748,1787842368762454,70
1,DEPTH,1787842368771112,1787842368774084,1787842368795513,71
1,DEPTH,1787842368804452,1787842368807422,1787842368828764,72
1,DEPTH,1787842368837782,1787842368840751,1787842368862025,73
1,DEPTH,1787842368871108,1787842368874075,1787842368895882,74
1,DEPTH,1787842368904442,1787842368907408,1787842368929065,75
1,DEPTH,1787842368937783,1787842368940747,1787842368962304,76
1,DEPTH,1787842368971109,1787842368974072,1787842368995251,77
1,DEPTH,1787842369004448,1787842369007409,1787842369029050,78
1,DEPTH,1787842369037803,1787842369040762,1787842369062087,79
1,DEPTH,1787842369071108,1787842369074354,1787842369095591,80
1,DEPTH,1787842369104441,1787842369107687,1787842369129080,81
1,DEPTH,1787842369137844,1787842369141089,1787842369162316,82
1,DEPTH,1787842369171309,1787842369174554,1787842369195781,83
1,DEPTH,1787842369204466,1787842369207711,1787842369228946,84
1,DEPTH,1787842369237783,1787842369241028,1787842369262198,85
1,DEPTH,1787842369271110,1787842369274354,1787842369295527,86
1,DEPTH,1787842369304444,1787842369307688,1787842369329276,87
1,DEPTH,1787842369337784,1787842369341028,1787842369362444,88
1,DEPTH,1787842369371118,1787842369374362,1787842369396288,89
1,DEPTH,1787842369404469,1787842369407712,1787842369429035,90
1,DEPTH,1787842369437778,1787842369441021,1787842369462566,91
1,DEPTH,1787842369471115,1787842369474358,1787842369495351,92
1,DEPTH,1787842369504443,1787842369507685,1787842369529083,93
1,DEPTH,1787842369537791,1787842369541033,1787842369562096,94
1,DEPTH,1787842369571112,1787842369574354,1787842369595343,95
1,DEPTH,1787842369604446,1787842369607688,1787842369628963,96
1,DEPTH,1787842369604446,1787842369607688,1787842369662386,97
1,DEPTH,1787842369671118,1787842369674359,1787842369695602,98
1,DEPTH,1787842369704445,1787842369707686,1787842369729145,99
1,DEPTH,1787842369737790,1787842369741031,1787842369762425,100
1,DEPTH,1787842369771114,1787842369774354,1787842369795928,101
1,DEPTH,1787842369804446,1787842369807686,1787842369828690,102
1,DEPTH,1787842369837783,1787842369841023,1787842369862010,103
1,DEPTH,1787842369871445,1787842369874685,1787842369895767,104
1,DEPTH,1787842369904451,1787842369907690,1787842369929359,105
1,DEPTH,1787842369937787,1787842369941026,1787842369962305,106
1,DEPTH,1787842369971120,1787842369974359,1787842369995530,107
1,DEPTH,1787842370005198,1787842370008436,1787842370029460,108
1,DEPTH,1787842370037783,1787842370041021,1787842370062002,109
1,DEPTH,1787842370071288,1787842370074804,1787842370095715,110
1,DEPTH,1787842370104452,1787842370107969,1787842370129048,111
1,DEPTH,1787842370138137,1787842370141655,1787842370162604,112
1,DEPTH,1787842370171123,1787842370174641,1787842370195815,113
1,DEPTH,1787842370204458,1787842370207977,1787842370228970,114
1,DEPTH,1787842370237800,1787842370241320,1787842370262202,115
1,DEPTH,1787842370271118,1787842370274639,1787842370295297,116
1,DEPTH,1787842370304455,1787842370307977,1787842370328767,117
1,DEPTH,1787842370337786,1787842370341309,1787842370362303,118
1,DEPTH,1787842370371122,1787842370374645,1787842370395795,119
1,DEPTH,1787842370404458,1787842370407983,1787842370428651,120
1,DEPTH,1787842370437793,1787842370441318,1787842370462010,121
1,DEPTH,1787842370471124,1787842370474650,1787842370495370,122
1,DEPTH,1787842370504452,1787842370507979,1787842370528828,123
1,DEPTH,1787842370537863,1787842370541391,1787842370562269,124
1,DEPTH,1787842370571123,1787842370574652,1787842370595633,125
1,DEPTH,1787842370604452,1787842370607982,1787842370628772,126
1,DEPTH,1787842370637795,1787842370641326,1787842370662200,127
1,DEPTH,1787842370671123,1787842370674655,1787842370695402,128
1,DEPTH,1787842370704547,1787842370708080,1787842370729432,129
1,DEPTH,1787842370737938,1787842370741471,1787842370762292,130
1,DEPTH,1787842370771119,1787842370774653,1787842370795426,131
1,DEPTH,1787842370804469,1787842370808004,1787842370828745,132
1,DEPTH,1787842370837787,1787842370841323,1787842370861981,133
1,DEPTH,1787842370871121,1787842370874658,1787842370895416,134
1,DEPTH,1787842370905081,1787842370908619,1787842370929510,135
1,DEPTH,1787842370937792,1787842370941331,1787842370962058,136
1,DEPTH,1787842370971129,1787842370974669,1787842370995442,137
1,DEPTH,1787842371004460,1787842371008000,1787842371029008,138
1,DEPTH,1787842371037793,1787842371041334,1787842371062331,139
1,DEPTH,1787842371071123,1787842371074643,1787842371095553,140
1,DEPTH,1787842371104457,1787842371107978,1787842371129187,141
1,DEPTH,1787842371137788,1787842371141310,1787842371162073,142
1,DEPTH,1787842371171122,1787842371174644,1787842371195399,143
1,DEPTH,1787842371204498,1787842371208021,1787842371228889,144
1,DEPTH,1787842371238084,1787842371241608,1787842371262545,145
1,DEPTH,1787842371271145,1787842371274670,1787842371295624,146
1,DEPTH,1787842371304459,1787842371307985,1787842371328827,147
1,DEPTH,1787842371337791,1787842371341318,1787842371362128,148
1,DEPTH,1787842371371124,1787842371374651,1787842371395800,149
1,DEPTH,1787842371404459,1787842371407987,1787842371428672,150
1,DEPTH,1787842371437791,1787842371441320,1787842371462130,151
1,DEPTH,1787842371471126,1787842371474656,1787842371495361,152
1,DEPTH,1787842371504459,1787842371507990,1787842371528819,153
1,DEPTH,1787842371537793,1787842371541324,1787842371562291,154
1,DEPTH,1787842371571129,1787842371574661,1787842371595631,155
1,DEPTH,1787842371604460,1787842371607993,1787842371629132,156
1,DEPTH,1787842371637796,1787842371641330,1787842371662035,157
1,DEPTH,1787842371671132,1787842371674666,1787842371695361,158
1,DEPTH,1787842371704462,1787842371707997,1787842371728982,159
1,DEPTH,1787842371737798,1787842371741334,1787842371762189,160
1,DEPTH,1787842371771131,1787842371774668,1787842371795521,161
1,DEPTH,1787842371804467,1787842371808005,1787842371829205,162
1,DEPTH,1787842371837802,1787842371841340,1787842371862029,163
1,DEPTH,1787842371871132,1787842371874671,1787842371895359,164
1,DEPTH,1787842371904459,1787842371907999,1787842371928729,165
1,DEPTH,1787842371937799,1787842371941340,1787842371962108,166
1,DEPTH,1787842371971128,1787842371974670,1787842371995501,167
1,DEPTH,1787842372004510,1787842372008052,1787842372029117,168
1,DEPTH,1787842372037824,1787842372041367,1787842372063378,169
1,DEPTH,1787842372071130,1787842372074674,1787842372095422,170
1,DEPTH,1787842372104477,1787842372108022,1787842372128950,171
1,DEPTH,1787842372137796,1787842372141342,1787842372161942,172
1,DEPTH,1787842372171133,1787842372174679,1787842372195550,173
1,DEPTH,1787842372204460,1787842372208007,1787842372228700,174
1,DEPTH,1787842372237800,1787842372241348,1787842372262179,175
1,DEPTH,1787842372271195,1787842372274744,1787842372295980,176
1,DEPTH,1787842372304481,1787842372308031,1787842372328943,177
1,DEPTH,1787842372337801,1787842372341351,1787842372362043,178
1,DEPTH,1787842372371464,1787842372375015,1787842372396093,179
1,DEPTH,1787842372404465,1787842372408017,1787842372428965,180
1,DEPTH,1787842372437805,1787842372441358,1787842372462110,181
1,DEPTH,1787842372471140,1787842372474694,1787842372495468,182
1,DEPTH,1787842372504465,1787842372508019,1787842372528863,183
1,DEPTH,1787842372538007,1787842372541562,1787842372562514,184
1,DEPTH,1787842372571936,1787842372575492,1787842372596284,185
1,DEPTH,1787842372604472,1787842372608029,1787842372628764,186
1,DEPTH,1787842372637802,1787842372641359,1787842372662300,187
1,DEPTH,1787842372671139,1787842372674697,1787842372695345,188
1,DEPTH,1787842372704467,1787842372708026,1787842372728727,189
1,DEPTH,1787842372737799,1787842372741359,1787842372762243,190
1,DEPTH,1787842372771134,1787842372774695,1787842372795393,191
1,DEPTH,1787842372804466,1787842372808027,1787842372828926,192
1,DEPTH,1787842372837800,1787842372841362,1787842372862439,193
1,DEPTH,1787842372871134,1787842372874697,1787842372895335,194
1,DEPTH,1787842372904468,1787842372908032,1787842372928930,195
1,DEPTH,1787842372937806,1787842372941371,1787842372961976,196
1,DEPTH,1787842372971134,1787842372974699,1787842372995780,197
1,DEPTH,1787842373004467,1787842373008033,1787842373028968,198
1,DEPTH,1787842373037912,1787842373041479,1787842373062216,199
1,DEPTH,1787842373071144,1787842373074712,1787842373095515,200
1,DEPTH,1787842373104471,1787842373108040,1787842373128848,201
1,DEPTH,1787842373138209,1787842373141778,1787842373162468,202
1,DEPTH,1787842373171139,1787842373174709,1787842373195768,203
1,DEPTH,1787842373204496,1787842373208067,1787842373229067,204
1,DEPTH,1787842373237810,1787842373241382,1787842373262073,205
1,DEPTH,1787842373271137,1787842373274709,1787842373295421,206
1,DEPTH,1787842373304469,1787842373308042,1787842373329364,207
1,DEPTH,1787842373337803,1787842373341377,1787842373362131,208
1,DEPTH,1787842373371139,1787842373374714,1787842373395548,209
1,DEPTH,1787842373404611,1787842373408187,1787842373429347,210
1,DEPTH,1787842373437803,1787842373441379,1787842373462103,211
1,DEPTH,1787842373471137,1787842373474714,1787842373496047,212
1,DEPTH,1787842373504471,1787842373508049,1787842373529372,213
1,DEPTH,1787842373537809,1787842373541388,1787842373562296,214
1,DEPTH,1787842373571146,1787842373574726,1787842373595390,215
1,DEPTH,1787842373604472,1787842373608053,1787842373628790,216
1,DEPTH,1787842373637804,1787842373641385,1787842373662492,217
1,DEPTH,1787842373671144,1787842373674726,1787842373695601,218
1,DEPTH,1787842373704473,1787842373708056,1787842373729063,219
1,DEPTH,1787842373737807,1787842373741391,1787842373762280,220
1,DEPTH,1787842373771143,1787842373774727,1787842373795359,221
1,DEPTH,1787842373804471,1787842373808056,1787842373828823,222
1,DEPTH,1787842373837807,1787842373841393,1787842373862152,223
1,DEPTH,1787842373871141,1787842373874728,1787842373895298,224
1,DEPTH,1787842373904477,1787842373908064,1787842373929322,225
1,DEPTH,1787842373937813,1787842373941401,1787842373961988,226
1,DEPTH,1787842373971142,1787842373974731,1787842373995339,227
1,DEPTH,1787842374004473,1787842374008063,1787842374028588,228
1,DEPTH,1787842374037809,1787842374041400,1787842374062187,229
1,DEPTH,1787842374071147,1787842374074739,1787842374095326,230
1,DEPTH,1787842374104474,1787842374108066,1787842374128907,231
1,DEPTH,1787842374137808,1787842374141401,1787842374161970,232
1,DEPTH,1787842374171142,1787842374174736,1787842374195462,233
1,DEPTH,1787842374204474,1787842374208069,1787842374229243,234
1,DEPTH,1787842374237815,1787842374241410,1787842374262005,235
1,DEPTH,1787842374271142,1787842374274738,1787842374295327,236
1,DEPTH,1787842374304476,1787842374308073,1787842374328742,237
1,DEPTH,1787842374337812,1787842374341410,1787842374362343,238
1,DEPTH,1787842374371149,1787842374374748,1787842374395645,239
1,DEPTH,1787842374404476,1787842374408075,1787842374429147,240
1,DEPTH,1787842374437817,1787842374441417,1787842374462146,241
1,DEPTH,1787842374471156,1787842374474757,1787842374496122,242
1,DEPTH,1787842374504492,1787842374508094,1787842374529775,243
1,DEPTH,1787842374537813,1787842374541416,1787842374562155,244
1,DEPTH,1787842374571145,1787842374574748,1787842374595326,245
1,DEPTH,1787842374604475,1787842374608079,1787842374629085,246
1,DEPTH,1787842374637818,1787842374641423,1787842374661957,247
1,DEPTH,1787842374671145,1787842374674751,1787842374695289,248
1,DEPTH,1787842374704480,1787842374708087,1787842374729154,249
1,DEPTH,1787842374737812,1787842374741419,1787842374762189,250
1,DEPTH,1787842374771151,1787842374774759,1787842374795664,251
1,DEPTH,1787842374804478,1787842374808087,1787842374828689,252
1,DEPTH,1787842374837813,1787842374841423,1787842374861986,253
1,DEPTH,1787842374871147,1787842374874758,1787842374895638,254
1,DEPTH,1787842374904487,1787842374908098,1787842374928922,255
1,DEPTH,1787842374937821,1787842374941433,1787842374962359,256
1,DEPTH,1787842374971157,1787842374974770,1787842374995419,257
1,DEPTH,1787842375004487,1787842375008101,1787842375029150,258
1,DEPTH,1787842375037825,1787842375041439,1787842375062015,259
1,DEPTH,1787842375071154,1787842375074769,1787842375095758,260
1,DEPTH,1787842375104506,1787842375108122,1787842375128665,261
1,DEPTH,1787842375137818,1787842375141435,1787842375162130,262
1,DEPTH,1787842375171150,1787842375174768,1787842375195641,263
1,DEPTH,1787842375204484,1787842375208103,1787842375228944,264
1,DEPTH,1787842375237822,1787842375241441,1787842375262502,265
1,DEPTH,1787842375271147,1787842375274767,1787842375295590,266
1,DEPTH,1787842375304490,1787842375308111,1787842375329405,267
1,DEPTH,1787842375337818,1787842375341440,1787842375362467,268
1,DEPTH,1787842375371151,1787842375374774,1787842375395507,269
1,DEPTH,1787842375404486,1787842375408109,1787842375428848,270
1,DEPTH,1787842375437816,1787842375441440,1787842375462329,271
1,DEPTH,1787842375471158,1787842375474783,1787842375495327,272
1,DEPTH,1787842375504485,1787842375508111,1787842375529350,273
1,DEPTH,1787842375537824,1787842375541450,1787842375562621,274
1,DEPTH,1787842375571956,1787842375575583,1787842375596657,275
1,DEPTH,1787842375604487,1787842375608115,1787842375628639,276
1,DEPTH,1787842375637819,1787842375641448,1787842375662397,277
1,DEPTH,1787842375671152,1787842375674782,1787842375696132,278
1,DEPTH,1787842375704492,1787842375708122,1787842375729406,279
1,DEPTH,1787842375737825,1787842375741456,1787842375762526,280
1,DEPTH,1787842375771157,1787842375774789,1787842375795514,281
1,DEPTH,1787842375804494,1787842375808127,1787842375829262,282
1,DEPTH,1787842375837823,1787842375841457,1787842375862280,283
1,DEPTH,1787842375871162,1787842375874796,1787842375895626,284
1,DEPTH,1787842375904489,1787842375908124,1787842375928760,285
1,DEPTH,1787842375937824,1787842375941460,1787842375962353,286
1,DEPTH,1787842375971153,1787842375974790,1787842375996254,287
1,DEPTH,1787842376004487,1787842376008124,1787842376029029,288
1,DEPTH,1787842376037825,1787842376041463,1787842376062269,289
1,DEPTH,1787842376071155,1787842376074794,1787842376095293,290
1,DEPTH,1787842376104487,1787842376108127,1787842376128853,291
1,DEPTH,1787842376137825,1787842376141466,1787842376162042,292
1,DEPTH,1787842376171159,1787842376174800,1787842376195463,293
1,DEPTH,1787842376204494,1787842376208136,1787842376228683,294
1,DEPTH,1787842376237822,1787842376241465,1787842376262423,295
1,DEPTH,1787842376271162,1787842376274806,1787842376295337,296
1,DEPTH,1787842376304489,1787842376308134,1787842376328984,297
1,DEPTH,1787842376337825,1787842376341470,1787842376362403,298
1,DEPTH,1787842376371157,1787842376374803,1787842376395573,299
1,DEPTH,1787842376404492,1787842376408139,1787842376429733,300
1,DEPTH,1787842376437825,1787842376441473,1787842376462500,301
1,DEPTH,1787842376471167,1787842376474816,1787842376495445,302
1,DEPTH,1787842376504499,1787842376508148,1787842376528755,303
1,DEPTH,1787842376537825,1787842376541475,1787842376562024,304
1,DEPTH,1787842376571157,1787842376574808,1787842376595371,305
1,DEPTH,1787842376604493,1787842376608145,1787842376628965,306
1,DEPTH,1787842376637824,1787842376641477,1787842376662099,307
1,DEPTH,1787842376671158,1787842376674811,1787842376695289,308
1,COLOR,1787842366704429,1787842366705475,1787842366724225,8
1,COLOR,1787842366737761,1787842366738793,1787842366757414,9
1,COLOR,1787842366771094,1787842366772112,1787842366790494,10
1,COLOR,1787842366804428,1787842366805431,1787842366824133,11
1,COLOR,1787842366837764,1787842366838753,1787842366857178,12
1,COLOR,1787842366871093,1787842366872068,1787842366890785,13
1,COLOR,1787842366904430,1787842366905391,1787842366924077,14
1,COLOR,1787842366937764,1787842366938711,1787842366957652,15
1,COLOR,1787842366971103,1787842366972036,1787842366990893,16
1,COLOR,1787842367004427,1787842367005345,1787842367023884,17
1,COLOR,1787842367037764,1787842367038668,1787842367057190,18
1,COLOR,1787842367071096,1787842367073422,1787842367090594,19
1,COLOR,1787842367104526,1787842367106846,1787842367123910,20
1,COLOR,1787842367137763,1787842367140077,1787842367157547,21
1,COLOR,1787842367171100,1787842367173408,1787842367190972,22
1,COLOR,1787842367204430,1787842367206733,1787842367223829,23
1,COLOR,1787842367237767,1787842367240063,1787842367257339,24
1,COLOR,1787842367271096,1787842367273387,1787842367290663,25
1,COLOR,1787842367304459,1787842367306744,1787842367324164,26
1,COLOR,1787842367338428,1787842367340707,1787842367358542,27
1,COLOR,1787842367371118,1787842367373391,1787842367390575,28
1,COLOR,1787842367404438,1787842367406705,1787842367424086,29
1,COLOR,1787842367438013,1787842367440274,1787842367457428,30
1,COLOR,1787842367471105,1787842367473360,1787842367490805,31
1,COLOR,1787842367504438,1787842367506687,1787842367524349,32
1,COLOR,1787842367537777,1787842367540020,1787842367557895,33
1,COLOR,1787842367571107,1787842367573345,1787842367590930,34
1,COLOR,1787842367604432,1787842367606664,1787842367623863,35
1,COLOR,1787842367637768,1787842367639994,1787842367657834,36
1,COLOR,1787842367671102,1787842367673322,1787842367690792,37
1,COLOR,1787842367704436,1787842367706650,1787842367724307,38
1,COLOR,1787842367737768,1787842367739976,1787842367757645,39
1,COLOR,1787842367771104,1787842367773306,1787842367790880,40
1,COLOR,1787842367804447,1787842367806643,1787842367824042,41
1,COLOR,1787842367837917,1787842367840107,1787842367857507,42
1,COLOR,1787842367871197,1787842367873381,1787842367890975,43
1,COLOR,1787842367904434,1787842367906612,1787842367924326,44
1,COLOR,1787842367937768,1787842367939940,1787842367957927,45
1,COLOR,1787842367971104,1787842367973271,1787842367990977,46
1,COLOR,1787842368004440,1787842368006601,1787842368024277,47
1,COLOR,1787842368037769,1787842368039924,1787842368057406,48
1,COLOR,1787842368071102,1787842368074107,1787842368090666,49
1,COLOR,1787842368104441,1787842368107444,1787842368124120,50
1,COLOR,1787842368137770,1787842368140772,1787842368157468,51
1,COLOR,1787842368171105,1787842368174105,1787842368190732,52
1,COLOR,1787842368204437,1787842368207436,1787842368223823,53
1,COLOR,1787842368237771,1787842368240768,1787842368257509,54
1,COLOR,1787842368271105,1787842368274100,1787842368290811,55
1,COLOR,1787842368304439,1787842368307433,1787842368324294,56
1,COLOR,1787842368337777,1787842368340769,1787842368357489,57
1,COLOR,1787842368371106,1787842368374097,1787842368390582,58
1,COLOR,1787842368404439,1787842368407428,1787842368424032,59
1,COLOR,1787842368437774,1787842368440762,1787842368457208,60
1,COLOR,1787842368471114,1787842368474100,1787842368490630,61
1,COLOR,1787842368504439,1787842368507423,1787842368524859,62
1,COLOR,1787842368537780,1787842368540763,1787842368557374,63
1,COLOR,1787842368571107,1787842368574088,1787842368590546,64
1,COLOR,1787842368604440,1787842368607420,1787842368624089,65
1,COLOR,1787842368637779,1787842368640757,1787842368657598,66
1,COLOR,1787842368671124,1787842368674101,1787842368690652,67
1,COLOR,1787842368704449,1787842368707424,1787842368724183,68
1,COLOR,1787842368737775,1787842368740749,1787842368757432,69
1,COLOR,1787842368771113,1787842368774085,1787842368790825,70
1,COLOR,1787842368804453,1787842368807423,1787842368823991,71
1,COLOR,1787842368837783,1787842368840752,1787842368857166,72
1,COLOR,1787842368871109,1787842368874076,1787842368890503,73
1,COLOR,1787842368904442,1787842368907408,1787842368924762,74
1,COLOR,1787842368937783,1787842368940747,1787842368957631,75
1,COLOR,1787842368971109,1787842368974072,1787842368991009,76
1,COLOR,1787842369004448,1787842369007409,1787842369024104,77
1,COLOR,1787842369037804,1787842369040763,1787842369057231,78
1,COLOR,1787842369071109,1787842369074355,1787842369090493,79
1,COLOR,1787842369104441,1787842369107687,1787842369124128,80
1,COLOR,1787842369137845,1787842369141090,1787842369157378,81
1,COLOR,1787842369171310,1787842369174555,1787842369190779,82
1,COLOR,1787842369204466,1787842369207711,1787842369224207,83
1,COLOR,1787842369237783,1787842369241028,1787842369257517,84
1,COLOR,1787842369271111,1787842369274355,1787842369291106,85
1,COLOR,1787842369304445,1787842369307689,1787842369324761,86
1,COLOR,1787842369337785,1787842369341029,1787842369357242,87
1,COLOR,1787842369371119,1787842369374363,1787842369390556,88
1,COLOR,1787842369404470,1787842369407713,1787842369423841,89
1,COLOR,1787842369437778,1787842369441021,1787842369457296,90
1,COLOR,1787842369471116,1787842369474359,1787842369490524,91
1,COLOR,1787842369504444,1787842369507686,1787842369524205,92
1,COLOR,1787842369537792,1787842369541034,1787842369557241,93
1,COLOR,1787842369571113,1787842369574355,1787842369590473,94
1,COLOR,1787842369604447,1787842369607689,1787842369623952,95
1,COLOR,1787842369637783,1787842369641024,1787842369657456,96
1,COLOR,1787842369671118,1787842369674359,1787842369690680,97
1,COLOR,1787842369704446,1787842369707687,1787842369724323,98
1,COLOR,1787842369737791,1787842369741032,1787842369757328,99
1,COLOR,1787842369771115,1787842369774355,1787842369790606,100
1,COLOR,1787842369804447,1787842369807687,1787842369823989,101
1,COLOR,1787842369837783,1787842369841023,1787842369857248,102
1,COLOR,1787842369871445,1787842369874685,1787842369890814,103
1,COLOR,1787842369904451,1787842369907690,1787842369924099,104
1,COLOR,1787842369937787,1787842369941026,1787842369957766,105
1,COLOR,1787842369971121,1787842369974360,1787842369990677,106
1,COLOR,1787842370005198,1787842370008436,1787842370024629,107
1,COLOR,1787842370037784,1787842370041022,1787842370057277,108
1,COLOR,1787842370071288,1787842370074804,1787842370091027,109
1,COLOR,1787842370104453,1787842370107970,1787842370124302,110
1,COLOR,1787842370138138,1787842370141656,1787842370157614,111
1,COLOR,1787842370171124,1787842370174642,1787842370190964,112
1,COLOR,1787842370204459,1787842370207978,1787842370224176,113
1,COLOR,1787842370237801,1787842370241321,1787842370257346,114
1,COLOR,1787842370271119,1787842370274640,1787842370291015,115
1,COLOR,1787842370304455,1787842370307977,1787842370324481,116
1,COLOR,1787842370337786,1787842370341309,1787842370357914,117
1,COLOR,1787842370371122,1787842370374645,1787842370390965,118
1,COLOR,1787842370404459,1787842370407984,1787842370423873,119
1,COLOR,1787842370437794,1787842370441319,1787842370457718,120
1,COLOR,1787842370471124,1787842370474650,1787842370490892,121
1,COLOR,1787842370504452,1787842370507979,1787842370524100,122
1,COLOR,1787842370537864,1787842370541392,1787842370557685,123
1,COLOR,1787842370571124,1787842370574653,1787842370590677,124
1,COLOR,1787842370604452,1787842370607982,1787842370623921,125
1,COLOR,1787842370637795,1787842370641326,1787842370657282,126
1,COLOR,1787842370671124,1787842370674656,1787842370690488,127
1,COLOR,1787842370704547,1787842370708080,1787842370723985,128
1,COLOR,1787842370737939,1787842370741472,1787842370757413,129
1,COLOR,1787842370771119,1787842370774653,1787842370790642,130
1,COLOR,1787842370804470,1787842370808005,1787842370824023,131
1,COLOR,1787842370837787,1787842370841323,1787842370857326,132
1,COLOR,1787842370871122,1787842370874659,1787842370890994,133
1,COLOR,1787842370905082,1787842370908620,1787842370924817,134
1,COLOR,1787842370937793,1787842370941332,1787842370957343,135
1,COLOR,1787842370971129,1787842370974669,1787842370990752,136
1,COLOR,1787842371004461,1787842371008001,1787842371024357,137
1,COLOR,1787842371037794,1787842371041335,1787842371057323,138
1,COLOR,1787842371071124,1787842371074644,1787842371090527,139
1,COLOR,1787842371104458,1787842371107979,1787842371124151,140
1,COLOR,1787842371137788,1787842371141310,1787842371157242,141
1,COLOR,1787842371137788,1787842371141310,1787842371190511,142
1,COLOR,1787842371204498,1787842371208021,1787842371223905,143
1,COLOR,1787842371238084,1787842371241608,1787842371257876,144
1,COLOR,1787842371271145,1787842371274670,1787842371290989,145
1,COLOR,1787842371304460,1787842371307986,1787842371324318,146
1,COLOR,1787842371337792,1787842371341319,1787842371357567,147
1,COLOR,1787842371371125,1787842371374652,1787842371391221,148
1,COLOR,1787842371404459,1787842371407987,1787842371424476,149
1,COLOR,1787842371437792,1787842371441321,1787842371457385,150
1,COLOR,1787842371471127,1787842371474657,1787842371490890,151
1,COLOR,1787842371504459,1787842371507990,1787842371524340,152
1,COLOR,1787842371537794,1787842371541325,1787842371557268,153
1,COLOR,1787842371571129,1787842371574661,1787842371590608,154
1,COLOR,1787842371604460,1787842371607993,1787842371624237,155
1,COLOR,1787842371637797,1787842371641331,1787842371657384,156
1,COLOR,1787842371671133,1787842371674667,1787842371690519,157
1,COLOR,1787842371704463,1787842371707998,1787842371724229,158
1,COLOR,1787842371737799,1787842371741335,1787842371757523,159
1,COLOR,1787842371771132,1787842371774669,1787842371791155,160
1,COLOR,1787842371804468,1787842371808006,1787842371824171,161
1,COLOR,1787842371837802,1787842371841340,1787842371857201,162
1,COLOR,1787842371871132,1787842371874671,1787842371890599,163
1,COLOR,1787842371904460,1787842371908000,1787842371924156,164
1,COLOR,1787842371937800,1787842371941341,1787842371957679,165
1,COLOR,1787842371971129,1787842371974671,1787842371990787,166
1,COLOR,1787842372004511,1787842372008053,1787842372024206,167
1,COLOR,1787842372037825,1787842372041368,1787842372057252,168
1,COLOR,1787842372071131,1787842372074675,1787842372090718,169
1,COLOR,1787842372104478,1787842372108023,1787842372124202,170
1,COLOR,1787842372137796,1787842372141342,1787842372157505,171
1,COLOR,1787842372171133,1787842372174679,1787842372191027,172
1,COLOR,1787842372204461,1787842372208008,1787842372224225,173
1,COLOR,1787842372237801,1787842372241349,1787842372257203,174
1,COLOR,1787842372271195,1787842372274744,1787842372290637,175
1,COLOR,1787842372304482,1787842372308031,1787842372324209,176
1,COLOR,1787842372337802,1787842372341352,1787842372357283,177
1,COLOR,1787842372371465,1787842372375016,1787842372391233,178
1,COLOR,1787842372404466,1787842372408018,1787842372424276,179
1,COLOR,1787842372437806,1787842372441359,1787842372457578,180
1,COLOR,1787842372471141,1787842372474695,1787842372490540,181
1,COLOR,1787842372504466,1787842372508020,1787842372524265,182
1,COLOR,1787842372538007,1787842372541562,1787842372557507,183
1,COLOR,1787842372571936,1787842372575492,1787842372591427,184
1,COLOR,1787842372604473,1787842372608030,1787842372623987,185
1,COLOR,1787842372637802,1787842372641359,1787842372657959,186
1,COLOR,1787842372671139,1787842372674697,1787842372690649,187
1,COLOR,1787842372704468,1787842372708027,1787842372724010,188
1,COLOR,1787842372737800,1787842372741360,1787842372757164,189
1,COLOR,1787842372771134,1787842372774695,1787842372790512,190
1,COLOR,1787842372804467,1787842372808028,1787842372823835,191
1,COLOR,1787842372837800,1787842372841362,1787842372857211,192
1,COLOR,1787842372871135,1787842372874698,1787842372890500,193
1,COLOR,1787842372904469,1787842372908033,1787842372924000,194
1,COLOR,1787842372937807,1787842372941372,1787842372957211,195
1,COLOR,1787842372971135,1787842372974700,1787842372990433,196
1,COLOR,1787842373004467,1787842373008033,1787842373023993,197
1,COLOR,1787842373037913,1787842373041480,1787842373057389,198
1,COLOR,1787842373071145,1787842373074713,1787842373090974,199
1,COLOR,1787842373104471,1787842373108040,1787842373124269,200
1,COLOR,1787842373138209,1787842373141778,1787842373157672,201
1,COLOR,1787842373171140,1787842373174710,1787842373190688,202
1,COLOR,1787842373204496,1787842373208067,1787842373224488,203
1,COLOR,1787842373237810,1787842373241382,1787842373257294,204
1,COLOR,1787842373271137,1787842373274709,1787842373291064,205
1,COLOR,1787842373304470,1787842373308043,1787842373323836,206
1,COLOR,1787842373337804,1787842373341378,1787842373357335,207
1,COLOR,1787842373371140,1787842373374715,1787842373391570,208
1,COLOR,1787842373404612,1787842373408188,1787842373424441,209
1,COLOR,1787842373437804,1787842373441380,1787842373457561,210
1,COLOR,1787842373471138,1787842373474715,1787842373490780,211
1,COLOR,1787842373504472,1787842373508050,1787842373524141,212
1,COLOR,1787842373537810,1787842373541389,1787842373557190,213
1,COLOR,1787842373571147,1787842373574727,1787842373590567,214
1,COLOR,1787842373604473,1787842373608054,1787842373624324,215
1,COLOR,1787842373637805,1787842373641386,1787842373657930,216
1,COLOR,1787842373671145,1787842373674727,1787842373690681,217
1,COLOR,1787842373704474,1787842373708057,1787842373724270,218
1,COLOR,1787842373737807,1787842373741391,1787842373757288,219
1,COLOR,1787842373771144,1787842373774728,1787842373791480,220
1,COLOR,1787842373804472,1787842373808057,1787842373824339,221
1,COLOR,1787842373837807,1787842373841393,1787842373857386,222
1,COLOR,1787842373871142,1787842373874729,1787842373890611,223
1,COLOR,1787842373904478,1787842373908066,1787842373924081,224
1,COLOR,1787842373937813,1787842373941401,1787842373957182,225
1,COLOR,1787842373971142,1787842373974731,1787842373990677,226
1,COLOR,1787842374004474,1787842374008064,1787842374023810,227
1,COLOR,1787842374037809,1787842374041400,1787842374057627,228
1,COLOR,1787842374071148,1787842374074740,1787842374090701,229
1,COLOR,1787842374104475,1787842374108067,1787842374124507,230
1,COLOR,1787842374137809,1787842374141402,1787842374157347,231
1,COLOR,1787842374171143,1787842374174737,1787842374190936,232
1,COLOR,1787842374204474,1787842374208069,1787842374224475,233
1,COLOR,1787842374237816,1787842374241412,1787842374257322,234
1,COLOR,1787842374271143,1787842374274739,1787842374290750,235
1,COLOR,1787842374304477,1787842374308074,1787842374323900,236
1,COLOR,1787842374337813,1787842374341411,1787842374357601,237
1,COLOR,1787842374371150,1787842374374749,1787842374390727,238
1,COLOR,1787842374404477,1787842374408076,1787842374424064,239
1,COLOR,1787842374437817,1787842374441417,1787842374457296,240
1,COLOR,1787842374471157,1787842374474758,1787842374491421,241
1,COLOR,1787842374504493,1787842374508095,1787842374524415,242
1,COLOR,1787842374537814,1787842374541417,1787842374557338,243
1,COLOR,1787842374571145,1787842374574748,1787842374590526,244
1,COLOR,1787842374604476,1787842374608080,1787842374624082,245
1,COLOR,1787842374637819,1787842374641424,1787842374657398,246
1,COLOR,1787842374671145,1787842374674751,1787842374690518,247
1,COLOR,1787842374704481,1787842374708088,1787842374723845,248
1,COLOR,1787842374737813,1787842374741420,1787842374757610,249
1,COLOR,1787842374771151,1787842374774759,1787842374791349,250
1,COLOR,1787842374804479,1787842374808088,1787842374823964,251
1,COLOR,1787842374837814,1787842374841424,1787842374857339,252
1,COLOR,1787842374871148,1787842374874759,1787842374891180,253
1,COLOR,1787842374904488,1787842374908099,1787842374923899,254
1,COLOR,1787842374937822,1787842374941434,1787842374957197,255
1,COLOR,1787842374971157,1787842374974770,1787842374990610,256
1,COLOR,1787842375004487,1787842375008101,1787842375024307,257
1,COLOR,1787842375037826,1787842375041440,1787842375057378,258
1,COLOR,1787842375071155,1787842375074770,1787842375090771,259
1,COLOR,1787842375104507,1787842375108123,1787842375124350,260
1,COLOR,1787842375137819,1787842375141436,1787842375157195,261
1,COLOR,1787842375171151,1787842375174769,1787842375190675,262
1,COLOR,1787842375204485,1787842375208104,1787842375224661,263
1,COLOR,1787842375237823,1787842375241442,1787842375257277,264
1,COLOR,1787842375271148,1787842375274768,1787842375291147,265
1,COLOR,1787842375304490,1787842375308111,1787842375324063,266
1,COLOR,1787842375337819,1787842375341441,1787842375357767,267
1,COLOR,1787842375371152,1787842375374774,1787842375390629,268
1,COLOR,1787842375404487,1787842375408110,1787842375424529,269
1,COLOR,1787842375437817,1787842375441441,1787842375457935,270
1,COLOR,1787842375471159,1787842375474784,1787842375490726,271
1,COLOR,1787842375504486,1787842375508111,1787842375524421,272
1,COLOR,1787842375537825,1787842375541451,1787842375557293,273
1,COLOR,1787842375571956,1787842375575583,1787842375591670,274
1,COLOR,1787842375604487,1787842375608115,1787842375623802,275
1,COLOR,1787842375637819,1787842375641448,1787842375657409,276
1,COLOR,1787842375671153,1787842375674782,1787842375690464,277
1,COLOR,1787842375704493,1787842375708124,1787842375723987,278
1,COLOR,1787842375737825,1787842375741456,1787842375757350,279
1,COLOR,1787842375771158,1787842375774790,1787842375790643,280
1,COLOR,1787842375804495,1787842375808128,1787842375824091,281
1,COLOR,1787842375837824,1787842375841458,1787842375858074,282
1,COLOR,1787842375871163,1787842375874797,1787842375890997,283
1,COLOR,1787842375904489,1787842375908124,1787842375923967,284
1,COLOR,1787842375937825,1787842375941461,1787842375957536,285
1,COLOR,1787842375971154,1787842375974791,1787842375990987,286
1,COLOR,1787842376004488,1787842376008126,1787842376023908,287
1,COLOR,1787842376037826,1787842376041464,1787842376057434,288
1,COLOR,1787842376071156,1787842376074795,1787842376090679,289
1,COLOR,1787842376104488,1787842376108128,1787842376124215,290
1,COLOR,1787842376137826,1787842376141467,1787842376157508,291
1,COLOR,1787842376171160,1787842376174802,1787842376190683,292
1,COLOR,1787842376204495,1787842376208137,1787842376223953,293
1,COLOR,1787842376237823,1787842376241466,1787842376257955,294
1,COLOR,1787842376271162,1787842376274806,1787842376291057,295
1,COLOR,1787842376304490,1787842376308135,1787842376323848,296
1,COLOR,1787842376337826,1787842376341471,1787842376357192,297
1,COLOR,1787842376371158,1787842376374804,1787842376390524,298
1,COLOR,1787842376404492,1787842376408139,1787842376424121,299
1,COLOR,1787842376437826,1787842376441474,1787842376457766,300
1,COLOR,1787842376471168,1787842376474817,1787842376490753,301
1,COLOR,1787842376504500,1787842376508149,1787842376524182,302
1,COLOR,1787842376537826,1787842376541476,1787842376557488,303
1,COLOR,1787842376571158,1787842376574809,1787842376590522,304
1,COLOR,1787842376604494,1787842376608146,1787842376624691,305
1,COLOR,1787842376637824,1787842376641477,1787842376657857,306
1,COLOR,1787842376671159,1787842376674812,1787842376691496,307
2,DEPTH,1787842366708939,1787842366707771,1787842366727056,9
2,DEPTH,1787842366742272,1787842366741102,1787842366760397,10
2,DEPTH,1787842366775606,1787842366774434,1787842366793698,11
2,DEPTH,1787842366808940,1787842366807766,1787842366827118,12
2,DEPTH,1787842366842276,1787842366841100,1787842366860496,13
2,DEPTH,1787842366875605,1787842366874427,1787842366893913,14
2,DEPTH,1787842366908942,1787842366907762,1787842366927367,15
2,DEPTH,1787842366942277,1787842366941095,1787842366960479,16
2,DEPTH,1787842366975616,1787842366974432,1787842366993912,17
2,DEPTH,1787842367008941,1787842367007755,1787842367027264,18
2,DEPTH,1787842367042278,1787842367041090,1787842367060780,19
2,DEPTH,1787842367042278,1787842367041090,1787842367093941,20
2,DEPTH,1787842367109040,1787842367107848,1787842367127351,21
2,DEPTH,1787842367142278,1787842367141084,1787842367160647,22
2,DEPTH,1787842367175615,1787842367174419,1787842367193749,23
2,DEPTH,1787842367208945,1787842367207746,1787842367227178,24
2,DEPTH,1787842367242283,1787842367241083,1787842367260595,25
2,DEPTH,1787842367275612,1787842367274409,1787842367293919,26
2,DEPTH,1787842367308976,1787842367307772,1787842367327445,27
2,DEPTH,1787842367342944,1787842367341738,1787842367361580,28
2,DEPTH,1787842367375634,1787842367374426,1787842367393768,29
2,DEPTH,1787842367408955,1787842367407781,1787842367427094,30
2,DEPTH,1787842367442530,1787842367441354,1787842367460786,31
2,DEPTH,1787842367475622,1787842367474444,1787842367494088,32
2,DEPTH,1787842367508956,1787842367507776,1787842367527159,33
2,DEPTH,1787842367542295,1787842367541114,1787842367560743,34
2,DEPTH,1787842367575625,1787842367574442,1787842367593929,35
2,DEPTH,1787842367608951,1787842367607766,1787842367627093,36
2,DEPTH,1787842367642287,1787842367641100,1787842367660447,37
2,DEPTH,1787842367675621,1787842367674432,1787842367693870,38
2,DEPTH,1787842367708955,1787842367707764,1787842367727475,39
2,DEPTH,1787842367742288,1787842367741096,1787842367760734,40
2,DEPTH,1787842367775625,1787842367774431,1787842367794236,41
2,DEPTH,1787842367808967,1787842367807771,1787842367827372,42
2,DEPTH,1787842367842438,1787842367841240,1787842367860516,43
2,DEPTH,1787842367875718,1787842367874518,1787842367893794,44
2,DEPTH,1787842367908955,1787842367907754,1787842367927462,45
2,DEPTH,1787842367942290,1787842367941087,1787842367961104,46
2,DEPTH,1787842367975626,1787842367974421,1787842367993966,47
2,DEPTH,1787842368008963,1787842368007756,1787842368027132,48
2,DEPTH,1787842368042292,1787842368041084,1787842368060425,49
2,DEPTH,1787842368075625,1787842368074415,1787842368093842,50
2,DEPTH,1787842368108965,1787842368107753,1787842368127394,51
2,DEPTH,1787842368142293,1787842368141079,1787842368160853,52
2,DEPTH,1787842368175629,1787842368174413,1787842368193885,53
2,DEPTH,1787842368208961,1787842368207743,1787842368227144,54
2,DEPTH,1787842368242296,1787842368241077,1787842368260396,55
2,DEPTH,1787842368275630,1787842368274409,1787842368293804,56
2,DEPTH,1787842368308964,1787842368307741,1787842368327083,57
2,DEPTH,1787842368342302,1787842368341077,1787842368360858,58
2,DEPTH,1787842368375631,1787842368374405,1787842368393883,59
2,DEPTH,1787842368408965,1787842368407917,1787842368427115,60
2,DEPTH,1787842368442300,1787842368441251,1787842368460568,61
2,DEPTH,1787842368475640,1787842368474590,1787842368494206,62
2,DEPTH,1787842368508966,1787842368507915,1787842368527263,63
2,DEPTH,1787842368542307,1787842368541256,1787842368560833,64
2,DEPTH,1787842368575635,1787842368574583,1787842368594170,65
2,DEPTH,1787842368608968,1787842368607915,1787842368627186,66
2,DEPTH,1787842368642307,1787842368641253,1787842368660593,67
2,DEPTH,1787842368675653,1787842368674598,1787842368693778,68
2,DEPTH,1787842368708978,1787842368707922,1787842368727236,69
2,DEPTH,1787842368742304,1787842368741247,1787842368760750,70
2,DEPTH,1787842368775642,1787842368774585,1787842368793801,71
2,DEPTH,1787842368808982,1787842368807924,1787842368827090,72
2,DEPTH,1787842368842312,1787842368841253,1787842368860474,73
2,DEPTH,1787842368875639,1787842368874579,1787842368893762,74
2,DEPTH,1787842368908972,1787842368907911,1787842368927569,75
2,DEPTH,1787842368942314,1787842368941252,1787842368960888,76
2,DEPTH,1787842368975640,1787842368974577,1787842368993992,77
2,DEPTH,1787842369008979,1787842369007915,1787842369027268,78
2,DEPTH,1787842369042335,1787842369041270,1787842369060669,79
2,DEPTH,1787842369075641,1787842369074576,1787842369093821,80
2,DEPTH,1787842369108974,1787842369107908,1787842369127376,81
2,DEPTH,1787842369142377,1787842369141310,1787842369160854,82
2,DEPTH,1787842369175843,1787842369174775,1787842369194237,83
2,DEPTH,1787842369208999,1787842369207930,1787842369227050,84
2,DEPTH,1787842369242316,1787842369241246,1787842369260627,85
2,DEPTH,1787842369275645,1787842369274574,1787842369293980,86
2,DEPTH,1787842369308979,1787842369307907,1787842369327385,87
2,DEPTH,1787842369342319,1787842369341247,1787842369360854,88
2,DEPTH,1787842369375653,1787842369374580,1787842369394200,89
2,DEPTH,1787842369409005,1787842369408250,1787842369427443,90
2,DEPTH,1787842369409005,1787842369408250,1787842369460680,91
2,DEPTH,1787842369475651,1787842369474897,1787842369494088,92
2,DEPTH,1787842369508979,1787842369508226,1787842369527353,93
2,DEPTH,1787842369542328,1787842369541576,1787842369560813,94
2,DEPTH,1787842369575649,1787842369574897,1787842369594396,95
2,DEPTH,1787842369575649,1787842369574897,1787842369627476,96
2,DEPTH,1787842369642320,1787842369641569,1787842369660886,97
2,DEPTH,1787842369675655,1787842369674905,1787842369694193,98
2,DEPTH,1787842369708983,1787842369708234,1787842369727140,99
2,DEPTH,1787842369742329,1787842369741580,1787842369760936,100
2,DEPTH,1787842369775653,1787842369774905,1787842369794211,101
2,DEPTH,1787842369808985,1787842369808237,1787842369827341,102
2,DEPTH,1787842369842322,1787842369841575,1787842369860787,103
2,DEPTH,1787842369875984,1787842369875237,1787842369894100,104
2,DEPTH,1787842369908990,1787842369908244,1787842369927813,105
2,DEPTH,1787842369942327,1787842369941582,1787842369960723,106
2,DEPTH,1787842369975660,1787842369974915,1787842369994314,107
2,DEPTH,1787842370009738,1787842370008994,1787842370027806,108
2,DEPTH,1787842370042324,1787842370041580,1787842370061164,109
2,DEPTH,1787842370075829,1787842370075086,1787842370093869,110
2,DEPTH,1787842370108994,1787842370108252,1787842370127252,111
2,DEPTH,1787842370142679,1787842370141937,1787842370160947,112
2,DEPTH,1787842370175665,1787842370174924,1787842370194370,113
2,DEPTH,1787842370209000,1787842370208259,1787842370227336,114
2,DEPTH,1787842370242343,1787842370241603,1787842370261013,115
2,DEPTH,1787842370275662,1787842370274923,1787842370293799,116
2,DEPTH,1787842370308998,1787842370308259,1787842370327402,117
2,DEPTH,1787842370342329,1787842370341591,1787842370360515,118
2,DEPTH,1787842370375666,1787842370374928,1787842370393944,119
2,DEPTH,1787842370409003,1787842370408266,1787842370427368,120
2,DEPTH,1787842370442338,1787842370441707,1787842370460456,121
2,DEPTH,1787842370475668,1787842370475038,1787842370493819,122
2,DEPTH,1787842370508997,1787842370508368,1787842370527349,123
2,DEPTH,1787842370542408,1787842370541780,1787842370560494,124
2,DEPTH,1787842370575669,1787842370575042,1787842370594094,125
2,DEPTH,1787842370608998,1787842370608372,1787842370627044,126
2,DEPTH,1787842370642341,1787842370641716,1787842370660770,127
2,DEPTH,1787842370675670,1787842370675046,1787842370693775,128
2,DEPTH,1787842370709094,1787842370708471,1787842370727323,129
2,DEPTH,1787842370742485,1787842370741863,1787842370760858,130
2,DEPTH,1787842370775666,1787842370775045,1787842370794099,131
2,DEPTH,1787842370809017,1787842370808397,1787842370827348,132
2,DEPTH,1787842370842335,1787842370841716,1787842370860428,133
2,DEPTH,1787842370875670,1787842370875052,1787842370893736,134
2,DEPTH,1787842370909630,1787842370909013,1787842370928137,135
2,DEPTH,1787842370942341,1787842370941725,1787842370960715,136
2,DEPTH,1787842370975678,1787842370975063,1787842370993993,137
2,DEPTH,1787842371009010,1787842371008396,1787842371027315,138
2,DEPTH,1787842371042343,1787842371041730,1787842371060817,139
2,DEPTH,1787842371075673,1787842371075061,1787842371093927,140
2,DEPTH,1787842371109008,1787842371108397,1787842371127491,141
2,DEPTH,1787842371142339,1787842371141730,1787842371160675,142
2,DEPTH,1787842371175673,1787842371175065,1787842371193948,143
2,DEPTH,1787842371209049,1787842371208442,1787842371227285,144
2,DEPTH,1787842371242635,1787842371242029,1787842371261046,145
2,DEPTH,1787842371275697,1787842371275091,1787842371293972,146
2,DEPTH,1787842371309012,1787842371308408,1787842371327076,147
2,DEPTH,1787842371342344,1787842371341741,1787842371360731,148
2,DEPTH,1787842371375677,1787842371375075,1787842371393965,149
2,DEPTH,1787842371409012,1787842371408411,1787842371427415,150
2,DEPTH,1787842371442345,1787842371441745,1787842371460452,151
2,DEPTH,1787842371475680,1787842371475081,1787842371493827,152
2,DEPTH,1787842371509013,1787842371508415,1787842371527215,153
2,DEPTH,1787842371542347,1787842371541750,1787842371560542,154
2,DEPTH,1787842371575683,1787842371575087,1787842371594165,155
2,DEPTH,1787842371609015,1787842371608420,1787842371627436,156
2,DEPTH,1787842371642351,1787842371641757,1787842371660479,157
2,DEPTH,1787842371675688,1787842371675095,1787842371693891,158
2,DEPTH,1787842371709018,1787842371708426,1787842371727100,159
2,DEPTH,1787842371742354,1787842371741763,1787842371760423,160
2,DEPTH,1787842371775687,1787842371775097,1787842371793797,161
2,DEPTH,1787842371809024,1787842371808435,1787842371827403,162
2,DEPTH,1787842371842359,1787842371841771,1787842371860594,163
2,DEPTH,1787842371875689,1787842371875102,1787842371893941,164
2,DEPTH,1787842371909017,1787842371908431,1787842371927295,165
2,DEPTH,1787842371942357,1787842371941772,1787842371960441,166
2,DEPTH,1787842371975686,1787842371975102,1787842371993751,167
2,DEPTH,1787842372009069,1787842372008486,1787842372027782,168
2,DEPTH,1787842372042383,1787842372041801,1787842372060469,169
2,DEPTH,1787842372075689,1787842372075108,1787842372093847,170
2,DEPTH,1787842372109036,1787842372108457,1787842372127066,171
2,DEPTH,1787842372142355,1787842372141776,1787842372160474,172
2,DEPTH,1787842372175692,1787842372175115,1787842372194204,173
2,DEPTH,1787842372209020,1787842372208444,1787842372227218,174
2,DEPTH,1787842372242361,1787842372241786,1787842372260479,175
2,DEPTH,1787842372275756,1787842372275182,1787842372293780,176
2,DEPTH,1787842372309042,1787842372308469,1787842372327098,177
2,DEPTH,1787842372342363,1787842372341790,1787842372360463,178
2,DEPTH,1787842372376026,1787842372375455,1787842372394355,179
2,DEPTH,1787842372409027,1787842372408457,1787842372427134,180
2,DEPTH,1787842372442367,1787842372441798,1787842372460401,181
2,DEPTH,1787842372475703,1787842372475135,1787842372493813,182
2,DEPTH,1787842372509028,1787842372508461,1787842372527155,183
2,DEPTH,1787842372542570,1787842372542004,1787842372560899,184
2,DEPTH,1787842372576499,1787842372575934,1787842372595118,185
2,DEPTH,1787842372609036,1787842372608472,1787842372627408,186
2,DEPTH,1787842372642366,1787842372641803,1787842372660919,187
2,DEPTH,1787842372675703,1787842372675141,1787842372693721,188
2,DEPTH,1787842372709032,1787842372708471,1787842372727103,189
2,DEPTH,1787842372742364,1787842372741804,1787842372760450,190
2,DEPTH,1787842372775699,1787842372775140,1787842372794048,191
2,DEPTH,1787842372809032,1787842372808474,1787842372827641,192
2,DEPTH,1787842372842366,1787842372841809,1787842372860642,193
2,DEPTH,1787842372875700,1787842372875144,1787842372893977,194
2,DEPTH,1787842372909034,1787842372908479,1787842372927186,195
2,DEPTH,1787842372942373,1787842372941819,1787842372960447,196
2,DEPTH,1787842372975701,1787842372975148,1787842372994125,197
2,DEPTH,1787842373009034,1787842373008482,1787842373027488,198
2,DEPTH,1787842373042480,1787842373041930,1787842373060615,199
2,DEPTH,1787842373075712,1787842373075162,1787842373093725,200
2,DEPTH,1787842373109039,1787842373108490,1787842373127227,201
2,DEPTH,1787842373142777,1787842373142230,1787842373161162,202
2,DEPTH,1787842373175708,1787842373175161,1787842373194097,203
2,DEPTH,1787842373209065,1787842373208519,1787842373227665,204
2,DEPTH,1787842373242379,1787842373241834,1787842373261046,205
2,DEPTH,1787842373275706,1787842373275163,1787842373294014,206
2,DEPTH,1787842373309039,1787842373308497,1787842373327393,207
2,DEPTH,1787842373342373,1787842373341832,1787842373360581,208
2,DEPTH,1787842373375709,1787842373375169,1787842373394077,209
2,DEPTH,1787842373409182,1787842373408643,1787842373427329,210
2,DEPTH,1787842373442374,1787842373441835,1787842373460799,211
2,DEPTH,1787842373475709,1787842373475172,1787842373493929,212
2,DEPTH,1787842373509043,1787842373508507,1787842373527308,213
2,DEPTH,1787842373542381,1787842373541846,1787842373560448,214
2,DEPTH,1787842373575719,1787842373575185,1787842373593918,215
2,DEPTH,1787842373609045,1787842373608512,1787842373627320,216
2,DEPTH,1787842373642377,1787842373641845,1787842373660527,217
2,DEPTH,1787842373675717,1787842373675186,1787842373693808,218
2,DEPTH,1787842373709046,1787842373708516,1787842373727269,219
2,DEPTH,1787842373742380,1787842373741851,1787842373760526,220
2,DEPTH,1787842373775717,1787842373775189,1787842373794025,221
2,DEPTH,1787842373809045,1787842373808518,1787842373827337,222
2,DEPTH,1787842373842381,1787842373841855,1787842373860885,223
2,DEPTH,1787842373875716,1787842373875191,1787842373893798,224
2,DEPTH,1787842373909053,1787842373908529,1787842373927148,225
2,DEPTH,1787842373909053,1787842373908529,1787842373960536,226
2,DEPTH,1787842373975717,1787842373975195,1787842373994103,227
2,DEPTH,1787842374009049,1787842374008528,1787842374027302,228
2,DEPTH,1787842374042385,1787842374041865,1787842374060431,229
2,DEPTH,1787842374075724,1787842374075205,1787842374094082,230
2,DEPTH,1787842374109051,1787842374108533,1787842374127088,231
2,DEPTH,1787842374142385,1787842374141868,1787842374160662,232
2,DEPTH,1787842374175720,1787842374175204,1787842374193843,233
2,DEPTH,1787842374209051,1787842374208536,1787842374227503,234
2,DEPTH,1787842374242393,1787842374241880,1787842374260790,235
2,DEPTH,1787842374275721,1787842374275208,1787842374293979,236
2,DEPTH,1787842374309055,1787842374308544,1787842374327282,237
2,DEPTH,1787842374342391,1787842374341881,1787842374360451,238
2,DEPTH,1787842374375729,1787842374375220,1787842374393844,239
2,DEPTH,1787842374409055,1787842374408547,1787842374427603,240
2,DEPTH,1787842374442396,1787842374441889,1787842374460770,241
2,DEPTH,1787842374475737,1787842374475231,1787842374493940,242
2,DEPTH,1787842374509072,1787842374508567,1787842374527120,243
2,DEPTH,1787842374542394,1787842374541890,1787842374560458,244
2,DEPTH,1787842374575726,1787842374575223,1787842374593714,245
2,DEPTH,1787842374609057,1787842374608555,1787842374627057,246
2,DEPTH,1787842374642400,1787842374641899,1787842374660953,247
2,DEPTH,1787842374675727,1787842374675227,1787842374693690,248
2,DEPTH,1787842374709062,1787842374708563,1787842374727130,249
2,DEPTH,1787842374742394,1787842374741896,1787842374760942,250
2,DEPTH,1787842374775733,1787842374775236,1787842374793926,251
2,DEPTH,1787842374809061,1787842374808565,1787842374827447,252
2,DEPTH,1787842374842397,1787842374841902,1787842374860768,253
2,DEPTH,1787842374875731,1787842374875237,1787842374894138,254
2,DEPTH,1787842374909071,1787842374908578,1787842374927327,255
2,DEPTH,1787842374942406,1787842374941914,1787842374960451,256
2,DEPTH,1787842374975738,1787842374975247,1787842374994070,257
2,DEPTH,1787842375009072,1787842375008582,1787842375027134,258
2,DEPTH,1787842375042410,1787842375041921,1787842375060830,259
2,DEPTH,1787842375075738,1787842375075250,1787842375093967,260
2,DEPTH,1787842375109092,1787842375108605,1787842375127301,261
2,DEPTH,1787842375142404,1787842375141918,1787842375160465,262
2,DEPTH,1787842375175736,1787842375175252,1787842375193711,263
2,DEPTH,1787842375209071,1787842375208588,1787842375227097,264
2,DEPTH,1787842375242409,1787842375241926,1787842375260794,265
2,DEPTH,1787842375275734,1787842375275253,1787842375294156,266
2,DEPTH,1787842375309077,1787842375308596,1787842375327171,267
2,DEPTH,1787842375342406,1787842375341927,1787842375360440,268
2,DEPTH,1787842375375738,1787842375375260,1787842375393782,269
2,DEPTH,1787842375409074,1787842375408597,1787842375427063,270
2,DEPTH,1787842375442405,1787842375441929,1787842375460469,271
2,DEPTH,1787842375475738,1787842375475263,1787842375494154,272
2,DEPTH,1787842375509074,1787842375508600,1787842375527080,273
2,DEPTH,1787842375542413,1787842375541940,1787842375560393,274
2,DEPTH,1787842375576546,1787842375576074,1787842375594605,275
2,DEPTH,1787842375609077,1787842375608606,1787842375627236,276
2,DEPTH,1787842375642409,1787842375641939,1787842375660736,277
2,DEPTH,1787842375675738,1787842375675269,1787842375694174,278
2,DEPTH,1787842375709083,1787842375708615,1787842375727153,279
2,DEPTH,1787842375742416,1787842375741949,1787842375760458,280
2,DEPTH,1787842375775749,1787842375775283,1787842375793804,281
2,DEPTH,1787842375809086,1787842375808621,1787842375827147,282
2,DEPTH,1787842375842415,1787842375841951,1787842375860485,283
2,DEPTH,1787842375875755,1787842375875292,1787842375894179,284
2,DEPTH,1787842375909081,1787842375908619,1787842375927124,285
2,DEPTH,1787842375942417,1787842375941956,1787842375960841,286
2,DEPTH,1787842375975738,1787842375975278,1787842375993846,287
2,DEPTH,1787842376009081,1787842376008622,1787842376027119,288
2,DEPTH,1787842376042420,1787842376041962,1787842376060645,289
2,DEPTH,1787842376075749,1787842376075292,1787842376094007,290
2,DEPTH,1787842376109082,1787842376108626,1787842376127109,291
2,DEPTH,1787842376142425,1787842376141970,1787842376160446,292
2,DEPTH,1787842376175755,1787842376175302,1787842376193722,293
2,DEPTH,1787842376209089,1787842376208637,1787842376227352,294
2,DEPTH,1787842376242418,1787842376241966,1787842376260405,295
2,DEPTH,1787842376275758,1787842376275308,1787842376294090,296
2,DEPTH,1787842376309085,1787842376308635,1787842376327230,297
2,DEPTH,1787842376342425,1787842376341977,1787842376360413,298
2,DEPTH,1787842376375754,1787842376375307,1787842376393745,299
2,DEPTH,1787842376409089,1787842376408643,1787842376427322,300
2,DEPTH,1787842376442426,1787842376441981,1787842376460365,301
2,DEPTH,1787842376475765,1787842376475321,1787842376494097,302
2,DEPTH,1787842376509097,1787842376508654,1787842376527436,303
2,DEPTH,1787842376542429,1787842376541987,1787842376560401,304
2,DEPTH,1787842376575755,1787842376575314,1787842376593730,305
2,DEPTH,1787842376609092,1787842376608652,1787842376627057,306
2,DEPTH,1787842376642423,1787842376641984,1787842376660744,307
2,DEPTH,1787842376675758,1787842376675320,1787842376693750,308
2,COLOR,1787842366708948,1787842366707780,1787842366724101,9
2,COLOR,1787842366742281,1787842366741111,1787842366757643,10
2,COLOR,1787842366775615,1787842366774443,1787842366790539,11
2,COLOR,1787842366808949,1787842366807775,1787842366824056,12
2,COLOR,1787842366842285,1787842366841109,1787842366857306,13
2,COLOR,1787842366875614,1787842366874436,1787842366891515,14
2,COLOR,1787842366908951,1787842366907771,1787842366924531,15
2,COLOR,1787842366942285,1787842366941103,1787842366957499,16
2,COLOR,1787842366975625,1787842366974441,1787842366991252,17
2,COLOR,1787842367008950,1787842367007764,1787842367023915,18
2,COLOR,1787842367042286,1787842367041098,1787842367057365,19
2,COLOR,1787842367075619,1787842367074429,1787842367090597,20
2,COLOR,1787842367109049,1787842367107857,1787842367123909,21
2,COLOR,1787842367142286,1787842367141092,1787842367157289,22
2,COLOR,1787842367175624,1787842367174428,1787842367190735,23
2,COLOR,1787842367208954,1787842367207756,1787842367223986,24
2,COLOR,1787842367242291,1787842367241091,1787842367257305,25
2,COLOR,1787842367275621,1787842367274419,1787842367290990,26
2,COLOR,1787842367308984,1787842367307780,1787842367324044,27
2,COLOR,1787842367342953,1787842367341746,1787842367358000,28
2,COLOR,1787842367375643,1787842367374434,1787842367390713,29
2,COLOR,1787842367408964,1787842367407790,1787842367423963,30
2,COLOR,1787842367442539,1787842367441363,1787842367457968,31
2,COLOR,1787842367475631,1787842367474453,1787842367490936,32
2,COLOR,1787842367508964,1787842367507785,1787842367524454,33
2,COLOR,1787842367542304,1787842367541123,1787842367557391,34
2,COLOR,1787842367575634,1787842367574451,1787842367590951,35
2,COLOR,1787842367608960,1787842367607775,1787842367624049,36
2,COLOR,1787842367642295,1787842367641108,1787842367657415,37
2,COLOR,1787842367675630,1787842367674442,1787842367690894,38
2,COLOR,1787842367708964,1787842367707774,1787842367724153,39
2,COLOR,1787842367742296,1787842367741104,1787842367757606,40
2,COLOR,1787842367775633,1787842367774439,1787842367790719,41
2,COLOR,1787842367808976,1787842367807780,1787842367824478,42
2,COLOR,1787842367842446,1787842367841248,1787842367857409,43
2,COLOR,1787842367875726,1787842367874527,1787842367890602,44
2,COLOR,1787842367908964,1787842367907763,1787842367924539,45
2,COLOR,1787842367942299,1787842367941096,1787842367957736,46
2,COLOR,1787842367975635,1787842367974430,1787842367990970,47
2,COLOR,1787842368008971,1787842368007764,1787842368024156,48
2,COLOR,1787842368042301,1787842368041093,1787842368057573,49
2,COLOR,1787842368075634,1787842368074424,1787842368090488,50
2,COLOR,1787842368108973,1787842368107761,1787842368124446,51
2,COLOR,1787842368142302,1787842368141088,1787842368157896,52
2,COLOR,1787842368175638,1787842368174422,1787842368190882,53
2,COLOR,1787842368208970,1787842368207752,1787842368223833,54
2,COLOR,1787842368208970,1787842368207752,1787842368257498,55
2,COLOR,1787842368275639,1787842368274418,1787842368290937,56
2,COLOR,1787842368308972,1787842368307749,1787842368324770,57
2,COLOR,1787842368342311,1787842368341086,1787842368358073,58
2,COLOR,1787842368375640,1787842368374414,1787842368390730,59
2,COLOR,1787842368408974,1787842368407926,1787842368423869,60
2,COLOR,1787842368408974,1787842368407926,1787842368457281,61
2,COLOR,1787842368475649,1787842368474599,1787842368490810,62
2,COLOR,1787842368508975,1787842368507925,1787842368524780,63
2,COLOR,1787842368542316,1787842368541264,1787842368558064,64
2,COLOR,1787842368575643,1787842368574591,1787842368591015,65
2,COLOR,1787842368608976,1787842368607923,1787842368624065,66
2,COLOR,1787842368642316,1787842368641262,1787842368657296,67
2,COLOR,1787842368675661,1787842368674606,1787842368690639,68
2,COLOR,1787842368708986,1787842368707930,1787842368724486,69
2,COLOR,1787842368742312,1787842368741255,1787842368757941,70
2,COLOR,1787842368775650,1787842368774593,1787842368791131,71
2,COLOR,1787842368808991,1787842368807933,1787842368824015,72
2,COLOR,1787842368842321,1787842368841262,1787842368857227,73
2,COLOR,1787842368875648,1787842368874588,1787842368890620,74
2,COLOR,1787842368908981,1787842368907920,1787842368924629,75
2,COLOR,1787842368942323,1787842368941261,1787842368958062,76
2,COLOR,1787842368975649,1787842368974586,1787842368990600,77
2,COLOR,1787842369008988,1787842369007924,1787842369024350,78
2,COLOR,1787842369042344,1787842369041279,1787842369057499,79
2,COLOR,1787842369075650,1787842369074585,1787842369091262,80
2,COLOR,1787842369108982,1787842369107916,1787842369124458,81
2,COLOR,1787842369142386,1787842369141319,1787842369157888,82
2,COLOR,1787842369175851,1787842369174783,1787842369191248,83
2,COLOR,1787842369209008,1787842369207939,1787842369223910,84
2,COLOR,1787842369242325,1787842369241255,1787842369257478,85
2,COLOR,1787842369275653,1787842369274582,1787842369290711,86
2,COLOR,1787842369308987,1787842369307915,1787842369324661,87
2,COLOR,1787842369342328,1787842369341256,1787842369357928,88
2,COLOR,1787842369375662,1787842369374589,1787842369391250,89
2,COLOR,1787842369409014,1787842369407940,1787842369424182,90
2,COLOR,1787842369442322,1787842369441568,1787842369457942,91
2,COLOR,1787842369475660,1787842369474906,1787842369490753,92
2,COLOR,1787842369508988,1787842369508235,1787842369524384,93
2,COLOR,1787842369542337,1787842369541584,1787842369557170,94
2,COLOR,1787842369575658,1787842369574906,1787842369590519,95
2,COLOR,1787842369608992,1787842369608241,1787842369624221,96
2,COLOR,1787842369642329,1787842369641578,1787842369657482,97
2,COLOR,1787842369675664,1787842369674914,1787842369690526,98
2,COLOR,1787842369708992,1787842369708242,1787842369724275,99
2,COLOR,1787842369742337,1787842369741588,1787842369757302,100
2,COLOR,1787842369775662,1787842369774914,1787842369790579,101
2,COLOR,1787842369808994,1787842369808246,1787842369824151,102
2,COLOR,1787842369842331,1787842369841584,1787842369857299,103
2,COLOR,1787842369875993,1787842369875247,1787842369890820,104
2,COLOR,1787842369908999,1787842369908253,1787842369924172,105
2,COLOR,1787842369942335,1787842369941590,1787842369957986,106
2,COLOR,1787842369975669,1787842369974924,1787842369990673,107
2,COLOR,1787842370009746,1787842370009002,1787842370024601,108
2,COLOR,1787842370042333,1787842370041589,1787842370057214,109
2,COLOR,1787842370075838,1787842370075095,1787842370091088,110
2,COLOR,1787842370109003,1787842370108261,1787842370124397,111
2,COLOR,1787842370142688,1787842370141946,1787842370157543,112
2,COLOR,1787842370175674,1787842370174933,1787842370190984,113
2,COLOR,1787842370209009,1787842370208268,1787842370224317,114
2,COLOR,1787842370242352,1787842370241612,1787842370257229,115
2,COLOR,1787842370275670,1787842370274931,1787842370290726,116
2,COLOR,1787842370309007,1787842370308268,1787842370324038,117
2,COLOR,1787842370342338,1787842370341600,1787842370357860,118
2,COLOR,1787842370375674,1787842370374937,1787842370391066,119
2,COLOR,1787842370409011,1787842370408274,1787842370424208,120
2,COLOR,1787842370442347,1787842370441716,1787842370457475,121
2,COLOR,1787842370475677,1787842370475047,1787842370490753,122
2,COLOR,1787842370509006,1787842370508377,1787842370524138,123
2,COLOR,1787842370542417,1787842370541789,1787842370557924,124
2,COLOR,1787842370575678,1787842370575051,1787842370590678,125
2,COLOR,1787842370609006,1787842370608380,1787842370623928,126
2,COLOR,1787842370642350,1787842370641725,1787842370657309,127
2,COLOR,1787842370675679,1787842370675055,1787842370690553,128
2,COLOR,1787842370709102,1787842370708479,1787842370724124,129
2,COLOR,1787842370742494,1787842370741872,1787842370757448,130
2,COLOR,1787842370775675,1787842370775054,1787842370790638,131
2,COLOR,1787842370809026,1787842370808406,1787842370823874,132
2,COLOR,1787842370842344,1787842370841725,1787842370857511,133
2,COLOR,1787842370875679,1787842370875061,1787842370890655,134
2,COLOR,1787842370909639,1787842370909022,1787842370924496,135
2,COLOR,1787842370942350,1787842370941734,1787842370957387,136
2,COLOR,1787842370975687,1787842370975072,1787842370990922,137
2,COLOR,1787842371009018,1787842371008404,1787842371024018,138
2,COLOR,1787842371042352,1787842371041739,1787842371057202,139
2,COLOR,1787842371075682,1787842371075071,1787842371090738,140
2,COLOR,1787842371109017,1787842371108407,1787842371123939,141
2,COLOR,1787842371142347,1787842371141737,1787842371157603,142
2,COLOR,1787842371175682,1787842371175074,1787842371191391,143
2,COLOR,1787842371209058,1787842371208451,1787842371224098,144
2,COLOR,1787842371242644,1787842371242038,1787842371257949,145
2,COLOR,1787842371275705,1787842371275100,1787842371290675,146
2,COLOR,1787842371309020,1787842371308416,1787842371324056,147
2,COLOR,1787842371342352,1787842371341748,1787842371357510,148
2,COLOR,1787842371375686,1787842371375083,1787842371391187,149
2,COLOR,1787842371409020,1787842371408419,1787842371424134,150
2,COLOR,1787842371442353,1787842371441753,1787842371457385,151
2,COLOR,1787842371475689,1787842371475090,1787842371490584,152
2,COLOR,1787842371509021,1787842371508423,1787842371523987,153
2,COLOR,1787842371542356,1787842371541759,1787842371557564,154
2,COLOR,1787842371575692,1787842371575096,1787842371590874,155
2,COLOR,1787842371609023,1787842371608428,1787842371624340,156
2,COLOR,1787842371642360,1787842371641766,1787842371657439,157
2,COLOR,1787842371675697,1787842371675104,1787842371690545,158
2,COLOR,1787842371709026,1787842371708434,1787842371723991,159
2,COLOR,1787842371742363,1787842371741772,1787842371757647,160
2,COLOR,1787842371775696,1787842371775106,1787842371791148,161
2,COLOR,1787842371809033,1787842371808444,1787842371824076,162
2,COLOR,1787842371842367,1787842371841779,1787842371857201,163
2,COLOR,1787842371875697,1787842371875110,1787842371890743,164
2,COLOR,1787842371909026,1787842371908440,1787842371923984,165
2,COLOR,1787842371942366,1787842371941781,1787842371957272,166
2,COLOR,1787842371975695,1787842371975111,1787842371990962,167
2,COLOR,1787842372009077,1787842372008494,1787842372024143,168
2,COLOR,1787842372042392,1787842372041810,1787842372057268,169
2,COLOR,1787842372075698,1787842372075117,1787842372090786,170
2,COLOR,1787842372109045,1787842372108465,1787842372123856,171
2,COLOR,1787842372142364,1787842372141785,1787842372157263,172
2,COLOR,1787842372175701,1787842372175123,1787842372190636,173
2,COLOR,1787842372209029,1787842372208453,1787842372224084,174
2,COLOR,1787842372242369,1787842372241794,1787842372257170,175
2,COLOR,1787842372275764,1787842372275189,1787842372291229,176
2,COLOR,1787842372309051,1787842372308477,1787842372324293,177
2,COLOR,1787842372342371,1787842372341799,1787842372357230,178
2,COLOR,1787842372376035,1787842372375464,1787842372391239,179
2,COLOR,1787842372376035,1787842372375464,1787842372424450,180
2,COLOR,1787842372442376,1787842372441807,1787842372457791,181
2,COLOR,1787842372475711,1787842372475143,1787842372490564,182
2,COLOR,1787842372509037,1787842372508470,1787842372524154,183
2,COLOR,1787842372542578,1787842372542012,1787842372557569,184
2,COLOR,1787842372576508,1787842372575943,1787842372591458,185
2,COLOR,1787842372609045,1787842372608481,1787842372624011,186
2,COLOR,1787842372642374,1787842372641811,1787842372657644,187
2,COLOR,1787842372675712,1787842372675150,1787842372690539,188
2,COLOR,1787842372675712,1787842372675150,1787842372723827,189
2,COLOR,1787842372742373,1787842372741813,1787842372757633,190
2,COLOR,1787842372775708,1787842372775149,1787842372791022,191
2,COLOR,1787842372809040,1787842372808482,1787842372824360,192
2,COLOR,1787842372842374,1787842372841817,1787842372858064,193
2,COLOR,1787842372875709,1787842372875153,1787842372890564,194
2,COLOR,1787842372909043,1787842372908488,1787842372924160,195
2,COLOR,1787842372942382,1787842372941828,1787842372957533,196
2,COLOR,1787842372975710,1787842372975157,1787842372990476,197
2,COLOR,1787842373009042,1787842373008490,1787842373023956,198
2,COLOR,1787842373042489,1787842373041938,1787842373057712,199
2,COLOR,1787842373075720,1787842373075170,1787842373090585,200
2,COLOR,1787842373109048,1787842373108499,1787842373123995,201
2,COLOR,1787842373142786,1787842373142239,1787842373157583,202
2,COLOR,1787842373175717,1787842373175170,1787842373190826,203
2,COLOR,1787842373209073,1787842373208527,1787842373224723,204
2,COLOR,1787842373242388,1787842373241843,1787842373257915,205
2,COLOR,1787842373275715,1787842373275172,1787842373290675,206
2,COLOR,1787842373309048,1787842373308506,1787842373324072,207
2,COLOR,1787842373342382,1787842373341841,1787842373357428,208
2,COLOR,1787842373375718,1787842373375177,1787842373390919,209
2,COLOR,1787842373409191,1787842373408652,1787842373424282,210
2,COLOR,1787842373442383,1787842373441845,1787842373457821,211
2,COLOR,1787842373475717,1787842373475180,1787842373490677,212
2,COLOR,1787842373509051,1787842373508515,1787842373524059,213
2,COLOR,1787842373542390,1787842373541855,1787842373557333,214
2,COLOR,1787842373575727,1787842373575193,1787842373590866,215
2,COLOR,1787842373609054,1787842373608521,1787842373624160,216
2,COLOR,1787842373642386,1787842373641854,1787842373657871,217
2,COLOR,1787842373675726,1787842373675195,1787842373690845,218
2,COLOR,1787842373709055,1787842373708525,1787842373723841,219
2,COLOR,1787842373742389,1787842373741860,1787842373757148,220
2,COLOR,1787842373775726,1787842373775198,1787842373791108,221
2,COLOR,1787842373809054,1787842373808527,1787842373824574,222
2,COLOR,1787842373842390,1787842373841864,1787842373857880,223
2,COLOR,1787842373875725,1787842373875200,1787842373890630,224
2,COLOR,1787842373909061,1787842373908537,1787842373923828,225
2,COLOR,1787842373942397,1787842373941874,1787842373957241,226
2,COLOR,1787842373975726,1787842373975204,1787842373990865,227
2,COLOR,1787842374009058,1787842374008537,1787842374024150,228
2,COLOR,1787842374042394,1787842374041874,1787842374057608,229
2,COLOR,1787842374075733,1787842374075214,1787842374090508,230
2,COLOR,1787842374109059,1787842374108541,1787842374124043,231
2,COLOR,1787842374142394,1787842374141877,1787842374157189,232
2,COLOR,1787842374175729,1787842374175213,1787842374190590,233
2,COLOR,1787842374209060,1787842374208546,1787842374224662,234
2,COLOR,1787842374242402,1787842374241889,1787842374257599,235
2,COLOR,1787842374275729,1787842374275217,1787842374290640,236
2,COLOR,1787842374309064,1787842374308553,1787842374323910,237
2,COLOR,1787842374342400,1787842374341890,1787842374358070,238
2,COLOR,1787842374375737,1787842374375228,1787842374391054,239
2,COLOR,1787842374409064,1787842374408556,1787842374424274,240
2,COLOR,1787842374442405,1787842374441898,1787842374457521,241
2,COLOR,1787842374475745,1787842374475239,1787842374490998,242
2,COLOR,1787842374509081,1787842374508576,1787842374524838,243
2,COLOR,1787842374542402,1787842374541898,1787842374557151,244
2,COLOR,1787842374575734,1787842374575231,1787842374591243,245
2,COLOR,1787842374609066,1787842374608564,1787842374624482,246
2,COLOR,1787842374642409,1787842374641908,1787842374657697,247
2,COLOR,1787842374675736,1787842374675236,1787842374691015,248
2,COLOR,1787842374709071,1787842374708572,1787842374724287,249
2,COLOR,1787842374742403,1787842374741905,1787842374757437,250
2,COLOR,1787842374775742,1787842374775245,1787842374791305,251
2,COLOR,1787842374809070,1787842374808574,1787842374824022,252
2,COLOR,1787842374842406,1787842374841911,1787842374857753,253
2,COLOR,1787842374875739,1787842374875245,1787842374891393,254
2,COLOR,1787842374909080,1787842374908587,1787842374924156,255
2,COLOR,1787842374942414,1787842374941922,1787842374957561,256
2,COLOR,1787842374975746,1787842374975255,1787842374991110,257
2,COLOR,1787842375009080,1787842375008590,1787842375024645,258
2,COLOR,1787842375042419,1787842375041930,1787842375057857,259
2,COLOR,1787842375075746,1787842375075258,1787842375091043,260
2,COLOR,1787842375109100,1787842375108613,1787842375124270,261
2,COLOR,1787842375142413,1787842375141927,1787842375157382,262
2,COLOR,1787842375175745,1787842375175261,1787842375190763,263
2,COLOR,1787842375209079,1787842375208596,1787842375224489,264
2,COLOR,1787842375242418,1787842375241935,1787842375257613,265
2,COLOR,1787842375275743,1787842375275261,1787842375290904,266
2,COLOR,1787842375309086,1787842375308605,1787842375324186,267
2,COLOR,1787842375342414,1787842375341935,1787842375357246,268
2,COLOR,1787842375375746,1787842375375268,1787842375390701,269
2,COLOR,1787842375409083,1787842375408605,1787842375424221,270
2,COLOR,1787842375442414,1787842375441938,1787842375457587,271
2,COLOR,1787842375475746,1787842375475271,1787842375491049,272
2,COLOR,1787842375509083,1787842375508609,1787842375524312,273
2,COLOR,1787842375542422,1787842375541949,1787842375557357,274
2,COLOR,1787842375576554,1787842375576082,1787842375591340,275
2,COLOR,1787842375609086,1787842375608615,1787842375623891,276
2,COLOR,1787842375642418,1787842375641948,1787842375657632,277
2,COLOR,1787842375675746,1787842375675277,1787842375690906,278
2,COLOR,1787842375709092,1787842375708624,1787842375724118,279
2,COLOR,1787842375742425,1787842375741958,1787842375757384,280
2,COLOR,1787842375775757,1787842375775291,1787842375790737,281
2,COLOR,1787842375809094,1787842375808629,1787842375824537,282
2,COLOR,1787842375842424,1787842375841960,1787842375858236,283
2,COLOR,1787842375875763,1787842375875300,1787842375891316,284
2,COLOR,1787842375909090,1787842375908628,1787842375924057,285
2,COLOR,1787842375942426,1787842375941965,1787842375957512,286
2,COLOR,1787842375975746,1787842375975286,1787842375990558,287
2,COLOR,1787842376009089,1787842376008630,1787842376024089,288
2,COLOR,1787842376042429,1787842376041971,1787842376057774,289
2,COLOR,1787842376075758,1787842376075301,1787842376091098,290
2,COLOR,1787842376109091,1787842376108635,1787842376124325,291
2,COLOR,1787842376142434,1787842376141979,1787842376157311,292
2,COLOR,1787842376175763,1787842376175309,1787842376190645,293
2,COLOR,1787842376209098,1787842376208645,1787842376223963,294
2,COLOR,1787842376242427,1787842376241975,1787842376257823,295
2,COLOR,1787842376275766,1787842376275316,1787842376291838,296
2,COLOR,1787842376309094,1787842376308645,1787842376324293,297
2,COLOR,1787842376342433,1787842376341985,1787842376357653,298
2,COLOR,1787842376375763,1787842376375316,1787842376390557,299
2,COLOR,1787842376409098,1787842376408652,1787842376424161,300
2,COLOR,1787842376442435,1787842376441990,1787842376458104,301
2,COLOR,1787842376475774,1787842376475330,1787842376491119,302
2,COLOR,1787842376509106,1787842376508663,1787842376524058,303
2,COLOR,1787842376542437,1787842376541995,1787842376557457,304
2,COLOR,1787842376575764,1787842376575323,1787842376590742,305
2,COLOR,1787842376609101,1787842376608661,1787842376624106,306
2,COLOR,1787842376642432,1787842376641993,1787842376657415,307
2,COLOR,1787842376675766,1787842376675328,1787842376691147,308
