sn,rowId,swNum,hwNum,systemUs,deviceUs,globalUs
CPBG1630011D,0,1,2,1787836763123472,1787836762974759,1787836762973926
CPBG1630011D,1,2,3,1787836763127821,1787836763008098,1787836763007265
CPBG1630011D,2,3,4,1787836763130840,1787836763041424,1787836763040591
CPBG1630011D,3,4,5,1787836763133798,1787836763074763,1787836763073930
CPBG1630011D,4,5,6,1787836763136989,1787836763108093,1787836763107259
CPBG1630011D,5,6,7,1787836763159337,1787836763141428,1787836763140594
CPBG1630011D,6,7,8,1787836763192084,1787836763174768,1787836763173935
CPBG1630011D,7,8,9,1787836763225070,1787836763208109,1787836763207276
CPBG1630011D,8,9,10,1787836763258237,1787836763241454,1787836763240621
CPBG1630011D,9,10,11,1787836763291595,1787836763274767,1787836763273933
CPBG1630011D,10,11,12,1787836763324908,1787836763308100,1787836763307266
CPBG1630011D,11,12,13,1787836763358336,1787836763341433,1787836763340599
CPBG1630011D,12,13,14,1787836763391687,1787836763374791,1787836763373959
CPBG1630011D,13,14,15,1787836763425233,1787836763408098,1787836763407270
CPBG1630011D,14,15,16,1787836763458201,1787836763441431,1787836763440607
CPBG1630011D,15,16,17,1787836763491566,1787836763474769,1787836763473952
CPBG1630011D,16,17,18,1787836763525498,1787836763508105,1787836763507295
CPBG1630011D,17,18,19,1787836763558710,1787836763541436,1787836763540636
CPBG1630011D,18,19,20,1787836763592092,1787836763574774,1787836763573984
CPBG1630011D,19,20,21,1787836763625028,1787836763608110,1787836763607333
CPBG1630011D,20,21,22,1787836763658411,1787836763641442,1787836763640677
CPBG1630011D,21,22,23,1787836763691543,1787836763674780,1787836763674028
CPBG1630011D,22,23,24,1787836763725248,1787836763708105,1787836763707366
CPBG1630011D,23,24,25,1787836763758720,1787836763741439,1787836763740714
CPBG1630011D,24,25,26,1787836763792055,1787836763774789,1787836763774080
CPBG1630011D,25,26,27,1787836763825389,1787836763808112,1787836763807417
CPBG1630011D,26,27,28,1787836763858225,1787836763841437,1787836763840756
CPBG1630011D,27,28,29,1787836763891708,1787836763874773,1787836763874107
CPBG1630011D,28,29,30,1787836763925373,1787836763908106,1787836763907456
CPBG1630011D,29,30,31,1787836763958259,1787836763941442,1787836763940806
CPBG1630011D,30,31,32,1787836763992069,1787836763974775,1787836763974153
CPBG1630011D,31,32,33,1787836764025837,1787836764008109,1787836764007501
CPBG1630011D,32,33,34,1787836764058286,1787836764041462,1787836764040865
CPBG1630011D,33,34,35,1787836764091516,1787836764074777,1787836764074192
CPBG1630011D,34,35,36,1787836764124944,1787836764108112,1787836764107538
CPBG1630011D,35,36,37,1787836764158655,1787836764141444,1787836764140880
CPBG1630011D,36,37,38,1787836764191488,1787836764174787,1787836764174233
CPBG1630011D,37,38,39,1787836764225301,1787836764208118,1787836764207571
CPBG1630011D,38,39,40,1787836764258355,1787836764241455,1787836764240913
CPBG1630011D,39,40,41,1787836764291603,1787836764274780,1787836764274242
CPBG1630011D,40,41,42,1787836764325022,1787836764308113,1787836764307578
CPBG1630011D,41,42,43,1787836764358567,1787836764341449,1787836764340914
CPBG1630011D,42,43,44,1787836764392024,1787836764374780,1787836764374246
CPBG1630011D,43,44,45,1787836764425441,1787836764408161,1787836764407627
CPBG1630011D,44,45,46,1787836764458421,1787836764441452,1787836764440917
CPBG1630011D,45,46,47,1787836764491429,1787836764474782,1787836764474248
CPBG1630011D,46,47,48,1787836764524971,1787836764508118,1787836764507583
CPBG1630011D,47,48,49,1787836764558275,1787836764541454,1787836764540920
CV3T561000H0,0,1,6,1787836764721839,1787836764538769,1787836764541102
CPBG1630011D,48,49,50,1787836764592323,1787836764574783,1787836764574249
CV3T561000H0,1,2,7,1787836764723792,1787836764572097,1787836764574430
CPBG1630011D,49,50,51,1787836764625035,1787836764608140,1787836764607606
CV3T561000H0,2,3,8,1787836764725746,1787836764605454,1787836764607786
CPBG1630011D,50,51,52,1787836764658138,1787836764641478,1787836764640944
CV3T561000H0,3,4,9,1787836764727694,1787836764638792,1787836764641125
CPBG1630011D,51,52,53,1787836764691461,1787836764674788,1787836764674255
CV3T561000H0,4,5,10,1787836764729666,1787836764672102,1787836764674435
CPBG1630011D,52,53,54,1787836764724841,1787836764708125,1787836764707591
CV3T561000H0,5,6,11,1787836764731658,1787836764705438,1787836764707770
CPBG1630011D,53,54,55,1787836764758320,1787836764741454,1787836764740921
CV3T561000H0,6,7,12,1787836764758077,1787836764738767,1787836764741100
CPBG1630011D,54,55,56,1787836764791741,1787836764774790,1787836764774257
CV3T561000H0,7,8,13,1787836764791954,1787836764772103,1787836764774436
CPBG1630011D,55,56,57,1787836764825067,1787836764808122,1787836764807588
CV3T561000H0,8,9,14,1787836764825597,1787836764805434,1787836764807766
CPBG1630011D,56,57,58,1787836764858232,1787836764841456,1787836764840923
CV3T561000H0,9,10,15,1787836764858241,1787836764838768,1787836764841101
CPBG1630011D,57,58,59,1787836764891659,1787836764874788,1787836764874254
CV3T561000H0,10,11,16,1787836764891540,1787836764872100,1787836764874432
CPBG1630011D,58,59,60,1787836764924759,1787836764908124,1787836764907591
CV3T561000H0,11,12,17,1787836764924666,1787836764905435,1787836764907768
CPBG1630011D,59,60,61,1787836764958115,1787836764941458,1787836764940925
CV3T561000H0,12,13,18,1787836764958192,1787836764938769,1787836764941102
CPBG1630011D,60,61,62,1787836764991740,1787836764974791,1787836764974257
CV3T561000H0,13,14,19,1787836764991793,1787836764972103,1787836764974435
CPBG1630011D,61,62,63,1787836765025168,1787836765008127,1787836765007590
CV3T561000H0,14,15,20,1787836765025154,1787836765005438,1787836765007767
CPBG1630011D,62,63,64,1787836765058178,1787836765041458,1787836765040918
CV3T561000H0,15,16,21,1787836765058179,1787836765038769,1787836765041095
CPBG1630011D,63,64,65,1787836765091562,1787836765074791,1787836765074246
CV3T561000H0,16,17,22,1787836765091639,1787836765072102,1787836765074422
CPBG1630011D,64,65,66,1787836765124787,1787836765108125,1787836765107576
CV3T561000H0,17,18,23,1787836765124673,1787836765105436,1787836765107751
CPBG1630011D,65,66,67,1787836765158085,1787836765141465,1787836765140910
CV3T561000H0,18,19,24,1787836765158153,1787836765138775,1787836765141083
CV3T561000H0,19,20,24,1787836765191688,1787836765138775,1787836765141083
CPBG1630011D,66,67,68,1787836765191739,1787836765174794,1787836765174232
CPBG1630011D,67,68,69,1787836765225217,1787836765208130,1787836765207562
CV3T561000H0,20,21,26,1787836765225141,1787836765205440,1787836765207733
CPBG1630011D,68,69,70,1787836765258517,1787836765241459,1787836765240881
CV3T561000H0,21,22,27,1787836765258190,1787836765238768,1787836765241052
CPBG1630011D,69,70,71,1787836765291855,1787836765274795,1787836765274210
CV3T561000H0,22,23,28,1787836765291555,1787836765272105,1787836765274381
CPBG1630011D,70,71,72,1787836765324979,1787836765308128,1787836765307533
CV3T561000H0,23,24,29,1787836765325069,1787836765305438,1787836765307704
CPBG1630011D,71,72,73,1787836765358497,1787836765341464,1787836765340860
CV3T561000H0,24,25,30,1787836765358204,1787836765338773,1787836765341029
CPBG1630011D,72,73,74,1787836765391786,1787836765374796,1787836765374183
CV3T561000H0,25,26,31,1787836765391903,1787836765372104,1787836765374351
CPBG1630011D,73,74,75,1787836765425140,1787836765408157,1787836765407535
CV3T561000H0,26,27,32,1787836765425600,1787836765405466,1787836765407702
CPBG1630011D,74,75,76,1787836765458495,1787836765441495,1787836765440863
CV3T561000H0,27,28,33,1787836765458141,1787836765438804,1787836765441029
CPBG1630011D,75,76,77,1787836765491770,1787836765474801,1787836765474160
CV3T561000H0,28,29,34,1787836765491639,1787836765472109,1787836765474325
CPBG1630011D,76,77,78,1787836765524855,1787836765508134,1787836765507483
CV3T561000H0,29,30,35,1787836765524771,1787836765505442,1787836765507648
CPBG1630011D,77,78,79,1787836765558152,1787836765541467,1787836765540807
CV3T561000H0,30,31,36,1787836765558185,1787836765538774,1787836765540970
CPBG1630011D,78,79,80,1787836765591563,1787836765574800,1787836765574131
CV3T561000H0,31,32,37,1787836765592047,1787836765572107,1787836765574293
CPBG1630011D,79,80,81,1787836765625103,1787836765608140,1787836765607464
CV3T561000H0,32,33,38,1787836765624978,1787836765605447,1787836765607624
CPBG1630011D,80,81,82,1787836765658150,1787836765641478,1787836765640794
CV3T561000H0,33,34,39,1787836765658511,1787836765638784,1787836765640953
CPBG1630011D,81,82,83,1787836765691440,1787836765674805,1787836765674113
CV3T561000H0,34,35,40,1787836765691430,1787836765672112,1787836765674272
CPBG1630011D,82,83,84,1787836765725143,1787836765708137,1787836765707438
CV3T561000H0,35,36,41,1787836765724926,1787836765705443,1787836765707596
CPBG1630011D,83,84,85,1787836765758303,1787836765741469,1787836765740765
CV3T561000H0,36,37,42,1787836765757988,1787836765738775,1787836765740921
CPBG1630011D,84,85,86,1787836765791507,1787836765774805,1787836765774094
CV3T561000H0,37,38,43,1787836765791318,1787836765772111,1787836765774253
CPBG1630011D,85,86,87,1787836765825209,1787836765808136,1787836765807421
CV3T561000H0,38,39,44,1787836765825091,1787836765805442,1787836765807579
CPBG1630011D,86,87,88,1787836765858124,1787836765841486,1787836765840768
CV3T561000H0,39,40,45,1787836765858231,1787836765838791,1787836765840924
CPBG1630011D,87,88,89,1787836765891716,1787836765874807,1787836765874087
CV3T561000H0,40,41,46,1787836765891865,1787836765872113,1787836765874242
CPBG1630011D,88,89,90,1787836765924815,1787836765908137,1787836765907415
CV3T561000H0,41,42,47,1787836765924786,1787836765905442,1787836765907570
CPBG1630011D,89,90,91,1787836765958226,1787836765941472,1787836765940749
CV3T561000H0,42,43,48,1787836765958216,1787836765938776,1787836765940904
CPBG1630011D,90,91,92,1787836765991816,1787836765974805,1787836765974082
CV3T561000H0,43,44,49,1787836765992173,1787836765972109,1787836765974238
CPBG1630011D,91,92,93,1787836766024981,1787836766008157,1787836766007435
CV3T561000H0,44,45,50,1787836766025378,1787836766005461,1787836766007588
CPBG1630011D,92,93,94,1787836766058271,1787836766041482,1787836766040758
CV3T561000H0,45,46,51,1787836766058080,1787836766038786,1787836766040912
CPBG1630011D,93,94,95,1787836766091516,1787836766074810,1787836766074083
CV3T561000H0,46,47,52,1787836766091424,1787836766072113,1787836766074238
CPBG1630011D,94,95,96,1787836766124929,1787836766108142,1787836766107411
CV3T561000H0,47,48,53,1787836766124711,1787836766105446,1787836766107568
CPBG1630011D,95,96,97,1787836766158121,1787836766141476,1787836766140741
CV3T561000H0,48,49,54,1787836766158499,1787836766138780,1787836766140900
CPBG1630011D,96,97,98,1787836766191713,1787836766174807,1787836766174068
CV3T561000H0,49,50,55,1787836766191912,1787836766172110,1787836766174227
CPBG1630011D,97,98,99,1787836766225295,1787836766208140,1787836766207397
CV3T561000H0,50,51,56,1787836766225137,1787836766205443,1787836766207558
CV3T561000B5,89,90,93,1787836769225314,1787836769172269,1787836769174221
CV3T561000H0,140,141,146,1787836769224869,1787836769205475,1787836769207230
CPBG1630011D,187,188,189,1787836769225191,1787836769208200,1787836769207440
CV3T561000B5,98,99,102,1787836769524755,1787836769472271,1787836769474307
CV3T561000H0,149,150,155,1787836769524921,1787836769505472,1787836769507238
CPBG1630011D,196,197,198,1787836769524829,1787836769508199,1787836769507565
CV3T561000B5,104,105,108,1787836769724722,1787836769672272,1787836769674324
CV3T561000H0,155,156,161,1787836769724727,1787836769705469,1787836769707243
CPBG1630011D,202,203,204,1787836769724717,1787836769708198,1787836769707650
CV3T561000B5,151,152,155,1787836771324697,1787836771272283,1787836771273982
CV3T561000H0,202,203,208,1787836771324729,1787836771305487,1787836771307425
CPBG1630011D,249,250,251,1787836771325128,1787836771308226,1787836771307589
CV3T561000B5,162,163,166,1787836771691735,1787836771638942,1787836771640658
CV3T561000H0,213,214,219,1787836771691685,1787836771672152,1787836771673989
CPBG1630011D,260,261,262,1787836771691728,1787836771674894,1787836771674035
CV3T561000H0,274,275,279,1787836773724955,1787836773672172,1787836773673943
CPBG1630011D,321,322,323,1787836773724769,1787836773708253,1787836773707273
CV3T561000B5,223,224,228,1787836773725109,1787836773705618,1787836773707312
CV3T561000B5,235,236,239,1787836774124933,1787836774072293,1787836774073983
CV3T561000H0,286,287,292,1787836774125152,1787836774105516,1787836774107281
CPBG1630011D,333,334,335,1787836774124924,1787836774108274,1787836774107288
CV3T561000B5,237,238,241,1787836774191561,1787836774138956,1787836774140644
CV3T561000H0,288,289,294,1787836774191891,1787836774172168,1787836774173932
CPBG1630011D,335,336,337,1787836774191883,1787836774174927,1787836774173940
CV3T561000H0,314,315,319,1787836775091836,1787836775038842,1787836775040597
CPBG1630011D,362,363,364,1787836775125385,1787836775108275,1787836775107275
CV3T561000B5,264,265,269,1787836775125524,1787836775105629,1787836775107306
CV3T561000H0,324,325,329,1787836775458637,1787836775405510,1787836775407259
CPBG1630011D,372,373,374,1787836775491739,1787836775474945,1787836775473941
CV3T561000B5,274,275,279,1787836775491789,1787836775472295,1787836775473969
CPBG1630011D,400,401,401,1787836776425176,1787836776374957,1787836776373941
CV3T561000H0,353,354,359,1787836776424984,1787836776405518,1787836776407256
CV3T561000B5,302,303,307,1787836776425073,1787836776405634,1787836776407296
CV3T561000H0,397,398,402,1787836777891857,1787836777838862,1787836777840583
CPBG1630011D,445,446,447,1787836777924959,1787836777908314,1787836777907276
CV3T561000B5,347,348,352,1787836777925375,1787836777905643,1787836777907289
CV3T561000B5,359,360,363,1787836778325215,1787836778272312,1787836778273954
CV3T561000H0,410,411,416,1787836778325172,1787836778305540,1787836778307255
CPBG1630011D,457,458,459,1787836778325264,1787836778308327,1787836778307285
CV3T561000H0,458,459,463,1787836779924654,1787836779872210,1787836779873906
CV3T561000B5,407,408,412,1787836779924941,1787836779905657,1787836779907279
CPBG1630011D,505,506,507,1787836779924892,1787836779908345,1787836779907280
CV3T561000B5,498,499,502,1787836783024916,1787836782972769,1787836782974942
CPBG1630011D,596,597,598,1787836783025123,1787836783008383,1787836783007366
CV3T561000H0,549,550,555,1787836783024755,1787836783005565,1787836783007695
CV3T561000H0,559,560,564,1787836783391610,1787836783338913,1787836783341046
CPBG1630011D,606,607,608,1787836783391624,1787836783375052,1787836783374032
CV3T561000B5,508,509,513,1787836783391633,1787836783372336,1787836783374514
CPBG1630011D,616,617,617,1787836783725037,1787836783675059,1787836783674036
CV3T561000H0,569,570,575,1787836783724831,1787836783705576,1787836783707711
CV3T561000B5,518,519,523,1787836783725170,1787836783705678,1787836783707860
CPBG1630011D,622,623,623,1787836783925327,1787836783875061,1787836783874035
CV3T561000H0,575,576,581,1787836783925422,1787836783905572,1787836783907708
CV3T561000B5,524,525,529,1787836783925183,1787836783905675,1787836783907860
CPBG1630011D,629,630,630,1787836784158857,1787836784108398,1787836784107370
CV3T561000H0,582,583,588,1787836784158489,1787836784138913,1787836784141052
CV3T561000B5,531,532,536,1787836784158487,1787836784139015,1787836784141202
CPBG1630011D,651,652,653,1787836784891430,1787836784875075,1787836784874040
CV3T561000H0,605,606,611,1787836784924885,1787836784905580,1787836784907723
CV3T561000B5,554,555,559,1787836784925403,1787836784905680,1787836784907876
CV3T561000H0,613,614,619,1787836785191799,1787836785172250,1787836785174396
CPBG1630011D,661,662,663,1787836785225248,1787836785208434,1787836785207395
CV3T561000B5,563,564,568,1787836785224835,1787836785205702,1787836785207903
CV3T561000B5,596,597,600,1787836786324749,1787836786272356,1787836786274571
CPBG1630011D,694,695,696,1787836786324888,1787836786308430,1787836786307380
CV3T561000H0,647,648,653,1787836786324908,1787836786305591,1787836786307744
CV3T561000B5,614,615,618,1787836786924813,1787836786872358,1787836786874581
CPBG1630011D,712,713,714,1787836786924826,1787836786908447,1787836786907391
CV3T561000H0,665,666,671,1787836786925106,1787836786905604,1787836786907762
CV3T561000B5,672,673,677,1787836788892041,1787836788872375,1787836788874624
CPBG1630011D,771,772,773,1787836788924737,1787836788908466,1787836788907391
CV3T561000H0,724,725,730,1787836788924922,1787836788905610,1787836788907782
CV3T561000B5,820,821,824,1787836793824721,1787836793772394,1787836793774193
CV3T561000H0,871,872,877,1787836793824845,1787836793805643,1787836793806984
CV3T561000H0,872,873,877,1787836793858227,1787836793805643,1787836793806985
CPBG1630011D,918,919,920,1787836793825115,1787836793808532,1787836793807694
CV3T561000B5,821,822,826,1787836793858240,1787836793839061,1787836793840859
CPBG1630011D,919,920,921,1787836793858517,1787836793841866,1787836793841028
CV3T561000H0,877,878,882,1787836794024677,1787836793972319,1787836793973655
CV3T561000B5,826,827,831,1787836794024796,1787836794005733,1787836794007531
CPBG1630011D,924,925,926,1787836794024861,1787836794008539,1787836794007701
CPBG1630011D,958,959,959,1787836795158232,1787836795108551,1787836795107716
CV3T561000H0,911,912,917,1787836795158303,1787836795138984,1787836795140288
CV3T561000B5,860,861,865,1787836795158118,1787836795139066,1787836795140853
CV3T561000H0,924,925,929,1787836795591621,1787836795538997,1787836795540290
CV3T561000B5,874,875,879,1787836795625029,1787836795605739,1787836795607522
CPBG1630011D,972,973,974,1787836795625136,1787836795608558,1787836795607723
CV3T561000H0,929,930,934,1787836795758139,1787836795705668,1787836795706957
CV3T561000B5,878,879,883,1787836795758162,1787836795739070,1787836795740852
CPBG1630011D,976,977,978,1787836795758136,1787836795741890,1787836795741055
CV3T561000H0,978,979,984,1787836797391856,1787836797372339,1787836797373580
CV3T561000B5,928,929,933,1787836797424945,1787836797405755,1787836797407524
CPBG1630011D,1026,1027,1028,1787836797424832,1787836797408590,1787836797407760
CV3T561000B5,994,995,998,1787836799624824,1787836799572439,1787836799574189
CV3T561000H0,1045,1046,1051,1787836799624917,1787836799605695,1787836799606874
CPBG1630011D,1092,1093,1094,1787836799624883,1787836799608621,1787836799607795
CPBG1630011D,1162,1163,1164,1787836801958423,1787836801941980,1787836801940316
CV3T561000B5,1065,1066,1070,1787836801991791,1787836801972447,1787836801973627
CV3T561000H0,1116,1117,1122,1787836801991615,1787836801972378,1787836801974086
CV3T561000H0,1148,1149,1153,1787836803091445,1787836803039057,1787836803040763
CV3T561000B5,1097,1098,1102,1787836803091442,1787836803072455,1787836803073597
CPBG1630011D,1195,1196,1197,1787836803091573,1787836803075337,1787836803073625
CPBG1630011D,1227,1228,1228,1787836804191837,1787836804142006,1787836804140257
CV3T561000B5,1129,1130,1134,1787836804192350,1787836804172453,1787836804173560
CV3T561000H0,1180,1181,1186,1787836804192303,1787836804172388,1787836804174093
CV3T561000B5,1151,1152,1155,1787836804958461,1787836804905785,1787836804906866
CPBG1630011D,1249,1250,1251,1787836804958312,1787836804942019,1787836804940240
CV3T561000H0,1202,1203,1208,1787836804958312,1787836804939058,1787836804940761
CV3T561000B5,1166,1167,1170,1787836805458412,1787836805405793,1787836805406859
CPBG1630011D,1264,1265,1266,1787836805458234,1787836805442034,1787836805440237
CV3T561000H0,1217,1218,1223,1787836805458619,1787836805439070,1787836805440773
CPBG1630011D,1267,1268,1268,1787836805558225,1787836805508694,1787836805506895
CV3T561000B5,1169,1170,1174,1787836805558699,1787836805539127,1787836805540187
CV3T561000H0,1220,1221,1226,1787836805558613,1787836805539064,1787836805540766
CV3T561000H0,1257,1258,1263,1787836806791806,1787836806772405,1787836806774106
CV3T561000B5,1207,1208,1212,1787836806824897,1787836806805797,1787836806806815
CPBG1630011D,1305,1306,1307,1787836806824879,1787836806808710,1787836806806865
CV3T561000H0,1294,1295,1299,1787836808124784,1787836808072417,1787836808074115
CV3T561000B5,1243,1244,1248,1787836808125010,1787836808105808,1787836808106782
CPBG1630011D,1341,1342,1343,1787836808124770,1787836808108725,1787836808106833
CV3T561000H0,1341,1342,1346,1787836809724782,1787836809672429,1787836809674126
CV3T561000B5,1290,1291,1295,1787836809724797,1787836809705831,1787836809706752
CPBG1630011D,1388,1389,1390,1787836809724808,1787836809708761,1787836809706811
CV3T561000B5,1299,1300,1303,1787836810025196,1787836809972488,1787836809973400
CPBG1630011D,1397,1398,1399,1787836810025184,1787836810008748,1787836810006788
CV3T561000H0,1350,1351,1356,1787836810025019,1787836810005762,1787836810007457
CV3T561000H0,1351,1352,1356,1787836810058227,1787836810005762,1787836810007458
CV3T561000B5,1300,1301,1305,1787836810058315,1787836810039152,1787836810040063
CPBG1630011D,1398,1399,1400,1787836810058400,1787836810042085,1787836810040124
CPBG1630011D,1406,1407,1407,1787836810324966,1787836810275416,1787836810273447
CV3T561000B5,1308,1309,1313,1787836810324745,1787836810305821,1787836810306723
CV3T561000H0,1359,1360,1365,1787836810324685,1787836810305767,1787836810307462
CV3T561000H0,1375,1376,1380,1787836810891982,1787836810839100,1787836810840794
CPBG1630011D,1422,1423,1424,1787836810892006,1787836810875427,1787836810873436
CV3T561000B5,1324,1325,1329,1787836810891562,1787836810872487,1787836810873462
CV3T561000H0,1429,1430,1434,1787836812725136,1787836812672449,1787836812674528
CPBG1630011D,1476,1477,1478,1787836812725083,1787836812708793,1787836812707339
CV3T561000B5,1378,1379,1383,1787836812725100,1787836812705838,1787836812707519
CV3T561000B5,1428,1429,1432,1787836814424738,1787836814372502,1787836814374190
CPBG1630011D,1526,1527,1528,1787836814424778,1787836814408814,1787836814407342
CV3T561000H0,1479,1480,1485,1787836814424715,1787836814405799,1787836814407905
CPBG1630011D,1543,1544,1544,1787836814991881,1787836814942147,1787836814940671
CV3T561000B5,1445,1446,1450,1787836814991585,1787836814972510,1787836814974201
CV3T561000H0,1496,1497,1502,1787836814991533,1787836814972465,1787836814974579
CV3T561000H0,1524,1525,1529,1787836815958261,1787836815905907,1787836815908036
CPBG1630011D,1571,1572,1573,1787836815958789,1787836815942167,1787836815940681
CV3T561000B5,1473,1474,1478,1787836815958778,1787836815939185,1787836815940878
CV3T561000H0,1552,1553,1558,1787836816891537,1787836816872481,1787836816874625
CPBG1630011D,1600,1601,1602,1787836816925037,1787836816908849,1787836816907352
CV3T561000B5,1502,1503,1507,1787836816924969,1787836816905859,1787836816907557
CPBG1630011D,1631,1632,1633,1787836817991865,1787836817975517,1787836817974011
CV3T561000B5,1534,1535,1539,1787836818024856,1787836818005859,1787836818007562
CV3T561000H0,1585,1586,1591,1787836818024918,1787836818005819,1787836818007979
CPBG1630011D,1661,1662,1662,1787836819058056,1787836819008876,1787836819007359
CV3T561000B5,1563,1564,1568,1787836819058305,1787836819039196,1787836819040902
CV3T561000H0,1614,1615,1620,1787836819058160,1787836819039159,1787836819041336
CV3T561000H0,1635,1636,1641,1787836819758097,1787836819739164,1787836819741352
CPBG1630011D,1683,1684,1685,1787836819791926,1787836819775552,1787836819774027
CV3T561000B5,1585,1586,1590,1787836819792237,1787836819772539,1787836819774248
CV3T561000B5,1590,1591,1595,1787836819958475,1787836819939203,1787836819940913
CPBG1630011D,1689,1690,1691,1787836819991379,1787836819975554,1787836819974027
CV3T561000H0,1642,1643,1648,1787836819991846,1787836819972503,1787836819974695
CV3T561000B5,1619,1620,1623,1787836820958278,1787836820905880,1787836820907565
CPBG1630011D,1717,1718,1719,1787836820958133,1787836820942237,1787836820940702
CV3T561000H0,1670,1671,1676,1787836820958061,1787836820939180,1787836820941386
CV3T561000B5,1654,1655,1659,1787836822191914,1787836822172548,1787836822174057
CV3T561000H0,1706,1707,1712,1787836822225530,1787836822205852,1787836822207141
CPBG1630011D,1753,1754,1755,1787836822225372,1787836822208909,1787836822207718
CV3T561000B5,1684,1685,1688,1787836823191727,1787836823139221,1787836823140723
CV3T561000H0,1735,1736,1741,1787836823191564,1787836823172521,1787836823173786
CPBG1630011D,1782,1783,1784,1787836823191532,1787836823175593,1787836823174408
CV3T561000H0,1769,1770,1774,1787836824324767,1787836824272530,1787836824273767
CV3T561000B5,1718,1719,1723,1787836824324800,1787836824305894,1787836824307391
CPBG1630011D,1816,1817,1818,1787836824324857,1787836824308945,1787836824307766
CPBG1630011D,1843,1844,1844,1787836825224792,1787836825175622,1787836825174449
CV3T561000H0,1796,1797,1802,1787836825224942,1787836825205873,1787836825207086
CV3T561000B5,1745,1746,1750,1787836825225290,1787836825205900,1787836825207392
CPBG1630011D,1858,1859,1859,1787836825725243,1787836825675633,1787836825674463
CV3T561000H0,1811,1812,1817,1787836825724917,1787836825705884,1787836825707084
CV3T561000B5,1760,1761,1765,1787836825724975,1787836825705910,1787836825707400
CV3T561000H0,1850,1851,1855,1787836827024788,1787836826972551,1787836826973718
CV3T561000B5,1799,1800,1804,1787836827024788,1787836827005917,1787836827007400
CPBG1630011D,1897,1898,1899,1787836827024816,1787836827008990,1787836827007828
CV3T561000B5,1857,1858,1862,1787836828991771,1787836828972593,1787836828974065
CV3T561000H0,1909,1910,1915,1787836829024836,1787836829005898,1787836829007013
CPBG1630011D,1956,1957,1958,1787836829025260,1787836829009007,1787836829007857
CV3T561000H0,1911,1912,1917,1787836829091455,1787836829072564,1787836829073677
CV3T561000B5,1862,1863,1867,1787836829158653,1787836829139256,1787836829140726
CPBG1630011D,1960,1961,1962,1787836829158397,1787836829142347,1787836829141196
CPBG1630011D,1962,1963,1963,1787836829225340,1787836829175681,1787836829174530
CV3T561000H0,1915,1916,1921,1787836829225137,1787836829205899,1787836829207007
CV3T561000B5,1864,1865,1869,1787836829224922,1787836829205918,1787836829207388
CPBG1630011D,1970,1971,1971,1787836829491923,1787836829442361,1787836829441213
CV3T561000H0,1923,1924,1929,1787836829491577,1787836829472568,1787836829473671
CV3T561000B5,1872,1873,1877,1787836829491689,1787836829472587,1787836829474056
CPBG1630011D,1986,1987,1987,1787836830024925,1787836829975686,1787836829974540
CV3T561000H0,1939,1940,1945,1787836830025007,1787836830005905,1787836830006993
CV3T561000B5,1888,1889,1893,1787836830024927,1787836830005922,1787836830007388
CV3T561000H0,1969,1970,1974,1787836831024885,1787836830972578,1787836830973642
CV3T561000B5,1918,1919,1923,1787836831025071,1787836831005936,1787836831007302
CPBG1630011D,2016,2017,2018,1787836831025144,1787836831009043,1787836831007903
CPBG1630011D,2046,2047,2047,1787836832024802,1787836831975716,1787836831973803
CV3T561000B5,1948,1949,1953,1787836832024799,1787836832005934,1787836832007017
CV3T561000H0,1999,2000,2005,1787836832024748,1787836832005920,1787836832007518
CV3T561000H0,2101,2102,2106,1787836835425226,1787836835372612,1787836835374209
CV3T561000B5,2050,2051,2055,1787836835424996,1787836835405948,1787836835406956
CPBG1630011D,2148,2149,2150,1787836835425269,1787836835409091,1787836835407078
CV3T561000B5,2071,2072,2075,1787836836124686,1787836836072631,1787836836073624
CPBG1630011D,2169,2170,2171,1787836836124744,1787836836109106,1787836836107074
CV3T561000H0,2122,2123,2128,1787836836124769,1787836836105951,1787836836107546
CV3T561000H0,2205,2206,2211,1787836838892239,1787836838872642,1787836838874236
CV3T561000B5,2155,2156,2160,1787836838925127,1787836838905985,1787836838906917
CPBG1630011D,2253,2254,2255,1787836838925338,1787836838909157,1787836838907046
CV3T561000B5,2170,2171,2174,1787836839424770,1787836839372638,1787836839373560
CPBG1630011D,2268,2269,2270,1787836839425186,1787836839409150,1787836839407023
CV3T561000H0,2221,2222,2227,1787836839424723,1787836839405974,1787836839407567
CV3T561000B5,2254,2255,2258,1787836842224729,1787836842172681,1787836842173977
CPBG1630011D,2352,2353,2354,1787836842224764,1787836842209187,1787836842207406
CV3T561000H0,2305,2306,2311,1787836842224801,1787836842205993,1787836842207848
CV3T561000B5,2280,2281,2285,1787836843159128,1787836843139331,1787836843140624
CPBG1630011D,2379,2380,2381,1787836843191538,1787836843175875,1787836843174084
CV3T561000H0,2332,2333,2338,1787836843191832,1787836843172675,1787836843174541
CV3T561000H0,2362,2363,2367,1787836844191873,1787836844139346,1787836844141222
CV3T561000B5,2311,2312,2316,1787836844191587,1787836844172665,1787836844173954
CPBG1630011D,2409,2410,2411,1787836844191914,1787836844175881,1787836844174079
CV3T561000H0,2396,2397,2401,1787836845325150,1787836845272680,1787836845274569
CV3T561000B5,2345,2346,2350,1787836845324893,1787836845306003,1787836845307288
CPBG1630011D,2443,2444,2445,1787836845325362,1787836845309228,1787836845307416
CV3T561000H0,2493,2494,2498,1787836848724882,1787836848673133,1787836848675060
CV3T561000B5,2442,2443,2447,1787836848724802,1787836848706025,1787836848707299
CPBG1630011D,2540,2541,2542,1787836848724940,1787836848709278,1787836848707431
CV3T561000B5,2464,2465,2468,1787836849458056,1787836849406032,1787836849407305
CPBG1630011D,2562,2563,2564,1787836849458272,1787836849442615,1787836849440761
CV3T561000H0,2515,2516,2521,1787836849458188,1787836849439374,1787836849441310
CV3T561000H0,2523,2524,2528,1787836849724930,1787836849672715,1787836849674653
CV3T561000B5,2472,2473,2477,1787836849724796,1787836849706031,1787836849707302
CPBG1630011D,2570,2571,2572,1787836849724946,1787836849709292,1787836849707435
CPBG1630011D,2587,2588,2589,1787836850291603,1787836850275971,1787836850274109
CV3T561000B5,2490,2491,2495,1787836850324717,1787836850306030,1787836850307299
CV3T561000H0,2541,2542,2547,1787836850324675,1787836850306050,1787836850307995
CV3T561000B5,2512,2513,2517,1787836851058920,1787836851039364,1787836851040527
CPBG1630011D,2611,2612,2613,1787836851091476,1787836851075981,1787836851074116
CV3T561000H0,2564,2565,2570,1787836851091354,1787836851072730,1787836851074672
CPBG1630011D,2644,2645,2645,1787836852192010,1787836852142662,1787836852141237
CV3T561000B5,2546,2547,2551,1787836852192040,1787836852172708,1787836852173610
CV3T561000H0,2597,2598,2603,1787836852191804,1787836852172732,1787836852173859
CPBG1630011D,2664,2665,2665,1787836852858208,1787836852809334,1787836852807916
CV3T561000B5,2566,2567,2571,1787836852858418,1787836852839390,1787836852840279
CV3T561000H0,2617,2618,2623,1787836852858418,1787836852839415,1787836852840524
CV3T561000H0,2662,2663,2667,1787836854391302,1787836854339412,1787836854340483
CV3T561000B5,2611,2612,2616,1787836854391620,1787836854372721,1787836854373582
CPBG1630011D,2709,2710,2711,1787836854391395,1787836854376021,1787836854374618
CV3T561000B5,2700,2701,2704,1787836857424718,1787836857372735,1787836857373540
CV3T561000H0,2751,2752,2757,1787836857424731,1787836857406102,1787836857407093
CPBG1630011D,2798,2799,2800,1787836857424846,1787836857409394,1787836857408019
CV3T561000B5,2724,2725,2729,1787836858225132,1787836858206075,1787836858206865
CV3T561000H0,2776,2777,2782,1787836858258583,1787836858239446,1787836858240416
CPBG1630011D,2823,2824,2825,1787836858258814,1787836858242743,1787836858241377
CV3T561000B5,2785,2786,2789,1787836860291859,1787836860239418,1787836860240171
CV3T561000H0,2836,2837,2842,1787836860291726,1787836860272788,1787836860273705
CPBG1630011D,2883,2884,2885,1787836860291513,1787836860276098,1787836860274753
CV3T561000H0,2884,2885,2889,1787836861891562,1787836861839469,1787836861840877
CV3T561000B5,2833,2834,2838,1787836861891631,1787836861872763,1787836861873890
CPBG1630011D,2931,2932,2933,1787836861891386,1787836861876125,1787836861874073
CPBG1630011D,3004,3005,3005,1787836864324957,1787836864276156,1787836864274010
CV3T561000B5,2906,2907,2911,1787836864325146,1787836864306111,1787836864307235
CV3T561000H0,2957,2958,2963,1787836864324950,1787836864306157,1787836864307606
CPBG1630011D,3006,3007,3007,1787836864391774,1787836864342824,1787836864340676
CV3T561000B5,2908,2909,2913,1787836864392075,1787836864372778,1787836864373902
CV3T561000H0,2959,2960,2965,1787836864391582,1787836864372825,1787836864374274
CV3T561000H0,2966,2967,2971,1787836864624934,1787836864572818,1787836864574268
CV3T561000B5,2915,2916,2920,1787836864625129,1787836864606124,1787836864607247
CPBG1630011D,3013,3014,3015,1787836864625197,1787836864609508,1787836864607354
CV3T561000H0,2971,2972,2976,1787836864791902,1787836864739489,1787836864740939
CV3T561000B5,2920,2921,2925,1787836864792031,1787836864772779,1787836864773902
CPBG1630011D,3018,3019,3020,1787836864791769,1787836864776165,1787836864774007
CV3T561000H0,3001,3002,3006,1787836865791707,1787836865739496,1787836865740945
CV3T561000B5,2950,2951,2955,1787836865791634,1787836865772779,1787836865773901
CPBG1630011D,3048,3049,3050,1787836865791727,1787836865776173,1787836865773991
CV3T561000H0,3040,3041,3045,1787836867091570,1787836867039513,1787836867040962
CV3T561000B5,2989,2990,2994,1787836867091420,1787836867072805,1787836867073925
CPBG1630011D,3087,3088,3089,1787836867091510,1787836867076218,1787836867074005
CPBG1630011D,3138,3139,3139,1787836868825383,1787836868742891,1787836868740640
CV3T561000B5,3040,3041,3045,1787836868825412,1787836868806129,1787836868807247
CV3T561000H0,3091,3092,3097,1787836868824910,1787836868806184,1787836868807631
CV3T561000B5,3121,3122,3125,1787836871691766,1787836871639478,1787836871641073
CV3T561000H0,3172,3173,3178,1787836871691792,1787836871672873,1787836871673877
CPBG1630011D,3219,3220,3221,1787836871691847,1787836871676263,1787836871674266
CV3T561000B5,3155,3156,3159,1787836872824949,1787836872772825,1787836872774445
CV3T561000H0,3206,3207,3212,1787836872824731,1787836872806222,1787836872807038
CPBG1630011D,3253,3254,3255,1787836872824877,1787836872809620,1787836872807735
CV3T561000B5,3272,3273,3276,1787836876725526,1787836876672838,1787836876674531
CV3T561000H0,3323,3324,3329,1787836876725004,1787836876706242,1787836876706952
CPBG1630011D,3370,3371,3372,1787836876725012,1787836876709665,1787836876707765
CV3T561000H0,3343,3344,3349,1787836877491360,1787836877472912,1787836877473600
CPBG1630011D,3391,3392,3393,1787836877524896,1787836877509674,1787836877507770
CV3T561000B5,3293,3294,3298,1787836877524785,1787836877506175,1787836877507883
CPBG1630011D,3472,3473,3473,1787836880325269,1787836880276379,1787836880274465
CV3T561000H0,3425,3426,3431,1787836880324902,1787836880306361,1787836880306972
CV3T561000B5,3374,3375,3379,1787836880324922,1787836880306285,1787836880308046
CV3T561000B5,3427,3428,3431,1787836882158366,1787836882106200,1787836882107313
CPBG1630011D,3525,3526,3527,1787836882158131,1787836882143068,1787836882140561
CV3T561000H0,3478,3479,3484,1787836882157991,1787836882139610,1787836882140725
CV3T561000H0,3480,3481,3485,1787836882224944,1787836882172947,1787836882174063
CPBG1630011D,3527,3528,3529,1787836882224969,1787836882209744,1787836882207237
CV3T561000B5,3429,3430,3434,1787836882225695,1787836882206206,1787836882207317
CV3T561000H0,3488,3489,3493,1787836882524727,1787836882439633,1787836882440748
CPBG1630011D,3535,3536,3537,1787836882524923,1787836882509741,1787836882507225
CV3T561000B5,3437,3438,3442,1787836882524752,1787836882506201,1787836882507311
CV3T561000H0,3523,3524,3528,1787836883724955,1787836883672966,1787836883674077
CPBG1630011D,3570,3571,3572,1787836883725044,1787836883709762,1787836883707210
CV3T561000B5,3472,3473,3477,1787836883724803,1787836883706211,1787836883707310
CV3T561000B5,3519,3520,3523,1787836885291738,1787836885239557,1787836885240642
CPBG1630011D,3617,3618,3619,1787836885291632,1787836885276457,1787836885273861
CV3T561000H0,3570,3571,3576,1787836885291665,1787836885272979,1787836885274086
CPBG1630011D,3751,3752,3752,1787836889791927,1787836889743957,1787836889741230
CV3T561000B5,3653,3654,3658,1787836889791748,1787836889772903,1787836889773950
CV3T561000B5,3654,3655,3658,1787836889824847,1787836889772903,1787836889773950
CV3T561000H0,3704,3705,3710,1787836889792082,1787836889772997,1787836889774090
CPBG1630011D,3752,3753,3754,1787836889825041,1787836889809877,1787836889807149
CV3T561000H0,3705,3706,3711,1787836889825236,1787836889806370,1787836889807463
CV3T561000B5,3739,3740,3743,1787836892724803,1787836892672924,1787836892674466
CV3T561000H0,3790,3791,3796,1787836892724816,1787836892706355,1787836892707114
CPBG1630011D,3837,3838,3839,1787836892724771,1787836892709880,1787836892707857
CV3T561000H0,3807,3808,3813,1787836893291453,1787836893273044,1787836893273795
CV3T561000B5,3757,3758,3762,1787836893325102,1787836893306264,1787836893307814
CPBG1630011D,3855,3856,3857,1787836893324779,1787836893309893,1787836893307872
CV3T561000B5,3768,3769,3773,1787836893691398,1787836893672937,1787836893674491
CV3T561000H0,3820,3821,3826,1787836893725066,1787836893706370,1787836893707114
CPBG1630011D,3867,3868,3869,1787836893724818,1787836893709902,1787836893707882
CV3T561000B5,3791,3792,3795,1787836894458011,1787836894406267,1787836894407829
CV3T561000H0,3842,3843,3848,1787836894458324,1787836894439704,1787836894440435
CPBG1630011D,3889,3890,3891,1787836894458377,1787836894443232,1787836894441214
CV3T561000B5,3834,3835,3838,1787836895891427,1787836895839608,1787836895841188
CV3T561000H0,3885,3886,3891,1787836895891996,1787836895873052,1787836895873758
CPBG1630011D,3932,3933,3934,1787836895891414,1787836895876590,1787836895874578
CPBG1630011D,3933,3934,3934,1787836895924868,1787836895876590,1787836895874579
CV3T561000H0,3886,3887,3892,1787836895924796,1787836895906377,1787836895907083
CV3T561000B5,3835,3836,3840,1787836895924738,1787836895906272,1787836895907852
CV3T561000H0,3916,3917,3921,1787836896925429,1787836896873067,1787836896873757
CV3T561000B5,3865,3866,3870,1787836896924734,1787836896906291,1787836896907882
CPBG1630011D,3963,3964,3965,1787836896924755,1787836896909943,1787836896907935
CV3T561000B5,3919,3920,3923,1787836898725159,1787836898673390,1787836898675002
CV3T561000H0,3970,3971,3976,1787836898724700,1787836898706403,1787836898707062
CPBG1630011D,4017,4018,4019,1787836898724757,1787836898709959,1787836898707958
CPBG1630011D,4030,4031,4031,1787836899158216,1787836899109960,1787836899107961
CV3T561000H0,3983,3984,3989,1787836899158060,1787836899139734,1787836899140386
CV3T561000B5,3932,3933,3937,1787836899158216,1787836899139623,1787836899141240
CV3T561000B5,3939,3940,3944,1787836899391392,1787836899372958,1787836899374579
CV3T561000H0,3991,3992,3997,1787836899425174,1787836899406402,1787836899407049
CPBG1630011D,4038,4039,4040,1787836899425320,1787836899409962,1787836899407963
CV3T561000B5,3980,3981,3984,1787836900758525,1787836900706303,1787836900707939
CV3T561000H0,4031,4032,4037,1787836900758459,1787836900739752,1787836900740376
CPBG1630011D,4078,4079,4080,1787836900758537,1787836900743321,1787836900741328
CV3T561000B5,3985,3986,3989,1787836900925165,1787836900872965,1787836900874549
CV3T561000H0,4036,4037,4042,1787836900925212,1787836900906426,1787836900907049
CPBG1630011D,4083,4084,4085,1787836900925204,1787836900909997,1787836900908005
CV3T561000B5,3991,3992,3995,1787836901125224,1787836901072969,1787836901074401
CV3T561000H0,4042,4043,4048,1787836901125615,1787836901106415,1787836901107045
CPBG1630011D,4089,4090,4091,1787836901125265,1787836901109987,1787836901107984
CV3T561000B5,4013,4014,4017,1787836901858073,1787836901806305,1787836901807297
CPBG1630011D,4111,4112,4113,1787836901858111,1787836901843338,1787836901840837
CV3T561000H0,4064,4065,4070,1787836901858043,1787836901839761,1787836901840860
CV3T561000B5,4037,4038,4041,1787836902725006,1787836902672990,1787836902673969
CPBG1630011D,4135,4136,4137,1787836902725312,1787836902710097,1787836902707528
CV3T561000H0,4088,4089,4094,1787836902725351,1787836902706515,1787836902707665
CV3T561000B5,4039,4040,4043,1787836902824808,1787836902772978,1787836902773956
CPBG1630011D,4137,4138,4139,1787836902825336,1787836902810012,1787836902807442
CV3T561000H0,4090,4091,4096,1787836902824770,1787836902806429,1787836902807579
CV3T561000B5,4083,4084,4088,1787836904291647,1787836904272985,1787836904273941
CPBG1630011D,4182,4183,4184,1787836904324743,1787836904310037,1787836904307436
CV3T561000H0,4135,4136,4141,1787836904324847,1787836904306438,1787836904307599
CV3T561000B5,4138,4139,4142,1787836906124677,1787836906072994,1787836906073923
CPBG1630011D,4236,4237,4238,1787836906124896,1787836906110068,1787836906107430
CV3T561000H0,4189,4190,4195,1787836906124851,1787836906106457,1787836906107630
CV3T561000H0,4228,4229,4234,1787836907425603,1787836907406477,1787836907407659
CV3T561000B5,4178,4179,4183,1787836907458235,1787836907439683,1787836907440591
CPBG1630011D,4276,4277,4278,1787836907458352,1787836907443429,1787836907440763
CV3T561000H0,4289,4290,4294,1787836909458353,1787836909406482,1787836909407677
CV3T561000B5,4238,4239,4243,1787836909458254,1787836909439682,1787836909440560
CPBG1630011D,4336,4337,4338,1787836909458318,1787836909443445,1787836909440738
CPBG1630011D,4372,4373,4373,1787836910658190,1787836910610128,1787836910607398
CV3T561000B5,4274,4275,4279,1787836910658616,1787836910639686,1787836910640547
CV3T561000H0,4325,4326,4331,1787836910658465,1787836910639819,1787836910641021
CV3T561000H0,4327,4328,4332,1787836910724767,1787836910673158,1787836910674362
CV3T561000B5,4276,4277,4281,1787836910724791,1787836910706357,1787836910707217
CPBG1630011D,4374,4375,4376,1787836910725141,1787836910710131,1787836910707398
CV3T561000H0,4521,4522,4526,1787836917424822,1787836917373203,1787836917373527
CV3T561000B5,4470,4471,4475,1787836917424919,1787836917406383,1787836917407633
CPBG1630011D,4568,4569,4570,1787836917424906,1787836917410212,1787836917407962
CV3T561000H0,4612,4613,4617,1787836920524866,1787836920473228,1787836920473473
CV3T561000B5,4561,4562,4566,1787836920524970,1787836920506412,1787836920507667
CPBG1630011D,4659,4660,4661,1787836920525114,1787836920510266,1787836920508020
CV3T561000B5,4575,4576,4579,1787836920991950,1787836920939739,1787836920940899
CV3T561000H0,4626,4627,4632,1787836920992004,1787836920973225,1787836920973458
CPBG1630011D,4673,4674,4675,1787836920991950,1787836920976931,1787836920974686
CPBG1630011D,4788,4789,4789,1787836924891645,1787836924843649,1787836924841159
CV3T561000B5,4690,4691,4695,1787836924891469,1787836924873098,1787836924873599
CV3T561000H0,4741,4742,4747,1787836924891469,1787836924873258,1787836924874610
CV3T561000H0,4776,4777,4781,1787836926125275,1787836926073263,1787836926074640
CV3T561000B5,4725,4726,4730,1787836926124676,1787836926106431,1787836926106899
CPBG1630011D,4823,4824,4825,1787836926125523,1787836926110332,1787836926107832
CV3T561000B5,4770,4771,4774,1787836927692110,1787836927639776,1787836927640206
CPBG1630011D,4868,4869,4870,1787836927691730,1787836927677032,1787836927674518
CV3T561000H0,4821,4822,4827,1787836927691728,1787836927673283,1787836927674693
CV3T561000B5,4789,4790,4793,1787836928324834,1787836928273111,1787836928273524
CPBG1630011D,4887,4888,4889,1787836928325379,1787836928310367,1787836928307847
CV3T561000H0,4840,4841,4846,1787836928324858,1787836928306614,1787836928308037
CV3T561000H0,4858,4859,4863,1787836928925701,1787836928873278,1787836928874713
CV3T561000B5,4807,4808,4812,1787836928925065,1787836928906456,1787836928906853
CPBG1630011D,4905,4906,4907,1787836928925065,1787836928910380,1787836928907857
CV3T561000H0,4948,4949,4953,1787836931925058,1787836931873302,1787836931874127
CV3T561000B5,4897,4898,4902,1787836931925193,1787836931906470,1787836931907370
CPBG1630011D,4995,4996,4997,1787836931925027,1787836931910418,1787836931907545
CV3T561000H0,4979,4980,4984,1787836932958214,1787836932906652,1787836932907417
CV3T561000B5,4928,4929,4933,1787836932958688,1787836932939813,1787836932940712
CPBG1630011D,5026,5027,5028,1787836932958373,1787836932943770,1787836932940859
CV3T561000H0,5011,5012,5016,1787836934024826,1787836933973316,1787836933974068
CV3T561000B5,4960,4961,4965,1787836934024857,1787836934006489,1787836934007385
CPBG1630011D,5058,5059,5060,1787836934024992,1787836934010455,1787836934007519
CV3T561000H0,5028,5029,5034,1787836934591605,1787836934573320,1787836934574066
CPBG1630011D,5076,5077,5077,1787836934624755,1787836934577113,1787836934574165
CV3T561000B5,4978,4979,4983,1787836934624784,1787836934606473,1787836934607368
CV3T561000B5,4993,4994,4997,1787836935124890,1787836935073149,1787836935074042
CV3T561000H0,5044,5045,5050,1787836935125277,1787836935106664,1787836935107404
CPBG1630011D,5091,5092,5093,1787836935125385,1787836935110461,1787836935107500
CV3T561000B5,5006,5007,5010,1787836935558316,1787836935506483,1787836935507374
CV3T561000H0,5057,5058,5063,1787836935558203,1787836935539993,1787836935540729
CPBG1630011D,5104,5105,5106,1787836935558237,1787836935543792,1787836935540822
CPBG1630011D,5120,5121,5121,1787836936092153,1787836936043799,1787836936040818
CV3T561000B5,5022,5023,5027,1787836936091872,1787836936073151,1787836936074041
CV3T561000H0,5073,5074,5079,1787836936092069,1787836936073331,1787836936074061
CPBG1630011D,5122,5123,5123,1787836936158628,1787836936110474,1787836936107490
CV3T561000B5,5024,5025,5029,1787836936158141,1787836936139819,1787836936140710
CV3T561000H0,5075,5076,5081,1787836936158293,1787836936139999,1787836936140728
CV3T561000B5,5055,5056,5059,1787836937191839,1787836937139822,1787836937140710
CV3T561000H0,5106,5107,5112,1787836937191634,1787836937173338,1787836937174054
CPBG1630011D,5153,5154,5155,1787836937191533,1787836937177148,1787836937174141
CV3T561000B5,5061,5062,5066,1787836937391689,1787836937373183,1787836937374070
CV3T561000H0,5113,5114,5119,1787836937424814,1787836937406674,1787836937407388
CPBG1630011D,5160,5161,5162,1787836937424978,1787836937410485,1787836937407472
CV3T561000H0,5127,5128,5133,1787836937925068,1787836937906679,1787836937907388
CV3T561000B5,5077,5078,5082,1787836937958986,1787836937940616,1787836937941501
CPBG1630011D,5175,5176,5177,1787836937958996,1787836937944614,1787836937941590
CV3T561000B5,5079,5080,5083,1787836938024761,1787836937973167,1787836937974053
CV3T561000H0,5130,5131,5136,1787836938024777,1787836938006676,1787836938007383
CPBG1630011D,5177,5178,5179,1787836938024808,1787836938010491,1787836938007465
CV3T561000H0,5165,5166,5170,1787836939224681,1787836939173354,1787836939174049
CV3T561000B5,5114,5115,5119,1787836939225046,1787836939206498,1787836939207380
CPBG1630011D,5212,5213,5214,1787836939224935,1787836939210507,1787836939207453
CV3T561000H0,5177,5178,5182,1787836939624780,1787836939573365,1787836939574055
CV3T561000B5,5126,5127,5131,1787836939625024,1787836939606529,1787836939607410
CPBG1630011D,5224,5225,5226,1787836939624842,1787836939610541,1787836939607478
CV3T561000H0,5180,5181,5185,1787836939724924,1787836939673365,1787836939674054
CV3T561000B5,5130,5131,5135,1787836939758033,1787836939739835,1787836939740716
CPBG1630011D,5228,5229,5230,1787836939758903,1787836939743848,1787836939740782
CV3T561000B5,5155,5156,5159,1787836940591574,1787836940539844,1787836940540723
CV3T561000H0,5206,5207,5212,1787836940591724,1787836940573365,1787836940574043
CPBG1630011D,5253,5254,5255,1787836940591743,1787836940577196,1787836940574111
CV3T561000B5,5161,5162,5165,1787836940791550,1787836940739846,1787836940740726
CV3T561000H0,5212,5213,5218,1787836940791686,1787836940773369,1787836940774045
CPBG1630011D,5259,5260,5261,1787836940791659,1787836940777202,1787836940774112
CPBG1630011D,5282,5283,5283,1787836941558748,1787836941510634,1787836941507426
CV3T561000H0,5235,5236,5241,1787836941558578,1787836941540042,1787836941540580
CV3T561000B5,5184,5185,5189,1787836941558572,1787836941539851,1787836941541070
CV3T561000H0,5260,5261,5265,1787836942424677,1787836942373373,1787836942373765
CPBG1630011D,5307,5308,5309,1787836942424766,1787836942410561,1787836942407202
CV3T561000B5,5209,5210,5214,1787836942424879,1787836942406526,1787836942407783
CV3T561000H0,5293,5294,5298,1787836943524746,1787836943473385,1787836943473751
CPBG1630011D,5340,5341,5342,1787836943524735,1787836943510569,1787836943507174
CV3T561000B5,5242,5243,5247,1787836943524895,1787836943506525,1787836943507797
CV3T561000H0,5345,5346,5350,1787836945258417,1787836945206735,1787836945207061
CPBG1630011D,5392,5393,5394,1787836945258746,1787836945243950,1787836945240500
CV3T561000B5,5294,5295,5299,1787836945259081,1787836945239891,1787836945241184
CV3T561000H0,5357,5358,5362,1787836945658276,1787836945606735,1787836945607053
CPBG1630011D,5404,5405,5406,1787836945658539,1787836945643937,1787836945640473
CV3T561000B5,5306,5307,5311,1787836945658977,1787836945639875,1787836945641173
CV3T561000H0,5369,5370,5374,1787836946058429,1787836946006733,1787836946007042
CPBG1630011D,5416,5417,5418,1787836946058871,1787836946043942,1787836946040466
CV3T561000B5,5318,5319,5323,1787836946059013,1787836946039877,1787836946041180
CV3T561000H0,5375,5376,5380,1787836946258084,1787836946206742,1787836946207045
CPBG1630011D,5422,5423,5424,1787836946258148,1787836946243937,1787836946240454
CV3T561000B5,5324,5325,5329,1787836946258463,1787836946239870,1787836946241176
CPBG1630011D,5454,5455,5455,1787836947325017,1787836947277291,1787836947273775
CV3T561000H0,5407,5408,5413,1787836947324828,1787836947306752,1787836947307030
CV3T561000B5,5356,5357,5361,1787836947325290,1787836947306550,1787836947307869
CV3T561000H0,5409,5410,5415,1787836947391521,1787836947373410,1787836947373687
CPBG1630011D,5457,5458,5459,1787836947424925,1787836947410623,1787836947407103
CV3T561000B5,5359,5360,5364,1787836947424729,1787836947406547,1787836947407867
CV3T561000H0,5424,5425,5430,1787836947891682,1787836947873413,1787836947873678
CPBG1630011D,5472,5473,5474,1787836947924936,1787836947910633,1787836947907097
CV3T561000B5,5374,5375,5379,1787836947925390,1787836947906552,1787836947907879
CV3T561000H0,5434,5435,5439,1787836948224874,1787836948173416,1787836948173673
CPBG1630011D,5481,5482,5483,1787836948224692,1787836948210639,1787836948207092
CV3T561000B5,5383,5384,5388,1787836948224817,1787836948206556,1787836948207886
CPBG1630011D,5502,5503,5503,1787836948925135,1787836948877323,1787836948873756
CV3T561000H0,5455,5456,5461,1787836948924821,1787836948906762,1787836948907003
CV3T561000B5,5404,5405,5409,1787836948925091,1787836948906558,1787836948907898
CPBG1630011D,5570,5571,5571,1787836951258755,1787836951210672,1787836951207066
CV3T561000H0,5523,5524,5529,1787836951258211,1787836951240117,1787836951240363
CV3T561000B5,5472,5473,5477,1787836951258233,1787836951239908,1787836951240963
CV3T561000H0,5532,5533,5537,1787836951558062,1787836951506784,1787836951507224
CPBG1630011D,5579,5580,5581,1787836951558103,1787836951544006,1787836951540607
CV3T561000B5,5481,5482,5486,1787836951558129,1787836951539903,1787836951540738
CV3T561000B5,5513,5514,5517,1787836952624773,1787836952573263,1787836952574041
CPBG1630011D,5611,5612,5613,1787836952625077,1787836952610690,1787836952607531
CV3T561000H0,5564,5565,5570,1787836952625117,1787836952606789,1787836952607542
CV3T561000H0,5681,5682,5686,1787836956524826,1787836956473484,1787836956474250
CV3T561000B5,5630,5631,5635,1787836956524728,1787836956506594,1787836956507328
CPBG1630011D,5728,5729,5730,1787836956524847,1787836956510738,1787836956507534
CV3T561000B5,5686,5687,5691,1787836958391527,1787836958373271,1787836958373986
CPBG1630011D,5785,5786,5787,1787836958424747,1787836958410762,1787836958407536
CV3T561000H0,5738,5739,5744,1787836958424997,1787836958406825,1787836958407598
CV3T561000H0,5755,5756,5760,1787836958991984,1787836958940161,1787836958940936
CV3T561000B5,5704,5705,5709,1787836958991926,1787836958973273,1787836958973981
CPBG1630011D,5802,5803,5804,1787836958991725,1787836958977445,1787836958974213
CPBG1630011D,5876,5877,5877,1787836961458450,1787836961410812,1787836961407484
CV3T561000H0,5830,5831,5836,1787836961492619,1787836961473525,1787836961474469
CV3T561000B5,5779,5780,5784,1787836961491829,1787836961473297,1787836961474511
CPBG1630011D,5881,5882,5882,1787836961625389,1787836961577481,1787836961574094
CV3T561000H0,5834,5835,5840,1787836961625022,1787836961606849,1787836961607877
CV3T561000B5,5783,5784,5788,1787836961625183,1787836961606621,1787836961607907
CPBG1630011D,5890,5891,5891,1787836961925012,1787836961877485,1787836961874004
CV3T561000B5,5792,5793,5797,1787836961924929,1787836961906621,1787836961907930
CV3T561000H0,5843,5844,5849,1787836961924739,1787836961906850,1787836961908028
CV3T561000B5,5848,5849,5853,1787836963791610,1787836963773295,1787836963774631
CPBG1630011D,5947,5948,5949,1787836963824923,1787836963810846,1787836963807306
CV3T561000H0,5900,5901,5906,1787836963824873,1787836963806866,1787836963808105
CV3T561000H0,5912,5913,5917,1787836964224731,1787836964173541,1787836964174788
CPBG1630011D,5959,5960,5961,1787836964224922,1787836964210847,1787836964207299
CV3T561000B5,5861,5862,5866,1787836964224814,1787836964206632,1787836964207974
CPBG1630011D,5986,5987,5988,1787836965191425,1787836965177528,1787836965173960
CV3T561000B5,5889,5890,5894,1787836965224828,1787836965206636,1787836965207992
CV3T561000H0,5940,5941,5946,1787836965224841,1787836965206871,1787836965208141
CV3T561000H0,6005,6006,6011,1787836967391422,1787836967373566,1787836967374884
CPBG1630011D,6053,6054,6055,1787836967424739,1787836967410894,1787836967407280
CV3T561000B5,5955,5956,5960,1787836967424746,1787836967406659,1787836967408047
CV3T561000H0,6018,6019,6023,1787836967824774,1787836967773565,1787836967774892
CPBG1630011D,6065,6066,6067,1787836967825021,1787836967810891,1787836967807268
CV3T561000B5,5967,5968,5972,1787836967824755,1787836967806654,1787836967808047
CPBG1630011D,6076,6077,6078,1787836968192095,1787836968177565,1787836968173934
CV3T561000H0,6031,6032,6037,1787836968291471,1787836968273562,1787836968274900
CPBG1630011D,6080,6081,6082,1787836968325121,1787836968310898,1787836968307265
CV3T561000B5,5981,5982,5986,1787836968324877,1787836968306656,1787836968308055
CV3T561000B5,6028,6029,6033,1787836969891618,1787836969873334,1787836969874757
CPBG1630011D,6128,6129,6130,1787836969924965,1787836969910919,1787836969907253
CV3T561000H0,6080,6081,6086,1787836969924860,1787836969906908,1787836969908282
CV3T561000B5,6033,6034,6037,1787836970058211,1787836970006670,1787836970008095
CPBG1630011D,6132,6133,6134,1787836970058261,1787836970044250,1787836970040581
CV3T561000H0,6084,6085,6090,1787836970058126,1787836970040238,1787836970041614
CV3T561000H0,6094,6095,6100,1787836970391595,1787836970373578,1787836970374962
CPBG1630011D,6143,6144,6145,1787836970425178,1787836970410930,1787836970407252
CV3T561000B5,6044,6045,6049,1787836970425266,1787836970406671,1787836970408100
CV3T561000B5,6114,6115,6118,1787836972791650,1787836972740017,1787836972740654
CPBG1630011D,6213,6214,6215,1787836972791867,1787836972777626,1787836972774029
CV3T561000H0,6165,6166,6171,1787836972791519,1787836972773598,1787836972774317
CV3T561000B5,6146,6147,6151,1787836973892049,1787836973873379,1787836973873997
CPBG1630011D,6246,6247,6248,1787836973924847,1787836973910972,1787836973907356
CV3T561000H0,6198,6199,6204,1787836973924858,1787836973906936,1787836973907645
CPBG1630011D,6456,6457,6457,1787836981024895,1787836980977742,1787836980974013
CV3T561000B5,6357,6358,6362,1787836981024740,1787836981006723,1787836981007297
CV3T561000H0,6408,6409,6414,1787836981024730,1787836981006988,1787836981007636
CV3T561000H0,6411,6412,6416,1787836981124972,1787836981073649,1787836981074294
CPBG1630011D,6459,6460,6461,1787836981125200,1787836981111081,1787836981107352
CV3T561000B5,6360,6361,6365,1787836981125031,1787836981106726,1787836981107355
CPBG1630011D,6509,6510,6510,1787836982791602,1787836982744447,1787836982741051
CV3T561000H0,6461,6462,6467,1787836982791605,1787836982773667,1787836982773770
CV3T561000B5,6410,6411,6415,1787836982791754,1787836982773399,1787836982774309
CV3T561000B5,6435,6436,6439,1787836983624695,1787836983573406,1787836983574315
CV3T561000H0,6486,6487,6492,1787836983624714,1787836983607006,1787836983607083
CPBG1630011D,6534,6535,6536,1787836983625060,1787836983611105,1787836983607705
CV3T561000B5,6530,6531,6534,1787836987091421,1787836987040099,1787836987041009
CV3T561000H0,6581,6582,6587,1787836987091509,1787836987073695,1787836987073666
CPBG1630011D,6629,6630,6631,1787836987091513,1787836987077815,1787836987074407
CV3T561000B5,6615,6616,6619,1787836989924894,1787836989873435,1787836989874344
CV3T561000H0,6666,6667,6672,1787836989924926,1787836989907057,1787836989906940
CPBG1630011D,6714,6715,6716,1787836989924845,1787836989911195,1787836989907779
CV3T561000B5,6637,6638,6641,1787836990658112,1787836990606775,1787836990607684
CV3T561000H0,6688,6689,6694,1787836990658145,1787836990640397,1787836990640257
CPBG1630011D,6736,6737,6738,1787836990658692,1787836990644540,1787836990641121
CV3T561000H0,6714,6715,6719,1787836991525019,1787836991473731,1787836991473861
CV3T561000B5,6663,6664,6668,1787836991525328,1787836991506776,1787836991507190
CPBG1630011D,6762,6763,6764,1787836991524914,1787836991511209,1787836991507539
CV3T561000H0,6763,6764,6768,1787836993225083,1787836993173736,1787836993174347
CV3T561000B5,6712,6713,6717,1787836993225118,1787836993206782,1787836993207090
CPBG1630011D,6811,6812,6813,1787836993224960,1787836993211229,1787836993207183
CV3T561000B5,6719,6720,6723,1787836993458491,1787836993406781,1787836993407084
CPBG1630011D,6818,6819,6820,1787836993458634,1787836993444571,1787836993440518
CV3T561000H0,6770,6771,6776,1787836993458460,1787836993440410,1787836993441021
CPBG1630011D,6820,6821,6822,1787836993560058,1787836993546415,1787836993542361
CV3T561000B5,6733,6734,6738,1787836994024724,1787836994006790,1787836994007079
CPBG1630011D,6834,6835,6836,1787836994058125,1787836994044578,1787836994040511
CV3T561000H0,6785,6786,6791,1787836994058125,1787836994040413,1787836994041025
CV3T561000B5,6750,6751,6754,1787836994591527,1787836994540126,1787836994540403
CPBG1630011D,6850,6851,6852,1787836994591878,1787836994577909,1787836994573830
CV3T561000H0,6801,6802,6807,1787836994591794,1787836994573747,1787836994574362
CV3T561000H0,6816,6817,6821,1787836995158133,1787836995107209,1787836995107826
CV3T561000B5,6765,6766,6770,1787836995158108,1787836995140132,1787836995140395
CPBG1630011D,6865,6866,6867,1787836995158223,1787836995144596,1787836995140503
CV3T561000B5,6776,6777,6781,1787836995558247,1787836995540132,1787836995540386
CPBG1630011D,6878,6879,6880,1787836995624852,1787836995611263,1787836995607157
CV3T561000H0,6829,6830,6835,1787836995624782,1787836995607088,1787836995607706
CV3T561000B5,6834,6835,6838,1787836997591435,1787836997540915,1787836997541122
CPBG1630011D,6934,6935,6936,1787836997591892,1787836997577964,1787836997573811
CV3T561000H0,6885,6886,6891,1787836997591775,1787836997573777,1787836997574402
CV3T561000H0,6917,6918,6922,1787836998725164,1787836998673776,1787836998674405
CV3T561000B5,6866,6867,6871,1787836998725512,1787836998706811,1787836998706990
CPBG1630011D,6966,6967,6968,1787836998725149,1787836998711304,1787836998707122
CV3T561000B5,6902,6903,6906,1787836999924874,1787836999873499,1787836999873651
CPBG1630011D,7002,7003,7004,1787836999924924,1787836999911328,1787836999907118
CV3T561000H0,6953,6954,6959,1787836999924817,1787836999907119,1787836999907752
CV3T561000H0,6963,6964,6968,1787837000258160,1787837000207118,1787837000207752
CV3T561000B5,6912,6913,6917,1787837000258116,1787837000240152,1787837000240295
CPBG1630011D,7012,7013,7014,1787837000258189,1787837000244665,1787837000240447
CV3T561000H0,7006,7007,7011,1787837001691438,1787837001640468,1787837001640794
CPBG1630011D,7055,7056,7057,1787837001689739,1787837001676344,1787837001672034
CV3T561000B5,6955,6956,6960,1787837001691933,1787837001673493,1787837001674116
CV3T561000H0,7081,7082,7086,1787837004424816,1787837004373822,1787837004373910
CPBG1630011D,7130,7131,7132,1787837004425053,1787837004411382,1787837004406968
CV3T561000B5,7030,7031,7035,1787837004424837,1787837004406842,1787837004407464
CV3T561000H0,7104,7105,7109,1787837005191561,1787837005140488,1787837005140562
CPBG1630011D,7153,7154,7155,1787837005191910,1787837005178058,1787837005173624
CPBG1630011D,7154,7155,7155,1787837005224887,1787837005178058,1787837005173624
CV3T561000B5,7053,7054,7058,1787837005191563,1787837005173512,1787837005174133
CV3T561000H0,7105,7106,7111,1787837005224756,1787837005207154,1787837005207227
CV3T561000B5,7054,7055,7059,1787837005225111,1787837005206843,1787837005207463
CV3T561000H0,7121,7122,7126,1787837005758335,1787837005707158,1787837005707222
CPBG1630011D,7170,7171,7172,1787837005758516,1787837005744732,1787837005740282
CV3T561000B5,7070,7071,7075,1787837005758480,1787837005740181,1787837005740801
CV3T561000H0,7155,7156,7160,1787837006925117,1787837006873839,1787837006873881
CPBG1630011D,7204,7205,7206,1787837006924782,1787837006911427,1787837006906945
CV3T561000B5,7104,7105,7109,1787837006925072,1787837006906866,1787837006907483
CV3T561000H0,7157,7158,7163,1787837006991599,1787837006973835,1787837006973875
CPBG1630011D,7207,7208,7209,1787837007024831,1787837007011415,1787837007006930
CV3T561000B5,7107,7108,7112,1787837007024836,1787837007006854,1787837007007472
CV3T561000B5,7116,7117,7120,1787837007324794,1787837007273523,1787837007274139
CPBG1630011D,7216,7217,7218,1787837007324788,1787837007311424,1787837007306931
CV3T561000H0,7167,7168,7173,1787837007324790,1787837007307174,1787837007307206
CV3T561000B5,7179,7180,7183,1787837009424751,1787837009373536,1787837009374148
CPBG1630011D,7279,7280,7281,1787837009424912,1787837009411455,1787837009406903
CV3T561000H0,7230,7231,7236,1787837009425013,1787837009407185,1787837009407178
CV3T561000B5,7185,7186,7189,1787837009624844,1787837009573537,1787837009574148
CPBG1630011D,7285,7286,7287,1787837009625111,1787837009611463,1787837009606906
CV3T561000H0,7236,7237,7242,1787837009624730,1787837009607191,1787837009607180
CV3T561000H0,7379,7380,7384,1787837014424929,1787837014373924,1787837014374640
CPBG1630011D,7428,7429,7430,1787837014425025,1787837014411518,1787837014407392
CV3T561000B5,7328,7329,7333,1787837014424796,1787837014406888,1787837014407840
CPBG1630011D,7443,7444,7444,1787837014925205,1787837014878195,1787837014874066
CV3T561000B5,7343,7344,7348,1787837014925044,1787837014906896,1787837014907854
CV3T561000H0,7394,7395,7400,1787837014925167,1787837014907225,1787837014907947
CPBG1630011D,7464,7465,7465,1787837015658370,1787837015611555,1787837015607420
CV3T561000B5,7364,7365,7369,1787837015658490,1787837015640230,1787837015641196
CV3T561000H0,7415,7416,7421,1787837015658514,1787837015640561,1787837015641292
CV3T561000B5,7413,7414,7417,1787837017358054,1787837017306915,1787837017307900
CPBG1630011D,7513,7514,7515,1787837017358329,1787837017344897,1787837017340746
CV3T561000H0,7464,7465,7470,1787837017358307,1787837017340576,1787837017341330
CV3T561000B5,7420,7421,7424,1787837017591785,1787837017540243,1787837017541230
CPBG1630011D,7520,7521,7522,1787837017591698,1787837017578235,1787837017574082
CV3T561000H0,7471,7472,7477,1787837017592156,1787837017573913,1787837017574672
CV3T561000H0,7481,7482,7487,1787837017924869,1787837017907249,1787837017908012
CPBG1630011D,7531,7532,7533,1787837017958382,1787837017944907,1787837017940751
CV3T561000B5,7431,7432,7436,1787837017957992,1787837017940248,1787837017941240
CPBG1630011D,7535,7536,7536,1787837018091468,1787837018044912,1787837018040754
CV3T561000B5,7435,7436,7440,1787837018091976,1787837018073576,1787837018074569
CV3T561000H0,7486,7487,7492,1787837018091423,1787837018073911,1787837018074676
CV3T561000H0,7511,7512,7516,1787837018925012,1787837018873949,1787837018874724
CPBG1630011D,7560,7561,7562,1787837018925051,1787837018911587,1787837018907422
CV3T561000B5,7460,7461,7465,1787837018924996,1787837018906920,1787837018907922
CPBG1630011D,7576,7577,7577,1787837019458979,1787837019411586,1787837019407416
CV3T561000B5,7476,7477,7481,1787837019458843,1787837019440255,1787837019441262
CV3T561000H0,7527,7528,7533,1787837019458667,1787837019440593,1787837019441376
CPBG1630011D,7637,7638,7639,1787837021624917,1787837021611628,1787837021607654
CV3T561000B5,7538,7539,7543,1787837021658605,1787837021640270,1787837021640533
CV3T561000H0,7589,7590,7595,1787837021658545,1787837021640611,1787837021640975
CV3T561000B5,7545,7546,7549,1787837021891507,1787837021840267,1787837021840508
CV3T561000H0,7596,7597,7602,1787837021891573,1787837021873949,1787837021874099
CPBG1630011D,7645,7646,7647,1787837021892225,1787837021878299,1787837021874455
CPBG1630011D,7652,7653,7654,1787837022125477,1787837022111629,1787837022107823
CV3T561000B5,7553,7554,7558,1787837022158256,1787837022140280,1787837022140514
CV3T561000H0,7604,7605,7610,1787837022158284,1787837022140623,1787837022140700
CV3T561000B5,7732,7733,7736,1787837028224920,1787837028173631,1787837028173738
CV3T561000H0,7783,7784,7789,1787837028224855,1787837028207322,1787837028207283
CPBG1630011D,7832,7833,7834,1787837028224768,1787837028211712,1787837028207934
CV3T561000B5,7754,7755,7758,1787837029024801,1787837028973636,1787837028973726
CV3T561000H0,7805,7806,7811,1787837029024801,1787837029007327,1787837029007274
CPBG1630011D,7854,7855,7856,1787837029024799,1787837029011722,1787837029007948
CV3T561000H0,7825,7826,7830,1787837029725444,1787837029673996,1787837029673930
CV3T561000B5,7774,7775,7779,1787837029725129,1787837029706979,1787837029707054
CPBG1630011D,7874,7875,7876,1787837029725246,1787837029711735,1787837029707965
CPBG1630011D,7900,7901,7902,1787837030792035,1787837030778426,1787837030774662
CV3T561000B5,7801,7802,7806,1787837030824902,1787837030806979,1787837030807037
CV3T561000H0,7852,7853,7858,1787837030824786,1787837030807338,1787837030807251
CPBG1630011D,7913,7914,7915,1787837031258179,1787837031245089,1787837031241269
CV3T561000B5,7814,7815,7819,1787837031291573,1787837031273650,1787837031273917
CV3T561000H0,7865,7866,7871,1787837031291598,1787837031274010,1787837031273965
CPBG1630011D,8002,8003,8003,1787837034324890,1787837034278456,1787837034273871
CV3T561000B5,7902,7903,7907,1787837034325038,1787837034306995,1787837034307426
CV3T561000H0,7953,7954,7959,1787837034324890,1787837034307360,1787837034307723
CV3T561000B5,7908,7909,7912,1787837034524711,1787837034473670,1787837034474099
CPBG1630011D,8008,8009,8010,1787837034524807,1787837034511798,1787837034507208
CV3T561000H0,7959,7960,7965,1787837034525217,1787837034507368,1787837034507731
CV3T561000B5,7949,7950,7953,1787837035891588,1787837035840346,1787837035840770
CPBG1630011D,8049,8050,8051,1787837035891465,1787837035878476,1787837035873854
CV3T561000H0,8000,8001,8006,1787837035891466,1787837035874037,1787837035874403
CV3T561000H0,8037,8038,8042,1787837037124810,1787837037074052,1787837037074420
CPBG1630011D,8086,8087,8088,1787837037124859,1787837037111832,1787837037107182
CV3T561000B5,7986,7987,7991,1787837037124763,1787837037107015,1787837037107433
CV3T561000B5,8043,8044,8047,1787837039024753,1787837038973687,1787837038974097
CPBG1630011D,8143,8144,8145,1787837039024738,1787837039011851,1787837039007158
CV3T561000H0,8094,8095,8100,1787837039024870,1787837039007392,1787837039007764
CV3T561000B5,8052,8053,8056,1787837039325184,1787837039273690,1787837039274099
CPBG1630011D,8152,8153,8154,1787837039324903,1787837039311858,1787837039307158
CV3T561000H0,8103,8104,8109,1787837039325074,1787837039307397,1787837039307770
CV3T561000B5,8105,8106,8109,1787837041124889,1787837041073694,1787837041074191
CPBG1630011D,8205,8206,8207,1787837041124981,1787837041111885,1787837041107145
CV3T561000H0,8156,8157,8162,1787837041124924,1787837041107413,1787837041107786
CV3T561000B5,8327,8328,8332,1787837048758725,1787837048740412,1787837048741270
CPBG1630011D,8428,8429,8430,1787837048791561,1787837048778658,1787837048773524
CV3T561000H0,8379,8380,8385,1787837048791664,1787837048774137,1787837048773643
CV3T561000B5,8346,8347,8350,1787837049491399,1787837049440411,1787837049441276
CPBG1630011D,8446,8447,8448,1787837049491426,1787837049478660,1787837049473507
CV3T561000H0,8397,8398,8403,1787837049491437,1787837049474135,1787837049473621
CPBG1630011D,8460,8461,8461,1787837049958692,1787837049912000,1787837049906834
CV3T561000H0,8411,8412,8417,1787837049958122,1787837049940811,1787837049940284
CV3T561000B5,8360,8361,8365,1787837049958266,1787837049940416,1787837049941286
CV3T561000H0,8461,8462,8466,1787837051625224,1787837051574157,1787837051574030
CPBG1630011D,8510,8511,8512,1787837051625583,1787837051612035,1787837051607155
CV3T561000B5,8410,8411,8415,1787837051625003,1787837051607097,1787837051607405
CV3T561000B5,8425,8426,8429,1787837052124780,1787837052073755,1787837052074025
CV3T561000H0,8476,8477,8481,1787837052124740,1787837052074154,1787837052074470
CPBG1630011D,8525,8526,8527,1787837052124928,1787837052112026,1787837052107420
CV3T561000B5,8464,8465,8468,1787837053524768,1787837053473760,1787837053474010
CPBG1630011D,8564,8565,8566,1787837053524902,1787837053512052,1787837053507438
CV3T561000H0,8515,8516,8521,1787837053525303,1787837053507501,1787837053507833
CV3T561000H0,8527,8528,8532,1787837053924998,1787837053874181,1787837053874518
CV3T561000B5,8476,8477,8481,1787837053924818,1787837053907101,1787837053907345
CPBG1630011D,8576,8577,8578,1787837053924892,1787837053912057,1787837053907441
CV3T561000H0,8544,8545,8550,1787837054525149,1787837054507514,1787837054507859
CV3T561000B5,8494,8495,8499,1787837054558067,1787837054540451,1787837054540686
CPBG1630011D,8594,8595,8596,1787837054558895,1787837054545412,1787837054540791
CPBG1630011D,8685,8686,8687,1787837057624851,1787837057612106,1787837057607466
CV3T561000B5,8586,8587,8591,1787837057658437,1787837057640447,1787837057640640
CV3T561000H0,8637,8638,8643,1787837057658182,1787837057640857,1787837057641237
CPBG1630011D,8733,8734,8734,1787837059224818,1787837059178806,1787837059174156
CV3T561000B5,8633,8634,8638,1787837059224741,1787837059207127,1787837059207298
CV3T561000H0,8684,8685,8690,1787837059224943,1787837059207540,1787837059207937
CV3T561000B5,8651,8652,8655,1787837059825202,1787837059773795,1787837059773960
CPBG1630011D,8751,8752,8753,1787837059824847,1787837059812136,1787837059807481
CV3T561000H0,8702,8703,8708,1787837059825004,1787837059807545,1787837059807949
CV3T561000B5,8722,8723,8726,1787837062191566,1787837062140472,1787837062141034
CV3T561000H0,8773,8774,8779,1787837062191578,1787837062174229,1787837062173858
CPBG1630011D,8822,8823,8824,1787837062192629,1787837062178835,1787837062174566
CV3T561000B5,8728,8729,8732,1787837062391409,1787837062340474,1787837062341037
CV3T561000H0,8779,8780,8785,1787837062391458,1787837062374233,1787837062373856
CPBG1630011D,8828,8829,8830,1787837062391599,1787837062378841,1787837062374572
CV3T561000B5,8762,8763,8766,1787837063524772,1787837063473818,1787837063474385
CV3T561000H0,8813,8814,8819,1787837063524922,1787837063507575,1787837063507171
CPBG1630011D,8862,8863,8864,1787837063524744,1787837063512189,1787837063507929
CV3T561000B5,8768,8769,8772,1787837063725082,1787837063673817,1787837063674384
CV3T561000H0,8819,8820,8825,1787837063724682,1787837063707574,1787837063707166
CPBG1630011D,8868,8869,8870,1787837063724976,1787837063712190,1787837063707932
CPBG1630011D,9002,9003,9003,1787837068258490,1787837068212246,1787837068208025
CV3T561000H0,8955,8956,8961,1787837068325037,1787837068307603,1787837068307082
CV3T561000B5,8904,8905,8909,1787837068325088,1787837068307173,1787837068307755
CV3T561000H0,9038,9039,9043,1787837071124915,1787837071074291,1787837071073704
CV3T561000B5,8987,8988,8992,1787837071125364,1787837071107190,1787837071107582
CPBG1630011D,9087,9088,9089,1787837071125323,1787837071112288,1787837071108090
CPBG1630011D,9182,9183,9183,1787837074325322,1787837074278991,1787837074274021
CV3T561000B5,9082,9083,9087,1787837074325169,1787837074307201,1787837074307030
CV3T561000H0,9133,9134,9139,1787837074325369,1787837074307643,1787837074307556
CPBG1630011D,9210,9211,9211,1787837075291646,1787837075245675,1787837075240687
CV3T561000B5,9110,9111,9115,1787837075291625,1787837075273870,1787837075273675
CV3T561000H0,9161,9162,9167,1787837075291826,1787837075274314,1787837075274226
CV3T561000H0,9177,9178,9182,1787837075824950,1787837075774331,1787837075774243
CV3T561000B5,9126,9127,9131,1787837075825085,1787837075807232,1787837075807024
CPBG1630011D,9226,9227,9228,1787837075825196,1787837075812369,1787837075807370
CV3T561000H0,9183,9184,9188,1787837076058329,1787837076007769,1787837076007680
CV3T561000B5,9132,9133,9137,1787837076058327,1787837076040553,1787837076040340
CPBG1630011D,9232,9233,9234,1787837076058264,1787837076045692,1787837076040689
CV3T561000B5,9151,9152,9155,1787837076725043,1787837076673884,1787837076673655
CPBG1630011D,9251,9252,9253,1787837076725122,1787837076712361,1787837076707345
CV3T561000H0,9202,9203,9208,1787837076724690,1787837076707663,1787837076707574
CV3T561000B5,9162,9163,9166,1787837077124718,1787837077073886,1787837077073648
CPBG1630011D,9262,9263,9264,1787837077124769,1787837077112370,1787837077107347
CV3T561000H0,9213,9214,9219,1787837077124673,1787837077107669,1787837077107581
CV3T561000H0,9221,9222,9226,1787837077391758,1787837077341001,1787837077340913
CV3T561000B5,9170,9171,9175,1787837077391584,1787837077373887,1787837077373641
CPBG1630011D,9270,9271,9272,1787837077391609,1787837077379038,1787837077374010
CV3T561000B5,9222,9223,9226,1787837079124782,1787837079073899,1787837079073610
CPBG1630011D,9322,9323,9324,1787837079124835,1787837079112396,1787837079107335
CV3T561000H0,9273,9274,9279,1787837079125256,1787837079107683,1787837079107594
CV3T561000B5,9248,9249,9252,1787837080024981,1787837079973897,1787837079973587
CPBG1630011D,9348,9349,9350,1787837080024717,1787837080012402,1787837080007325
CV3T561000H0,9299,9300,9305,1787837080024997,1787837080007682,1787837080007592
CV3T561000B5,9251,9252,9255,1787837080124835,1787837080073910,1787837080073598
CV3T561000H0,9302,9303,9307,1787837080124689,1787837080074363,1787837080074272
CPBG1630011D,9351,9352,9353,1787837080124998,1787837080112407,1787837080107328
CV3T561000H0,9444,9445,9449,1787837085024738,1787837084974390,1787837084973562
CPBG1630011D,9493,9494,9495,1787837085024768,1787837085012476,1787837085006968
CV3T561000B5,9393,9394,9398,1787837085025161,1787837085007262,1787837085007619
CV3T561000H0,9483,9484,9488,1787837086325104,1787837086274392,1787837086273525
CPBG1630011D,9532,9533,9534,1787837086325010,1787837086312490,1787837086306943
CV3T561000B5,9432,9433,9437,1787837086325285,1787837086307267,1787837086307628
CV3T561000B5,9441,9442,9445,1787837086624730,1787837086573931,1787837086574294
CV3T561000H0,9492,9493,9498,1787837086624932,1787837086607728,1787837086606851
CPBG1630011D,9541,9542,9543,1787837086624838,1787837086612490,1787837086606933
CV3T561000H0,9512,9513,9518,1787837087325282,1787837087307737,1787837087306839
CPBG1630011D,9562,9563,9564,1787837087358490,1787837087345837,1787837087340259
CV3T561000B5,9462,9463,9467,1787837087358225,1787837087340604,1787837087340969
CV3T561000B5,9482,9483,9486,1787837088024786,1787837087973942,1787837087974309
CV3T561000H0,9533,9534,9539,1787837088025244,1787837088007747,1787837088006828
CPBG1630011D,9582,9583,9584,1787837088024782,1787837088012517,1787837088006918
CPBG1630011D,9596,9597,9597,1787837088491502,1787837088445849,1787837088440237
CV3T561000H0,9547,9548,9553,1787837088491484,1787837088474407,1787837088473474
CV3T561000B5,9496,9497,9501,1787837088491951,1787837088473939,1787837088474308
CV3T561000B5,9538,9539,9542,1787837089925112,1787837089873947,1787837089874320
CV3T561000H0,9589,9590,9595,1787837089925002,1787837089907758,1787837089906782
CPBG1630011D,9638,9639,9640,1787837089924974,1787837089912541,1787837089906884
CPBG1630011D,9690,9691,9691,1787837091758179,1787837091712558,1787837091707384
CV3T561000H0,9641,9642,9647,1787837091758209,1787837091741099,1787837091740643
CV3T561000B5,9590,9591,9595,1787837091758149,1787837091740625,1787837091740687
CV3T561000B5,9646,9647,9650,1787837093691446,1787837093640639,1787837093640683
CV3T561000H0,9697,9698,9703,1787837093691431,1787837093674455,1787837093674228
CPBG1630011D,9746,9747,9748,1787837093691459,1787837093679261,1787837093674347
CPBG1630011D,9753,9754,9755,1787837093924746,1787837093912589,1787837093907674
CV3T561000B5,9665,9666,9669,1787837094391684,1787837094340639,1787837094340676
CPBG1630011D,9766,9767,9767,1787837094391678,1787837094345929,1787837094341015
CV3T561000H0,9716,9717,9722,1787837094392022,1787837094374449,1787837094374226
CPBG1630011D,9811,9812,9812,1787837095891597,1787837095845957,1787837095841044
CV3T561000B5,9710,9711,9715,1787837095892079,1787837095873995,1787837095874017
CV3T561000H0,9761,9762,9767,1787837095891737,1787837095874477,1787837095874264
CPBG1630011D,9928,9929,9929,1787837099825279,1787837099779332,1787837099774419
CV3T561000B5,9827,9828,9832,1787837099825210,1787837099807330,1787837099807316
CV3T561000H0,9878,9879,9884,1787837099825209,1787837099807820,1787837099807631
CV3T561000B5,9840,9841,9845,1787837100292505,1787837100274003,1787837100273984
CV3T561000H0,9892,9893,9898,1787837100324913,1787837100307827,1787837100307641
CPBG1630011D,9942,9943,9944,1787837100325270,1787837100312675,1787837100307762
CV3T561000B5,9859,9860,9863,1787837100958160,1787837100907348,1787837100907345
CV3T561000H0,9910,9911,9916,1787837100958085,1787837100941163,1787837100940983
CPBG1630011D,9960,9961,9962,1787837100958437,1787837100946016,1787837100941102
CV3T561000B5,9861,9862,9866,1787837101058661,1787837101040676,1787837101040727
CV3T561000H0,9913,9914,9919,1787837101091965,1787837101074497,1787837101074318
CPBG1630011D,9963,9964,9965,1787837101091721,1787837101079350,1787837101074436
CV3T561000B5,9975,9976,9979,1787837105024989,1787837104974035,1787837104974432
CV3T561000H0,10026,10027,10032,1787837105025075,1787837105007970,1787837105007036
CPBG1630011D,10076,10077,10078,1787837105025383,1787837105012849,1787837105007325
CV3T561000H0,10050,10051,10055,1787837105891674,1787837105841200,1787837105840246
CPBG1630011D,10100,10101,10102,1787837105891580,1787837105879417,1787837105873875
CV3T561000B5,9999,10000,10004,1787837105891596,1787837105874031,1787837105874434
CPBG1630011D,10117,10118,10118,1787837106458166,1787837106412759,1787837106407206
CV3T561000H0,10067,10068,10073,1787837106458386,1787837106441202,1787837106440232
CV3T561000B5,10016,10017,10021,1787837106458162,1787837106440699,1787837106441106
CPBG1630011D,10124,10125,10125,1787837106692030,1787837106646091,1787837106640533
CV3T561000H0,10074,10075,10080,1787837106691997,1787837106674540,1787837106673565
CV3T561000B5,10023,10024,10028,1787837106692048,1787837106674038,1787837106674448
CV3T561000B5,10057,10058,10061,1787837107824715,1787837107774036,1787837107774453
CV3T561000H0,10108,10109,10114,1787837107824871,1787837107807879,1787837107806876
CPBG1630011D,10158,10159,10160,1787837107824745,1787837107812775,1787837107807192
CV3T561000B5,10061,10062,10066,1787837107991580,1787837107974055,1787837107974474
CV3T561000H0,10113,10114,10119,1787837108024721,1787837108007880,1787837108006871
CPBG1630011D,10163,10164,10165,1787837108025244,1787837108012777,1787837108007189
CV3T561000B5,10094,10095,10098,1787837109191835,1787837109140717,1787837109141144
CV3T561000H0,10145,10146,10151,1787837109191539,1787837109174557,1787837109173520
CPBG1630011D,10195,10196,10197,1787837109191684,1787837109179462,1787837109173851
CPBG1630011D,10296,10297,10298,1787837112726969,1787837112714966,1787837112709869
CV3T561000B5,10241,10242,10245,1787837114324742,1787837114274102,1787837114274282
CV3T561000H0,10292,10293,10298,1787837114324825,1787837114307931,1787837114307542
CPBG1630011D,10343,10344,10345,1787837114324769,1787837114312868,1787837114307773
CPBG1630011D,10350,10351,10351,1787837114558142,1787837114512863,1787837114507769
CV3T561000H0,10299,10300,10305,1787837114558064,1787837114541260,1787837114540873
CV3T561000B5,10248,10249,10253,1787837114558132,1787837114540742,1787837114540921
CV3T561000H0,10308,10309,10313,1787837114858607,1787837114807929,1787837114807544
CV3T561000B5,10257,10258,10262,1787837114858457,1787837114840757,1787837114840934
CPBG1630011D,10359,10360,10361,1787837114858322,1787837114846217,1787837114841124
CV3T561000H0,10356,10357,10361,1787837116458176,1787837116408041,1787837116407668
CV3T561000B5,10305,10306,10310,1787837116458236,1787837116440753,1787837116440925
CPBG1630011D,10407,10408,10409,1787837116458370,1787837116446225,1787837116441134
CV3T561000H0,10415,10416,10420,1787837118692383,1787837118642051,1787837118641695
CV3T561000B5,10364,10365,10369,1787837118692120,1787837118674098,1787837118674263
CPBG1630011D,10466,10467,10468,1787837118692275,1787837118679589,1787837118674501
CPBG1630011D,10673,10674,10674,1787837125959308,1787837125913024,1787837125907508
CV3T561000H0,10622,10623,10628,1787837125959455,1787837125942103,1787837125941153
CV3T561000B5,10571,10572,10576,1787837125959458,1787837125941563,1787837125941357
CPBG1630011D,10725,10726,10727,1787837127691547,1787837127679706,1787837127674167
CV3T561000H0,10675,10676,10681,1787837127724766,1787837127708019,1787837127707037
CV3T561000B5,10624,10625,10629,1787837127724883,1787837127707476,1787837127707243
CV3T561000B5,10725,10726,10729,1787837131158206,1787837131107510,1787837131107349
CV3T561000H0,10776,10777,10782,1787837131158527,1787837131141378,1787837131140338
CPBG1630011D,10827,10828,10829,1787837131158145,1787837131146422,1787837131140834
CV3T561000B5,10747,10748,10752,1787837131891381,1787837131874169,1787837131874353
CPBG1630011D,10850,10851,10852,1787837131925131,1787837131913095,1787837131907073
CV3T561000H0,10799,10800,10805,1787837131924846,1787837131908045,1787837131907419
CV3T561000B5,10773,10774,10777,1787837132825355,1787837132774168,1787837132774354
CPBG1630011D,10875,10876,10877,1787837132824840,1787837132813107,1787837132807009
CV3T561000H0,10824,10825,10830,1787837132824872,1787837132808052,1787837132807476
CV3T561000H0,10838,10839,10844,1787837133291497,1787837133274731,1787837133274158
CPBG1630011D,10890,10891,10892,1787837133324772,1787837133313116,1787837133307001
CV3T561000B5,10788,10789,10793,1787837133324956,1787837133307504,1787837133307693
CV3T561000B5,10800,10801,10804,1787837133725135,1787837133674180,1787837133674370
CPBG1630011D,10902,10903,10904,1787837133724904,1787837133713136,1787837133707008
CV3T561000H0,10851,10852,10857,1787837133725020,1787837133708075,1787837133707504
CV3T561000H0,10922,10923,10928,1787837136191519,1787837136174743,1787837136174182
CPBG1630011D,10974,10975,10976,1787837136224811,1787837136213153,1787837136206945
CV3T561000B5,10872,10873,10877,1787837136224780,1787837136207517,1787837136207715
CV3T561000B5,10884,10885,10888,1787837136624830,1787837136574186,1787837136574386
CPBG1630011D,10986,10987,10988,1787837136624894,1787837136613158,1787837136606937
CV3T561000H0,10935,10936,10941,1787837136625265,1787837136608080,1787837136607520
CV3T561000H0,10944,10945,10949,1787837136924982,1787837136874761,1787837136874203
CPBG1630011D,10995,10996,10997,1787837136924853,1787837136913165,1787837136906935
CV3T561000B5,10893,10894,10898,1787837136925887,1787837136907524,1787837136907725
CV3T561000H0,11019,11020,11024,1787837139424659,1787837139374770,1787837139374222
CPBG1630011D,11070,11071,11072,1787837139424751,1787837139413206,1787837139406895
CV3T561000B5,10968,10969,10973,1787837139424765,1787837139407544,1787837139407752
CV3T561000H0,11273,11274,11278,1787837148058256,1787837148008158,1787837148007975
CV3T561000B5,11222,11223,11227,1787837148058221,1787837148040908,1787837148040526
CPBG1630011D,11324,11325,11326,1787837148058908,1787837148046641,1787837148040807
CV3T561000B5,11239,11240,11243,1787837148624783,1787837148574251,1787837148573862
CPBG1630011D,11341,11342,11343,1787837148625069,1787837148613318,1787837148607481
CV3T561000H0,11290,11291,11296,1787837148624750,1787837148608163,1787837148607989
CPBG1630011D,11365,11366,11366,1787837149425117,1787837149379993,1787837149374149
CV3T561000B5,11263,11264,11268,1787837149425029,1787837149407588,1787837149407186
CV3T561000H0,11314,11315,11320,1787837149425340,1787837149408172,1787837149408010
CV3T561000H0,11362,11363,11367,1787837151024819,1787837150974844,1787837150974708
CV3T561000B5,11311,11312,11316,1787837151024922,1787837151007596,1787837151007250
CPBG1630011D,11413,11414,11415,1787837151024731,1787837151013354,1787837151007497
CV3T561000H0,11395,11396,11401,1787837152125155,1787837152108193,1787837152107567
CPBG1630011D,11447,11448,11449,1787837152158765,1787837152146703,1787837152140370
CV3T561000B5,11345,11346,11350,1787837152158369,1787837152140936,1787837152141127
CPBG1630011D,11462,11463,11464,1787837152658170,1787837152646706,1787837152640360
CV3T561000H0,11412,11413,11418,1787837152691773,1787837152674858,1787837152674228
CV3T561000B5,11361,11362,11366,1787837152691642,1787837152674267,1787837152674461
CPBG1630011D,11491,11492,11492,1787837153624932,1787837153580061,1787837153573691
CV3T561000B5,11389,11390,11394,1787837153625020,1787837153607605,1787837153607506
CV3T561000H0,11440,11441,11446,1787837153624883,1787837153608197,1787837153607560
CV3T561000B5,11425,11426,11429,1787837154825017,1787837154774281,1787837154774493
CPBG1630011D,11527,11528,11529,1787837154824922,1787837154813408,1787837154807005
CV3T561000H0,11476,11477,11482,1787837154825234,1787837154808213,1787837154807569
CV3T561000H0,11485,11486,11490,1787837155124907,1787837155074876,1787837155074230
CPBG1630011D,11536,11537,11538,1787837155124927,1787837155113405,1787837155106993
CV3T561000B5,11434,11435,11439,1787837155124920,1787837155107614,1787837155107828
CV3T561000B5,11493,11494,11497,1787837157124650,1787837157074288,1787837157074518
CPBG1630011D,11595,11596,11597,1787837157124697,1787837157113430,1787837157106966
CV3T561000H0,11544,11545,11550,1787837157124951,1787837157108221,1787837157107561
CV3T561000H0,11682,11683,11688,1787837161791452,1787837161774920,1787837161774000
CV3T561000B5,11632,11633,11637,1787837161825230,1787837161807649,1787837161807144
CPBG1630011D,11734,11735,11736,1787837161824965,1787837161813495,1787837161807423
CV3T561000B5,11668,11669,11673,1787837163025400,1787837163007650,1787837163007120
CV3T561000H0,11720,11721,11726,1787837163058411,1787837163041602,1787837163040575
CPBG1630011D,11771,11772,11773,1787837163059203,1787837163046849,1787837163040924
CV3T561000B5,11694,11695,11698,1787837163891678,1787837163841755,1787837163841206
CV3T561000H0,11745,11746,11751,1787837163891979,1787837163874937,1787837163873892
CPBG1630011D,11796,11797,11798,1787837163891651,1787837163880189,1787837163874265
CV3T561000H0,11848,11849,11853,1787837167825023,1787837167774964,1787837167773840
CV3T561000B5,11797,11798,11802,1787837167824741,1787837167807677,1787837167807046
CPBG1630011D,11899,11900,11901,1787837167824741,1787837167813573,1787837167807648
CPBG1630011D,12065,12066,12067,1787837173660310,1787837173648988,1787837173643080
CV3T561000B5,11978,11979,11982,1787837174191949,1787837174141044,1787837174140967
CPBG1630011D,12082,12083,12084,1787837174224753,1787837174213660,1787837174207752
CV3T561000H0,12030,12031,12036,1787837174224849,1787837174208343,1787837174207826
CV3T561000B5,12031,12032,12035,1787837176025112,1787837175974383,1787837175974313
CPBG1630011D,12134,12135,12136,1787837176025575,1787837176013687,1787837176007779
CV3T561000H0,12082,12083,12088,1787837176024998,1787837176008359,1787837176007857
CPBG1630011D,12143,12144,12145,1787837176324741,1787837176313686,1787837176307779
CV3T561000B5,12041,12042,12046,1787837176358904,1787837176341053,1787837176340983
CV3T561000H0,12092,12093,12098,1787837176358854,1787837176341688,1787837176341189
CPBG1630011D,12161,12162,12162,1787837176924840,1787837176880358,1787837176874451
CV3T561000B5,12058,12059,12063,1787837176925042,1787837176907724,1787837176907656
CV3T561000H0,12109,12110,12115,1787837176924884,1787837176908360,1787837176907864
CV3T561000H0,12115,12116,12120,1787837177125112,1787837177075028,1787837177074535
CV3T561000B5,12064,12065,12069,1787837177124966,1787837177107724,1787837177107658
CPBG1630011D,12167,12168,12169,1787837177125123,1787837177113696,1787837177107790
CV3T561000B5,12092,12093,12096,1787837178124720,1787837178074395,1787837178074332
CPBG1630011D,12195,12196,12197,1787837178125078,1787837178113708,1787837178107801
CV3T561000H0,12143,12144,12149,1787837178124658,1787837178108366,1787837178107881
CV3T561000H0,12149,12150,12154,1787837178324762,1787837178275472,1787837178274988
CV3T561000B5,12098,12099,12103,1787837178324850,1787837178307731,1787837178307669
CPBG1630011D,12201,12202,12203,1787837178325056,1787837178313713,1787837178307807
CV3T561000H0,12211,12212,12217,1787837180391952,1787837180375053,1787837180374588
CV3T561000B5,12161,12162,12166,1787837180425211,1787837180407852,1787837180407795
CPBG1630011D,12264,12265,12266,1787837180425524,1787837180413851,1787837180407946
CV3T561000H0,12270,12271,12275,1787837182424903,1787837182375063,1787837182374415
CV3T561000B5,12219,12220,12224,1787837182425750,1787837182407754,1787837182407230
CPBG1630011D,12322,12323,12324,1787837182425276,1787837182413770,1787837182407432
CV3T561000B5,12355,12356,12359,1787837187124968,1787837187074445,1787837187073849
CPBG1630011D,12458,12459,12460,1787837187124962,1787837187113830,1787837187107417
CV3T561000H0,12406,12407,12412,1787837187124992,1787837187108432,1787837187107786
CV3T561000B5,12372,12373,12376,1787837187691789,1787837187641111,1787837187640507
CPBG1630011D,12475,12476,12477,1787837187691536,1787837187680510,1787837187674088
CV3T561000H0,12423,12424,12429,1787837187691803,1787837187675107,1787837187674461
CV3T561000B5,12376,12377,12380,1787837187824792,1787837187774444,1787837187773839
CPBG1630011D,12479,12480,12481,1787837187824908,1787837187813837,1787837187807412
CV3T561000H0,12427,12428,12433,1787837187824792,1787837187808434,1787837187807788
CPBG1630011D,12484,12485,12486,1787837188058347,1787837188047181,1787837188040753
CV3T561000B5,12382,12383,12387,1787837188091849,1787837188074881,1787837188074271
CV3T561000H0,12433,12434,12439,1787837188091909,1787837188075539,1787837188074893
CV3T561000B5,12450,12451,12455,1787837190391955,1787837190374466,1787837190373822
CPBG1630011D,12554,12555,12556,1787837190425614,1787837190413884,1787837190407416
CV3T561000H0,12502,12503,12508,1787837190424919,1787837190408465,1787837190407819
CPBG1630011D,12562,12563,12563,1787837190692121,1787837190647214,1787837190640744
CV3T561000B5,12459,12460,12464,1787837190691645,1787837190674459,1787837190673810
CV3T561000H0,12510,12511,12516,1787837190691810,1787837190675121,1787837190674476
CPBG1630011D,12588,12589,12589,1787837191558499,1787837191513886,1787837191507318
CV3T561000B5,12486,12487,12491,1787837191591983,1787837191574485,1787837191574229
CV3T561000H0,12537,12538,12543,1787837191591790,1787837191575149,1787837191574268
CPBG1630011D,12599,12600,12600,1787837191925364,1787837191880559,1787837191873851
CV3T561000H0,12547,12548,12553,1787837191925010,1787837191908464,1787837191907328
CV3T561000B5,12496,12497,12501,1787837191925037,1787837191907799,1787837191907602
CPBG1630011D,12611,12612,12612,1787837192425151,1787837192380581,1787837192373819
CV3T561000H0,12559,12560,12565,1787837192424901,1787837192408472,1787837192407258
CV3T561000B5,12508,12509,12513,1787837192424883,1787837192407807,1787837192407610
CV3T561000H0,12567,12568,12573,1787837192691337,1787837192675136,1787837192673915
CPBG1630011D,12620,12621,12622,1787837192724825,1787837192713897,1787837192707126
CV3T561000B5,12517,12518,12522,1787837192724775,1787837192707804,1787837192707608
CV3T561000B5,12547,12548,12551,1787837193724912,1787837193674481,1787837193674290
CPBG1630011D,12650,12651,12652,1787837193725492,1787837193713908,1787837193707110
CV3T561000H0,12598,12599,12604,1787837193724976,1787837193708475,1787837193707230
CV3T561000B5,12561,12562,12566,1787837194191442,1787837194174482,1787837194174292
CPBG1630011D,12665,12666,12667,1787837194225697,1787837194213922,1787837194207112
CV3T561000H0,12613,12614,12619,1787837194225001,1787837194208486,1787837194207230
CPBG1630011D,12671,12672,12672,1787837194458217,1787837194413919,1787837194407103
CV3T561000H0,12619,12620,12625,1787837194458193,1787837194441816,1787837194440554
CV3T561000B5,12568,12569,12573,1787837194458235,1787837194441147,1787837194440958
CPBG1630011D,12704,12705,12705,1787837195558151,1787837195513929,1787837195507084
CV3T561000H0,12652,12653,12658,1787837195558221,1787837195541825,1787837195540537
CV3T561000B5,12601,12602,12606,1787837195558311,1787837195541154,1787837195540969
CPBG1630011D,12731,12732,12732,1787837196459018,1787837196413960,1787837196407092
CV3T561000H0,12679,12680,12685,1787837196458735,1787837196441840,1787837196440532
CV3T561000B5,12628,12629,12633,1787837196458423,1787837196441167,1787837196440984
CV3T561000B5,12641,12642,12646,1787837196891699,1787837196874507,1787837196874327
CPBG1630011D,12745,12746,12747,1787837196924790,1787837196913962,1787837196907081
CV3T561000H0,12693,12694,12699,1787837196924790,1787837196908509,1787837196907190
CV3T561000H0,12783,12784,12789,1787837199924845,1787837199908529,1787837199907141
CPBG1630011D,12836,12837,12838,1787837199958989,1787837199947340,1787837199940380
CV3T561000B5,12733,12734,12738,1787837199958425,1787837199941180,1787837199941011
CV3T561000B5,12920,12921,12924,1787837206524941,1787837206474550,1787837206473693
CV3T561000H0,12971,12972,12977,1787837206524887,1787837206508580,1787837206506864
CPBG1630011D,13023,13024,13025,1787837206524993,1787837206514103,1787837206507758
CPBG1630011D,13037,13038,13038,1787837206991541,1787837206948191,1787837206941846
CV3T561000H0,12985,12986,12991,1787837206991534,1787837206975235,1787837206973505
CV3T561000B5,12934,12935,12939,1787837206991947,1787837206974542,1787837206973673
CV3T561000H0,13045,13046,13051,1787837209191359,1787837209175247,1787837209173454
CV3T561000B5,12995,12996,13000,1787837209225123,1787837209207980,1787837209207066
CPBG1630011D,13098,13099,13100,1787837209225315,1787837209214216,1787837209207869
CV3T561000B5,13043,13044,13047,1787837210924753,1787837210874570,1787837210873627
CV3T561000H0,13094,13095,13100,1787837210925009,1787837210908598,1787837210906754
CPBG1630011D,13146,13147,13148,1787837210924824,1787837210914147,1787837210907800
CV3T561000H0,13100,13101,13105,1787837211124724,1787837211075265,1787837211073417
CV3T561000B5,13049,13050,13054,1787837211124761,1787837211107912,1787837211107021
CPBG1630011D,13152,13153,13154,1787837211124755,1787837211114156,1787837211107809
CPBG1630011D,13155,13156,13156,1787837211224958,1787837211180807,1787837211174455
CV3T561000H0,13103,13104,13109,1787837211224796,1787837211208601,1787837211206757
CV3T561000B5,13052,13053,13057,1787837211225008,1787837211207900,1787837211207045
CPBG1630011D,13187,13188,13188,1787837212325190,1787837212280821,1787837212273829
CV3T561000B5,13084,13085,13089,1787837212324951,1787837212307913,1787837212307218
CV3T561000H0,13135,13136,13141,1787837212324943,1787837212308616,1787837212307286
CV3T561000B5,13153,13154,13157,1787837214624776,1787837214574581,1787837214573865
CPBG1630011D,13256,13257,13258,1787837214624878,1787837214614191,1787837214607140
CV3T561000H0,13204,13205,13210,1787837214624945,1787837214608626,1787837214607280
CV3T561000B5,13171,13172,13175,1787837215224693,1787837215174584,1787837215173862
CV3T561000H0,13222,13223,13227,1787837215224695,1787837215175293,1787837215173944
CPBG1630011D,13274,13275,13276,1787837215224819,1787837215214197,1787837215207131
CV3T561000H0,13232,13233,13237,1787837215558715,1787837215508626,1787837215507275
CPBG1630011D,13284,13285,13286,1787837215558292,1787837215547532,1787837215540458
CV3T561000B5,13181,13182,13186,1787837215559001,1787837215541252,1787837215540527
CPBG1630011D,13304,13305,13306,1787837216224981,1787837216214204,1787837216207115
CV3T561000B5,13202,13203,13207,1787837216258049,1787837216241255,1787837216240523
CV3T561000H0,13253,13254,13259,1787837216258050,1787837216241966,1787837216240610
CPBG1630011D,13343,13344,13344,1787837217525524,1787837217480890,1787837217473770
CV3T561000B5,13240,13241,13245,1787837217525190,1787837217508026,1787837217507283
CV3T561000H0,13291,13292,13297,1787837217525373,1787837217508739,1787837217507374
CV3T561000H0,13325,13326,13330,1787837218724717,1787837218675322,1787837218673948
CPBG1630011D,13377,13378,13379,1787837218724797,1787837218714243,1787837218707092
CV3T561000B5,13274,13275,13279,1787837218724676,1787837218707936,1787837218707183
CV3T561000H0,13343,13344,13348,1787837219324688,1787837219275321,1787837219273943
CPBG1630011D,13395,13396,13397,1787837219324696,1787837219314262,1787837219307096
CV3T561000B5,13292,13293,13297,1787837219324745,1787837219307951,1787837219307192
CV3T561000H0,13352,13353,13358,1787837219625620,1787837219608663,1787837219607283
CPBG1630011D,13405,13406,13407,1787837219658421,1787837219647588,1787837219640414
CV3T561000B5,13302,13303,13307,1787837219658238,1787837219641274,1787837219640511
CV3T561000B5,13330,13331,13335,1787837220592036,1787837220574612,1787837220573841
CPBG1630011D,13434,13435,13436,1787837220624876,1787837220614264,1787837220607065
CV3T561000H0,13382,13383,13388,1787837220624907,1787837220608661,1787837220607274
CV3T561000B5,13472,13473,13477,1787837225658839,1787837225641308,1787837225641226
CPBG1630011D,13576,13577,13578,1787837225691591,1787837225681032,1787837225674284
CV3T561000H0,13524,13525,13530,1787837225691577,1787837225675390,1787837225674645
CV3T561000B5,13515,13516,13520,1787837227091647,1787837227074652,1787837227074592
CPBG1630011D,13619,13620,13621,1787837227125300,1787837227114367,1787837227107611
CV3T561000H0,13567,13568,13573,1787837227124862,1787837227108716,1787837227107994
CV3T561000H0,13584,13585,13589,1787837227724836,1787837227675378,1787837227674666
CPBG1630011D,13636,13637,13638,1787837227724984,1787837227714367,1787837227707607
CV3T561000B5,13533,13534,13538,1787837227724821,1787837227707979,1787837227707929
CV3T561000B5,13634,13635,13638,1787837231125209,1787837231074664,1787837231074606
CPBG1630011D,13737,13738,13739,1787837231125314,1787837231114403,1787837231107625
CV3T561000H0,13685,13686,13691,1787837231125324,1787837231108733,1787837231108077
CV3T561000H0,13797,13798,13802,1787837234991870,1787837234942092,1787837234940650
CPBG1630011D,13849,13850,13851,1787837234991693,1787837234981126,1787837234974199
CV3T561000B5,13746,13747,13751,1787837234991845,1787837234974685,1787837234974358
CPBG1630011D,13868,13869,13869,1787837235625394,1787837235581137,1787837235574203
CV3T561000H0,13816,13817,13822,1787837235625145,1787837235608782,1787837235607331
CV3T561000B5,13765,13766,13770,1787837235625569,1787837235608034,1787837235607708
CPBG1630011D,13883,13884,13884,1787837236124846,1787837236081140,1787837236074202
CV3T561000H0,13831,13832,13837,1787837236124789,1787837236108767,1787837236107309
CV3T561000B5,13780,13781,13785,1787837236124780,1787837236108018,1787837236107692
CV3T561000H0,13833,13834,13838,1787837236191982,1787837236142102,1787837236140644
CPBG1630011D,13885,13886,13887,1787837236191904,1787837236181139,1787837236174199
CV3T561000B5,13782,13783,13787,1787837236192054,1787837236174689,1787837236174364
CV3T561000H0,13851,13852,13857,1787837236791762,1787837236775442,1787837236773975
CPBG1630011D,13904,13905,13906,1787837236825118,1787837236814479,1787837236807534
CV3T561000B5,13801,13802,13806,1787837236824819,1787837236808023,1787837236807699
CPBG1630011D,13964,13965,13965,1787837238825114,1787837238781181,1787837238774216
CV3T561000H0,13912,13913,13918,1787837238825878,1787837238808786,1787837238807291
CV3T561000B5,13861,13862,13866,1787837238825073,1787837238808032,1787837238807713
CV3T561000H0,13950,13951,13956,1787837240092194,1787837240075462,1787837240073950
CV3T561000B5,13900,13901,13904,1787837240124802,1787837240074707,1787837240074390
CPBG1630011D,14003,14004,14005,1787837240125282,1787837240114527,1787837240107548
CV3T561000H0,14002,14003,14007,1787837241825213,1787837241775475,1787837241773741
CV3T561000B5,13951,13952,13956,1787837241824990,1787837241808063,1787837241807012
CPBG1630011D,14054,14055,14056,1787837241825088,1787837241814559,1787837241807155
CV3T561000B5,13957,13958,13961,1787837242024770,1787837241974715,1787837241973660
CV3T561000H0,14008,14009,14014,1787837242024717,1787837242008812,1787837242006999
CPBG1630011D,14060,14061,14062,1787837242024747,1787837242014551,1787837242007025
CV3T561000H0,14095,14096,14100,1787837245024878,1787837244975500,1787837244973599
CV3T561000B5,14044,14045,14049,1787837245025127,1787837245008073,1787837245006938
CPBG1630011D,14147,14148,14149,1787837245024789,1787837245014596,1787837245006950
CV3T561000B5,14091,14092,14096,1787837246591609,1787837246574739,1787837246573562
CV3T561000H0,14143,14144,14149,1787837246624789,1787837246608842,1787837246606900
CPBG1630011D,14195,14196,14197,1787837246624765,1787837246614609,1787837246606913
CV3T561000B5,14207,14208,14212,1787837250492385,1787837250474759,1787837250473479
CV3T561000H0,14259,14260,14265,1787837250524683,1787837250508864,1787837250506823
CPBG1630011D,14311,14312,14313,1787837250524908,1787837250514657,1787837250506840
CV3T561000B5,14221,14222,14225,1787837250958205,1787837250908095,1787837250906818
CV3T561000H0,14272,14273,14278,1787837250958224,1787837250942206,1787837250940154
CPBG1630011D,14324,14325,14326,1787837250958016,1787837250948001,1787837250940169
CV3T561000B5,14319,14320,14323,1787837254358314,1787837254308108,1787837254307417
CPBG1630011D,14422,14423,14424,1787837254358172,1787837254348043,1787837254340587
CV3T561000H0,14370,14371,14376,1787837254358081,1787837254342226,1787837254340597
CV3T561000B5,14321,14322,14325,1787837254424734,1787837254374788,1787837254374097
CPBG1630011D,14424,14425,14426,1787837254425223,1787837254414711,1787837254407254
CV3T561000H0,14372,14373,14378,1787837254424906,1787837254408895,1787837254407267
CV3T561000H0,14393,14394,14398,1787837255125265,1787837255075580,1787837255073947
CPBG1630011D,14445,14446,14447,1787837255125082,1787837255114729,1787837255107261
CV3T561000B5,14342,14343,14347,1787837255125033,1787837255108124,1787837255107430
CV3T561000B5,14344,14345,14348,1787837255258376,1787837255174782,1787837255174089
CPBG1630011D,14447,14448,14449,1787837255258296,1787837255248060,1787837255240590
CV3T561000H0,14395,14396,14401,1787837255258593,1787837255242238,1787837255240604
CV3T561000H0,14441,14442,14446,1787837257224889,1787837257142249,1787837257140603
CPBG1630011D,14493,14494,14495,1787837257224822,1787837257214750,1787837257207252
CV3T561000B5,14390,14391,14395,1787837257225109,1787837257208127,1787837257207429
CV3T561000H0,14453,14454,14458,1787837257625045,1787837257575580,1787837257573930
CPBG1630011D,14505,14506,14507,1787837257624923,1787837257614754,1787837257607251
CV3T561000B5,14402,14403,14407,1787837257624928,1787837257608128,1787837257607430
CV3T561000B5,14410,14411,14415,1787837257891660,1787837257874814,1787837257874116
CPBG1630011D,14514,14515,14516,1787837257924763,1787837257914768,1787837257907260
CV3T561000H0,14462,14463,14468,1787837257924775,1787837257908929,1787837257907278
CV3T561000H0,14511,14512,14516,1787837259891656,1787837259842266,1787837259840602
CPBG1630011D,14563,14564,14565,1787837259892178,1787837259881450,1787837259873914
CV3T561000B5,14460,14461,14465,1787837259891891,1787837259874805,1787837259874102
CV3T561000B5,14477,14478,14481,1787837260458166,1787837260408140,1787837260407437
CPBG1630011D,14580,14581,14582,1787837260458246,1787837260448130,1787837260440586
CV3T561000H0,14528,14529,14534,1787837260458015,1787837260442275,1787837260440607
CV3T561000H0,14552,14553,14557,1787837261324661,1787837261275611,1787837261273959
CPBG1630011D,14604,14605,14606,1787837261324990,1787837261314802,1787837261307237
CV3T561000B5,14501,14502,14506,1787837261325497,1787837261308145,1787837261307273
CV3T561000B5,14549,14550,14553,1787837262991621,1787837262941502,1787837262940432
CPBG1630011D,14652,14653,14654,1787837262992499,1787837262981492,1787837262973773
CV3T561000H0,14600,14601,14606,1787837262991655,1787837262975621,1787837262974457
CV3T561000H0,14805,14806,14810,1787837270124732,1787837270075671,1787837270074603
CV3T561000B5,14754,14755,14759,1787837270124877,1787837270108196,1787837270107014
CPBG1630011D,14857,14858,14859,1787837270124747,1787837270114924,1787837270107066
CV3T561000H0,14820,14821,14825,1787837270624960,1787837270575672,1787837270574612
CV3T561000B5,14769,14770,14774,1787837270624856,1787837270608195,1787837270607005
CPBG1630011D,14872,14873,14874,1787837270625079,1787837270614928,1787837270607060
CV3T561000B5,14818,14819,14822,1787837272258668,1787837272208203,1787837272207405
CV3T561000H0,14869,14870,14875,1787837272258896,1787837272242350,1787837272240850
CPBG1630011D,14921,14922,14923,1787837272258468,1787837272248288,1787837272240917
CV3T561000H0,14876,14877,14882,1787837272491753,1787837272475693,1787837272474193
CV3T561000B5,14826,14827,14831,1787837272524764,1787837272508205,1787837272507406
CPBG1630011D,14929,14930,14931,1787837272524904,1787837272514961,1787837272507591
CV3T561000B5,14840,14841,14844,1787837272991774,1787837272941542,1787837272940744
CV3T561000H0,14891,14892,14897,1787837272991720,1787837272975702,1787837272974199
CPBG1630011D,14943,14944,14945,1787837272991892,1787837272981643,1787837272974272
CPBG1630011D,14947,14948,14948,1787837273125059,1787837273081644,1787837273074273
CV3T561000B5,14844,14845,14849,1787837273124855,1787837273108212,1787837273107413
CV3T561000H0,14895,14896,14901,1787837273125021,1787837273109030,1787837273107527
CPBG1630011D,14974,14975,14976,1787837274024697,1787837274014976,1787837274007606
CV3T561000B5,14872,14873,14877,1787837274058747,1787837274041547,1787837274040750
CV3T561000H0,14923,14924,14929,1787837274058500,1787837274042367,1787837274040859
CPBG1630011D,14994,14995,14995,1787837274691875,1787837274648336,1787837274640965
CV3T561000B5,14891,14892,14896,1787837274691858,1787837274674883,1787837274674085
CV3T561000H0,14942,14943,14948,1787837274691983,1787837274675704,1787837274674193
CV3T561000H0,14962,14963,14967,1787837275424819,1787837275376144,1787837275374630
CV3T561000B5,14911,14912,14916,1787837275424751,1787837275408216,1787837275407419
CPBG1630011D,15014,15015,15016,1787837275425042,1787837275414996,1787837275407625
CV3T561000B5,14952,14953,14956,1787837276925292,1787837276874895,1787837276874100
CV3T561000H0,15003,15004,15009,1787837276925788,1787837276909061,1787837276907541
CPBG1630011D,15055,15056,15057,1787837276925292,1787837276915028,1787837276907657
CV3T561000B5,15076,15077,15081,1787837281158353,1787837281141580,1787837281140681
CV3T561000H0,15128,15129,15134,1787837281192066,1787837281175743,1787837281174203
CV3T561000H0,15129,15130,15134,1787837281225040,1787837281175743,1787837281174204
CPBG1630011D,15180,15181,15182,1787837281191693,1787837281181737,1787837281174365
CV3T561000B5,15078,15079,15083,1787837281224834,1787837281208252,1787837281207311
CPBG1630011D,15181,15182,15183,1787837281225112,1787837281215079,1787837281207704
CV3T561000B5,15082,15083,15086,1787837281391478,1787837281308351,1787837281307345
CV3T561000H0,15133,15134,15139,1787837281391911,1787837281375764,1787837281374269
CPBG1630011D,15185,15186,15187,1787837281391555,1787837281381759,1787837281374320
CV3T561000B5,15105,15106,15110,1787837282191752,1787837282174916,1787837282173661
CPBG1630011D,15209,15210,15211,1787837282224873,1787837282215095,1787837282207145
CV3T561000H0,15157,15158,15163,1787837282224930,1787837282209095,1787837282207937
CV3T561000H0,15169,15170,15174,1787837282624786,1787837282575764,1787837282574609
CV3T561000B5,15118,15119,15123,1787837282625265,1787837282608256,1787837282606993
CPBG1630011D,15221,15222,15223,1787837282624815,1787837282615094,1787837282607136
CV3T561000H0,15173,15174,15178,1787837282758110,1787837282709094,1787837282707941
CV3T561000B5,15122,15123,15127,1787837282758238,1787837282741590,1787837282740325
CPBG1630011D,15225,15226,15227,1787837282758308,1787837282748430,1787837282740469
CPBG1630011D,15366,15367,15367,1787837287691893,1787837287648486,1787837287640421
CV3T561000B5,15263,15264,15268,1787837287691897,1787837287674953,1787837287673603
CV3T561000H0,15314,15315,15320,1787837287691775,1787837287675799,1787837287674698
CPBG1630011D,15402,15403,15403,1787837288960415,1787837288915167,1787837288907076
CV3T561000B5,15299,15300,15304,1787837288960345,1787837288943867,1787837288942495
CV3T561000H0,15350,15351,15356,1787837288960460,1787837288944715,1787837288943627
CPBG1630011D,15403,15404,15405,1787837288991452,1787837288981836,1787837288973744
CV3T561000B5,15309,15310,15313,1787837289324855,1787837289274960,1787837289273583
CPBG1630011D,15413,15414,15415,1787837289325303,1787837289315174,1787837289307075
CV3T561000H0,15360,15361,15366,1787837289325311,1787837289309137,1787837289308054
CPBG1630011D,15475,15476,15476,1787837291425192,1787837291381881,1787837291373810
CV3T561000B5,15371,15372,15376,1787837291425106,1787837291408313,1787837291407150
CV3T561000H0,15422,15423,15428,1787837291425098,1787837291409166,1787837291408011
CV3T561000H0,15454,15455,15459,1787837292525043,1787837292476261,1787837292474591
CV3T561000B5,15403,15404,15408,1787837292525057,1787837292508304,1787837292507296
CPBG1630011D,15507,15508,15509,1787837292524807,1787837292515224,1787837292507685
CV3T561000H0,15461,15462,15466,1787837292758819,1787837292709174,1787837292707501
CV3T561000B5,15411,15412,15416,1787837292792048,1787837292774975,1787837292773966
CPBG1630011D,15515,15516,15517,1787837292791973,1787837292781898,1787837292774360
CV3T561000B5,15417,15418,15421,1787837293024798,1787837292974987,1787837292973978
CV3T561000H0,15468,15469,15474,1787837293024864,1787837293009169,1787837293007492
CPBG1630011D,15521,15522,15523,1787837293025213,1787837293015237,1787837293007700
CV3T561000H0,15501,15502,15506,1787837294224958,1787837294175846,1787837294174153
CV3T561000B5,15450,15451,15455,1787837294225471,1787837294208316,1787837294207305
CPBG1630011D,15554,15555,15556,1787837294224987,1787837294215250,1787837294207715
CPBG1630011D,15564,15565,15565,1787837294592002,1787837294548591,1787837294541056
CV3T561000B5,15460,15461,15465,1787837294591607,1787837294574979,1787837294573968
CV3T561000H0,15511,15512,15517,1787837294591733,1787837294575837,1787837294574138
CV3T561000B5,15474,15475,15479,1787837295092105,1787837295074987,1787837295073975
CV3T561000H0,15526,15527,15532,1787837295124780,1787837295109185,1787837295107481
CPBG1630011D,15579,15580,15581,1787837295124913,1787837295115267,1787837295107733
CV3T561000H0,15538,15539,15543,1787837295524660,1787837295475863,1787837295474153
CV3T561000B5,15487,15488,15492,1787837295524796,1787837295508325,1787837295507312
CPBG1630011D,15591,15592,15593,1787837295525100,1787837295515270,1787837295507736
CV3T561000B5,15489,15490,15493,1787837295591592,1787837295541656,1787837295540644
CV3T561000H0,15540,15541,15546,1787837295591621,1787837295575861,1787837295574150
CPBG1630011D,15593,15594,15595,1787837295591695,1787837295581946,1787837295574413
CV3T561000H0,15550,15551,15555,1787837295925027,1787837295876316,1787837295874600
CV3T561000B5,15499,15500,15504,1787837295924860,1787837295908326,1787837295907312
CPBG1630011D,15603,15604,15605,1787837295924887,1787837295915274,1787837295907741
CV3T561000B5,15523,15524,15527,1787837296792270,1787837296741664,1787837296740649
CV3T561000H0,15574,15575,15580,1787837296791700,1787837296775852,1787837296774125
CPBG1630011D,15627,15628,15629,1787837296791546,1787837296781944,1787837296774412
CV3T561000B5,15586,15587,15590,1787837298925041,1787837298875025,1787837298874008
CV3T561000H0,15637,15638,15643,1787837298925095,1787837298909209,1787837298907455
CPBG1630011D,15690,15691,15692,1787837298925083,1787837298915308,1787837298907780
CV3T561000B5,15597,15598,15602,1787837299291756,1787837299275006,1787837299273989
CV3T561000H0,15649,15650,15655,1787837299324846,1787837299309204,1787837299307444
CPBG1630011D,15702,15703,15704,1787837299324818,1787837299315305,1787837299307776
CV3T561000B5,15614,15615,15618,1787837299858434,1787837299808339,1787837299807321
CV3T561000H0,15665,15666,15671,1787837299858872,1787837299842545,1787837299840778
CPBG1630011D,15718,15719,15720,1787837299858428,1787837299848649,1787837299841121
CPBG1630011D,15758,15759,15760,1787837301260573,1787837301250441,1787837301242905
CV3T561000H0,15727,15728,15732,1787837302025020,1787837301976322,1787837301974907
CPBG1630011D,15781,15782,15783,1787837302024917,1787837302015345,1787837302007270
CV3T561000B5,15676,15677,15681,1787837302024896,1787837302008354,1787837302007762
CV3T561000H0,15734,15735,15740,1787837302258167,1787837302242560,1787837302241184
CPBG1630011D,15789,15790,15791,1787837302291734,1787837302282016,1787837302273897
CV3T561000B5,15684,15685,15689,1787837302292213,1787837302275023,1787837302274435
CV3T561000B5,15767,15768,15772,1787837305058034,1787837305041703,1787837305041156
CPBG1630011D,15873,15874,15875,1787837305091846,1787837305082047,1787837305073871
CV3T561000H0,15819,15820,15825,1787837305091419,1787837305075910,1787837305074543
CV3T561000B5,15801,15802,15805,1787837306191754,1787837306141718,1787837306141186
CPBG1630011D,15906,15907,15908,1787837306191771,1787837306182076,1787837306173877
CV3T561000H0,15852,15853,15858,1787837306191659,1787837306175932,1787837306174568
CPBG1630011D,15946,15947,15947,1787837307624892,1787837307582089,1787837307573863
CV3T561000B5,15841,15842,15846,1787837307625498,1787837307608382,1787837307607873
CV3T561000H0,15892,15893,15898,1787837307624874,1787837307609265,1787837307607904
CPBG1630011D,16043,16044,16044,1787837310858759,1787837310815467,1787837310807174
CV3T561000H0,15989,15990,15995,1787837310858624,1787837310842622,1787837310841271
CV3T561000B5,15938,15939,15943,1787837310858902,1787837310841733,1787837310841272
CPBG1630011D,16065,16066,16066,1787837311625302,1787837311582144,1787837311573999
CV3T561000B5,15960,15961,15965,1787837311625119,1787837311608404,1787837311607298
CV3T561000H0,16011,16012,16017,1787837311625110,1787837311609295,1787837311607637
CV3T561000B5,15983,15984,15988,1787837312491953,1787837312475068,1787837312473852
CV3T561000H0,16035,16036,16041,1787837312524951,1787837312509312,1787837312507198
CPBG1630011D,16089,16090,16091,1787837312524809,1787837312515496,1787837312507631
CV3T561000H0,16039,16040,16045,1787837312658013,1787837312642632,1787837312640514
CV3T561000B5,15989,15990,15994,1787837312691917,1787837312675068,1787837312673848
CPBG1630011D,16094,16095,16096,1787837312691926,1787837312682146,1787837312674280
CV3T561000H0,16062,16063,16068,1787837313491520,1787837313475970,1787837313473831
CV3T561000B5,16012,16013,16017,1787837313525106,1787837313508416,1787837313507184
CV3T561000B5,16013,16014,16017,1787837313558176,1787837313508416,1787837313507184
CPBG1630011D,16117,16118,16119,1787837313524872,1787837313515501,1787837313507633
CV3T561000H0,16064,16065,16070,1787837313558504,1787837313542643,1787837313540502
CPBG1630011D,16118,16119,16120,1787837313558230,1787837313548833,1787837313540964
CV3T561000B5,16051,16052,16055,1787837314858032,1787837314808415,1787837314807167
CV3T561000H0,16103,16104,16109,1787837314891912,1787837314875978,1787837314873802
CPBG1630011D,16157,16158,16159,1787837314891815,1787837314882177,1787837314874304
CV3T561000B5,16057,16058,16062,1787837315058064,1787837315041752,1787837315040500
CV3T561000H0,16109,16110,16115,1787837315091544,1787837315075981,1787837315073800
CPBG1630011D,16163,16164,16165,1787837315091492,1787837315082182,1787837315074308
CV3T561000B5,16277,16278,16281,1787837322558274,1787837322508463,1787837322507610
CPBG1630011D,16382,16383,16384,1787837322558248,1787837322548957,1787837322540437
CV3T561000H0,16328,16329,16334,1787837322558305,1787837322542702,1787837322540900
CV3T561000B5,16293,16294,16297,1787837323091602,1787837323041798,1787837323040947
CPBG1630011D,16398,16399,16400,1787837323091555,1787837323082299,1787837323073765
CV3T561000H0,16344,16345,16350,1787837323092013,1787837323076041,1787837323074236
CV3T561000H0,16384,16385,16389,1787837324425279,1787837324376059,1787837324374248
CPBG1630011D,16438,16439,16440,1787837324424880,1787837324415647,1787837324407078
CV3T561000B5,16333,16334,16338,1787837324424931,1787837324408466,1787837324407621
CV3T561000H0,16391,16392,16396,1787837324691503,1787837324609381,1787837324607569
CPBG1630011D,16445,16446,16447,1787837324691813,1787837324682323,1787837324673746
CV3T561000B5,16340,16341,16345,1787837324691636,1787837324675139,1787837324674297
CV3T561000H0,16396,16397,16401,1787837324858973,1787837324809476,1787837324807664
CPBG1630011D,16450,16451,16452,1787837324858865,1787837324849755,1787837324841175
CV3T561000B5,16345,16346,16350,1787837324859000,1787837324842569,1787837324841726
CV3T561000H0,16400,16401,16405,1787837325024916,1787837324942726,1787837324940913
CPBG1630011D,16454,16455,16456,1787837325025175,1787837325015655,1787837325007071
CV3T561000B5,16349,16350,16354,1787837325025100,1787837325008469,1787837325007628
CPBG1630011D,16464,16465,16465,1787837325358266,1787837325315683,1787837325307091
CV3T561000H0,16410,16411,16416,1787837325358286,1787837325342724,1787837325340910
CV3T561000B5,16359,16360,16364,1787837325358292,1787837325341808,1787837325340968
CV3T561000H0,16419,16420,16424,1787837325658078,1787837325609393,1787837325607577
CPBG1630011D,16473,16474,16475,1787837325658254,1787837325648997,1787837325640395
CV3T561000B5,16368,16369,16373,1787837325658519,1787837325641805,1787837325640966
CPBG1630011D,16489,16490,16490,1787837326191516,1787837326149014,1787837326140400
CV3T561000H0,16435,16436,16441,1787837326191427,1787837326176059,1787837326174240
CV3T561000B5,16384,16385,16389,1787837326191391,1787837326175140,1787837326174304
CPBG1630011D,16515,16516,16517,1787837327058228,1787837327049012,1787837327040374
CV3T561000H0,16462,16463,16468,1787837327091679,1787837327076070,1787837327074248
CV3T561000B5,16411,16412,16416,1787837327091754,1787837327075150,1787837327074318
CV3T561000B5,16412,16413,16416,1787837327125149,1787837327075150,1787837327074319
CPBG1630011D,16517,16518,16519,1787837327124818,1787837327115694,1787837327107053
CV3T561000H0,16463,16464,16469,1787837327125204,1787837327109411,1787837327107589
CV3T561000B5,16415,16416,16419,1787837327224782,1787837327175146,1787837327174314
CPBG1630011D,16520,16521,16522,1787837327224776,1787837327215687,1787837327207044
CV3T561000H0,16466,16467,16472,1787837327224860,1787837327209402,1787837327207580
CV3T561000H0,16479,16480,16484,1787837327658681,1787837327609398,1787837327607573
CPBG1630011D,16533,16534,16535,1787837327658801,1787837327649023,1787837327640369
CV3T561000B5,16428,16429,16433,1787837327658884,1787837327641815,1787837327640986
CV3T561000B5,16463,16464,16467,1787837328825007,1787837328775152,1787837328774329
CPBG1630011D,16568,16569,16570,1787837328824849,1787837328815704,1787837328807019
CV3T561000H0,16514,16515,16520,1787837328825012,1787837328809410,1787837328807581
CV3T561000H0,16522,16523,16527,1787837329091850,1787837329043504,1787837329041674
CPBG1630011D,16576,16577,16578,1787837329091957,1787837329082372,1787837329073680
CV3T561000B5,16471,16472,16476,1787837329091429,1787837329075152,1787837329074330
CV3T561000H0,16537,16538,16543,1787837329591488,1787837329576080,1787837329574248
CPBG1630011D,16592,16593,16594,1787837329624837,1787837329615723,1787837329607017
CV3T561000B5,16487,16488,16492,1787837329624841,1787837329608498,1787837329607679
CV3T561000B5,16532,16533,16536,1787837331124851,1787837331075162,1787837331074259
CPBG1630011D,16637,16638,16639,1787837331124875,1787837331115737,1787837331106992
CV3T561000H0,16584,16585,16589,1787837331159219,1787837331109429,1787837331107589
CV3T561000H0,16583,16584,16589,1787837331125171,1787837331109429,1787837331107590
CPBG1630011D,16638,16639,16640,1787837331159146,1787837331149829,1787837331141083
CV3T561000B5,16533,16534,16538,1787837331159069,1787837331142592,1787837331141636
CV3T561000B5,16581,16582,16585,1787837332824778,1787837332775176,1787837332773667
CV3T561000H0,16632,16633,16637,1787837332824771,1787837332776107,1787837332773763
CPBG1630011D,16686,16687,16688,1787837332824826,1787837332815758,1787837332807685
CV3T561000H0,16743,16744,16748,1787837336658149,1787837336609470,1787837336607036
CV3T561000B5,16692,16693,16697,1787837336658457,1787837336641858,1787837336640266
CPBG1630011D,16797,16798,16799,1787837336658142,1787837336649133,1787837336641062
CV3T561000B5,16703,16704,16707,1787837337024961,1787837336975193,1787837336973594
CV3T561000H0,16754,16755,16760,1787837337024675,1787837337009468,1787837337007025
CPBG1630011D,16808,16809,16810,1787837337024700,1787837337015807,1787837337007736
CV3T561000B5,16762,16763,16766,1787837338991766,1787837338941870,1787837338940230
CV3T561000H0,16813,16814,16819,1787837338991481,1787837338976144,1787837338973655
CPBG1630011D,16867,16868,16869,1787837338991525,1787837338982495,1787837338974425
CV3T561000B5,16766,16767,16770,1787837339124850,1787837339075206,1787837339073563
CV3T561000H0,16817,16818,16823,1787837339124772,1787837339109494,1787837339107002
CPBG1630011D,16871,16872,16873,1787837339124845,1787837339115846,1787837339107776
CV3T561000B5,16767,16768,16772,1787837339158279,1787837339141875,1787837339140230
CV3T561000H0,16819,16820,16825,1787837339191651,1787837339176148,1787837339173653
CPBG1630011D,16873,16874,16875,1787837339191672,1787837339182500,1787837339174430
CV3T561000H0,16846,16847,16851,1787837340258274,1787837340176154,1787837340173637
CV3T561000B5,16795,16796,16800,1787837340258278,1787837340241885,1787837340240217
CPBG1630011D,16900,16901,16902,1787837340258986,1787837340249189,1787837340241119
CV3T561000B5,16864,16865,16869,1787837342592178,1787837342575676,1787837342574466
CPBG1630011D,16970,16971,16972,1787837342625105,1787837342615883,1787837342607226
CV3T561000H0,16916,16917,16922,1787837342625380,1787837342609509,1787837342607745
CV3T561000H0,16930,16931,16936,1787837343091615,1787837343076174,1787837343074414
CPBG1630011D,16985,16986,16987,1787837343125138,1787837343115888,1787837343107219
CV3T561000B5,16880,16881,16885,1787837343124940,1787837343108560,1787837343107349
CPBG1630011D,16999,17000,17001,1787837343591722,1787837343582560,1787837343573882
CV3T561000B5,16895,16896,16900,1787837343624756,1787837343608562,1787837343607349
CV3T561000H0,16946,16947,16952,1787837343624964,1787837343609513,1787837343607756
CV3T561000B5,16948,16949,16953,1787837345691672,1787837345675237,1787837345674020
CPBG1630011D,17054,17055,17056,1787837345724918,1787837345715923,1787837345707198
CV3T561000H0,17000,17001,17006,1787837345725373,1787837345709529,1787837345707789
CV3T561000H0,17054,17055,17059,1787837347524758,1787837347476210,1787837347474485
CPBG1630011D,17108,17109,17110,1787837347524771,1787837347515947,1787837347507181
CV3T561000B5,17003,17004,17008,1787837347525193,1787837347508577,1787837347507356
CPBG1630011D,17207,17208,17209,1787837350891519,1787837350882672,1787837350873833
CV3T561000B5,17103,17104,17108,1787837350924737,1787837350908601,1787837350907377
CV3T561000H0,17154,17155,17160,1787837350925093,1787837350909566,1787837350907869
CPBG1630011D,17300,17301,17302,1787837354027094,1787837354018146,1787837354010050
CPBG1630011D,17322,17323,17323,1787837354791692,1787837354749375,1787837354741285
CV3T561000H0,17267,17268,17273,1787837354792004,1787837354776253,1787837354774018
CV3T561000B5,17216,17217,17221,1787837354791588,1787837354775281,1787837354774595
CV3T561000B5,17301,17302,17305,1787837357624882,1787837357575298,1787837357574662
CV3T561000H0,17352,17353,17358,1787837357624796,1787837357609608,1787837357607338
CPBG1630011D,17407,17408,17409,1787837357624756,1787837357616084,1787837357608016
CV3T561000B5,17331,17332,17335,1787837358624758,1787837358575302,1787837358574683
CV3T561000H0,17382,17383,17388,1787837358624842,1787837358609614,1787837358607333
CPBG1630011D,17437,17438,17439,1787837358624817,1787837358616097,1787837358608037
CV3T561000B5,17343,17344,17347,1787837359024815,1787837358975306,1787837358974693
CV3T561000H0,17394,17395,17400,1787837359024770,1787837359009617,1787837359007331
CPBG1630011D,17449,17450,17451,1787837359024875,1787837359016102,1787837359008045
CPBG1630011D,17457,17458,17458,1787837359292067,1787837359249444,1787837359241389
CV3T561000H0,17402,17403,17408,1787837359291500,1787837359276288,1787837359273997
CV3T561000B5,17351,17352,17356,1787837359291600,1787837359275307,1787837359274699
CPBG1630011D,17468,17469,17469,1787837359725494,1787837359682777,1787837359674726
CV3T561000H0,17413,17414,17419,1787837359725286,1787837359709620,1787837359707325
CV3T561000B5,17362,17363,17367,1787837359725271,1787837359708638,1787837359708038
CPBG1630011D,17493,17494,17494,1787837360558925,1787837360516112,1787837360508067
CV3T561000H0,17438,17439,17444,1787837360558696,1787837360542965,1787837360540658
CV3T561000B5,17387,17388,17392,1787837360558757,1787837360541982,1787837360541397
CV3T561000B5,17391,17392,17395,1787837360691499,1787837360641984,1787837360641399
CV3T561000H0,17442,17443,17448,1787837360691454,1787837360676294,1787837360673987
CPBG1630011D,17497,17498,17499,1787837360691802,1787837360682782,1787837360674738
CV3T561000H0,17455,17456,17460,1787837361124790,1787837361076297,1787837361073985
CV3T561000B5,17404,17405,17408,1787837361124825,1787837361075313,1787837361074627
CPBG1630011D,17510,17511,17512,1787837361124886,1787837361116119,1787837361108079
CV3T561000H0,17457,17458,17463,1787837361192143,1787837361176308,1787837361173994
CV3T561000B5,17407,17408,17412,1787837361224717,1787837361208658,1787837361207829
CPBG1630011D,17513,17514,17515,1787837361224820,1787837361216134,1787837361208093
CV3T561000B5,17419,17420,17423,1787837361625162,1787837361575326,1787837361574040
CV3T561000H0,17470,17471,17476,1787837361625034,1787837361609646,1787837361607211
CPBG1630011D,17525,17526,17527,1787837361624805,1787837361616140,1787837361607952
CPBG1630011D,17543,17544,17544,1787837362258171,1787837362216136,1787837362207707
CV3T561000H0,17488,17489,17494,1787837362258210,1787837362242983,1787837362240353
CV3T561000B5,17437,17438,17442,1787837362258080,1787837362241996,1787837362240533
CPBG1630011D,17554,17555,17556,1787837362625058,1787837362616146,1787837362607714
CV3T561000H0,17500,17501,17506,1787837362658255,1787837362642988,1787837362640349
CV3T561000B5,17449,17450,17454,1787837362658113,1787837362642001,1787837362640531
CV3T561000H0,17514,17515,17519,1787837363124851,1787837363076314,1787837363073663
CV3T561000B5,17463,17464,17468,1787837363124808,1787837363108659,1787837363107180
CPBG1630011D,17569,17570,17571,1787837363125046,1787837363116150,1787837363107714
CV3T561000B5,17500,17501,17504,1787837364425593,1787837364375329,1787837364373829
CV3T561000H0,17551,17552,17557,1787837364425539,1787837364409666,1787837364406982
CPBG1630011D,17606,17607,17608,1787837364425506,1787837364416177,1787837364407729
CV3T561000B5,17516,17517,17520,1787837364958465,1787837364908664,1787837364907155
CV3T561000H0,17567,17568,17573,1787837364958088,1787837364942995,1787837364940298
CPBG1630011D,17622,17623,17624,1787837364958423,1787837364949510,1787837364941058
CPBG1630011D,17742,17743,17743,1787837369225228,1787837369182904,1787837369174417
CV3T561000H0,17687,17688,17693,1787837369225166,1787837369209783,1787837369206982
CV3T561000B5,17636,17637,17641,1787837369224791,1787837369208783,1787837369207198
CV3T561000B5,17733,17734,17738,1787837372558104,1787837372542065,1787837372540940
CPBG1630011D,17840,17841,17842,1787837372591810,1787837372582940,1787837372573786
CV3T561000H0,17785,17786,17791,1787837372591460,1787837372576377,1787837372574077
CV3T561000B5,17742,17743,17746,1787837372858257,1787837372808706,1787837372807581
CPBG1630011D,17848,17849,17850,1787837372858278,1787837372849609,1787837372840446
CV3T561000H0,17793,17794,17799,1787837372858165,1787837372843045,1787837372840743
CPBG1630011D,17983,17984,17985,1787837377391816,1787837377383009,1787837377373694
CV3T561000H0,17929,17930,17935,1787837377424678,1787837377409751,1787837377407443
CV3T561000B5,17878,17879,17883,1787837377424678,1787837377408736,1787837377407623
CV3T561000H0,17932,17933,17937,1787837377524928,1787837377476408,1787837377474100
CPBG1630011D,17987,17988,17989,1787837377524874,1787837377516352,1787837377507032
CV3T561000B5,17881,17882,17886,1787837377524962,1787837377508735,1787837377507622
CV3T561000B5,17941,17942,17945,1787837379524774,1787837379475403,1787837379474294
CPBG1630011D,18047,18048,18049,1787837379524741,1787837379516373,1787837379506987
CV3T561000H0,17992,17993,17998,1787837379524728,1787837379509759,1787837379507447
CV3T561000H0,18095,18096,18101,1787837383058741,1787837383043175,1787837383041203
CV3T561000B5,18045,18046,18050,1787837383091696,1787837383075430,1787837383073722
CPBG1630011D,18151,18152,18153,1787837383091671,1787837383083092,1787837383074166
CV3T561000H0,18126,18127,18131,1787837384125046,1787837384076460,1787837384074499
CV3T561000B5,18075,18076,18080,1787837384124742,1787837384108772,1787837384107042
CPBG1630011D,18181,18182,18183,1787837384124807,1787837384116443,1787837384107506
CPBG1630011D,18187,18188,18188,1787837384324897,1787837384283102,1787837384274163
CV3T561000B5,18081,18082,18086,1787837384324989,1787837384308769,1787837384307035
CV3T561000H0,18132,18133,18138,1787837384324848,1787837384309797,1787837384307839
CV3T561000H0,18142,18143,18148,1787837384658191,1787837384643139,1787837384641186
CV3T561000B5,18092,18093,18097,1787837384691953,1787837384675429,1787837384673687
CPBG1630011D,18198,18199,18200,1787837384691782,1787837384683104,1787837384674160
CV3T561000H0,18165,18166,18170,1787837385424736,1787837385376465,1787837385374520
CV3T561000B5,18114,18115,18119,1787837385424987,1787837385408767,1787837385407011
CPBG1630011D,18220,18221,18222,1787837385424922,1787837385416440,1787837385407489
CV3T561000B5,18137,18138,18142,1787837386191405,1787837386175436,1787837386173664
CPBG1630011D,18244,18245,18246,1787837386224728,1787837386216454,1787837386207493
CV3T561000H0,18189,18190,18195,1787837386224810,1787837386209805,1787837386207869
CPBG1630011D,18257,18258,18258,1787837386658931,1787837386616455,1787837386607490
CV3T561000B5,18151,18152,18156,1787837386658138,1787837386642107,1787837386640325
CV3T561000H0,18202,18203,18208,1787837386658427,1787837386643139,1787837386641208
CV3T561000B5,18203,18204,18207,1787837388391446,1787837388342119,1787837388340301
CPBG1630011D,18309,18310,18311,1787837388391523,1787837388383146,1787837388374161
CV3T561000H0,18254,18255,18260,1787837388391403,1787837388376483,1787837388374574
CPBG1630011D,18335,18336,18336,1787837389258330,1787837389216490,1787837389207496
CV3T561000B5,18229,18230,18234,1787837389258254,1787837389242119,1787837389240282
CV3T561000H0,18280,18281,18286,1787837389258439,1787837389243156,1787837389241257
CV3T561000B5,18232,18233,18236,1787837389358144,1787837389308794,1787837389306956
CPBG1630011D,18338,18339,18340,1787837389358292,1787837389349845,1787837389340850
CV3T561000H0,18283,18284,18289,1787837389358336,1787837389343176,1787837389341278
CV3T561000H0,18315,18316,18320,1787837390424939,1787837390376503,1787837390374616
CV3T561000B5,18264,18265,18269,1787837390424783,1787837390408793,1787837390406931
CPBG1630011D,18370,18371,18372,1787837390425042,1787837390416508,1787837390407501
CV3T561000H0,18333,18334,18338,1787837391024900,1787837390976510,1787837390974631
CV3T561000B5,18282,18283,18287,1787837391024788,1787837391008798,1787837391006949
CPBG1630011D,18388,18389,18390,1787837391024799,1787837391016518,1787837391007505
CV3T561000B5,18306,18307,18310,1787837391824913,1787837391775466,1787837391774032
CPBG1630011D,18412,18413,18414,1787837391824943,1787837391816523,1787837391807179
CV3T561000H0,18357,18358,18363,1787837391824953,1787837391809839,1787837391807436
CV3T561000B5,18313,18314,18317,1787837392058247,1787837392008799,1787837392007373
CPBG1630011D,18419,18420,18421,1787837392058215,1787837392049860,1787837392040381
CV3T561000H0,18364,18365,18370,1787837392058088,1787837392043175,1787837392040558
CV3T561000B5,18362,18363,18366,1787837393724676,1787837393675477,1787837393674048
CPBG1630011D,18468,18469,18470,1787837393724711,1787837393716550,1787837393706989
CV3T561000H0,18413,18414,18419,1787837393724710,1787837393709854,1787837393707156
CV3T561000B5,18420,18421,18424,1787837395658110,1787837395608820,1787837395607388
CPBG1630011D,18526,18527,18528,1787837395658281,1787837395649908,1787837395640286
CV3T561000H0,18471,18472,18477,1787837395658069,1787837395643206,1787837395640468
CV3T561000H0,18569,18570,18574,1787837398925484,1787837398876564,1787837398873763
CPBG1630011D,18624,18625,18626,1787837398924846,1787837398916665,1787837398906943
CV3T561000B5,18518,18519,18523,1787837398924852,1787837398908873,1787837398907434
CPBG1630011D,18683,18684,18684,1787837400891754,1787837400849997,1787837400840217
CV3T561000H0,18628,18629,18634,1787837400891997,1787837400876571,1787837400873730
CV3T561000B5,18577,18578,18582,1787837400891776,1787837400875512,1787837400874069
CV3T561000H0,18645,18646,18650,1787837401525129,1787837401477037,1787837401474297
CPBG1630011D,18700,18701,18702,1787837401525145,1787837401516664,1787837401507066
CV3T561000B5,18594,18595,18599,1787837401525024,1787837401508851,1787837401507644
CV3T561000B5,18606,18607,18610,1787837401991663,1787837401942191,1787837401941087
CV3T561000H0,18657,18658,18663,1787837401991839,1787837401976580,1787837401974241
CPBG1630011D,18712,18713,18714,1787837401991494,1787837401983340,1787837401974306
CV3T561000B5,18630,18631,18634,1787837402824853,1787837402775528,1787837402774433
CV3T561000H0,18681,18682,18687,1787837402824924,1787837402809920,1787837402807659
CPBG1630011D,18736,18737,18738,1787837402824914,1787837402816681,1787837402807763
CV3T561000B5,18707,18708,18711,1787837405591939,1787837405542200,1787837405541139
CV3T561000H0,18758,18759,18764,1787837405591762,1787837405576609,1787837405574360
CPBG1630011D,18813,18814,18815,1787837405591748,1787837405583387,1787837405574484
CV3T561000B5,18839,18840,18843,1787837409991540,1787837409942221,1787837409941212
CV3T561000H0,18890,18891,18896,1787837409991454,1787837409976646,1787837409974414
CPBG1630011D,18945,18946,18947,1787837409991630,1787837409983452,1787837409974574
CPBG1630011D,18965,18966,18966,1787837410658251,1787837410616787,1787837410607913
CV3T561000H0,18910,18911,18916,1787837410657996,1787837410643305,1787837410641075
CV3T561000B5,18859,18860,18864,1787837410658226,1787837410642228,1787837410641227
CV3T561000H0,18945,18946,18950,1787837411924762,1787837411876663,1787837411874223
CV3T561000B5,18894,18895,18899,1787837411924797,1787837411908904,1787837411907382
CPBG1630011D,19000,19001,19002,1787837411924947,1787837411916802,1787837411907709
CPBG1630011D,19014,19015,19015,1787837412392256,1787837412350134,1787837412340980
CV3T561000B5,18908,18909,18913,1787837412391956,1787837412375568,1787837412374042
CV3T561000B5,18909,18910,18913,1787837412424767,1787837412375568,1787837412374042
CV3T561000H0,18959,18960,18965,1787837412391925,1787837412376649,1787837412374135
CV3T561000H0,18960,18961,18966,1787837412424764,1787837412409989,1787837412407474
CPBG1630011D,19015,19016,19017,1787837412425114,1787837412416811,1787837412407655
CPBG1630011D,19091,19092,19092,1787837415025252,1787837414983495,1787837414974324
CV3T561000B5,18985,18986,18990,1787837415024888,1787837415008914,1787837415007362
CV3T561000H0,19036,19037,19042,1787837415025142,1787837415010000,1787837415007466
CPBG1630011D,19099,19100,19100,1787837415291739,1787837415250172,1787837415240998
CV3T561000B5,18993,18994,18998,1787837415291712,1787837415275595,1787837415274041
CV3T561000H0,19044,19045,19050,1787837415291832,1787837415276681,1787837415274145
CV3T561000H0,19261,19262,19266,1787837422624730,1787837422576726,1787837422573694
CPBG1630011D,19316,19317,19318,1787837422625061,1787837422616930,1787837422607037
CV3T561000B5,19210,19211,19215,1787837422624784,1787837422608952,1787837422607785
CPBG1630011D,19327,19328,19328,1787837422991639,1787837422950270,1787837422940365
CV3T561000H0,19272,19273,19278,1787837422991785,1787837422976722,1787837422973679
CV3T561000B5,19221,19222,19226,1787837422991460,1787837422975622,1787837422974457
CV3T561000B5,19224,19225,19228,1787837423091829,1787837423042290,1787837423041126
CV3T561000H0,19275,19276,19281,1787837423091478,1787837423076721,1787837423073675
CPBG1630011D,19330,19331,19332,1787837423091586,1787837423083602,1787837423073692
CV3T561000B5,19227,19228,19232,1787837423192273,1787837423175628,1787837423174465
CV3T561000H0,19279,19280,19285,1787837423225091,1787837423210061,1787837423207013
CPBG1630011D,19334,19335,19336,1787837423225047,1787837423216943,1787837423207029
CV3T561000B5,19245,19246,19249,1787837423792216,1787837423742291,1787837423741132
CV3T561000H0,19296,19297,19302,1787837423792319,1787837423776734,1787837423773670
CPBG1630011D,19351,19352,19353,1787837423792044,1787837423783619,1787837423773686
CV3T561000B5,19279,19280,19283,1787837424924768,1787837424875631,1787837424874482
CV3T561000H0,19330,19331,19336,1787837424924824,1787837424910066,1787837424906975
CPBG1630011D,19385,19386,19387,1787837424924996,1787837424916959,1787837424906988
CV3T561000B5,19320,19321,19324,1787837426325252,1787837426275634,1787837426274496
CV3T561000H0,19371,19372,19377,1787837426324890,1787837426310178,1787837426307052
CPBG1630011D,19426,19427,19428,1787837426325189,1787837426317087,1787837426307069
CV3T561000B5,19386,19387,19390,1787837428524865,1787837428475651,1787837428474531
CV3T561000H0,19437,19438,19443,1787837428524996,1787837428510092,1787837428506910
CPBG1630011D,19492,19493,19494,1787837428524996,1787837428517015,1787837428506924
CV3T561000H0,19449,19450,19454,1787837428924831,1787837428876761,1787837428873570
CPBG1630011D,19504,19505,19506,1787837428925296,1787837428917019,1787837428906914
CV3T561000B5,19398,19399,19403,1787837428925087,1787837428908982,1787837428907864
CV3T561000B5,19416,19417,19420,1787837429524812,1787837429475661,1787837429474549
CV3T561000H0,19467,19468,19473,1787837429524792,1787837429510106,1787837429506900
CPBG1630011D,19522,19523,19524,1787837429524841,1787837429517035,1787837429506909
CV3T561000H0,19503,19504,19508,1787837430724950,1787837430676772,1787837430673537
CPBG1630011D,19558,19559,19560,1787837430724746,1787837430717047,1787837430706882
CV3T561000B5,19452,19453,19457,1787837430724769,1787837430708995,1787837430707892
CV3T561000H0,19562,19563,19567,1787837432691744,1787837432643455,1787837432640697
CV3T561000B5,19511,19512,19516,1787837432691508,1787837432675673,1787837432674235
CPBG1630011D,19617,19618,19619,1787837432691514,1787837432683733,1787837432674307
CPBG1630011D,19624,19625,19626,1787837432925025,1787837432917063,1787837432907637
CV3T561000H0,19570,19571,19576,1787837432958065,1787837432943462,1787837432940702
CV3T561000B5,19519,19520,19524,1787837432958070,1787837432942343,1787837432940904
CV3T561000B5,19601,19602,19605,1787837435824772,1787837435776131,1787837435774676
CV3T561000H0,19652,19653,19658,1787837435825295,1787837435810139,1787837435807366
CPBG1630011D,19707,19708,19709,1787837435824797,1787837435817101,1787837435807672
CV3T561000B5,19628,19629,19632,1787837436724696,1787837436675688,1787837436674229
CV3T561000H0,19679,19680,19685,1787837436725378,1787837436710145,1787837436707368
CPBG1630011D,19734,19735,19736,1787837436725371,1787837436717112,1787837436707681
CV3T561000B5,19633,19634,19637,1787837436891868,1787837436842357,1787837436840897
CV3T561000H0,19684,19685,19690,1787837436891455,1787837436876816,1787837436874037
CPBG1630011D,19739,19740,19741,1787837436891790,1787837436883784,1787837436874353
CV3T561000B5,19673,19674,19677,1787837438258078,1787837438209029,1787837438207561
CV3T561000H0,19724,19725,19730,1787837438258046,1787837438243492,1787837438240708
CPBG1630011D,19779,19780,19781,1787837438258417,1787837438250469,1787837438241037
CV3T561000B5,19678,19679,19682,1787837438425074,1787837438375716,1787837438374247
CV3T561000H0,19729,19730,19735,1787837438424835,1787837438410162,1787837438407377
CPBG1630011D,19784,19785,19786,1787837438425271,1787837438417140,1787837438407708
CPBG1630011D,19808,19809,19809,1787837439224984,1787837439183817,1787837439174385
CV3T561000H0,19753,19754,19759,1787837439225202,1787837439210168,1787837439207378
CV3T561000B5,19702,19703,19707,1787837439225639,1787837439209037,1787837439207564
CV3T561000H0,19758,19759,19764,1787837439391427,1787837439376836,1787837439374047
CV3T561000B5,19708,19709,19713,1787837439425210,1787837439409033,1787837439407558
CPBG1630011D,19814,19815,19816,1787837439424905,1787837439417148,1787837439407714
CV3T561000B5,19760,19761,19764,1787837441158452,1787837441109045,1787837441107493
CV3T561000H0,19811,19812,19817,1787837441158798,1787837441143516,1787837441140717
CPBG1630011D,19866,19867,19868,1787837441158773,1787837441150511,1787837441141076
CPBG1630011D,19875,19876,19876,1787837441458298,1787837441417193,1787837441407706
CV3T561000B5,19769,19770,19774,1787837441458094,1787837441442379,1787837441440590
CV3T561000H0,19820,19821,19826,1787837441458213,1787837441443514,1787837441440785
CV3T561000B5,19779,19780,19784,1787837441791971,1787837441775718,1787837441773730
CPBG1630011D,19886,19887,19888,1787837441824793,1787837441817184,1787837441807408
CV3T561000H0,19831,19832,19837,1787837441825104,1787837441810185,1787837441807719
CPBG1630011D,19892,19893,19894,1787837442024824,1787837442017190,1787837442007280
CV3T561000B5,19787,19788,19792,1787837442058372,1787837442042379,1787837442040367
CV3T561000H0,19838,19839,19844,1787837442058349,1787837442043516,1787837442041195
CV3T561000B5,19848,19849,19852,1787837444125052,1787837444075723,1787837444073659
CPBG1630011D,19954,19955,19956,1787837444124752,1787837444117218,1787837444107201
CV3T561000H0,19899,19900,19905,1787837444125064,1787837444110204,1787837444107954
CV3T561000H0,19941,19942,19946,1787837445624683,1787837445576872,1787837445574645
CV3T561000B5,19890,19891,19895,1787837445625036,1787837445609062,1787837445606959
CPBG1630011D,19996,19997,19998,1787837445625512,1787837445617229,1787837445607177
CV3T561000H0,19998,19999,20003,1787837447524767,1787837447476893,1787837447474696
CV3T561000B5,19947,19948,19952,1787837447524969,1787837447509075,1787837447506925
CPBG1630011D,20053,20054,20055,1787837447524739,1787837447517257,1787837447507160
CV3T561000H0,20036,20037,20042,1787837448891654,1787837448876893,1787837448874718
CV3T561000B5,19986,19987,19991,1787837448924814,1787837448909080,1787837448906893
CPBG1630011D,20092,20093,20094,1787837448925358,1787837448917282,1787837448907152
CPBG1630011D,20124,20125,20125,1787837449991402,1787837449950632,1787837449940478
CV3T561000B5,20018,20019,20023,1787837449991412,1787837449975754,1787837449973541
CV3T561000H0,20069,20070,20075,1787837449991395,1787837449976906,1787837449974749
CPBG1630011D,20132,20133,20133,1787837450258792,1787837450217305,1787837450207144
CV3T561000B5,20026,20027,20031,1787837450258840,1787837450242429,1787837450240209
CV3T561000H0,20077,20078,20083,1787837450258928,1787837450243580,1787837450241427
CV3T561000B5,20039,20040,20043,1787837450725239,1787837450675759,1787837450673527
CPBG1630011D,20145,20146,20147,1787837450724798,1787837450717313,1787837450707141
CV3T561000H0,20090,20091,20096,1787837450724851,1787837450710250,1787837450708104
CPBG1630011D,20148,20149,20149,1787837450825122,1787837450783978,1787837450773805
CV3T561000B5,20042,20043,20047,1787837450825269,1787837450809098,1787837450806864
CV3T561000H0,20093,20094,20099,1787837450824885,1787837450810250,1787837450808106
CPBG1630011D,20157,20158,20158,1787837451158473,1787837451083984,1787837451073804
CV3T561000B5,20051,20052,20056,1787837451158101,1787837451142427,1787837451140305
CV3T561000H0,20102,20103,20108,1787837451158362,1787837451143580,1787837451141441
CV3T561000B5,20055,20056,20059,1787837451291734,1787837451242433,1787837451240402
CPBG1630011D,20161,20162,20163,1787837451291827,1787837451283988,1787837451273807
CV3T561000H0,20106,20107,20112,1787837451291798,1787837451276922,1787837451274777
CV3T561000B5,20083,20084,20087,1787837452291827,1787837452209101,1787837452207586
CV3T561000H0,20134,20135,20140,1787837452291456,1787837452276928,1787837452274099
CPBG1630011D,20189,20190,20191,1787837452291808,1787837452284001,1787837452274229
CV3T561000B5,20089,20090,20093,1787837452524887,1787837452475767,1787837452474253
CV3T561000H0,20140,20141,20146,1787837452524745,1787837452510262,1787837452507429
CPBG1630011D,20195,20196,20197,1787837452525301,1787837452517336,1787837452507564
CV3T561000B5,20168,20169,20173,1787837455424719,1787837455409114,1787837455407609
CV3T561000H0,20220,20221,20226,1787837455458859,1787837455444378,1787837455441512
CPBG1630011D,20275,20276,20277,1787837455459191,1787837455451470,1787837455441682
CV3T561000H0,20246,20247,20251,1787837456325313,1787837456276955,1787837456274079
CPBG1630011D,20301,20302,20303,1787837456325391,1787837456317383,1787837456307591
CV3T561000B5,20195,20196,20200,1787837456325309,1787837456309122,1787837456307619
CV3T561000B5,20201,20202,20205,1787837456525195,1787837456475789,1787837456474287
CV3T561000H0,20252,20253,20258,1787837456525092,1787837456510286,1787837456507408
CPBG1630011D,20307,20308,20309,1787837456525085,1787837456517385,1787837456507592
CPBG1630011D,20343,20344,20344,1787837457725410,1787837457684063,1787837457674263
CV3T561000H0,20288,20289,20294,1787837457725265,1787837457710293,1787837457707400
CV3T561000B5,20237,20238,20242,1787837457725243,1787837457709127,1787837457707628
CV3T561000H0,20315,20316,20320,1787837458625095,1787837458576970,1787837458574068
CPBG1630011D,20370,20371,20372,1787837458624814,1787837458617415,1787837458607610
CV3T561000B5,20264,20265,20269,1787837458624798,1787837458609135,1787837458607638
CV3T561000B5,20295,20296,20299,1787837459724727,1787837459675800,1787837459674308
CV3T561000H0,20346,20347,20352,1787837459725218,1787837459710310,1787837459707393
CPBG1630011D,20401,20402,20403,1787837459724720,1787837459717430,1787837459707621
CPBG1630011D,20609,20610,20611,1787837467124908,1787837467117526,1787837467107241
CV3T561000B5,20504,20505,20509,1787837467191577,1787837467175853,1787837467173889
CV3T561000H0,20555,20556,20561,1787837467191867,1787837467177037,1787837467174587
CV3T561000B5,20510,20511,20515,1787837467558005,1787837467542510,1787837467540541
CPBG1630011D,20617,20618,20619,1787837467625131,1787837467617533,1787837467607237
CV3T561000H0,20562,20563,20568,1787837467625042,1787837467610364,1787837467607918
CV3T561000H0,20602,20603,20607,1787837468991958,1787837468943703,1787837468941265
CV3T561000B5,20551,20552,20556,1787837468991805,1787837468975846,1787837468973857
CPBG1630011D,20657,20658,20659,1787837468991810,1787837468984211,1787837468973887
CV3T561000B5,20662,20663,20666,1787837472925097,1787837472875879,1787837472874393
CPBG1630011D,20768,20769,20770,1787837472924820,1787837472917600,1787837472907360
CV3T561000H0,20713,20714,20719,1787837472924765,1787837472910398,1787837472907750
CV3T561000H0,20715,20716,20720,1787837473024906,1787837472977063,1787837472974416
CPBG1630011D,20770,20771,20772,1787837473024906,1787837473017600,1787837473007360
CV3T561000B5,20664,20665,20669,1787837473024984,1787837473009202,1787837473007718
CV3T561000H0,20722,20723,20727,1787837473258265,1787837473210397,1787837473207748
CPBG1630011D,20777,20778,20779,1787837473258105,1787837473250942,1787837473240697
CV3T561000B5,20671,20672,20676,1787837473258430,1787837473242542,1787837473241059
CV3T561000B5,20710,20711,20715,1787837474591583,1787837474575890,1787837474574419
CPBG1630011D,20817,20818,20819,1787837474625037,1787837474617630,1787837474607366
CV3T561000H0,20762,20763,20768,1787837474624821,1787837474610424,1787837474607773
CPBG1630011D,20924,20925,20926,1787837478258111,1787837478250995,1787837478240682
CV3T561000H0,20870,20871,20876,1787837478291697,1787837478277107,1787837478274447
CV3T561000B5,20819,20820,20824,1787837478291559,1787837478275902,1787837478274460
CV3T561000B5,20862,20863,20866,1787837479724843,1787837479675906,1787837479674475
CPBG1630011D,20968,20969,20970,1787837479724842,1787837479717679,1787837479707347
CV3T561000H0,20913,20914,20919,1787837479724833,1787837479710441,1787837479707777
CV3T561000B5,20892,20893,20896,1787837480724845,1787837480675913,1787837480674489
CPBG1630011D,20998,20999,21000,1787837480725172,1787837480717692,1787837480707345
CV3T561000H0,20943,20944,20949,1787837480725025,1787837480710448,1787837480707782
CV3T561000B5,20952,20953,20956,1787837482891601,1787837482842590,1787837482840405
CPBG1630011D,21058,21059,21060,1787837482891393,1787837482884392,1787837482873921
CV3T561000H0,21003,21004,21009,1787837482891383,1787837482877134,1787837482874264
CV3T561000H0,21184,21185,21189,1787837489292083,1787837489243854,1787837489240921
CV3T561000B5,21133,21134,21138,1787837489292194,1787837489276385,1787837489274063
CPBG1630011D,21239,21240,21241,1787837489292655,1787837489284916,1787837489274334
CPBG1630011D,21255,21256,21257,1787837489858120,1787837489851152,1787837489840560
CV3T561000B5,21150,21151,21155,1787837489892143,1787837489875953,1787837489873618
CV3T561000H0,21201,21202,21207,1787837489891893,1787837489877180,1787837489874239
CV3T561000H0,21211,21212,21216,1787837490224719,1787837490177184,1787837490174241
CV3T561000B5,21160,21161,21165,1787837490224767,1787837490209287,1787837490206945
CPBG1630011D,21266,21267,21268,1787837490224800,1787837490217826,1787837490207227
CV3T561000H0,21259,21260,21264,1787837491858327,1787837491810524,1787837491807205
CV3T561000B5,21208,21209,21213,1787837491858092,1787837491842629,1787837491840680
CPBG1630011D,21314,21315,21316,1787837491858052,1787837491851182,1787837491840945
CV3T561000B5,21248,21249,21253,1787837493192066,1787837493175980,1787837493174029
CV3T561000H0,21300,21301,21306,1787837493224781,1787837493210540,1787837493206956
CPBG1630011D,21355,21356,21357,1787837493225449,1787837493217870,1787837493207838
CV3T561000H0,21389,21390,21395,1787837496291426,1787837496277222,1787837496273540
CV3T561000B5,21339,21340,21344,1787837496324865,1787837496309318,1787837496307353
CPBG1630011D,21445,21446,21447,1787837496325056,1787837496317900,1787837496307886
CPBG1630011D,21580,21581,21582,1787837500858260,1787837500851304,1787837500841317
CV3T561000H0,21526,21527,21532,1787837500891737,1787837500877269,1787837500873438
CV3T561000B5,21475,21476,21480,1787837500891521,1787837500876022,1787837500874038
CV3T561000B5,21506,21507,21511,1787837501925316,1787837501909349,1787837501907795
CV3T561000H0,21558,21559,21564,1787837501958301,1787837501943938,1787837501940949
CPBG1630011D,21613,21614,21615,1787837501958554,1787837501951323,1787837501941238
CPBG1630011D,21626,21627,21627,1787837502424873,1787837502384650,1787837502374538
CV3T561000B5,21520,21521,21525,1787837502424841,1787837502409345,1787837502407797
CV3T561000H0,21571,21572,21577,1787837502424854,1787837502410595,1787837502407832
CV3T561000B5,21587,21588,21591,1787837504891848,1787837504809358,1787837504807840
CV3T561000H0,21638,21639,21644,1787837504891863,1787837504877280,1787837504874540
CPBG1630011D,21693,21694,21695,1787837504891587,1787837504884677,1787837504874567
CV3T561000H0,21649,21650,21654,1787837505358291,1787837505310619,1787837505307882
CV3T561000B5,21598,21599,21603,1787837505358247,1787837505342696,1787837505341185
CPBG1630011D,21704,21705,21706,1787837505358446,1787837505351352,1787837505341242
CV3T561000B5,21626,21627,21630,1787837506291380,1787837506242704,1787837506241205
CV3T561000H0,21677,21678,21683,1787837506291488,1787837506277290,1787837506274563
CPBG1630011D,21732,21733,21734,1787837506291494,1787837506284695,1787837506274585
CPBG1630011D,21741,21742,21743,1787837506591821,1787837506584705,1787837506574596
CV3T561000B5,21636,21637,21641,1787837506625337,1787837506609372,1787837506607877
CV3T561000H0,21687,21688,21693,1787837506625225,1787837506610630,1787837506607905
CV3T561000H0,21748,21749,21753,1787837508724886,1787837508677310,1787837508674604
CV3T561000B5,21697,21698,21702,1787837508724972,1787837508709382,1787837508707914
CPBG1630011D,21803,21804,21805,1787837508725030,1787837508718065,1787837508707958
CPBG1630011D,21833,21834,21834,1787837509724968,1787837509684755,1787837509674647
CV3T561000B5,21727,21728,21732,1787837509724983,1787837509709387,1787837509707933
CV3T561000H0,21778,21779,21784,1787837509725007,1787837509710651,1787837509707954
CV3T561000H0,21826,21827,21831,1787837511324756,1787837511277329,1787837511274645
CV3T561000B5,21775,21776,21780,1787837511324737,1787837511309400,1787837511307779
CPBG1630011D,21881,21882,21883,1787837511324759,1787837511318104,1787837511307988
CPBG1630011D,21959,21960,21960,1787837513924981,1787837513884814,1787837513873890
CV3T561000H0,21904,21905,21910,1787837513925072,1787837513910682,1787837513907269
CV3T561000B5,21853,21854,21858,1787837513925395,1787837513909410,1787837513907437
CV3T561000H0,22001,22002,22006,1787837517324693,1787837517277365,1787837517273890
CPBG1630011D,22056,22057,22058,1787837517324971,1787837517318180,1787837517307159
CV3T561000B5,21950,21951,21955,1787837517324870,1787837517309419,1787837517307419
CV3T561000H0,22002,22003,22008,1787837517391551,1787837517377384,1787837517373907
CPBG1630011D,22058,22059,22060,1787837517424752,1787837517418180,1787837517407156
CV3T561000B5,21952,21953,21957,1787837517424861,1787837517409419,1787837517407417
CV3T561000H0,22009,22010,22014,1787837517624721,1787837517577392,1787837517573911
CPBG1630011D,22064,22065,22066,1787837517624969,1787837517618183,1787837517607153
CV3T561000B5,21958,21959,21963,1787837517625119,1787837517609420,1787837517607417
CV3T561000B5,21978,21979,21982,1787837518424767,1787837518376108,1787837518374098
CPBG1630011D,22084,22085,22086,1787837518424804,1787837518418195,1787837518407142
CV3T561000H0,22029,22030,22035,1787837518424798,1787837518410706,1787837518407209
CPBG1630011D,22092,22093,22093,1787837518758692,1787837518684867,1787837518673807
CV3T561000H0,22037,22038,22043,1787837518758419,1787837518744048,1787837518740546
CV3T561000B5,21986,21987,21991,1787837518758817,1787837518742766,1787837518740753
CV3T561000B5,22097,22098,22101,1787837522725268,1787837522676116,1787837522674357
CV3T561000H0,22148,22149,22154,1787837522725108,1787837522710737,1787837522707409
CPBG1630011D,22203,22204,22205,1787837522724753,1787837522718245,1787837522707574
CV3T561000B5,22139,22140,22143,1787837524125013,1787837524076122,1787837524074368
CV3T561000H0,22190,22191,22196,1787837524124804,1787837524110757,1787837524107417
CPBG1630011D,22245,22246,22247,1787837524124985,1787837524118274,1787837524107589
CV3T561000H0,22198,22199,22203,1787837524391833,1787837524344851,1787837524341509
CPBG1630011D,22253,22254,22255,1787837524392175,1787837524384931,1787837524374244
CV3T561000B5,22147,22148,22152,1787837524392066,1787837524376120,1787837524374366
CV3T561000B5,22170,22171,22175,1787837525158156,1787837525142797,1787837525141046
CV3T561000H0,22222,22223,22228,1787837525191855,1787837525177430,1787837525174082
CPBG1630011D,22277,22278,22279,1787837525191497,1787837525184954,1787837525174259
CV3T561000H0,22234,22235,22240,1787837525591591,1787837525577424,1787837525574072
CPBG1630011D,22290,22291,22292,1787837525625227,1787837525618280,1787837525607580
CV3T561000B5,22184,22185,22189,1787837525625160,1787837525609459,1787837525607708
CV3T561000B5,22213,22214,22217,1787837526724903,1787837526676142,1787837526674395
CV3T561000H0,22264,22265,22270,1787837526724811,1787837526710764,1787837526707402
CPBG1630011D,22319,22320,22321,1787837526724742,1787837526718298,1787837526707588
CV3T561000B5,22267,22268,22271,1787837528724789,1787837528676148,1787837528674406
CV3T561000H0,22318,22319,22324,1787837528724832,1787837528710788,1787837528707409
CPBG1630011D,22373,22374,22375,1787837528724978,1787837528718334,1787837528707605
CV3T561000H0,22322,22323,22327,1787837528859135,1787837528810877,1787837528807498
CPBG1630011D,22377,22378,22379,1787837528859210,1787837528852447,1787837528841716
CV3T561000B5,22271,22272,22276,1787837528859122,1787837528843599,1787837528841857
CV3T561000H0,22333,22334,22338,1787837529224914,1787837529177447,1787837529174065
CPBG1630011D,22388,22389,22390,1787837529224925,1787837529218334,1787837529207600
CV3T561000B5,22282,22283,22287,1787837529224797,1787837529209484,1787837529207744
CV3T561000H0,22343,22344,22349,1787837529591398,1787837529577454,1787837529574069
CPBG1630011D,22399,22400,22401,1787837529624765,1787837529618344,1787837529607605
CV3T561000B5,22293,22294,22298,1787837529624788,1787837529609483,1787837529607744
CV3T561000H0,22405,22406,22410,1787837531824968,1787837531777474,1787837531774320
CV3T561000B5,22354,22355,22359,1787837531824824,1787837531809498,1787837531807237
CPBG1630011D,22460,22461,22462,1787837531824828,1787837531818377,1787837531807257
CPBG1630011D,22485,22486,22486,1787837532658355,1787837532618389,1787837532606999
CV3T561000B5,22379,22380,22384,1787837532658083,1787837532642835,1787837532640543
CV3T561000H0,22430,22431,22436,1787837532658061,1787837532644143,1787837532641200
CV3T561000H0,22444,22445,22449,1787837533125108,1787837533077492,1787837533074554
CPBG1630011D,22499,22500,22501,1787837533124732,1787837533118396,1787837533106989
CV3T561000B5,22393,22394,22398,1787837533124731,1787837533109506,1787837533107205
CV3T561000B5,22396,22397,22400,1787837533224794,1787837533176173,1787837533173872
CPBG1630011D,22502,22503,22504,1787837533225231,1787837533218395,1787837533206984
CV3T561000H0,22447,22448,22453,1787837533225271,1787837533210813,1787837533207876
CV3T561000B5,22407,22408,22412,1787837533591621,1787837533576177,1787837533573869
CPBG1630011D,22514,22515,22516,1787837533624832,1787837533618404,1787837533606981
CV3T561000H0,22459,22460,22465,1787837533624832,1787837533610819,1787837533607888
CPBG1630011D,22541,22542,22542,1787837534524939,1787837534485073,1787837534473621
CV3T561000B5,22435,22436,22440,1787837534524997,1787837534509509,1787837534507182
CV3T561000H0,22486,22487,22492,1787837534524762,1787837534510821,1787837534507899
CV3T561000B5,22518,22519,22522,1787837537391914,1787837537342853,1787837537340476
CPBG1630011D,22624,22625,22626,1787837537391785,1787837537385102,1787837537373552
CV3T561000H0,22569,22570,22575,1787837537391773,1787837537377501,1787837537374610
CV3T561000H0,22634,22635,22640,1787837539591316,1787837539577523,1787837539574656
CPBG1630011D,22690,22691,22692,1787837539625043,1787837539618476,1787837539606853
CV3T561000B5,22584,22585,22589,1787837539624857,1787837539609532,1787837539607112
CV3T561000B5,22686,22687,22691,1787837543091827,1787837543076219,1787837543074472
CV3T561000H0,22738,22739,22744,1787837543124984,1787837543110878,1787837543107436
CPBG1630011D,22793,22794,22795,1787837543125216,1787837543118515,1787837543107533
CV3T561000B5,22695,22696,22699,1787837543391576,1787837543342879,1787837543341134
CV3T561000H0,22746,22747,22752,1787837543391737,1787837543377574,1787837543374127
CPBG1630011D,22801,22802,22803,1787837543391900,1787837543385212,1787837543374230
CPBG1630011D,22805,22806,22806,1787837543525398,1787837543485188,1787837543474205
CV3T561000H0,22750,22751,22756,1787837543525146,1787837543510892,1787837543507443
CV3T561000B5,22699,22700,22704,1787837543525195,1787837543509564,1787837543507820
CV3T561000B5,22702,22703,22706,1787837543624826,1787837543576223,1787837543574481
CV3T561000H0,22753,22754,22759,1787837543624802,1787837543610880,1787837543607431
CPBG1630011D,22808,22809,22810,1787837543624765,1787837543618520,1787837543607536
CPBG1630011D,22901,22902,22902,1787837546725091,1787837546685229,1787837546674229
CV3T561000H0,22846,22847,22852,1787837546724969,1787837546710900,1787837546707409
CV3T561000B5,22795,22796,22800,1787837546725003,1787837546709566,1787837546707850
CV3T561000B5,22802,22803,22806,1787837546992345,1787837546942899,1787837546941186
CV3T561000H0,22853,22854,22859,1787837546991989,1787837546978014,1787837546974518
CPBG1630011D,22908,22909,22910,1787837546992528,1787837546985675,1787837546974674
CV3T561000B5,22844,22845,22848,1787837548524809,1787837548476251,1787837548474550
CV3T561000H0,22895,22896,22901,1787837548524687,1787837548510913,1787837548507396
CPBG1630011D,22950,22951,22952,1787837548524821,1787837548518584,1787837548507576
CV3T561000B5,22950,22951,22954,1787837552124862,1787837552076267,1787837552074160
CV3T561000H0,23001,23002,23007,1787837552124766,1787837552110940,1787837552107554
CPBG1630011D,23056,23057,23058,1787837552124781,1787837552118633,1787837552107850
CV3T561000B5,22959,22960,22963,1787837552425328,1787837552376264,1787837552374154
CV3T561000H0,23010,23011,23016,1787837552425416,1787837552410938,1787837552407562
CPBG1630011D,23065,23066,23067,1787837552425286,1787837552418633,1787837552407865
CV3T561000B5,22989,22990,22993,1787837553424661,1787837553376264,1787837553374146
CV3T561000H0,23040,23041,23046,1787837553424946,1787837553410946,1787837553407563
CPBG1630011D,23095,23096,23097,1787837553424966,1787837553418648,1787837553407886
CV3T561000H0,23052,23053,23057,1787837553824666,1787837553777621,1787837553774236
CV3T561000B5,23001,23002,23006,1787837553825012,1787837553809601,1787837553807480
CPBG1630011D,23107,23108,23109,1787837553825520,1787837553818653,1787837553807892
CV3T561000H0,23060,23061,23065,1787837554091757,1787837554044292,1787837554040907
CV3T561000B5,23009,23010,23014,1787837554091837,1787837554076279,1787837554074156
CPBG1630011D,23115,23116,23117,1787837554092299,1787837554085333,1787837554074575
CV3T561000H0,23118,23119,23123,1787837556024807,1787837555977638,1787837555974241
CV3T561000B5,23067,23068,23072,1787837556024725,1787837556009615,1787837556007476
CPBG1630011D,23173,23174,23175,1787837556024819,1787837556018685,1787837556007937
CV3T561000H0,23150,23151,23155,1787837557125144,1787837557077638,1787837557074235
CV3T561000B5,23099,23100,23104,1787837557125378,1787837557109624,1787837557107475
CPBG1630011D,23205,23206,23207,1787837557125022,1787837557118703,1787837557107961
CV3T561000H0,23227,23228,23232,1787837559925331,1787837559877655,1787837559874236
CV3T561000B5,23176,23177,23181,1787837559925414,1787837559909629,1787837559907457
CPBG1630011D,23282,23283,23284,1787837559925762,1787837559918730,1787837559908003
CPBG1630011D,23285,23286,23286,1787837560024916,1787837559985409,1787837559974682
CV3T561000B5,23179,23180,23184,1787837560025018,1787837560009627,1787837560007455
CV3T561000H0,23230,23231,23236,1787837560024732,1787837560010987,1787837560007566
CPBG1630011D,23336,23337,23338,1787837561860319,1787837561853908,1787837561842680
CV3T561000B5,23236,23237,23240,1787837562091454,1787837562042973,1787837562041138
CPBG1630011D,23343,23344,23345,1787837562091364,1787837562085433,1787837562073972
CV3T561000H0,23287,23288,23293,1787837562091379,1787837562077676,1787837562074026
CV3T561000H0,23365,23366,23370,1787837564824959,1787837564777692,1787837564773980
CPBG1630011D,23421,23422,23423,1787837564824754,1787837564818804,1787837564807198
CV3T561000B5,23314,23315,23319,1787837564825009,1787837564809662,1787837564807842
CPBG1630011D,23464,23465,23465,1787837566324911,1787837566252156,1787837566240511
CV3T561000H0,23408,23409,23414,1787837566325005,1787837566311034,1787837566307299
CV3T561000B5,23357,23358,23362,1787837566324793,1787837566309662,1787837566307850
CV3T561000B5,23414,23415,23418,1787837568358432,1787837568276342,1787837568274542
CPBG1630011D,23521,23522,23523,1787837568358198,1787837568352181,1787837568340479
CV3T561000H0,23465,23466,23471,1787837568358106,1787837568344385,1787837568340617
CV3T561000B5,23453,23454,23458,1787837569758160,1787837569743017,1787837569741225
CPBG1630011D,23561,23562,23563,1787837569791610,1787837569785528,1787837569773787
CV3T561000H0,23505,23506,23511,1787837569791742,1787837569777724,1787837569773935
CV3T561000H0,23530,23531,23535,1787837570625437,1787837570577738,1787837570573936
CPBG1630011D,23586,23587,23588,1787837570625669,1787837570618880,1787837570607115
CV3T561000B5,23479,23480,23484,1787837570625265,1787837570609691,1787837570607902
CPBG1630011D,23596,23597,23597,1787837570958231,1787837570918882,1787837570907110
CV3T561000H0,23540,23541,23546,1787837570958534,1787837570944398,1787837570940591
CV3T561000B5,23489,23490,23494,1787837570958567,1787837570943017,1787837570941231
CV3T561000B5,23595,23596,23599,1787837574624881,1787837574576376,1787837574573755
CV3T561000H0,23646,23647,23652,1787837574624695,1787837574611093,1787837574606985
CPBG1630011D,23702,23703,23704,1787837574624942,1787837574618928,1787837574607275
CV3T561000B5,23600,23601,23604,1787837574791451,1787837574743043,1787837574740418
CV3T561000H0,23651,23652,23657,1787837574791616,1787837574777764,1787837574773653
CPBG1630011D,23707,23708,23709,1787837574791449,1787837574785600,1787837574773945
CPBG1630011D,23774,23775,23775,1787837577025146,1787837576985634,1787837576973937
CV3T561000H0,23718,23719,23724,1787837577025167,1787837577011108,1787837577006943
CV3T561000B5,23667,23668,23672,1787837577025154,1787837577009717,1787837577007037
CPBG1630011D,23780,23781,23782,1787837577226900,1787837577220881,1787837577209178
CV3T561000H0,23743,23744,23748,1787837577924682,1787837577877780,1787837577873594
CV3T561000B5,23692,23693,23697,1787837577924982,1787837577909726,1787837577907023
CPBG1630011D,23800,23801,23802,1787837577925202,1787837577918976,1787837577907260
CPBG1630011D,23819,23820,23820,1787837578558562,1787837578518982,1787837578507255
CV3T561000H0,23763,23764,23769,1787837578591779,1787837578577788,1787837578573585
CV3T561000B5,23712,23713,23717,1787837578591831,1787837578576393,1787837578573675
CV3T561000B5,23741,23742,23745,1787837579624876,1787837579576400,1787837579573656
CV3T561000H0,23792,23793,23798,1787837579624898,1787837579611130,1787837579606901
CPBG1630011D,23849,23850,23851,1787837579625205,1787837579619004,1787837579607256
CV3T561000H0,23821,23822,23826,1787837580591637,1787837580544464,1787837580540213
CV3T561000B5,23770,23771,23775,1787837580592199,1787837580576405,1787837580573638
CPBG1630011D,23878,23879,23880,1787837580591682,1787837580585684,1787837580573918
CPBG1630011D,23905,23906,23906,1787837581491740,1787837581452364,1787837581440561
CV3T561000H0,23848,23849,23854,1787837581491543,1787837581477805,1787837581473543
CV3T561000B5,23797,23798,23802,1787837581491750,1787837581476405,1787837581473889
CV3T561000H0,23916,23917,23921,1787837583758602,1787837583711156,1787837583706944
CPBG1630011D,23973,23974,23975,1787837583758504,1787837583752387,1787837583740289
CV3T561000B5,23865,23866,23870,1787837583758456,1787837583743080,1787837583740754
CV3T561000H0,23918,23919,23924,1787837583825834,1787837583811162,1787837583806948
CPBG1630011D,23976,23977,23978,1787837583858593,1787837583852395,1787837583840294
CV3T561000B5,23868,23869,23873,1787837583858294,1787837583843090,1787837583840764
CPBG1630011D,23996,23997,23997,1787837584591600,1787837584552393,1787837584540273
CV3T561000H0,23939,23940,23945,1787837584592009,1787837584577826,1787837584573596
CV3T561000B5,23888,23889,23893,1787837584591978,1787837584576420,1787837584574091
CPBG1630011D,24064,24065,24065,1787837586891621,1787837586852430,1787837586840243
CV3T561000H0,24007,24008,24013,1787837586891584,1787837586877845,1787837586873568
CV3T561000B5,23956,23957,23961,1787837586891800,1787837586876434,1787837586874091
CV3T561000H0,24072,24073,24077,1787837589091787,1787837589044528,1787837589040209
CPBG1630011D,24129,24130,24131,1787837589091888,1787837589085798,1787837589073544
CV3T561000B5,24021,24022,24026,1787837589091583,1787837589076450,1787837589074096
CV3T561000H0,24124,24125,24129,1787837590891658,1787837590844533,1787837590840178
CPBG1630011D,24181,24182,24183,1787837590892113,1787837590885819,1787837590873513
CV3T561000B5,24073,24074,24078,1787837590892018,1787837590876456,1787837590874091
CV3T561000B5,24074,24075,24078,1787837590925131,1787837590876456,1787837590874092
CPBG1630011D,24182,24183,24184,1787837590925244,1787837590919150,1787837590906842
CV3T561000H0,24125,24126,24131,1787837590925418,1787837590911205,1787837590906849
CV3T561000B5,24092,24093,24096,1787837591591913,1787837591543134,1787837591541014
CV3T561000H0,24143,24144,24149,1787837591591513,1787837591577873,1787837591573629
CPBG1630011D,24200,24201,24202,1787837591592042,1787837591585823,1787837591573653
CPBG1630011D,24217,24218,24218,1787837592225236,1787837592152500,1787837592140829
CV3T561000H0,24160,24161,24166,1787837592224971,1787837592211210,1787837592207377
CV3T561000B5,24109,24110,24114,1787837592224967,1787837592209790,1787837592207800
CV3T561000H0,24207,24208,24212,1787837593824781,1787837593777884,1787837593774057
CPBG1630011D,24264,24265,24266,1787837593824767,1787837593819184,1787837593807541
CV3T561000B5,24156,24157,24161,1787837593824779,1787837593809797,1787837593807822
CPBG1630011D,24304,24305,24306,1787837595158473,1787837595152542,1787837595140896
CV3T561000H0,24248,24249,24254,1787837595192106,1787837595177909,1787837595174083
CV3T561000B5,24197,24198,24202,1787837595192152,1787837595176483,1787837595174521
CV3T561000H0,24258,24259,24263,1787837595525221,1787837595477903,1787837595474078
CPBG1630011D,24315,24316,24317,1787837595525311,1787837595519209,1787837595507563
CV3T561000B5,24207,24208,24212,1787837595525252,1787837595509809,1787837595507850
CV3T561000B5,24221,24222,24225,1787837595991776,1787837595943947,1787837595941992
CV3T561000H0,24272,24273,24278,1787837595992091,1787837595977917,1787837595974091
CPBG1630011D,24329,24330,24331,1787837595992097,1787837595985894,1787837595974247
CPBG1630011D,24332,24333,24333,1787837596091541,1787837596052566,1787837596040918
CV3T561000H0,24275,24276,24281,1787837596091657,1787837596077907,1787837596074082
CV3T561000B5,24224,24225,24229,1787837596091675,1787837596076479,1787837596074526
CV3T561000H0,24279,24280,24284,1787837596224924,1787837596177906,1787837596174080
CPBG1630011D,24336,24337,24338,1787837596224955,1787837596219217,1787837596207570
CV3T561000B5,24228,24229,24233,1787837596225167,1787837596209811,1787837596207858
CV3T561000B5,24257,24258,24262,1787837597192529,1787837597176485,1787837597174542
CV3T561000H0,24309,24310,24315,1787837597224996,1787837597211250,1787837597207425
CPBG1630011D,24366,24367,24368,1787837597225120,1787837597219235,1787837597207585
CV3T561000B5,24358,24359,24362,1787837600558557,1787837600509835,1787837600507922
CV3T561000H0,24409,24410,24415,1787837600558283,1787837600544617,1787837600540795
CPBG1630011D,24466,24467,24468,1787837600559007,1787837600552622,1787837600540967
CV3T561000B5,24363,24364,24367,1787837600724775,1787837600676493,1787837600674581
CV3T561000H0,24414,24415,24420,1787837600724857,1787837600711270,1787837600707448
CPBG1630011D,24471,24472,24473,1787837600724784,1787837600719277,1787837600707623
CV3T561000B5,24393,24394,24397,1787837601724759,1787837601676505,1787837601674120
CPBG1630011D,24501,24502,24503,1787837601724796,1787837601719298,1787837601707442
CV3T561000H0,24444,24445,24450,1787837601725193,1787837601711286,1787837601707580
CV3T561000B5,24398,24399,24403,1787837601891572,1787837601876506,1787837601874029
CPBG1630011D,24507,24508,24509,1787837601924885,1787837601919297,1787837601907293
CV3T561000H0,24450,24451,24456,1787837601925267,1787837601911283,1787837601907660
CV3T561000B5,24404,24405,24408,1787837602091870,1787837602043180,1787837602040694
CPBG1630011D,24512,24513,24514,1787837602091500,1787837602085959,1787837602073855
CV3T561000H0,24455,24456,24461,1787837602091408,1787837602077944,1787837602074377
CV3T561000B5,24467,24468,24471,1787837604191486,1787837604143196,1787837604140682
CPBG1630011D,24575,24576,24577,1787837604191535,1787837604185987,1787837604173789
CV3T561000H0,24518,24519,24524,1787837604191566,1787837604177959,1787837604174443
CV3T561000B5,24471,24472,24475,1787837604324863,1787837604276521,1787837604274005
CPBG1630011D,24579,24580,24581,1787837604324768,1787837604319325,1787837604307123
CV3T561000H0,24522,24523,24528,1787837604324733,1787837604311296,1787837604307781
CV3T561000B5,24527,24528,24532,1787837606191376,1787837606176531,1787837606173989
CPBG1630011D,24636,24637,24638,1787837606225253,1787837606219351,1787837606207110
CV3T561000H0,24579,24580,24585,1787837606224788,1787837606211310,1787837606207816
CV3T561000H0,24602,24603,24608,1787837606991359,1787837606977981,1787837606974496
CPBG1630011D,24661,24662,24663,1787837607058438,1787837607052697,1787837607040439
CV3T561000B5,24553,24554,24558,1787837607058295,1787837607043202,1787837607040648
CV3T561000B5,24581,24582,24585,1787837607992108,1787837607943217,1787837607940651
CPBG1630011D,24689,24690,24691,1787837607991539,1787837607986038,1787837607973760
CV3T561000H0,24632,24633,24638,1787837607991766,1787837607977986,1787837607974511
CV3T561000H0,24640,24641,24646,1787837608258182,1787837608244654,1787837608241183
CPBG1630011D,24698,24699,24700,1787837608291410,1787837608286039,1787837608273755
CV3T561000B5,24590,24591,24595,1787837608291352,1787837608276534,1787837608273963
CV3T561000B5,24621,24622,24625,1787837609324968,1787837609276544,1787837609273960
CPBG1630011D,24729,24730,24731,1787837609324794,1787837609319389,1787837609307083
CV3T561000H0,24672,24673,24678,1787837609325016,1787837609311328,1787837609307869
CPBG1630011D,24810,24811,24811,1787837612058286,1787837612019424,1787837612007504
CV3T561000H0,24753,24754,24759,1787837612058170,1787837612044682,1787837612040800
CV3T561000B5,24702,24703,24707,1787837612058340,1787837612043224,1787837612041020
CV3T561000H0,24843,24844,24848,1787837615124721,1787837615078035,1787837615074060
CPBG1630011D,24900,24901,24902,1787837615124791,1787837615119477,1787837615107650
CV3T561000B5,24792,24793,24797,1787837615124777,1787837615109916,1787837615107720
CPBG1630011D,24912,24913,24914,1787837615524897,1787837615519473,1787837615507646
CV3T561000H0,24856,24857,24862,1787837615558245,1787837615544703,1787837615540724
CV3T561000B5,24805,24806,24810,1787837615558390,1787837615543238,1787837615541042
CPBG1630011D,24915,24916,24916,1787837615625222,1787837615586135,1787837615574308
CV3T561000H0,24858,24859,24864,1787837615624987,1787837615611369,1787837615607390
CV3T561000B5,24807,24808,24812,1787837615625012,1787837615609903,1787837615607708
CPBG1630011D,24959,24960,24960,1787837617091962,1787837617052819,1787837617040991
CV3T561000H0,24902,24903,24908,1787837617091895,1787837617078054,1787837617074063
CV3T561000B5,24851,24852,24856,1787837617091760,1787837617076586,1787837617074394
CV3T561000H0,24911,24912,24917,1787837617391625,1787837617378056,1787837617374063
CPBG1630011D,24969,24970,24971,1787837617424989,1787837617419492,1787837617407666
CV3T561000B5,24861,24862,24866,1787837617425172,1787837617409912,1787837617407722
CV3T561000B5,24879,24880,24884,1787837618024861,1787837618009918,1787837618007730
CV3T561000H0,24931,24932,24937,1787837618058957,1787837618045490,1787837618041490
CPBG1630011D,24988,24989,24990,1787837618058975,1787837618053605,1787837618041779
CV3T561000H0,24933,24934,24938,1787837618125276,1787837618078058,1787837618074059
CV3T561000B5,24882,24883,24886,1787837618124655,1787837618076588,1787837618074400
CPBG1630011D,24990,24991,24992,1787837618125049,1787837618119513,1787837618107686
CPBG1630011D,24999,25000,25001,1787837618460728,1787837618454777,1787837618442950
CV3T561000B5,24930,24931,24934,1787837619824734,1787837619776592,1787837619774408
CV3T561000H0,24981,24982,24987,1787837619824959,1787837619811399,1787837619807386
CPBG1630011D,25039,25040,25041,1787837619825028,1787837619819525,1787837619807698
CPBG1630011D,25219,25220,25220,1787837625825106,1787837625786273,1787837625773815
CV3T561000B5,25110,25111,25115,1787837625824825,1787837625809957,1787837625807021
CV3T561000H0,25161,25162,25167,1787837625824823,1787837625811442,1787837625807750
CV3T561000H0,25169,25170,25175,1787837626091482,1787837626078105,1787837626074415
CV3T561000B5,25119,25120,25124,1787837626125490,1787837626109956,1787837626107014
CPBG1630011D,25228,25229,25230,1787837626125171,1787837626119607,1787837626107142
CV3T561000H0,25194,25195,25199,1787837626924766,1787837626878116,1787837626874428
CV3T561000B5,25143,25144,25148,1787837626924915,1787837626909961,1787837626907000
CPBG1630011D,25252,25253,25254,1787837626924901,1787837626919618,1787837626907135
CPBG1630011D,25329,25330,25330,1787837629491363,1787837629452986,1787837629440447
CV3T561000B5,25220,25221,25225,1787837629491415,1787837629476637,1787837629473616
CV3T561000H0,25271,25272,25277,1787837629491406,1787837629478129,1787837629474451
CPBG1630011D,25343,25344,25344,1787837629958059,1787837629919653,1787837629907105
CV3T561000B5,25234,25235,25239,1787837629958196,1787837629943307,1787837629940275
CV3T561000H0,25285,25286,25291,1787837629958007,1787837629944800,1787837629941124
CV3T561000H0,25300,25301,25306,1787837630458898,1787837630444802,1787837630441128
CV3T561000B5,25250,25251,25255,1787837630491608,1787837630476652,1787837630473607
CPBG1630011D,25359,25360,25361,1787837630491872,1787837630486339,1787837630473779
CV3T561000H0,25303,25304,25308,1787837630558052,1787837630511483,1787837630507809
CV3T561000B5,25252,25253,25257,1787837630557993,1787837630543312,1787837630540267
CPBG1630011D,25361,25362,25363,1787837630558189,1787837630553000,1787837630540438
CV3T561000B5,25346,25347,25351,1787837633691571,1787837633676662,1787837633674099
CV3T561000H0,25398,25399,25404,1787837633725366,1787837633711498,1787837633707117
CPBG1630011D,25456,25457,25458,1787837633724772,1787837633719711,1787837633707448
CV3T561000B5,25374,25375,25378,1787837634624896,1787837634576671,1787837634574104
CV3T561000H0,25425,25426,25431,1787837634625155,1787837634611498,1787837634607099
CPBG1630011D,25483,25484,25485,1787837634625162,1787837634619718,1787837634607447
CPBG1630011D,25519,25520,25520,1787837635824793,1787837635786407,1787837635774128
CV3T561000H0,25461,25462,25467,1787837635824772,1787837635811505,1787837635807081
CV3T561000B5,25410,25411,25415,1787837635825252,1787837635810002,1787837635807432
CPBG1630011D,25570,25571,25571,1787837637525222,1787837637486423,1787837637474131
CV3T561000H0,25512,25513,25518,1787837637525172,1787837637511522,1787837637507064
CV3T561000B5,25461,25462,25466,1787837637525208,1787837637510015,1787837637507440
CPBG1630011D,25574,25575,25575,1787837637658539,1787837637619755,1787837637607462
CV3T561000H0,25516,25517,25522,1787837637658083,1787837637644852,1787837637640390
CV3T561000B5,25465,25466,25470,1787837637658397,1787837637643345,1787837637640770
CPBG1630011D,25576,25577,25577,1787837637725478,1787837637686425,1787837637674131
CV3T561000H0,25518,25519,25524,1787837637725288,1787837637711523,1787837637707060
CV3T561000B5,25467,25468,25472,1787837637725382,1787837637710016,1787837637707440
CPBG1630011D,25626,25627,25627,1787837639391505,1787837639353125,1787837639340817
CV3T561000H0,25568,25569,25574,1787837639391491,1787837639378209,1787837639373713
CV3T561000B5,25517,25518,25522,1787837639391726,1787837639376698,1787837639374118
CV3T561000B5,25522,25523,25526,1787837639624957,1787837639576694,1787837639574113
CV3T561000H0,25573,25574,25579,1787837639624995,1787837639611534,1787837639607033
CPBG1630011D,25631,25632,25633,1787837639625062,1787837639619784,1787837639607474
CV3T561000B5,25612,25613,25616,1787837642624835,1787837642576712,1787837642574486
CPBG1630011D,25721,25722,25723,1787837642624952,1787837642619852,1787837642607095
CV3T561000H0,25663,25664,25669,1787837642624734,1787837642611590,1787837642607720
CV3T561000H0,25679,25680,25684,1787837643191709,1787837643144888,1787837643141020
CPBG1630011D,25737,25738,25739,1787837643191618,1787837643186498,1787837643173727
CV3T561000B5,25628,25629,25633,1787837643191981,1787837643176715,1787837643174495
CPBG1630011D,25747,25748,25748,1787837643525090,1787837643486495,1787837643473716
CV3T561000H0,25689,25690,25695,1787837643524820,1787837643511559,1787837643507691
CV3T561000B5,25638,25639,25643,1787837643524727,1787837643510040,1787837643507825
CV3T561000H0,25719,25720,25724,1787837644524678,1787837644478239,1787837644474376
CPBG1630011D,25777,25778,25779,1787837644524807,1787837644519843,1787837644507040
CV3T561000B5,25668,25669,25673,1787837644524716,1787837644510050,1787837644507846
CPBG1630011D,25862,25863,25863,1787837647358795,1787837647319875,1787837647307003
CV3T561000H0,25804,25805,25810,1787837647358636,1787837647344916,1787837647341065
CV3T561000B5,25753,25754,25758,1787837647358617,1787837647343391,1787837647341216
CV3T561000B5,25765,25766,25769,1787837647758195,1787837647710161,1787837647707991
CPBG1630011D,25874,25875,25876,1787837647758571,1787837647753218,1787837647740336
CV3T561000H0,25816,25817,25822,1787837647758162,1787837647744924,1787837647741073
CV3T561000H0,25887,25888,25892,1787837650124710,1787837650078298,1787837650074457
CPBG1630011D,25945,25946,25947,1787837650124758,1787837650119915,1787837650106976
CV3T561000B5,25836,25837,25841,1787837650124759,1787837650110072,1787837650107927
CV3T561000H0,25969,25970,25974,1787837652924759,1787837652878303,1787837652873836
CV3T561000B5,25918,25919,25923,1787837652924956,1787837652910098,1787837652907278
CPBG1630011D,26027,26028,26029,1787837652924868,1787837652919968,1787837652907820
CV3T561000H0,25990,25991,25995,1787837653624922,1787837653578298,1787837653573818
CV3T561000B5,25939,25940,25944,1787837653624977,1787837653610080,1787837653607249
CPBG1630011D,26048,26049,26050,1787837653624834,1787837653619963,1787837653607820
CV3T561000B5,26049,26050,26053,1787837657391783,1787837657343454,1787837657340565
CV3T561000H0,26101,26102,26107,1787837657424776,1787837657411659,1787837657407106
CPBG1630011D,26159,26160,26161,1787837657424879,1787837657420014,1787837657407902
CV3T561000H0,26107,26108,26112,1787837657624786,1787837657578328,1787837657573772
CV3T561000B5,26056,26057,26061,1787837657625105,1787837657610118,1787837657607224
CPBG1630011D,26165,26166,26167,1787837657624991,1787837657620019,1787837657607908
CV3T561000H0,26151,26152,26156,1787837659091770,1787837659044998,1787837659040413
CV3T561000B5,26100,26101,26105,1787837659091613,1787837659076784,1787837659073868
CPBG1630011D,26209,26210,26211,1787837659091636,1787837659086697,1787837659074599
CPBG1630011D,26240,26241,26241,1787837660124756,1787837660086712,1787837660074622
CV3T561000H0,26182,26183,26188,1787837660124988,1787837660111672,1787837660107068
CV3T561000B5,26131,26132,26136,1787837660124976,1787837660110122,1787837660107190
CV3T561000H0,26209,26210,26214,1787837661024970,1787837660978348,1787837660973728
CV3T561000B5,26158,26159,26163,1787837661024764,1787837661010146,1787837661007206
CPBG1630011D,26267,26268,26269,1787837661024951,1787837661020074,1787837661007990
CV3T561000B5,26195,26196,26199,1787837662325110,1787837662276797,1787837662274533
CV3T561000H0,26246,26247,26252,1787837662325581,1787837662311792,1787837662307080
CPBG1630011D,26304,26305,26306,1787837662325228,1787837662320178,1787837662307690
CV3T561000B5,26201,26202,26205,1787837662524860,1787837662476800,1787837662474539
CV3T561000H0,26252,26253,26258,1787837662524970,1787837662511691,1787837662506974
CPBG1630011D,26310,26311,26312,1787837662524903,1787837662520078,1787837662507589
CV3T561000B5,26259,26260,26263,1787837664558197,1787837664510143,1787837664507905
CV3T561000H0,26310,26311,26316,1787837664558572,1787837664545033,1787837664540274
CPBG1630011D,26368,26369,26370,1787837664558191,1787837664553433,1787837664540926
CV3T561000B5,26475,26476,26480,1787837671991675,1787837671976846,1787837671974236
CPBG1630011D,26585,26586,26587,1787837672025095,1787837672020200,1787837672007109
CV3T561000H0,26527,26528,26533,1787837672024831,1787837672011753,1787837672007287
CV3T561000H0,26586,26587,26591,1787837674024684,1787837673978438,1787837673974082
CPBG1630011D,26644,26645,26646,1787837674025043,1787837674020240,1787837674006953
CV3T561000B5,26535,26536,26540,1787837674024664,1787837674010197,1787837674007573
CV3T561000B5,26550,26551,26554,1787837674525037,1787837674476864,1787837674474237
CPBG1630011D,26659,26660,26661,1787837674525171,1787837674520246,1787837674506942
CV3T561000H0,26601,26602,26607,1787837674524807,1787837674511777,1787837674507420
CPBG1630011D,26706,26707,26707,1787837676125006,1787837676086927,1787837676073569
CV3T561000H0,26648,26649,26654,1787837676125145,1787837676111783,1787837676107427
CV3T561000B5,26597,26598,26602,1787837676125362,1787837676110203,1787837676107564
CV3T561000B5,26640,26641,26645,1787837677558686,1787837677543543,1787837677540896
CPBG1630011D,26750,26751,26752,1787837677591982,1787837677586976,1787837677573567
CV3T561000H0,26692,26693,26698,1787837677591453,1787837677578488,1787837677574132
CV3T561000B5,26674,26675,26678,1787837678758649,1787837678710212,1787837678707557
CPBG1630011D,26783,26784,26785,1787837678758421,1787837678753627,1787837678740179
CV3T561000H0,26725,26726,26731,1787837678758462,1787837678745131,1787837678740774
CV3T561000B5,26684,26685,26689,1787837679091536,1787837679076878,1787837679074221
CPBG1630011D,26794,26795,26796,1787837679124677,1787837679120298,1787837679106838
CV3T561000H0,26736,26737,26742,1787837679124666,1787837679111800,1787837679107444
CV3T561000H0,26846,26847,26851,1787837682858238,1787837682811843,1787837682807047
CPBG1630011D,26904,26905,26906,1787837682858545,1787837682853712,1787837682840960
CV3T561000B5,26795,26796,26800,1787837682858799,1787837682843597,1787837682841277
CV3T561000B5,26832,26833,26836,1787837684191684,1787837684143573,1787837684141264
CV3T561000H0,26883,26884,26889,1787837684192204,1787837684178503,1787837684173685
CPBG1630011D,26941,26942,26943,1787837684191925,1787837684187033,1787837684174278
CPBG1630011D,26984,26985,26985,1787837685624857,1787837685587050,1787837685574292
CV3T561000H0,26926,26927,26932,1787837685625210,1787837685611845,1787837685607003
CV3T561000B5,26875,26876,26880,1787837685625445,1787837685610246,1787837685607947
CV3T561000B5,26877,26878,26882,1787837685692059,1787837685676921,1787837685674623
CV3T561000H0,26929,26930,26935,1787837685724791,1787837685711854,1787837685707010
CPBG1630011D,26987,26988,26989,1787837685724900,1787837685720394,1787837685707637
CV3T561000B5,26948,26949,26952,1787837688058259,1787837688010261,1787837688007980
CV3T561000H0,26999,27000,27005,1787837688058246,1787837688045196,1787837688040316
CPBG1630011D,27057,27058,27059,1787837688058449,1787837688053750,1787837688040989
CPBG1630011D,27078,27079,27080,1787837688758116,1787837688753764,1787837688741002
CV3T561000H0,27021,27022,27027,1787837688791662,1787837688778532,1787837688773640
CV3T561000B5,26970,26971,26975,1787837688791647,1787837688776928,1787837688774652
CV3T561000H0,27108,27109,27113,1787837691824861,1787837691778566,1787837691773823
CV3T561000B5,27057,27058,27061,1787837691824767,1787837691776956,1787837691774157
CPBG1630011D,27166,27167,27168,1787837691824795,1787837691820493,1787837691807427
CV3T561000B5,27085,27086,27090,1787837692758480,1787837692743620,1787837692740749
CPBG1630011D,27195,27196,27197,1787837692791890,1787837692787157,1787837692773784
CV3T561000H0,27137,27138,27143,1787837692791840,1787837692778573,1787837692774053
CPBG1630011D,27260,27261,27261,1787837694991839,1787837694920504,1787837694907076
CV3T561000B5,27151,27152,27156,1787837694991755,1787837694976960,1787837694974052
CV3T561000H0,27202,27203,27208,1787837694992210,1787837694978576,1787837694974056
CV3T561000H0,27207,27208,27213,1787837695158494,1787837695145244,1787837695140724
CPBG1630011D,27266,27267,27268,1787837695192020,1787837695187180,1787837695173744
CV3T561000B5,27157,27158,27162,1787837695191996,1787837695176965,1787837695174054
CV3T561000B5,27165,27166,27170,1787837695458191,1787837695443631,1787837695440716
CPBG1630011D,27275,27276,27277,1787837695491516,1787837695487180,1787837695473737
CV3T561000H0,27217,27218,27223,1787837695491640,1787837695478579,1787837695474058
CV3T561000B5,27169,27170,27173,1787837695625400,1787837695543630,1787837695540712
CPBG1630011D,27278,27279,27280,1787837695625084,1787837695620526,1787837695607080
CV3T561000H0,27220,27221,27226,1787837695625350,1787837695611924,1787837695607405
CV3T561000B5,27197,27198,27201,1787837696624956,1787837696576968,1787837696574034
CPBG1630011D,27306,27307,27308,1787837696625182,1787837696620529,1787837696607056
CV3T561000H0,27248,27249,27254,1787837696625240,1787837696611921,1787837696607401
CV3T561000H0,27303,27304,27308,1787837698624862,1787837698578601,1787837698574081
CPBG1630011D,27361,27362,27363,1787837698624887,1787837698620556,1787837698607033
CV3T561000B5,27252,27253,27257,1787837698625057,1787837698610312,1787837698607344
CPBG1630011D,27444,27445,27445,1787837701491454,1787837701453926,1787837701440336
CV3T561000B5,27335,27336,27340,1787837701491770,1787837701476993,1787837701473815
CV3T561000H0,27386,27387,27392,1787837701491767,1787837701478622,1787837701474083
CV3T561000H0,27439,27440,27444,1787837703424782,1787837703378639,1787837703373880
CV3T561000B5,27388,27389,27393,1787837703424748,1787837703410345,1787837703406954
CPBG1630011D,27497,27498,27499,1787837703424953,1787837703420628,1787837703407107
CV3T561000H0,27536,27537,27541,1787837706691656,1787837706645321,1787837706640532
CV3T561000B5,27485,27486,27490,1787837706691714,1787837706677015,1787837706673528
CPBG1630011D,27594,27595,27596,1787837706691960,1787837706687325,1787837706673736
CV3T561000B5,27544,27545,27548,1787837708725239,1787837708677030,1787837708673485
CPBG1630011D,27653,27654,27655,1787837708725097,1787837708720688,1787837708707057
CV3T561000H0,27595,27596,27601,1787837708725037,1787837708712004,1787837708707198
CV3T561000H0,27702,27703,27708,1787837712391597,1787837712378703,1787837712374531
CV3T561000B5,27652,27653,27657,1787837712425261,1787837712410380,1787837712407663
CPBG1630011D,27761,27762,27763,1787837712425061,1787837712420737,1787837712407719
CPBG1630011D,27829,27830,27830,1787837714691900,1787837714654098,1787837714641097
CV3T561000B5,27720,27721,27725,1787837714692486,1787837714677056,1787837714674352
CV3T561000H0,27771,27772,27777,1787837714691360,1787837714678709,1787837714674572
CPBG1630011D,27839,27840,27840,1787837715024919,1787837714987452,1787837714974453
CV3T561000B5,27730,27731,27735,1787837715024791,1787837715010393,1787837715007692
CV3T561000H0,27781,27782,27787,1787837715025075,1787837715012046,1787837715007915
CV3T561000H0,27786,27787,27792,1787837715191619,1787837715178719,1787837715174590
CV3T561000B5,27736,27737,27741,1787837715224879,1787837715210396,1787837715207697
CPBG1630011D,27845,27846,27847,1787837715224827,1787837715220775,1787837715207777
CV3T561000H0,27826,27827,27831,1787837716524746,1787837716478723,1787837716474615
CV3T561000B5,27775,27776,27780,1787837716524737,1787837716510400,1787837716507708
CPBG1630011D,27884,27885,27886,1787837716524868,1787837716520790,1787837716507803
CV3T561000B5,27796,27797,27801,1787837717224881,1787837717210428,1787837717207742
CPBG1630011D,27906,27907,27908,1787837717258303,1787837717254136,1787837717241153
CV3T561000H0,27848,27849,27854,1787837717258350,1787837717245399,1787837717241301
CPBG1630011D,27920,27921,27921,1787837717724842,1787837717687473,1787837717674495
CV3T561000B5,27811,27812,27816,1787837717725141,1787837717710403,1787837717707719
CV3T561000H0,27862,27863,27868,1787837717724804,1787837717712062,1787837717707972
CPBG1630011D,27976,27977,27977,1787837719658425,1787837719620849,1787837719607885
CV3T561000B5,27867,27868,27872,1787837719658452,1787837719643754,1787837719641082
CV3T561000H0,27918,27919,27924,1787837719658352,1787837719645417,1787837719641357
CV3T561000B5,27973,27974,27977,1787837723324817,1787837723277101,1787837723273651
CV3T561000H0,28024,28025,28029,1787837723324781,1787837723278770,1787837723273982
CPBG1630011D,28082,28083,28084,1787837723324972,1787837723320880,1787837723307232
CV3T561000B5,28024,28025,28028,1787837725024730,1787837724977111,1787837724973622
CPBG1630011D,28133,28134,28135,1787837725025064,1787837725020899,1787837725007217
CV3T561000H0,28075,28076,28081,1787837725024970,1787837725012113,1787837725007304
CV3T561000B5,28031,28032,28035,1787837725258030,1787837725210441,1787837725206946
CPBG1630011D,28140,28141,28142,1787837725258647,1787837725254236,1787837725240548
CV3T561000H0,28082,28083,28088,1787837725258542,1787837725245448,1787837725240635
CPBG1630011D,28221,28222,28222,1787837728125021,1787837728087610,1787837728073865
CV3T561000B5,28112,28113,28117,1787837728125458,1787837728110453,1787837728106890
CV3T561000H0,28163,28164,28169,1787837728125098,1787837728112131,1787837728107284
CPBG1630011D,28272,28273,28273,1787837729824939,1787837729787631,1787837729773851
CV3T561000B5,28163,28164,28168,1787837729825012,1787837729810476,1787837729806873
CV3T561000H0,28214,28215,28220,1787837729824909,1787837729812158,1787837729807290
CPBG1630011D,28349,28350,28350,1787837732592396,1787837732554334,1787837732541118
CV3T561000B5,28240,28241,28245,1787837732592303,1787837732577577,1787837732574407
CV3T561000H0,28291,28292,28297,1787837732592226,1787837732579264,1787837732574931
CPBG1630011D,28379,28380,28381,1787837733691815,1787837733687681,1787837733674470
CV3T561000B5,28271,28272,28276,1787837733724945,1787837733710480,1787837733707306
CV3T561000H0,28322,28323,28328,1787837733724963,1787837733712170,1787837733707848
CPBG1630011D,28418,28419,28419,1787837735025244,1787837734987700,1787837734974494
CV3T561000B5,28309,28310,28314,1787837735025514,1787837735010486,1787837735007307
CV3T561000H0,28360,28361,28366,1787837735024964,1787837735012177,1787837735007866
CV3T561000H0,28386,28387,28391,1787837735891890,1787837735845523,1787837735841220
CV3T561000B5,28335,28336,28340,1787837735892285,1787837735877164,1787837735873982
CPBG1630011D,28444,28445,28446,1787837735891657,1787837735887712,1787837735874512
CV3T561000B5,28377,28378,28382,1787837737291791,1787837737277168,1787837737273981
CPBG1630011D,28487,28488,28489,1787837737325126,1787837737321068,1787837737307874
CV3T561000H0,28429,28430,28435,1787837737325121,1787837737312205,1787837737307915
CV3T561000H0,28435,28436,28440,1787837737524930,1787837737478876,1787837737474587
CV3T561000B5,28384,28385,28389,1787837737524909,1787837737510504,1787837737507315
CPBG1630011D,28493,28494,28495,1787837737525191,1787837737521065,1787837737507873
CV3T561000H0,28471,28472,28476,1787837738725090,1787837738678880,1787837738674603
CV3T561000B5,28420,28421,28425,1787837738725217,1787837738710511,1787837738707319
CPBG1630011D,28529,28530,28531,1787837738725122,1787837738721082,1787837738707894
CPBG1630011D,28559,28560,28560,1787837739725097,1787837739687772,1787837739674589
CV3T561000B5,28450,28451,28455,1787837739724889,1787837739710524,1787837739707327
CV3T561000H0,28501,28502,28507,1787837739724911,1787837739712224,1787837739707956
CV3T561000H0,28513,28514,28518,1787837740125072,1787837740078893,1787837740074627
CV3T561000B5,28462,28463,28467,1787837740125257,1787837740110517,1787837740107319
CPBG1630011D,28571,28572,28573,1787837740125099,1787837740121100,1787837740107919
CPBG1630011D,28604,28605,28606,1787837741224889,1787837741221111,1787837741207936
CV3T561000B5,28496,28497,28501,1787837741259032,1787837741244625,1787837741241360
CV3T561000H0,28547,28548,28553,1787837741259429,1787837741246328,1787837741242074
CV3T561000H0,28686,28687,28691,1787837745924864,1787837745878926,1787837745873890
CV3T561000B5,28635,28636,28640,1787837745925255,1787837745910548,1787837745906888
CPBG1630011D,28744,28745,28746,1787837745925014,1787837745921178,1787837745907287
CV3T561000H0,28748,28749,28753,1787837748124752,1787837748078938,1787837748073860
CV3T561000B5,28697,28698,28702,1787837748124729,1787837748110556,1787837748106853
CPBG1630011D,28806,28807,28808,1787837748124830,1787837748121204,1787837748107263
CV3T561000H0,28822,28823,28827,1787837750592023,1787837750545616,1787837750540491
CV3T561000B5,28771,28772,28776,1787837750591986,1787837750577254,1787837750573504
CPBG1630011D,28880,28881,28882,1787837750591817,1787837750587915,1787837750573920
CV3T561000H0,28837,28838,28842,1787837751091993,1787837751045625,1787837751040492
CV3T561000B5,28786,28787,28791,1787837751091835,1787837751077240,1787837751073489
CPBG1630011D,28895,28896,28897,1787837751091673,1787837751087912,1787837751073906
CV3T561000H0,28899,28900,28905,1787837753258299,1787837753245640,1787837753240957
CV3T561000B5,28849,28850,28854,1787837753292076,1787837753277253,1787837753273920
CPBG1630011D,28958,28959,28960,1787837753291965,1787837753287943,1787837753274371
CV3T561000B5,28912,28913,28916,1787837755558351,1787837755510600,1787837755507265
CV3T561000H0,28963,28964,28969,1787837755558292,1787837755545658,1787837755540975
CPBG1630011D,29021,29022,29023,1787837755558792,1787837755554636,1787837755541059
CV3T561000B5,28983,28984,28987,1787837758124708,1787837758077269,1787837758073931
CV3T561000H0,29034,29035,29040,1787837758125179,1787837758112344,1787837758107660
CPBG1630011D,29092,29093,29094,1787837758124933,1787837758121338,1787837758107756
CV3T561000B5,29012,29013,29017,1787837759091625,1787837759077279,1787837759073940
CV3T561000H0,29064,29065,29070,1787837759125063,1787837759112352,1787837759107668
CPBG1630011D,29122,29123,29124,1787837759124949,1787837759121352,1787837759107766
CV3T561000B5,29108,29109,29113,1787837762358156,1787837762343958,1787837762341208
CV3T561000H0,29160,29161,29166,1787837762392058,1787837762379036,1787837762373767
CPBG1630011D,29218,29219,29220,1787837762391647,1787837762388057,1787837762373980
CV3T561000B5,29116,29117,29120,1787837762624891,1787837762577299,1787837762574554
CV3T561000H0,29167,29168,29173,1787837762624855,1787837762612367,1787837762607093
CPBG1630011D,29225,29226,29227,1787837762625100,1787837762621389,1787837762607306
CV3T561000B5,29138,29139,29143,1787837763391751,1787837763377301,1787837763374575
CV3T561000H0,29190,29191,29196,1787837763424730,1787837763412377,1787837763407084
CPBG1630011D,29248,29249,29250,1787837763424947,1787837763421404,1787837763407302
CV3T561000B5,29153,29154,29157,1787837763891387,1787837763843964,1787837763841248
CV3T561000H0,29204,29205,29210,1787837763891524,1787837763879042,1787837763873738
CPBG1630011D,29262,29263,29264,1787837763891463,1787837763888072,1787837763873961
CV3T561000H0,29234,29235,29240,1787837764891438,1787837764879063,1787837764873736
CPBG1630011D,29293,29294,29295,1787837764924750,1787837764921427,1787837764907292
CV3T561000B5,29184,29185,29189,1787837764924752,1787837764910642,1787837764907950
CV3T561000H0,29246,29247,29251,1787837765291560,1787837765245729,1787837765240393
CPBG1630011D,29304,29305,29306,1787837765291455,1787837765288094,1787837765273951
CV3T561000B5,29195,29196,29200,1787837765291417,1787837765277306,1787837765274622
CPBG1630011D,29374,29375,29375,1787837767758140,1787837767721455,1787837767707257
CV3T561000H0,29316,29317,29322,1787837767758266,1787837767745741,1787837767740346
CV3T561000B5,29265,29266,29270,1787837767758255,1787837767743987,1787837767741359
CV3T561000B5,29271,29272,29275,1787837767958433,1787837767910652,1787837767908028
CV3T561000H0,29322,29323,29328,1787837767958598,1787837767945735,1787837767940336
CPBG1630011D,29380,29381,29382,1787837767958479,1787837767954791,1787837767940587
CV3T561000B5,29330,29331,29335,1787837769958084,1787837769944013,1787837769941435
CV3T561000H0,29382,29383,29388,1787837769991620,1787837769979093,1787837769973646
CPBG1630011D,29440,29441,29442,1787837769991576,1787837769988161,1787837769973911
CV3T561000B5,29380,29381,29384,1787837771624881,1787837771577361,1787837771574444
CV3T561000H0,29431,29432,29437,1787837771624833,1787837771612435,1787837771607116
CPBG1630011D,29489,29490,29491,1787837771624819,1787837771621513,1787837771607212
CV3T561000H0,29433,29434,29439,1787837771725056,1787837771712537,1787837771707330
CPBG1630011D,29492,29493,29494,1787837771758645,1787837771754843,1787837771740524
CV3T561000B5,29383,29384,29388,1787837771758289,1787837771744002,1787837771740955
CV3T561000B5,29398,29399,29402,1787837772258174,1787837772210676,1787837772207534
CPBG1630011D,29507,29508,29509,1787837772258191,1787837772254848,1787837772240469
CV3T561000H0,29449,29450,29455,1787837772258232,1787837772245766,1787837772241118
CV3T561000B5,29489,29490,29493,1787837775325114,1787837775277353,1787837775274205
CPBG1630011D,29598,29599,29600,1787837775325201,1787837775321658,1787837775307199
CV3T561000H0,29540,29541,29546,1787837775324776,1787837775312564,1787837775307969
CV3T561000B5,29497,29498,29502,1787837775624935,1787837775610708,1787837775607560
CPBG1630011D,29607,29608,29609,1787837775658165,1787837775654891,1787837775640422
CV3T561000H0,29549,29550,29555,1787837775658045,1787837775645795,1787837775641203
CV3T561000H0,29626,29627,29631,1787837778324692,1787837778279161,1787837778274600
CPBG1630011D,29684,29685,29686,1787837778324763,1787837778321591,1787837778307053
CV3T561000B5,29575,29576,29580,1787837778324795,1787837778310704,1787837778307551
CV3T561000B5,29596,29597,29600,1787837779058296,1787837779010801,1787837779007646
CPBG1630011D,29706,29707,29708,1787837779091582,1787837779088267,1787837779073710
CV3T561000H0,29648,29649,29654,1787837779091445,1787837779079149,1787837779074596
CV3T561000H0,29664,29665,29669,1787837779625230,1787837779579147,1787837779574600
CPBG1630011D,29722,29723,29724,1787837779624747,1787837779621605,1787837779607035
CV3T561000B5,29613,29614,29618,1787837779625006,1787837779610707,1787837779607551
CV3T561000B5,29620,29621,29625,1787837779891733,1787837779877378,1787837779874222
CPBG1630011D,29730,29731,29732,1787837779925036,1787837779921609,1787837779907031
CV3T561000H0,29672,29673,29678,1787837779924793,1787837779912486,1787837779907943
CV3T561000H0,29702,29703,29707,1787837780925077,1787837780879158,1787837780874625
CPBG1630011D,29760,29761,29762,1787837780925091,1787837780921628,1787837780907024
CV3T561000B5,29651,29652,29656,1787837780924984,1787837780910720,1787837780907561
CPBG1630011D,29821,29822,29822,1787837783125345,1787837783054985,1787837783041111
CV3T561000H0,29763,29764,29769,1787837783124751,1787837783112507,1787837783107233
CV3T561000B5,29712,29713,29717,1787837783125144,1787837783110724,1787837783107825
CV3T561000H0,29777,29778,29782,1787837783625078,1787837783579199,1787837783573916
CPBG1630011D,29835,29836,29837,1787837783624853,1787837783621663,1787837783607792
CV3T561000B5,29726,29727,29731,1787837783625049,1787837783610733,1787837783607839
CV3T561000H0,29852,29853,29857,1787837786124783,1787837786079195,1787837786073865
CPBG1630011D,29910,29911,29912,1787837786125134,1787837786121690,1787837786107831
CV3T561000B5,29801,29802,29806,1787837786124717,1787837786110739,1787837786107866
CV3T561000H0,29942,29943,29948,1787837789258798,1787837789245887,1787837789240497
CPBG1630011D,30001,30002,30003,1787837789291514,1787837789288399,1787837789274556
CV3T561000B5,29892,29893,29897,1787837789291717,1787837789277422,1787837789274574
CV3T561000B5,29893,29894,29897,1787837789325028,1787837789277422,1787837789274574
CV3T561000H0,29944,29945,29950,1787837789324899,1787837789312551,1787837789307160
CPBG1630011D,30002,30003,30004,1787837789324890,1787837789321733,1787837789307891
CPBG1630011D,30005,30006,30006,1787837789425112,1787837789388839,1787837789374997
CV3T561000H0,29947,29948,29953,1787837789425095,1787837789412549,1787837789407155
CV3T561000B5,29896,29897,29901,1787837789425328,1787837789410754,1787837789407908
CV3T561000H0,29976,29977,29981,1787837790424995,1787837790379228,1787837790373817
CPBG1630011D,30034,30035,30036,1787837790424946,1787837790421749,1787837790407911
CV3T561000B5,29925,29926,29930,1787837790424993,1787837790410763,1787837790407925
CPBG1630011D,30037,30038,30038,1787837790524806,1787837790488420,1787837790474583
CV3T561000H0,29979,29980,29985,1787837790525065,1787837790512560,1787837790507145
CV3T561000B5,29928,29929,29933,1787837790525510,1787837790510763,1787837790507926
CV3T561000H0,29990,29991,29995,1787837790891610,1787837790845893,1787837790840473
CPBG1630011D,30048,30049,30050,1787837790891756,1787837790888422,1787837790874586
CV3T561000B5,29939,29940,29944,1787837790891680,1787837790877433,1787837790874599
CV3T561000H0,30179,30180,30184,1787837797324872,1787837797279274,1787837797274272
CV3T561000B5,30128,30129,30133,1787837797325755,1787837797310795,1787837797307044
CPBG1630011D,30237,30238,30239,1787837797325235,1787837797321837,1787837797307093
CV3T561000B5,30367,30368,30371,1787837805525169,1787837805477509,1787837805474303
CV3T561000H0,30418,30419,30424,1787837805525468,1787837805512653,1787837805506865
CPBG1630011D,30476,30477,30478,1787837805525289,1787837805521936,1787837805507507
CPBG1630011D,30494,30495,30496,1787837806125144,1787837806121967,1787837806107534
CV3T561000H0,30437,30438,30443,1787837806158661,1787837806146013,1787837806140206
CV3T561000B5,30386,30387,30391,1787837806158654,1787837806144186,1787837806140980
CV3T561000H0,30465,30466,30471,1787837807091758,1787837807079336,1787837807073503
CPBG1630011D,30524,30525,30526,1787837807124932,1787837807121970,1787837807107530
CV3T561000B5,30415,30416,30420,1787837807125477,1787837807110848,1787837807107645
CV3T561000B5,30445,30446,30449,1787837808125016,1787837808077512,1787837808074311
CV3T561000H0,30497,30498,30503,1787837808158142,1787837808146010,1787837808140146
CPBG1630011D,30555,30556,30557,1787837808158632,1787837808155310,1787837808140862
CV3T561000B5,30449,30450,30453,1787837808258074,1787837808210844,1787837808207644
CV3T561000H0,30500,30501,30506,1787837808258294,1787837808246009,1787837808240141
CPBG1630011D,30558,30559,30560,1787837808258893,1787837808255309,1787837808240860
CV3T561000B5,30454,30455,30458,1787837808424817,1787837808377538,1787837808374337
CV3T561000H0,30505,30506,30511,1787837808424915,1787837808412680,1787837808406807
CPBG1630011D,30563,30564,30565,1787837808424855,1787837808421982,1787837808407532
CV3T561000B5,30468,30469,30473,1787837808891477,1787837808877523,1787837808874324
CV3T561000H0,30520,30521,30526,1787837808924902,1787837808912687,1787837808906800
CPBG1630011D,30578,30579,30580,1787837808924727,1787837808921992,1787837808907538
CV3T561000B5,30485,30486,30489,1787837809458547,1787837809410863,1787837809407664
CV3T561000H0,30536,30537,30542,1787837809458082,1787837809446028,1787837809440126
CPBG1630011D,30594,30595,30596,1787837809458249,1787837809455336,1787837809440878
CPBG1630011D,30602,30603,30603,1787837809724904,1787837809688662,1787837809674203
CV3T561000H0,30544,30545,30550,1787837809725184,1787837809712687,1787837809706776
CV3T561000B5,30493,30494,30498,1787837809724870,1787837809710853,1787837809707656
CV3T561000B5,30535,30536,30539,1787837811225234,1787837811177531,1787837811174307
CV3T561000H0,30586,30587,30592,1787837811225243,1787837811212694,1787837811206739
CPBG1630011D,30644,30645,30646,1787837811225266,1787837811222014,1787837811207544
CV3T561000B5,30585,30586,30589,1787837812991847,1787837812944208,1787837812940608
CV3T561000H0,30636,30637,30642,1787837812991631,1787837812979376,1787837812973903
CPBG1630011D,30694,30695,30696,1787837812991563,1787837812988706,1787837812974436
CV3T561000H0,30640,30641,30645,1787837813124795,1787837813079386,1787837813073912
CV3T561000B5,30589,30590,30594,1787837813124765,1787837813110880,1787837813107277
CPBG1630011D,30698,30699,30700,1787837813124998,1787837813122051,1787837813107781
CV3T561000B5,30598,30599,30602,1787837813458552,1787837813410872,1787837813407266
CV3T561000H0,30649,30650,30655,1787837813458532,1787837813446045,1787837813440568
CPBG1630011D,30707,30708,30709,1787837813458669,1787837813455378,1787837813441108
CV3T561000B5,30625,30626,30630,1787837814358545,1787837814344212,1787837814340593
CV3T561000H0,30677,30678,30683,1787837814392023,1787837814379387,1787837814373902
CPBG1630011D,30735,30736,30737,1787837814391599,1787837814388726,1787837814374457
CV3T561000B5,30634,30635,30639,1787837814658158,1787837814644213,1787837814640590
CV3T561000H0,30686,30687,30692,1787837814692186,1787837814679386,1787837814673899
CPBG1630011D,30744,30745,30746,1787837814692062,1787837814688727,1787837814674459
CV3T561000B5,30663,30664,30667,1787837815624776,1787837815577550,1787837815573913
CV3T561000H0,30714,30715,30720,1787837815624741,1787837815612724,1787837815607231
CPBG1630011D,30772,30773,30774,1787837815624802,1787837815622071,1787837815607805
CV3T561000B5,30764,30765,30768,1787837819124728,1787837819077565,1787837819073880
CV3T561000H0,30815,30816,30821,1787837819124737,1787837819112749,1787837819107229
CPBG1630011D,30873,30874,30875,1787837819125446,1787837819122118,1787837819107856
CV3T561000H0,30927,30928,30933,1787837823091800,1787837823079452,1787837823074338
CPBG1630011D,30986,30987,30988,1787837823125176,1787837823122180,1787837823107167
CV3T561000B5,30877,30878,30882,1787837823124891,1787837823110928,1787837823107730
CV3T561000H0,30967,30968,30972,1787837824458114,1787837824412788,1787837824407688
CPBG1630011D,31026,31027,31028,1787837824491996,1787837824488855,1787837824473803
CV3T561000B5,30917,30918,30922,1787837824491715,1787837824477591,1787837824474403
CV3T561000H0,31028,31029,31033,1787837826525085,1787837826479475,1787837826474396
CPBG1630011D,31086,31087,31088,1787837826524944,1787837826522213,1787837826507102
CV3T561000B5,30977,30978,30982,1787837826524797,1787837826510933,1787837826507759
CV3T561000B5,30991,30992,30995,1787837827025111,1787837826977638,1787837826974468
CPBG1630011D,31100,31101,31102,1787837827024899,1787837827022223,1787837827007097
CV3T561000H0,31042,31043,31048,1787837827024700,1787837827012805,1787837827007732
CPBG1630011D,31126,31127,31127,1787837827891613,1787837827855573,1787837827840424
CV3T561000H0,31068,31069,31074,1787837827891599,1787837827879476,1787837827874411
CV3T561000B5,31017,31018,31022,1787837827891909,1787837827877608,1787837827874445
CV3T561000B5,31026,31027,31030,1787837828191381,1787837828144309,1787837828141148
CPBG1630011D,31135,31136,31137,1787837828191727,1787837828188937,1787837828173778
CV3T561000H0,31077,31078,31083,1787837828191636,1787837828179511,1787837828174449
CV3T561000B5,31071,31072,31075,1787837829724899,1787837829677618,1787837829674468
CPBG1630011D,31180,31181,31182,1787837829724948,1787837829722261,1787837829707058
CV3T561000H0,31122,31123,31128,1787837829724813,1787837829712826,1787837829707780
CV3T561000H0,31184,31185,31189,1787837831858444,1787837831812843,1787837831807528
CPBG1630011D,31242,31243,31244,1787837831858482,1787837831855630,1787837831840676
CV3T561000B5,31133,31134,31138,1787837831858557,1787837831844306,1787837831840895
CPBG1630011D,31343,31344,31344,1787837835458153,1787837835422334,1787837835407689
CV3T561000H0,31285,31286,31291,1787837835458166,1787837835446195,1787837835440455
CV3T561000B5,31234,31235,31239,1787837835458164,1787837835444312,1787837835440859
CPBG1630011D,31361,31362,31363,1787837836058463,1787837836055684,1787837836041039
CV3T561000H0,31304,31305,31310,1787837836091758,1787837836079532,1787837836073781
CV3T561000B5,31253,31254,31258,1787837836091485,1787837836077649,1787837836074193
CV3T561000B5,31287,31288,31291,1787837837224675,1787837837177659,1787837837174198
CV3T561000H0,31338,31339,31344,1787837837224998,1787837837212879,1787837837207108
CPBG1630011D,31396,31397,31398,1787837837224890,1787837837222361,1787837837207713
CV3T561000B5,31319,31320,31324,1787837838291686,1787837838277675,1787837838274209
CV3T561000H0,31371,31372,31377,1787837838325167,1787837838312884,1787837838307094
CPBG1630011D,31429,31430,31431,1787837838324940,1787837838322373,1787837838307721
CPBG1630011D,31434,31435,31435,1787837838491732,1787837838456484,1787837838441833
CV3T561000H0,31376,31377,31382,1787837838491743,1787837838479551,1787837838473758
CV3T561000B5,31325,31326,31330,1787837838491807,1787837838477662,1787837838474194
CV3T561000H0,31430,31431,31435,1787837840424963,1787837840379566,1787837840373739
CV3T561000B5,31379,31380,31384,1787837840424885,1787837840411007,1787837840407531
CPBG1630011D,31488,31489,31490,1787837840424837,1787837840422401,1787837840407745
CV3T561000B5,31525,31526,31529,1787837845324699,1787837845277697,1787837845274518
CPBG1630011D,31634,31635,31636,1787837845324771,1787837845322469,1787837845307140
CV3T561000H0,31576,31577,31582,1787837845324799,1787837845312936,1787837845307515
CPBG1630011D,31783,31784,31784,1787837850358080,1787837850322532,1787837850307070
CV3T561000H0,31725,31726,31731,1787837850358537,1787837850346302,1787837850340885
CV3T561000B5,31674,31675,31679,1787837850358330,1787837850344391,1787837850341245
CV3T561000B5,31696,31697,31700,1787837851091691,1787837851044387,1787837851041245
CPBG1630011D,31805,31806,31807,1787837851091455,1787837851089213,1787837851073729
CV3T561000H0,31747,31748,31753,1787837851091424,1787837851079644,1787837851074227
CPBG1630011D,31864,31865,31865,1787837853058486,1787837853022574,1787837853007905
CV3T561000B5,31755,31756,31760,1787837853058309,1787837853044399,1787837853040580
CV3T561000H0,31806,31807,31812,1787837853058491,1787837853046314,1787837853041240
CPBG1630011D,31905,31906,31906,1787837854424835,1787837854389251,1787837854374594
CV3T561000B5,31796,31797,31801,1787837854424761,1787837854411069,1787837854407223
CV3T561000H0,31847,31848,31853,1787837854424832,1787837854412988,1787837854407934
CV3T561000B5,31861,31862,31866,1787837856591640,1787837856577751,1787837856573864
CPBG1630011D,31971,31972,31973,1787837856624759,1787837856622608,1787837856607969
CV3T561000H0,31913,31914,31919,1787837856624767,1787837856613004,1787837856607981
CPBG1630011D,31999,32000,32001,1787837857560302,1787837857557893,1787837857543262
CV3T561000B5,31896,31897,31900,1787837857791414,1787837857745201,1787837857741291
CPBG1630011D,32006,32007,32008,1787837857791947,1787837857789296,1787837857774666
CV3T561000H0,31947,31948,31953,1787837857791924,1787837857779684,1787837857774678
CV3T561000H0,31999,32000,32004,1787837859558514,1787837859479691,1787837859474710
CV3T561000B5,31948,31949,31953,1787837859558452,1787837859544430,1787837859540485
CPBG1630011D,32058,32059,32060,1787837859558390,1787837859555980,1787837859541364
CV3T561000B5,31968,31969,31973,1787837860224920,1787837860211106,1787837860207148
CPBG1630011D,32079,32080,32081,1787837860258186,1787837860255996,1787837860241386
CV3T561000H0,32020,32021,32026,1787837860258454,1787837860246369,1787837860241399
CV3T561000H0,32160,32161,32165,1787837864924747,1787837864879726,1787837864873934
CPBG1630011D,32219,32220,32221,1787837864924879,1787837864922717,1787837864907285
CV3T561000B5,32109,32110,32114,1787837864925005,1787837864911123,1787837864907577
CV3T561000H0,32174,32175,32180,1787837865391631,1787837865379733,1787837865373932
CPBG1630011D,32234,32235,32236,1787837865424767,1787837865422727,1787837865407284
CV3T561000B5,32124,32125,32129,1787837865424890,1787837865411129,1787837865407581
CV3T561000B5,32199,32200,32203,1787837867958586,1787837867911144,1787837867907592
CV3T561000H0,32250,32251,32256,1787837867958090,1787837867946419,1787837867940571
CPBG1630011D,32309,32310,32311,1787837867958375,1787837867956093,1787837867940588
CPBG1630011D,32319,32320,32320,1787837868291617,1787837868256092,1787837868240580
CV3T561000H0,32260,32261,32266,1787837868291779,1787837868279749,1787837868273894
CV3T561000B5,32209,32210,32214,1787837868291916,1787837868277804,1787837868274251
CPBG1630011D,32372,32373,32373,1787837870093384,1787837870056115,1787837870040558
CV3T561000H0,32313,32314,32319,1787837870091890,1787837870079758,1787837870073871
CV3T561000B5,32262,32263,32267,1787837870091569,1787837870077810,1787837870074254
CPBG1630011D,32376,32377,32377,1787837870225100,1787837870189484,1787837870173925
CV3T561000H0,32317,32318,32323,1787837870224883,1787837870213094,1787837870207203
CV3T561000B5,32266,32267,32271,1787837870224927,1787837870211146,1787837870207590
CPBG1630011D,32396,32397,32397,1787837870925155,1787837870889469,1787837870873892
CV3T561000H0,32337,32338,32343,1787837870924806,1787837870913098,1787837870907196
CV3T561000B5,32286,32287,32291,1787837870924810,1787837870911149,1787837870907592
CV3T561000H0,32393,32394,32399,1787837872824786,1787837872813115,1787837872807731
CPBG1630011D,32453,32454,32455,1787837872858371,1787837872856161,1787837872840284
CV3T561000B5,32343,32344,32348,1787837872858099,1787837872844494,1787837872840488
CPBG1630011D,32494,32495,32495,1787837874225178,1787837874189514,1787837874173590
CV3T561000B5,32384,32385,32389,1787837874225250,1787837874211191,1787837874207158
CV3T561000H0,32435,32436,32441,1787837874225111,1787837874213147,1787837874207769
CPBG1630011D,32517,32518,32518,1787837874991981,1787837874956194,1787837874940242
CV3T561000B5,32407,32408,32412,1787837874992053,1787837874977848,1787837874973802
CV3T561000H0,32458,32459,32464,1787837874992066,1787837874979805,1787837874974429
CV3T561000B5,32477,32478,32481,1787837877324691,1787837877277854,1787837877273764
CPBG1630011D,32587,32588,32589,1787837877324793,1787837877322890,1787837877306856
CV3T561000H0,32528,32529,32534,1787837877325105,1787837877313149,1787837877307781
CV3T561000B5,32579,32580,32584,1787837880791474,1787837880777864,1787837880773710
CPBG1630011D,32690,32691,32692,1787837880825173,1787837880822932,1787837880806775
CV3T561000H0,32631,32632,32637,1787837880824690,1787837880813170,1787837880807817
CPBG1630011D,32725,32726,32726,1787837882024902,1787837881989611,1787837881974103
CV3T561000B5,32615,32616,32620,1787837882025159,1787837882011203,1787837882007584
CV3T561000H0,32666,32667,32672,1787837882024860,1787837882013174,1787837882007880
CV3T561000H0,32668,32669,32674,1787837882091916,1787837882079842,1787837882074555
CV3T561000B5,32618,32619,32623,1787837882125390,1787837882111208,1787837882107589
CPBG1630011D,32728,32729,32730,1787837882125108,1787837882122950,1787837882107621
CV3T561000H0,32934,32935,32939,1787837891224818,1787837891179905,1787837891174697
CV3T561000B5,32883,32884,32888,1787837891224812,1787837891211251,1787837891207631
CPBG1630011D,32993,32994,32995,1787837891225070,1787837891223068,1787837891208002
CV3T561000B5,32907,32908,32911,1787837892024740,1787837891977922,1787837891973994
CPBG1630011D,33017,33018,33019,1787837892025084,1787837892023078,1787837892007718
CV3T561000H0,32958,32959,32964,1787837892024804,1787837892013245,1787837892007749
CV3T561000H0,33024,33025,33029,1787837894224763,1787837894179923,1787837894174286
CV3T561000B5,32973,32974,32978,1787837894224755,1787837894211263,1787837894207307
CPBG1630011D,33083,33084,33085,1787837894224758,1787837894223104,1787837894207598
CV3T561000B5,33041,33042,33045,1787837896525082,1787837896477942,1787837896473964
CPBG1630011D,33151,33152,33153,1787837896525376,1787837896523133,1787837896507607
CV3T561000H0,33092,33093,33098,1787837896525150,1787837896513271,1787837896507612
CV3T561000H0,33098,33099,33103,1787837896725356,1787837896679940,1787837896674279
CV3T561000B5,33047,33048,33052,1787837896725090,1787837896711274,1787837896707293
CPBG1630011D,33157,33158,33159,1787837896724878,1787837896723135,1787837896707607
CPBG1630011D,33197,33198,33198,1787837898259077,1787837898223158,1787837898207617
CV3T561000B5,33087,33088,33092,1787837898259359,1787837898245395,1787837898241399
CV3T561000H0,33138,33139,33144,1787837898259595,1787837898247396,1787837898241719
CV3T561000B5,33125,33126,33129,1787837899724779,1787837899677961,1787837899673950
CV3T561000H0,33176,33177,33182,1787837899724779,1787837899713301,1787837899707610
CPBG1630011D,33235,33236,33237,1787837899724990,1787837899723182,1787837899707628
CPBG1630011D,33307,33308,33309,1787837902159874,1787837902158318,1787837902142187
CV3T561000H0,33303,33304,33309,1787837904025088,1787837904013325,1787837904006951
CPBG1630011D,33364,33365,33366,1787837904058567,1787837904056565,1787837904040276
CV3T561000B5,33253,33254,33258,1787837904058781,1787837904044645,1787837904040948
CV3T561000B5,33314,33315,33318,1787837906291498,1787837906245435,1787837906241743
CV3T561000H0,33366,33367,33372,1787837906325241,1787837906313450,1787837906306998
CPBG1630011D,33426,33427,33428,1787837906325303,1787837906323373,1787837906306999
CPBG1630011D,33443,33444,33444,1787837906891531,1787837906856604,1787837906840210
CV3T561000H0,33383,33384,33389,1787837906891778,1787837906880008,1787837906873535
CV3T561000B5,33332,33333,33337,1787837906891565,1787837906877991,1787837906874299
CV3T561000B5,33336,33337,33340,1787837907024795,1787837906977994,1787837906974304
CV3T561000H0,33387,33388,33393,1787837907024812,1787837907013345,1787837907006869
CPBG1630011D,33447,33448,33449,1787837907025021,1787837907023272,1787837907006873
CV3T561000B5,33340,33341,33345,1787837907191612,1787837907177997,1787837907174307
CV3T561000H0,33392,33393,33398,1787837907224698,1787837907213349,1787837907206866
CPBG1630011D,33452,33453,33454,1787837907224955,1787837907223277,1787837907206871
CV3T561000B5,33431,33432,33436,1787837910324771,1787837910311344,1787837910307662
CV3T561000H0,33483,33484,33489,1787837910358794,1787837910346701,1787837910340111
CPBG1630011D,33543,33544,33545,1787837910358329,1787837910356649,1787837910340124
CV3T561000H0,33488,33489,33493,1787837910524996,1787837910480036,1787837910473442
CPBG1630011D,33548,33549,33550,1787837910524857,1787837910523315,1787837910506784
CV3T561000B5,33437,33438,33442,1787837910524893,1787837910511341,1787837910507659
CPBG1630011D,33567,33568,33568,1787837911258549,1787837911190001,1787837911173445
CV3T561000H0,33507,33508,33513,1787837911258395,1787837911246715,1787837911240094
CV3T561000B5,33456,33457,33461,1787837911258363,1787837911244689,1787837911240959
CV3T561000H0,33597,33598,33603,1787837914492141,1787837914480072,1787837914474146
CV3T561000B5,33547,33548,33552,1787837914525134,1787837914511366,1787837914507169
CPBG1630011D,33658,33659,33660,1787837914524818,1787837914523372,1787837914507569
CV3T561000B5,33559,33560,33563,1787837914924938,1787837914878039,1787837914873837
CV3T561000H0,33610,33611,33616,1787837914924912,1787837914913407,1787837914907478
CPBG1630011D,33670,33671,33672,1787837914925029,1787837914923384,1787837914907580
CV3T561000B5,33567,33568,33571,1787837915224692,1787837915144703,1787837915140497
CV3T561000H0,33618,33619,33623,1787837915224741,1787837915146736,1787837915140807
CPBG1630011D,33678,33679,33680,1787837915224698,1787837915223384,1787837915207580
CV3T561000H0,33665,33666,33671,1787837916791531,1787837916780079,1787837916774142
CV3T561000B5,33615,33616,33620,1787837916824715,1787837916811377,1787837916807144
CPBG1630011D,33726,33727,33728,1787837916824790,1787837916823401,1787837916807593
CV3T561000B5,33621,33622,33625,1787837917025543,1787837916978043,1787837916973809
CV3T561000H0,33672,33673,33678,1787837917024995,1787837917013412,1787837917007474
CPBG1630011D,33732,33733,33734,1787837917025172,1787837917023402,1787837917007594
CV3T561000B5,33666,33667,33670,1787837918591396,1787837918545488,1787837918541229
CV3T561000H0,33717,33718,33723,1787837918591519,1787837918580092,1787837918574146
CPBG1630011D,33777,33778,33779,1787837918591417,1787837918590091,1787837918574280
CV3T561000B5,33671,33672,33675,1787837918758051,1787837918711398,1787837918707136
CV3T561000H0,33722,33723,33728,1787837918758250,1787837918746768,1787837918740822
CPBG1630011D,33782,33783,33784,1787837918758408,1787837918756769,1787837918740958
CV3T561000B5,33690,33691,33694,1787837919424742,1787837919378059,1787837919373787
CV3T561000H0,33741,33742,33747,1787837919424763,1787837919413432,1787837919407483
CPBG1630011D,33801,33802,33803,1787837919424941,1787837919423437,1787837919407623
CV3T561000B5,33892,33893,33896,1787837926424823,1787837926378080,1787837926374416
CPBG1630011D,34003,34004,34005,1787837926424841,1787837926423524,1787837926407009
CV3T561000H0,33943,33944,33949,1787837926424848,1787837926413475,1787837926407946
CPBG1630011D,34012,34013,34014,1787837926725750,1787837926723536,1787837926707013
CV3T561000B5,33902,33903,33907,1787837926758438,1787837926744760,1787837926741098
CV3T561000H0,33953,33954,33959,1787837926758424,1787837926746815,1787837926741291
CV3T561000H0,34056,34057,34062,1787837930324906,1787837930313505,1787837930308020
CPBG1630011D,34117,34118,34119,1787837930358511,1787837930356914,1787837930340289
CV3T561000B5,34006,34007,34011,1787837930358837,1787837930344779,1787837930341143
CV3T561000B5,34032,34033,34037,1787837931225410,1787837931211454,1787837931207778
CPBG1630011D,34144,34145,34146,1787837931258222,1787837931256937,1787837931240287
CV3T561000H0,34084,34085,34090,1787837931258340,1787837931246858,1787837931241382
CV3T561000B5,34074,34075,34078,1787837932691554,1787837932645572,1787837932641231
CV3T561000H0,34125,34126,34131,1787837932691765,1787837932680187,1787837932674206
CPBG1630011D,34185,34186,34187,1787837932691695,1787837932690275,1787837932674387
CV3T561000B5,34117,34118,34121,1787837934224856,1787837934178565,1787837934174195
CV3T561000H0,34168,34169,34174,1787837934224700,1787837934213531,1787837934207534
CPBG1630011D,34228,34229,34230,1787837934224782,1787837934223621,1787837934207745
CV3T561000B5,34118,34119,34123,1787837934259237,1787837934245567,1787837934241197
CV3T561000H0,34170,34171,34176,1787837934291890,1787837934280201,1787837934274204
CPBG1630011D,34230,34231,34232,1787837934291903,1787837934290291,1787837934274415
CV3T561000H0,34180,34181,34185,1787837934624691,1787837934580200,1787837934574200
CV3T561000B5,34129,34130,34134,1787837934624700,1787837934611467,1787837934607089
CPBG1630011D,34240,34241,34242,1787837934624836,1787837934623630,1787837934607758
CPBG1630011D,34276,34277,34277,1787837935825184,1787837935790307,1787837935774443
CV3T561000B5,34165,34166,34170,1787837935825176,1787837935811466,1787837935807066
CV3T561000H0,34216,34217,34222,1787837935825068,1787837935813539,1787837935807527
CPBG1630011D,34281,34282,34282,1787837935992005,1787837935957004,1787837935941142
CV3T561000B5,34170,34171,34175,1787837935992098,1787837935978142,1787837935973738
CV3T561000H0,34221,34222,34227,1787837935991687,1787837935980215,1787837935974202
CV3T561000H0,34248,34249,34253,1787837936891572,1787837936846881,1787837936840860
CV3T561000B5,34197,34198,34202,1787837936891768,1787837936878145,1787837936873724
CPBG1630011D,34308,34309,34310,1787837936891627,1787837936890326,1787837936874470
CV3T561000B5,34257,34258,34262,1787837939024932,1787837939011489,1787837939007029
CV3T561000H0,34309,34310,34315,1787837939058131,1787837939046897,1787837939040855
CPBG1630011D,34369,34370,34371,1787837939058677,1787837939057017,1787837939041177
CV3T561000B5,34260,34261,34264,1787837939125141,1787837939078151,1787837939073689
CV3T561000H0,34311,34312,34317,1787837939124882,1787837939113564,1787837939107521
CPBG1630011D,34371,34372,34373,1787837939125263,1787837939123685,1787837939107845
CV3T561000B5,34314,34315,34318,1787837940924955,1787837940878175,1787837940873680
CV3T561000H0,34365,34366,34371,1787837940925093,1787837940913579,1787837940907519
CPBG1630011D,34425,34426,34427,1787837940925193,1787837940923712,1787837940907886
CV3T561000H0,34377,34378,34383,1787837941325145,1787837941313606,1787837941307542
CV3T561000B5,34327,34328,34332,1787837941359129,1787837941344828,1787837941340463
CPBG1630011D,34438,34439,34440,1787837941358416,1787837941357046,1787837941341223
CPBG1630011D,34524,34525,34525,1787837944259741,1787837944223749,1787837944207225
CV3T561000H0,34464,34465,34470,1787837944259541,1787837944247701,1787837944240989
CV3T561000B5,34413,34414,34418,1787837944259536,1787837944245613,1787837944241807
CV3T561000H0,34468,34469,34473,1787837944424741,1787837944346932,1787837944340217
CV3T561000B5,34417,34418,34421,1787837944424687,1787837944344844,1787837944341040
CPBG1630011D,34528,34529,34530,1787837944425042,1787837944423753,1787837944407224
CPBG1630011D,34584,34585,34585,1787837946292019,1787837946257112,1787837946240542
CV3T561000H0,34524,34525,34530,1787837946292129,1787837946280274,1787837946273497
CV3T561000B5,34473,34474,34478,1787837946291856,1787837946278182,1787837946274392
CV3T561000B5,34477,34478,34482,1787837946425824,1787837946411523,1787837946407734
CV3T561000H0,34529,34530,34535,1787837946458622,1787837946446947,1787837946440164
CPBG1630011D,34589,34590,34591,1787837946458814,1787837946457114,1787837946440539
CPBG1630011D,34602,34603,34603,1787837946891610,1787837946857125,1787837946840541
CV3T561000H0,34542,34543,34548,1787837946891860,1787837946880294,1787837946873497
CV3T561000B5,34491,34492,34496,1787837946891846,1787837946878201,1787837946874416
CV3T561000B5,34500,34501,34504,1787837947191521,1787837947144864,1787837947141080
CV3T561000H0,34551,34552,34557,1787837947191556,1787837947180287,1787837947173480
CPBG1630011D,34611,34612,34613,1787837947191583,1787837947190459,1787837947173866
CV3T561000B5,34512,34513,34516,1787837947591512,1787837947544858,1787837947541078
CV3T561000H0,34563,34564,34569,1787837947591530,1787837947580289,1787837947573469
CPBG1630011D,34623,34624,34625,1787837947591662,1787837947590463,1787837947573861
CV3T561000H0,34570,34571,34575,1787837947824813,1787837947780295,1787837947773469
CPBG1630011D,34630,34631,34632,1787837947824838,1787837947823804,1787837947807197
CV3T561000B5,34519,34520,34524,1787837947824894,1787837947811526,1787837947807746
CV3T561000B5,34562,34563,34567,1787837949324666,1787837949311537,1787837949307770
CV3T561000H0,34614,34615,34620,1787837949359027,1787837949347747,1787837949340870
CPBG1630011D,34674,34675,34676,1787837949359110,1787837949357940,1787837949341298
CV3T561000B5,34616,34617,34620,1787837951124924,1787837951078213,1787837951074457
CV3T561000H0,34667,34668,34673,1787837951124891,1787837951113643,1787837951106707
CPBG1630011D,34727,34728,34729,1787837951125329,1787837951123847,1787837951107166
CPBG1630011D,34753,34754,34754,1787837952024920,1787837951990524,1787837951973943
CV3T561000B5,34642,34643,34647,1787837952024809,1787837952011549,1787837952007121
CV3T561000H0,34693,34694,34699,1787837952024848,1787837952013652,1787837952007441
CV3T561000B5,34680,34681,34684,1787837953324775,1787837953278222,1787837953273766
CPBG1630011D,34791,34792,34793,1787837953324848,1787837953323879,1787837953307351
CV3T561000H0,34731,34732,34737,1787837953324700,1787837953313662,1787837953307823
CV3T561000B5,34711,34712,34715,1787837954391762,1787837954311566,1787837954307090
CPBG1630011D,34822,34823,34824,1787837954391997,1787837954390560,1787837954374017
CV3T561000H0,34762,34763,34768,1787837954391866,1787837954380336,1787837954374510
CV3T561000B5,34733,34734,34737,1787837955124796,1787837955078227,1787837955073736
CPBG1630011D,34844,34845,34846,1787837955124756,1787837955123904,1787837955107351
CV3T561000H0,34784,34785,34790,1787837955124789,1787837955113676,1787837955107859
CPBG1630011D,34861,34862,34862,1787837955724941,1787837955690577,1787837955674017
CV3T561000B5,34750,34751,34755,1787837955724716,1787837955711566,1787837955707063
CV3T561000H0,34801,34802,34807,1787837955725071,1787837955713676,1787837955707866
CPBG1630011D,34912,34913,34914,1787837957558433,1787837957557264,1787837957540678
CV3T561000B5,34802,34803,34807,1787837957591853,1787837957578244,1787837957573706
CV3T561000H0,34853,34854,34859,1787837957591655,1787837957580358,1787837957574570
CPBG1630011D,34916,34917,34917,1787837957691820,1787837957657272,1787837957640685
CV3T561000B5,34805,34806,34810,1787837957691820,1787837957678268,1787837957673726
CV3T561000H0,34856,34857,34862,1787837957691656,1787837957680382,1787837957674596
CV3T561000B5,34843,34844,34848,1787837958991362,1787837958978246,1787837958973680
CPBG1630011D,34955,34956,34957,1787837959025101,1787837959023943,1787837959007337
CV3T561000H0,34895,34896,34901,1787837959024868,1787837959013698,1787837959007928
CV3T561000B5,34884,34885,34888,1787837960358091,1787837960311608,1787837960307016
CPBG1630011D,34995,34996,34997,1787837960358423,1787837960357316,1787837960340692
CV3T561000H0,34935,34936,34941,1787837960358477,1787837960347063,1787837960341308
CV3T561000B5,34887,34888,34892,1787837960458760,1787837960444917,1787837960440324
CPBG1630011D,34999,35000,35001,1787837960491927,1787837960490626,1787837960474000
CV3T561000H0,34939,34940,34945,1787837960491900,1787837960480371,1787837960474618
CV3T561000B5,34897,34898,34902,1787837960791486,1787837960778259,1787837960773659
CV3T561000H0,34949,34950,34954,1787837960824795,1787837960780379,1787837960774629
CPBG1630011D,35009,35010,35011,1787837960825347,1787837960823964,1787837960807333
CV3T561000H0,34991,34992,34996,1787837962224814,1787837962180389,1787837962174222
CPBG1630011D,35051,35052,35053,1787837962224848,1787837962223990,1787837962207048
CV3T561000B5,34940,34941,34945,1787837962224814,1787837962211602,1787837962207430
CV3T561000H0,35002,35003,35007,1787837962591749,1787837962547064,1787837962540834
CPBG1630011D,35062,35063,35064,1787837962592017,1787837962590656,1787837962573676
CV3T561000B5,34951,34952,34956,1787837962591604,1787837962578265,1787837962574093
CV3T561000B5,34984,34985,34989,1787837963691648,1787837963678269,1787837963674097
CPBG1630011D,35096,35097,35098,1787837963724915,1787837963724003,1787837963706991
CV3T561000H0,35036,35037,35042,1787837963725030,1787837963713728,1787837963707489
CV3T561000H0,35039,35040,35044,1787837963825073,1787837963780402,1787837963774162
CPBG1630011D,35099,35100,35101,1787837963825054,1787837963824015,1787837963806999
CV3T561000B5,34988,34989,34993,1787837963824756,1787837963811615,1787837963807442
CV3T561000B5,34996,34997,35001,1787837964091415,1787837964078278,1787837964074105
CPBG1630011D,35108,35109,35110,1787837964125084,1787837964124012,1787837964106988
CV3T561000H0,35048,35049,35054,1787837964124729,1787837964113735,1787837964107493
CPBG1630011D,35116,35117,35117,1787837964392029,1787837964357342,1787837964340312
CV3T561000B5,35005,35006,35010,1787837964391692,1787837964378282,1787837964374108
CV3T561000H0,35056,35057,35062,1787837964392060,1787837964380408,1787837964374164
CV3T561000B5,35057,35058,35061,1787837966125023,1787837966078285,1787837966074110
CPBG1630011D,35168,35169,35170,1787837966125076,1787837966124034,1787837966106953
CV3T561000H0,35108,35109,35114,1787837966124696,1787837966113744,1787837966107484
CV3T561000B5,35074,35075,35078,1787837966691671,1787837966644952,1787837966640776
CPBG1630011D,35185,35186,35187,1787837966691848,1787837966690709,1787837966673613
CV3T561000H0,35125,35126,35131,1787837966691672,1787837966680416,1787837966674151
CV3T561000B5,35092,35093,35096,1787837967291861,1787837967244960,1787837967240784
CPBG1630011D,35203,35204,35205,1787837967291861,1787837967290726,1787837967273613
CV3T561000H0,35143,35144,35149,1787837967292149,1787837967280421,1787837967274152
CPBG1630011D,35229,35230,35230,1787837968158098,1787837968124070,1787837968106933
CV3T561000B5,35118,35119,35123,1787837968158251,1787837968144957,1787837968140779
CV3T561000H0,35169,35170,35175,1787837968158462,1787837968147091,1787837968140814
CV3T561000H0,35198,35199,35203,1787837969124783,1787837969080440,1787837969074156
CPBG1630011D,35258,35259,35260,1787837969124938,1787837969124088,1787837969106924
CV3T561000B5,35147,35148,35152,1787837969124842,1787837969111636,1787837969107456
CPBG1630011D,35261,35262,35263,1787837969224903,1787837969224084,1787837969206917
CV3T561000B5,35151,35152,35156,1787837969259001,1787837969244959,1787837969240779
CV3T561000H0,35202,35203,35208,1787837969258878,1787837969247095,1787837969240808
CV3T561000B5,35169,35170,35173,1787837969858558,1787837969811635,1787837969807455
CPBG1630011D,35280,35281,35282,1787837969858391,1787837969857424,1787837969840239
CV3T561000H0,35220,35221,35226,1787837969858589,1787837969847104,1787837969840813
CV3T561000H0,35287,35288,35293,1787837972091436,1787837972080450,1787837972073918
CV3T561000B5,35237,35238,35242,1787837972125362,1787837972111650,1787837972106957
CPBG1630011D,35348,35349,35350,1787837972125279,1787837972124126,1787837972107469
CV3T561000B5,35302,35303,35306,1787837974424752,1787837974378330,1787837974373590
CV3T561000H0,35353,35354,35359,1787837974424805,1787837974413797,1787837974407145
CPBG1630011D,35413,35414,35415,1787837974424737,1787837974424146,1787837974407647
CV3T561000H0,35362,35363,35367,1787837974725024,1787837974680469,1787837974673812
CV3T561000B5,35311,35312,35316,1787837974724814,1787837974711655,1787837974706907
CPBG1630011D,35422,35423,35424,1787837974725026,1787837974724152,1787837974707655
CV3T561000H0,35368,35369,35374,1787837974924909,1787837974913801,1787837974907139
CV3T561000B5,35318,35319,35323,1787837974958487,1787837974944987,1787837974940234
CPBG1630011D,35429,35430,35431,1787837974958629,1787837974957487,1787837974940991
CV3T561000B5,35389,35390,35393,1787837977324750,1787837977278334,1787837977273531
CV3T561000H0,35440,35441,35446,1787837977324877,1787837977313822,1787837977307108
CPBG1630011D,35500,35501,35502,1787837977324802,1787837977324189,1787837977307704
CV3T561000H0,35512,35513,35517,1787837979724794,1787837979680504,1787837979673741
CV3T561000B5,35461,35462,35466,1787837979724793,1787837979711675,1787837979706819
CPBG1630011D,35572,35573,35574,1787837979724872,1787837979724213,1787837979707738
CV3T561000H0,35558,35559,35563,1787837981425645,1787837981347182,1787837981340384
CV3T561000B5,35507,35508,35512,1787837981425733,1787837981411690,1787837981407026
CPBG1630011D,35618,35619,35620,1787837981425688,1787837981424242,1787837981407775
CPBG1630011D,35666,35667,35667,1787837983025062,1787837982990935,1787837982974042
CV3T561000H0,35606,35607,35612,1787837983024850,1787837983013869,1787837983007561
CV3T561000B5,35555,35556,35560,1787837983025237,1787837983011707,1787837983007664
CV3T561000B5,35587,35588,35591,1787837984124967,1787837984078830,1787837984074801
CPBG1630011D,35698,35699,35700,1787837984125274,1787837984124281,1787837984107372
CV3T561000H0,35638,35639,35644,1787837984125121,1787837984113871,1787837984107564
CPBG1630011D,35710,35711,35711,1787837984524758,1787837984490952,1787837984474038
CV3T561000H0,35650,35651,35656,1787837984524945,1787837984513875,1787837984507567
CV3T561000B5,35599,35600,35604,1787837984525020,1787837984511710,1787837984507685
CV3T561000H0,35670,35671,35675,1787837985191782,1787837985147209,1787837985140901
CPBG1630011D,35730,35731,35732,1787837985191417,1787837985190955,1787837985174031
CV3T561000B5,35619,35620,35624,1787837985191576,1787837985178372,1787837985174356
CPBG1630011D,35733,35734,35734,1787837985292023,1787837985257623,1787837985240698
CV3T561000H0,35673,35674,35679,1787837985292069,1787837985280542,1787837985274236
CV3T561000B5,35622,35623,35627,1787837985291879,1787837985278376,1787837985274361
CV3T561000H0,35689,35690,35694,1787837985824931,1787837985780564,1787837985774258
CPBG1630011D,35749,35750,35751,1787837985824942,1787837985824298,1787837985807367
CV3T561000B5,35638,35639,35643,1787837985824947,1787837985811710,1787837985807702
CPBG1630011D,35754,35755,35755,1787837985992012,1787837985957631,1787837985940697
CV3T561000H0,35695,35696,35701,1787837986024769,1787837986013885,1787837986007579
CV3T561000B5,35644,35645,35649,1787837986025323,1787837986011717,1787837986007711
CPBG1630011D,35817,35818,35818,1787837988092108,1787837988057663,1787837988040700
CV3T561000H0,35757,35758,35763,1787837988091999,1787837988080556,1787837988074251
CV3T561000B5,35706,35707,35711,1787837988092026,1787837988078384,1787837988074404
CV3T561000B5,35722,35723,35726,1787837988625165,1787837988578387,1787837988574414
CPBG1630011D,35833,35834,35835,1787837988624872,1787837988624333,1787837988607363
CV3T561000H0,35773,35774,35779,1787837988624759,1787837988613896,1787837988607592
CV3T561000H0,35802,35803,35807,1787837989624895,1787837989580579,1787837989574274
CV3T561000B5,35751,35752,35755,1787837989625043,1787837989578412,1787837989574450
CPBG1630011D,35862,35863,35864,1787837989624927,1787837989624349,1787837989607364
CV3T561000B5,35848,35849,35852,1787837992859013,1787837992811745,1787837992807200
CV3T561000H0,35899,35900,35905,1787837992858888,1787837992848037,1787837992841102
CPBG1630011D,35959,35960,35961,1787837992859029,1787837992858501,1787837992841811
CPBG1630011D,35989,35990,35990,1787837993958745,1787837993924413,1787837993907722
CV3T561000H0,35929,35930,35935,1787837993958491,1787837993947268,1787837993940305
CV3T561000B5,35878,35879,35883,1787837993958492,1787837993945080,1787837993940521
CV3T561000H0,35946,35947,35952,1787837994558681,1787837994547273,1787837994540295
CV3T561000B5,35896,35897,35901,1787837994591911,1787837994578420,1787837994573852
CPBG1630011D,36007,36008,36009,1787837994592104,1787837994591072,1787837994574383
CV3T561000B5,35917,35918,35921,1787837995291763,1787837995245101,1787837995240526
CV3T561000H0,35968,35969,35974,1787837995291568,1787837995280607,1787837995273610
CPBG1630011D,36028,36029,36030,1787837995291636,1787837995291079,1787837995274390
CPBG1630011D,36036,36037,36037,1787837995558780,1787837995524422,1787837995507733
CV3T561000H0,35976,35977,35982,1787837995558559,1787837995547279,1787837995540274
CV3T561000B5,35925,35926,35930,1787837995558561,1787837995545093,1787837995540513
CPBG1630011D,36039,36040,36041,1787837995658263,1787837995657751,1787837995641062
CV3T561000H0,35980,35981,35986,1787837995691690,1787837995680610,1787837995673602
CV3T561000B5,35929,35930,35934,1787837995692007,1787837995678424,1787837995673843
CPBG1630011D,36043,36044,36044,1787837995791573,1787837995757756,1787837995741067
CV3T561000H0,35983,35984,35989,1787837995791810,1787837995780617,1787837995773606
CV3T561000B5,35932,35933,35937,1787837995791523,1787837995778430,1787837995773848
CPBG1630011D,36209,36210,36211,1787838001424831,1787838001424493,1787838001407807
CV3T561000H0,36150,36151,36156,1787838001458440,1787838001447319,1787838001440168
CV3T561000B5,36099,36100,36104,1787838001458166,1787838001445122,1787838001440648
CV3T561000B5,36145,36146,36150,1787838003125029,1787838003111792,1787838003107725
CPBG1630011D,36257,36258,36259,1787838003158846,1787838003157849,1787838003140634
CV3T561000H0,36197,36198,36203,1787838003158830,1787838003147327,1787838003140961
CV3T561000H0,36222,36223,36227,1787838004024697,1787838003980666,1787838003974306
CPBG1630011D,36282,36283,36284,1787838004024697,1787838004024526,1787838004007293
CV3T561000B5,36171,36172,36176,1787838004024694,1787838004011797,1787838004007741
CV3T561000B5,36210,36211,36214,1787838005391402,1787838005345141,1787838005341101
CPBG1630011D,36321,36322,36323,1787838005391895,1787838005391220,1787838005373959
CV3T561000H0,36261,36262,36267,1787838005391533,1787838005380685,1787838005374337
CPBG1630011D,36344,36345,36345,1787838006224860,1787838006191225,1787838006173946
CV3T561000H0,36284,36285,36290,1787838006224997,1787838006214012,1787838006207670
CV3T561000B5,36233,36234,36238,1787838006224876,1787838006211806,1787838006207776
CV3T561000H0,36326,36327,36331,1787838007624868,1787838007580693,1787838007574363
CPBG1630011D,36386,36387,36388,1787838007625254,1787838007624578,1787838007607268
CV3T561000B5,36275,36276,36280,1787838007624795,1787838007611819,1787838007607805
CV3T561000H0,36395,36396,36400,1787838009924917,1787838009880707,1787838009874396
CPBG1630011D,36455,36456,36457,1787838009924905,1787838009924606,1787838009907247
CV3T561000B5,36344,36345,36349,1787838009924932,1787838009911829,1787838009907842
CPBG1630011D,36564,36565,36566,1787838013658636,1787838013657992,1787838013640503
CV3T561000B5,36551,36552,36555,1787838017091579,1787838017045194,1787838017040508
CPBG1630011D,36663,36664,36665,1787838017091697,1787838017091364,1787838017073796
CV3T561000H0,36602,36603,36608,1787838017091562,1787838017080755,1787838017074047
CV3T561000H0,36651,36652,36656,1787838018824804,1787838018780768,1787838018774046
CPBG1630011D,36712,36713,36714,1787838018824821,1787838018824722,1787838018807113
CV3T561000B5,36600,36601,36605,1787838018824836,1787838018811872,1787838018807160
CPBG1630011D,36748,36749,36750,1787838020024799,1787838020024738,1787838020007102
CV3T561000B5,36637,36638,36642,1787838020058034,1787838020045205,1787838020040474
CV3T561000H0,36688,36689,36694,1787838020058067,1787838020047438,1787838020040705
CV3T561000B5,36660,36661,36664,1787838020824758,1787838020778548,1787838020773806
CPBG1630011D,36772,36773,36774,1787838020824727,1787838020824749,1787838020807093
CV3T561000H0,36711,36712,36717,1787838020824812,1787838020814117,1787838020807378
CV3T561000B5,36756,36757,36760,1787838024024751,1787838023978559,1787838023974199
CPBG1630011D,36868,36869,36870,1787838024025067,1787838024024795,1787838024007768
CV3T561000H0,36807,36808,36813,1787838024025186,1787838024014143,1787838024007883
CV3T561000B5,36883,36884,36887,1787838028492245,1787838028445256,1787838028440902
CPBG1630011D,36995,36996,36997,1787838028491639,1787838028491509,1787838028474499
CV3T561000H0,36934,36935,36940,1787838028491590,1787838028480829,1787838028474621
CPBG1630011D,37045,37046,37046,1787838030191972,1787838030158200,1787838030141197
CV3T561000B5,36933,36934,36938,1787838030191663,1787838030178599,1787838030174248
CV3T561000H0,36984,36985,36990,1787838030192327,1787838030180851,1787838030174664
CV3T561000B5,36961,36962,36965,1787838031325367,1787838031278600,1787838031274276
CPBG1630011D,37073,37074,37075,1787838031324801,1787838031324894,1787838031307894
CV3T561000H0,37012,37013,37018,1787838031324896,1787838031314196,1787838031308022
CPBG1630011D,37184,37185,37185,1787838035091571,1787838035058264,1787838035040602
CV3T561000H0,37123,37124,37129,1787838035091643,1787838035080881,1787838035073878
CV3T561000B5,37072,37073,37077,1787838035092039,1787838035078620,1787838035074576
CV3T561000B5,37087,37088,37091,1787838035624926,1787838035578613,1787838035574575
CV3T561000H0,37138,37139,37144,1787838035624735,1787838035614223,1787838035607209
CPBG1630011D,37199,37200,37201,1787838035624787,1787838035624948,1787838035607274
CV3T561000B5,37118,37119,37122,1787838036658268,1787838036611958,1787838036607934
CV3T561000H0,37169,37170,37175,1787838036658160,1787838036647556,1787838036640520
CPBG1630011D,37230,37231,37232,1787838036658684,1787838036658286,1787838036640591
CV3T561000B5,37239,37240,37243,1787838041024897,1787838040945314,1787838040941344
CV3T561000H0,37290,37291,37296,1787838041025061,1787838041014250,1787838041007123
CPBG1630011D,37351,37352,37353,1787838041024921,1787838041025008,1787838041007221
CPBG1630011D,37476,37477,37478,1787838045392290,1787838045391735,1787838045374580
CV3T561000B5,37365,37366,37370,1787838045425189,1787838045412005,1787838045407124
CV3T561000H0,37416,37417,37422,1787838045425267,1787838045414286,1787838045407663
CV3T561000B5,37390,37391,37395,1787838046292062,1787838046278669,1787838046273770
CV3T561000H0,37442,37443,37448,1787838046324692,1787838046314287,1787838046307664
CPBG1630011D,37503,37504,37505,1787838046324847,1787838046325086,1787838046307935
CPBG1630011D,37671,37672,37672,1787838051991918,1787838051958488,1787838051940958
CV3T561000B5,37559,37560,37564,1787838051991695,1787838051978695,1787838051973655
CV3T561000H0,37610,37611,37616,1787838051991474,1787838051980988,1787838051974006
CV3T561000B5,37589,37590,37593,1787838053025029,1787838052978701,1787838052973638
CV3T561000H0,37640,37641,37646,1787838053025076,1787838053014333,1787838053007060
CPBG1630011D,37701,37702,37703,1787838053025048,1787838053025173,1787838053007245
CV3T561000H0,37661,37662,37666,1787838053791726,1787838053747670,1787838053740378
CV3T561000B5,37610,37611,37615,1787838053791940,1787838053778703,1787838053773620
CPBG1630011D,37722,37723,37724,1787838053791795,1787838053791846,1787838053773897
CV3T561000B5,37633,37634,37637,1787838054558224,1787838054512045,1787838054506947
CV3T561000H0,37684,37685,37690,1787838054558506,1787838054547674,1787838054540362
CPBG1630011D,37745,37746,37747,1787838054558403,1787838054558524,1787838054540553
CV3T561000B5,37719,37720,37724,1787838057658426,1787838057645394,1787838057640224
CV3T561000H0,37771,37772,37777,1787838057691602,1787838057681025,1787838057673631
CPBG1630011D,37832,37833,37834,1787838057691627,1787838057691895,1787838057673840
CPBG1630011D,37888,37889,37889,1787838059624996,1787838059591915,1787838059573807
CV3T561000B5,37776,37777,37781,1787838059625073,1787838059612065,1787838059606851
CV3T561000H0,37827,37828,37833,1787838059625197,1787838059614373,1787838059606929
CV3T561000B5,37807,37808,37812,1787838060791916,1787838060778739,1787838060773498
CV3T561000H0,37859,37860,37865,1787838060824978,1787838060814384,1787838060806909
CPBG1630011D,37920,37921,37922,1787838060825017,1787838060825274,1787838060807133
CV3T561000B5,37818,37819,37822,1787838061158455,1787838061112073,1787838061106825
CV3T561000H0,37869,37870,37875,1787838061158251,1787838061147725,1787838061140243
CPBG1630011D,37930,37931,37932,1787838061158904,1787838061158617,1787838061140468
CV3T561000B5,37825,37826,37829,1787838061391662,1787838061346195,1787838061341023
CV3T561000H0,37877,37878,37883,1787838061424725,1787838061414382,1787838061406893
CPBG1630011D,37938,37939,37940,1787838061424770,1787838061425275,1787838061407119
CV3T561000B5,37842,37843,37847,1787838061958296,1787838061945420,1787838061940650
CV3T561000H0,37894,37895,37900,1787838061992337,1787838061981067,1787838061973894
CPBG1630011D,37955,37956,37957,1787838061992217,1787838061991964,1787838061974183
CV3T561000H0,37993,37994,37998,1787838065324734,1787838065281081,1787838065274149
CV3T561000B5,37942,37943,37947,1787838065324718,1787838065312100,1787838065307358
CPBG1630011D,38054,38055,38056,1787838065325037,1787838065325337,1787838065307854
CPBG1630011D,38104,38105,38105,1787838067058976,1787838067025359,1787838067007878
CV3T561000B5,37992,37993,37997,1787838067058676,1787838067045437,1787838067040693
CV3T561000H0,38043,38044,38049,1787838067058696,1787838067047760,1787838067040825
CV3T561000B5,38000,38001,38004,1787838067325022,1787838067278772,1787838067274028
CV3T561000H0,38051,38052,38057,1787838067324870,1787838067314436,1787838067307500
CPBG1630011D,38112,38113,38114,1787838067324748,1787838067325366,1787838067307886
CV3T561000H0,38147,38148,38152,1787838070525036,1787838070481122,1787838070474184
CV3T561000B5,38096,38097,38101,1787838070524948,1787838070512125,1787838070507378
CPBG1630011D,38208,38209,38210,1787838070524969,1787838070525396,1787838070507920
CV3T561000B5,38230,38231,38234,1787838075391800,1787838075345480,1787838075341190
CV3T561000H0,38281,38282,38287,1787838075391902,1787838075381150,1787838075373574
CPBG1630011D,38342,38343,38344,1787838075391924,1787838075392123,1787838075373844
CV3T561000H0,38416,38417,38421,1787838080025126,1787838079981183,1787838079973492
CPBG1630011D,38477,38478,38479,1787838080024994,1787838080025638,1787838080007224
CV3T561000B5,38365,38366,38370,1787838080024986,1787838080012288,1787838080008070
CPBG1630011D,38553,38554,38554,1787838082758232,1787838082725573,1787838082707600
CV3T561000B5,38441,38442,38446,1787838082758053,1787838082745513,1787838082740494
CV3T561000H0,38492,38493,38498,1787838082758058,1787838082747866,1787838082740576
CV3T561000B5,38477,38478,38481,1787838084024975,1787838083978851,1787838083973811
CV3T561000H0,38528,38529,38534,1787838084025375,1787838084014687,1787838084007390
CPBG1630011D,38589,38590,38591,1787838084025340,1787838084025722,1787838084007739
CV3T561000B5,38503,38504,38508,1787838084892024,1787838084878852,1787838084873797
CV3T561000H0,38555,38556,38561,1787838084924973,1787838084914549,1787838084907247
CPBG1630011D,38616,38617,38618,1787838084924973,1787838084925589,1787838084907601
CV3T561000B5,38521,38522,38525,1787838085524923,1787838085478862,1787838085473797
CV3T561000H0,38572,38573,38578,1787838085524846,1787838085514579,1787838085507273
CPBG1630011D,38633,38634,38635,1787838085524985,1787838085525632,1787838085507639
CV3T561000H0,38589,38590,38594,1787838086091413,1787838086047889,1787838086040581
CV3T561000B5,38538,38539,38543,1787838086091429,1787838086078865,1787838086073789
CPBG1630011D,38650,38651,38652,1787838086091445,1787838086092271,1787838086074274
CV3T561000B5,38892,38893,38896,1787838098391727,1787838098345588,1787838098340793
CPBG1630011D,39004,39005,39006,1787838098391850,1787838098392435,1787838098374053
CV3T561000H0,38943,38944,38949,1787838098391594,1787838098381311,1787838098374460
CPBG1630011D,39065,39066,39067,1787838100425241,1787838100425789,1787838100407372
CV3T561000B5,38954,38955,38959,1787838100458786,1787838100445626,1787838100440827
CV3T561000H0,39005,39006,39011,1787838100458242,1787838100448012,1787838100441186
CV3T561000H0,39065,39066,39070,1787838102491633,1787838102447999,1787838102440661
CPBG1630011D,39126,39127,39128,1787838102491672,1787838102492483,1787838102473976
CV3T561000B5,39014,39015,39019,1787838102491701,1787838102478943,1787838102474489
CV3T561000B5,39051,39052,39056,1787838103758163,1787838103745614,1787838103741177
CPBG1630011D,39164,39165,39166,1787838103791399,1787838103792499,1787838103773967
CV3T561000H0,39103,39104,39109,1787838103791640,1787838103781341,1787838103773989
CV3T561000H0,39117,39118,39122,1787838104258205,1787838104214678,1787838104207322
CPBG1630011D,39178,39179,39180,1787838104258504,1787838104259177,1787838104240636
CV3T561000B5,39066,39067,39071,1787838104259291,1787838104245623,1787838104241193
CPBG1630011D,39220,39221,39222,1787838105692044,1787838105692519,1787838105673951
CV3T561000H0,39160,39161,39166,1787838105724894,1787838105714722,1787838105707351
CV3T561000B5,39109,39110,39114,1787838105724898,1787838105712325,1787838105707913
CV3T561000H0,39241,39242,39246,1787838108492084,1787838108448043,1787838108440644
CPBG1630011D,39302,39303,39304,1787838108492118,1787838108492569,1787838108473946
CV3T561000B5,39190,39191,39195,1787838108491808,1787838108478980,1787838108474602
CV3T561000H0,39276,39277,39281,1787838109758289,1787838109714710,1787838109707299
CPBG1630011D,39337,39338,39339,1787838109758298,1787838109759242,1787838109740594
CV3T561000B5,39225,39226,39230,1787838109758772,1787838109745643,1787838109741280
CV3T561000H0,39322,39323,39327,1787838111358295,1787838111314722,1787838111307295
CPBG1630011D,39383,39384,39385,1787838111358502,1787838111359269,1787838111340590
CV3T561000B5,39271,39272,39276,1787838111358768,1787838111345656,1787838111341201
CV3T561000B5,39277,39278,39281,1787838111558408,1787838111512317,1787838111507689
CPBG1630011D,39389,39390,39391,1787838111558420,1787838111559270,1787838111540603
CV3T561000H0,39328,39329,39334,1787838111558396,1787838111548063,1787838111540626
CPBG1630011D,39451,39452,39453,1787838113691511,1787838113692627,1787838113674620
CV3T561000H0,39391,39392,39397,1787838113724865,1787838113714740,1787838113706948
CV3T561000B5,39340,39341,39345,1787838113725492,1787838113712328,1787838113707125
CV3T561000B5,39356,39357,39360,1787838114258637,1787838114212331,1787838114207119
CV3T561000H0,39407,39408,39413,1787838114258541,1787838114248084,1787838114240279
CPBG1630011D,39468,39469,39470,1787838114258486,1787838114259308,1787838114241306
CV3T561000B5,39357,39358,39362,1787838114291669,1787838114279002,1787838114273789
CV3T561000H0,39409,39410,39415,1787838114324748,1787838114314759,1787838114306952
CPBG1630011D,39470,39471,39472,1787838114325342,1787838114325983,1787838114307980
CPBG1630011D,39520,39521,39521,1787838115991723,1787838115959322,1787838115941333
CV3T561000H0,39459,39460,39465,1787838115991612,1787838115981422,1787838115973577
CV3T561000H0,39460,39461,39465,1787838116025245,1787838115981422,1787838115973577
CV3T561000B5,39408,39409,39413,1787838115991805,1787838115979005,1787838115973756
CV3T561000B5,39409,39410,39414,1787838116024973,1787838116012336,1787838116007086
CPBG1630011D,39521,39522,39523,1787838116025716,1787838116025987,1787838116008000
CV3T561000B5,39438,39439,39442,1787838117024960,1787838116979015,1787838116973745
CV3T561000H0,39489,39490,39495,1787838117024982,1787838117014762,1787838117006892
CPBG1630011D,39550,39551,39552,1787838117024921,1787838117026002,1787838117008023
CV3T561000H0,39509,39510,39514,1787838117724759,1787838117681433,1787838117673548
CV3T561000B5,39458,39459,39463,1787838117724738,1787838117712349,1787838117707063
CPBG1630011D,39570,39571,39572,1787838117724779,1787838117726013,1787838117708040
CV3T561000H0,39567,39568,39573,1787838119691778,1787838119681452,1787838119673521
CV3T561000B5,39517,39518,39522,1787838119724775,1787838119712363,1787838119707035
CPBG1630011D,39629,39630,39631,1787838119725022,1787838119726044,1787838119708087
CV3T561000H0,39573,39574,39579,1787838119891725,1787838119881454,1787838119873518
CV3T561000B5,39523,39524,39528,1787838119924919,1787838119912357,1787838119907025
CPBG1630011D,39635,39636,39637,1787838119924788,1787838119926039,1787838119908084
CV3T561000B5,39603,39604,39608,1787838122791478,1787838122779039,1787838122774378
CPBG1630011D,39716,39717,39718,1787838122825030,1787838122826080,1787838122807284
CV3T561000H0,39655,39656,39661,1787838122824836,1787838122814803,1787838122807369
CV3T561000H0,39712,39713,39717,1787838124725145,1787838124681483,1787838124674048
CPBG1630011D,39773,39774,39775,1787838124725129,1787838124726108,1787838124707264
CV3T561000B5,39661,39662,39666,1787838124725307,1787838124712387,1787838124707741
CV3T561000B5,39670,39671,39674,1787838125024919,1787838124979049,1787838124974405
CPBG1630011D,39782,39783,39784,1787838125024901,1787838125026107,1787838125007255
CV3T561000H0,39721,39722,39727,1787838125024927,1787838125014817,1787838125007382
CV3T561000B5,39692,39693,39696,1787838125758458,1787838125712384,1787838125707745
CPBG1630011D,39804,39805,39806,1787838125758280,1787838125759453,1787838125740581
CV3T561000H0,39743,39744,39749,1787838125758298,1787838125748158,1787838125740723
CV3T561000B5,39698,39699,39702,1787838125958089,1787838125912384,1787838125907748
CPBG1630011D,39810,39811,39812,1787838125958597,1787838125959458,1787838125940582
CV3T561000H0,39749,39750,39755,1787838125958422,1787838125948162,1787838125940727
CV3T561000B5,39716,39717,39720,1787838126558022,1787838126512388,1787838126507756
CPBG1630011D,39828,39829,39830,1787838126558025,1787838126559463,1787838126540570
CV3T561000H0,39767,39768,39773,1787838126558301,1787838126548163,1787838126540727
CV3T561000H0,39814,39815,39820,1787838128159334,1787838128148964,1787838128141528
CPBG1630011D,39876,39877,39878,1787838128191694,1787838128192815,1787838128173881
CV3T561000B5,39764,39765,39769,1787838128191485,1787838128179065,1787838128174446
CV3T561000B5,39777,39778,39781,1787838128624745,1787838128579076,1787838128574460
CPBG1630011D,39889,39890,39891,1787838128624943,1787838128626154,1787838128607208
CV3T561000H0,39828,39829,39834,1787838128624843,1787838128614841,1787838128607404
CV3T561000B5,39818,39819,39822,1787838130091572,1787838130046515,1787838130041910
CPBG1630011D,39930,39931,39932,1787838130091502,1787838130092834,1787838130073849
CV3T561000H0,39869,39870,39875,1787838130091587,1787838130081519,1787838130074082
CPBG1630011D,39970,39971,39971,1787838131491724,1787838131460240,1787838131441220
CV3T561000H0,39909,39910,39915,1787838131491598,1787838131481527,1787838131474087
CV3T561000B5,39858,39859,39863,1787838131492070,1787838131479079,1787838131474283
CV3T561000H0,39912,39913,39918,1787838131591797,1787838131581530,1787838131574078
CPBG1630011D,39975,39976,39976,1787838131658560,1787838131626187,1787838131607197
CPBG1630011D,39974,39975,39976,1787838131625120,1787838131626187,1787838131607198
CV3T561000B5,39862,39863,39867,1787838131625037,1787838131612416,1787838131607486
CV3T561000H0,39914,39915,39920,1787838131658371,1787838131648192,1787838131640721
CV3T561000B5,39863,39864,39868,1787838131658266,1787838131645746,1787838131640781
CV3T561000H0,39938,39939,39944,1787838132558181,1787838132548200,1787838132540415
CV3T561000B5,39888,39889,39893,1787838132591476,1787838132579079,1787838132573780
CPBG1630011D,40000,40001,40002,1787838132591323,1787838132592862,1787838132574378
CPBG1630011D,40130,40131,40131,1787838137025164,1787838136992919,1787838136974423
CV3T561000B5,40018,40019,40023,1787838137024889,1787838137012442,1787838137007048
CV3T561000H0,40069,40070,40075,1787838137024860,1787838137014899,1787838137007050
CV3T561000B5,40031,40032,40036,1787838137458626,1787838137445778,1787838137440376
CV3T561000H0,40084,40085,40090,1787838137525253,1787838137514914,1787838137507057
CPBG1630011D,40145,40146,40147,1787838137525832,1787838137526276,1787838137507778
CPBG1630011D,40162,40163,40163,1787838138158371,1787838138126281,1787838138107782
CV3T561000B5,40050,40051,40055,1787838138158142,1787838138145782,1787838138140365
CV3T561000H0,40101,40102,40107,1787838138158371,1787838138148241,1787838138140376
CV3T561000B5,40065,40066,40069,1787838138725074,1787838138679113,1787838138673685
CV3T561000H0,40116,40117,40122,1787838138725163,1787838138714914,1787838138707041
CPBG1630011D,40177,40178,40179,1787838138725777,1787838138726283,1787838138707782
CV3T561000B5,40067,40068,40071,1787838138791598,1787838138745785,1787838138740356
CV3T561000H0,40118,40119,40124,1787838138791814,1787838138781579,1787838138773705
CPBG1630011D,40179,40180,40181,1787838138791791,1787838138792955,1787838138774453
CV3T561000B5,40088,40089,40092,1787838139492086,1787838139445784,1787838139440340
CV3T561000H0,40139,40140,40145,1787838139492143,1787838139481579,1787838139473695
CPBG1630011D,40200,40201,40202,1787838139492051,1787838139492958,1787838139474454
CPBG1630011D,40209,40210,40211,1787838139858407,1787838139859625,1787838139841121
CV3T561000B5,40109,40110,40114,1787838140358865,1787838140345794,1787838140340330
CV3T561000H0,40161,40162,40167,1787838140391529,1787838140381579,1787838140373683
CPBG1630011D,40223,40224,40225,1787838140391822,1787838140392967,1787838140374461
CV3T561000B5,40129,40130,40134,1787838141024726,1787838141012457,1787838141006979
CPBG1630011D,40243,40244,40244,1787838141091783,1787838141026304,1787838141007797
CV3T561000H0,40181,40182,40187,1787838141091945,1787838141081590,1787838141073682
CPBG1630011D,40244,40245,40245,1787838141124815,1787838141092973,1787838141074466
CV3T561000B5,40131,40132,40136,1787838141125052,1787838141112570,1787838141107089
CV3T561000H0,40182,40183,40188,1787838141124749,1787838141115034,1787838141107126
CV3T561000H0,40267,40268,40273,1787838144058250,1787838144048279,1787838144040789
CPBG1630011D,40330,40331,40332,1787838144125083,1787838144126355,1787838144107234
CV3T561000B5,40217,40218,40222,1787838144125144,1787838144112482,1787838144107716
CPBG1630011D,40385,40386,40386,1787838146025047,1787838145993036,1787838145973866
CV3T561000H0,40323,40324,40329,1787838146025518,1787838146014962,1787838146007477
CV3T561000B5,40272,40273,40277,1787838146025062,1787838146012488,1787838146007739
CPBG1630011D,40396,40397,40397,1787838146391623,1787838146359711,1787838146340531
CV3T561000H0,40334,40335,40340,1787838146391976,1787838146381634,1787838146374149
CV3T561000B5,40283,40284,40288,1787838146391610,1787838146379159,1787838146374414
CV3T561000H0,40443,40444,40449,1787838150291573,1787838150281655,1787838150274181
CPBG1630011D,40507,40508,40509,1787838150358534,1787838150359763,1787838150340477
CV3T561000B5,40394,40395,40399,1787838150358334,1787838150345839,1787838150341128
CV3T561000B5,40401,40402,40405,1787838150591360,1787838150545834,1787838150541126
CPBG1630011D,40514,40515,40516,1787838150591519,1787838150593097,1787838150573805
CV3T561000H0,40452,40453,40458,1787838150591398,1787838150581655,1787838150574181
CV3T561000B5,40532,40533,40537,1787838155091936,1787838155079200,1787838155073691
CV3T561000H0,40584,40585,40590,1787838155158695,1787838155148364,1787838155140270
CPBG1630011D,40646,40647,40648,1787838155158440,1787838155159835,1787838155141057
CV3T561000B5,40560,40561,40564,1787838156191766,1787838156145863,1787838156140330
CV3T561000H0,40611,40612,40617,1787838156191568,1787838156181695,1787838156173582
CPBG1630011D,40673,40674,40675,1787838156191761,1787838156193173,1787838156174393
CPBG1630011D,40708,40709,40709,1787838157491701,1787838157459854,1787838157441070
CV3T561000H0,40646,40647,40652,1787838157491647,1787838157481701,1787838157473562
CV3T561000B5,40595,40596,40600,1787838157491872,1787838157479205,1787838157473641
CV3T561000H0,40658,40659,40664,1787838157891391,1787838157881703,1787838157873557
CV3T561000B5,40608,40609,40613,1787838157924865,1787838157912542,1787838157906967
CPBG1630011D,40721,40722,40723,1787838157924847,1787838157926527,1787838157907741
CV3T561000H0,40688,40689,40694,1787838158891587,1787838158881720,1787838158873554
CV3T561000B5,40638,40639,40643,1787838158925265,1787838158912553,1787838158906957
CPBG1630011D,40751,40752,40753,1787838158925328,1787838158926547,1787838158907759
CV3T561000B5,40664,40665,40668,1787838159791991,1787838159745955,1787838159740340
CV3T561000H0,40715,40716,40721,1787838159792034,1787838159781717,1787838159773534
CPBG1630011D,40777,40778,40779,1787838159791850,1787838159793217,1787838159774427
CV3T561000H0,40917,40918,40922,1787838166758451,1787838166715098,1787838166707344
CPBG1630011D,40979,40980,40981,1787838166758100,1787838166759978,1787838166740270
CV3T561000B5,40866,40867,40871,1787838166758747,1787838166745921,1787838166740699
CPBG1630011D,41064,41065,41065,1787838169791977,1787838169760008,1787838169740196
CV3T561000H0,41002,41003,41008,1787838169791991,1787838169781789,1787838169774033
CV3T561000B5,40951,40952,40956,1787838169791731,1787838169779269,1787838169774038
CV3T561000B5,40992,40993,40996,1787838171225285,1787838171179272,1787838171174039
CPBG1630011D,41105,41106,41107,1787838171225221,1787838171226704,1787838171206842
CV3T561000H0,41043,41044,41049,1787838171224739,1787838171215133,1787838171207375
CV3T561000B5,41003,41004,41007,1787838171624788,1787838171579287,1787838171574246
CPBG1630011D,41116,41117,41118,1787838171624870,1787838171626708,1787838171606868
CV3T561000H0,41054,41055,41060,1787838171624836,1787838171615134,1787838171607393
CV3T561000B5,41005,41006,41009,1787838171691642,1787838171646725,1787838171641731
CPBG1630011D,41118,41119,41120,1787838171691692,1787838171693377,1787838171673571
CV3T561000H0,41056,41057,41062,1787838171691525,1787838171681802,1787838171674078
CV3T561000H0,41068,41069,41073,1787838172091528,1787838172048465,1787838172040887
CPBG1630011D,41130,41131,41132,1787838172091419,1787838172093377,1787838172073912
CV3T561000B5,41017,41018,41022,1787838172091459,1787838172079276,1787838172074504
CV3T561000B5,41056,41057,41061,1787838173491550,1787838173479282,1787838173474539
CPBG1630011D,41170,41171,41172,1787838173525054,1787838173526727,1787838173507467
CV3T561000H0,41108,41109,41114,1787838173524894,1787838173515141,1787838173507692
CV3T561000B5,41136,41137,41141,1787838176259121,1787838176245965,1787838176241271
CPBG1630011D,41250,41251,41252,1787838176292188,1787838176293441,1787838176274163
CV3T561000H0,41188,41189,41194,1787838176292150,1787838176281838,1787838176274418
CV3T561000B5,41215,41216,41219,1787838179024743,1787838178979313,1787838178974666
CPBG1630011D,41328,41329,41330,1787838179024739,1787838179026814,1787838179007517
CV3T561000H0,41266,41267,41272,1787838179024872,1787838179015194,1787838179007803
CPBG1630011D,41335,41336,41337,1787838179258146,1787838179260134,1787838179240836
CV3T561000H0,41274,41275,41280,1787838179292073,1787838179281851,1787838179274463
CV3T561000B5,41223,41224,41228,1787838179292260,1787838179279313,1787838179274672
CV3T561000B5,41262,41263,41266,1787838180624965,1787838180579327,1787838180574708
CPBG1630011D,41375,41376,41377,1787838180624961,1787838180626825,1787838180607516
CV3T561000H0,41313,41314,41319,1787838180625026,1787838180615195,1787838180607821
CV3T561000H0,41336,41337,41341,1787838181391607,1787838181348532,1787838181341166
CPBG1630011D,41398,41399,41400,1787838181391923,1787838181393500,1787838181374187
CV3T561000B5,41285,41286,41290,1787838181392039,1787838181379323,1787838181374599
CPBG1630011D,41410,41411,41411,1787838181792124,1787838181761845,1787838181742601
CV3T561000B5,41297,41298,41302,1787838181792124,1787838181779326,1787838181774154
CV3T561000H0,41348,41349,41354,1787838181792037,1787838181781869,1787838181774371
CV3T561000H0,41387,41388,41393,1787838183091459,1787838183081873,1787838183073895
CV3T561000B5,41337,41338,41342,1787838183125113,1787838183112661,1787838183107233
CPBG1630011D,41450,41451,41452,1787838183124911,1787838183126859,1787838183107950
CPBG1630011D,41458,41459,41459,1787838183392100,1787838183360196,1787838183341289
CV3T561000H0,41396,41397,41402,1787838183391932,1787838183381879,1787838183373896
CV3T561000B5,41345,41346,41350,1787838183391808,1787838183379333,1787838183373900
CV3T561000B5,41407,41408,41411,1787838185558453,1787838185512675,1787838185507205
CV3T561000H0,41458,41459,41464,1787838185558530,1787838185548555,1787838185540544
CPBG1630011D,41520,41521,41522,1787838185558326,1787838185560223,1787838185541339
CPBG1630011D,41616,41617,41617,1787838188925046,1787838188893603,1787838188874754
CV3T561000B5,41503,41504,41508,1787838188924921,1787838188912690,1787838188907160
CV3T561000H0,41554,41555,41560,1787838188925184,1787838188915247,1787838188907193
CV3T561000B5,41540,41541,41545,1787838190191517,1787838190179360,1787838190173809
CV3T561000H0,41592,41593,41598,1787838190225016,1787838190215255,1787838190207185
CPBG1630011D,41654,41655,41656,1787838190225039,1787838190226952,1787838190208116
CV3T561000B5,41650,41651,41655,1787838194091651,1787838194079379,1787838194074458
CV3T561000H0,41702,41703,41708,1787838194125094,1787838194115277,1787838194107740
CPBG1630011D,41764,41765,41766,1787838194125014,1787838194126992,1787838194107785
CV3T561000B5,41682,41683,41687,1787838195158298,1787838195146055,1787838195141145
CV3T561000H0,41734,41735,41740,1787838195224944,1787838195215284,1787838195207755
CPBG1630011D,41796,41797,41798,1787838195224811,1787838195227005,1787838195207792
CV3T561000B5,41713,41714,41717,1787838196325155,1787838196279389,1787838196274489
CV3T561000H0,41764,41765,41770,1787838196325127,1787838196315294,1787838196307773
CPBG1630011D,41826,41827,41828,1787838196325253,1787838196327023,1787838196307803
CV3T561000B5,41721,41722,41726,1787838196591964,1787838196579395,1787838196574499
CV3T561000H0,41773,41774,41779,1787838196624878,1787838196615299,1787838196607782
CPBG1630011D,41835,41836,41837,1787838196625678,1787838196627029,1787838196607807
CV3T561000B5,41724,41725,41728,1787838196691654,1787838196646059,1787838196641164
CV3T561000H0,41775,41776,41781,1787838196691567,1787838196681969,1787838196674452
CPBG1630011D,41837,41838,41839,1787838196691637,1787838196693699,1787838196674478
CV3T561000B5,41786,41787,41790,1787838198891802,1787838198846075,1787838198841202
CV3T561000H0,41837,41838,41843,1787838198891716,1787838198881982,1787838198874482
CPBG1630011D,41899,41900,41901,1787838198891391,1787838198893726,1787838198874490
CPBG1630011D,41922,41923,41923,1787838199724853,1787838199693731,1787838199674492
CV3T561000H0,41860,41861,41866,1787838199724958,1787838199715318,1787838199707824
CV3T561000B5,41809,41810,41814,1787838199724758,1787838199712741,1787838199707877
CV3T561000B5,41849,41850,41853,1787838201191799,1787838201112748,1787838201107897
CPBG1630011D,41962,41963,41964,1787838201191998,1787838201193755,1787838201174506
CV3T561000H0,41900,41901,41906,1787838201192292,1787838201181997,1787838201174516
CV3T561000H0,41904,41905,41909,1787838201324771,1787838201281995,1787838201274515
CPBG1630011D,41966,41967,41968,1787838201324921,1787838201327092,1787838201307842
CV3T561000B5,41853,41854,41858,1787838201324772,1787838201312752,1787838201307848
CV3T561000B5,41921,41922,41925,1787838203691680,1787838203646866,1787838203641227
CPBG1630011D,42034,42035,42036,1787838203691891,1787838203693787,1787838203673693
CV3T561000H0,41972,41973,41978,1787838203691582,1787838203682013,1787838203673856
CV3T561000B5,41952,41953,41956,1787838204825193,1787838204779431,1787838204773767
CPBG1630011D,42065,42066,42067,1787838204824886,1787838204827132,1787838204806995
CV3T561000H0,42003,42004,42009,1787838204824776,1787838204815351,1787838204807175
CV3T561000H0,42058,42059,42063,1787838206658654,1787838206615365,1787838206607157
CPBG1630011D,42120,42121,42122,1787838206658454,1787838206660492,1787838206640283
CV3T561000B5,42007,42008,42012,1787838206658354,1787838206646109,1787838206640402
CPBG1630011D,42123,42124,42125,1787838206791484,1787838206793850,1787838206773637
CV3T561000B5,42011,42012,42016,1787838206824834,1787838206812777,1787838206807065
CV3T561000H0,42062,42063,42068,1787838206824876,1787838206815367,1787838206807155
CV3T561000B5,42019,42020,42023,1787838207091641,1787838207046110,1787838207040394
CPBG1630011D,42132,42133,42134,1787838207091979,1787838207093831,1787838207073605
CV3T561000H0,42070,42071,42076,1787838207091909,1787838207082036,1787838207073820
CV3T561000H0,42139,42140,42144,1787838209491776,1787838209449505,1787838209441248
CPBG1630011D,42201,42202,42203,1787838209491616,1787838209493863,1787838209473544
CV3T561000B5,42088,42089,42093,1787838209491889,1787838209479457,1787838209473685
CV3T561000B5,42097,42098,42101,1787838209791391,1787838209746119,1787838209740341
CPBG1630011D,42210,42211,42212,1787838209791463,1787838209793866,1787838209773534
CV3T561000H0,42148,42149,42154,1787838209791537,1787838209782054,1787838209773791
CV3T561000B5,42100,42101,42104,1787838209891573,1787838209846900,1787838209841118
CPBG1630011D,42213,42214,42215,1787838209891524,1787838209893865,1787838209873530
CV3T561000H0,42151,42152,42157,1787838209891688,1787838209882052,1787838209873787
CV3T561000H0,42225,42226,42231,1787838212425170,1787838212415427,1787838212407518
CPBG1630011D,42288,42289,42290,1787838212458129,1787838212460582,1787838212440747
CV3T561000B5,42175,42176,42180,1787838212458089,1787838212446152,1787838212440831
CPBG1630011D,42333,42334,42335,1787838213958574,1787838213960584,1787838213940731
CV3T561000B5,42221,42222,42226,1787838213992296,1787838213979473,1787838213974152
CV3T561000H0,42272,42273,42278,1787838213991986,1787838213982077,1787838213974170
CV3T561000B5,42268,42269,42272,1787838215591433,1787838215546148,1787838215540827
CPBG1630011D,42381,42382,42383,1787838215591659,1787838215593940,1787838215574065
CV3T561000H0,42319,42320,42325,1787838215591686,1787838215582092,1787838215574183
CV3T561000H0,42333,42334,42339,1787838216091370,1787838216082096,1787838216074186
CPBG1630011D,42396,42397,42398,1787838216124823,1787838216127282,1787838216107399
CV3T561000B5,42283,42284,42288,1787838216125102,1787838216112822,1787838216107500
CPBG1630011D,42399,42400,42400,1787838216225511,1787838216194391,1787838216174508
CV3T561000B5,42286,42287,42291,1787838216225388,1787838216212826,1787838216207505
CV3T561000H0,42337,42338,42343,1787838216225035,1787838216215435,1787838216207523
CPBG1630011D,42480,42481,42481,1787838219225360,1787838219193986,1787838219174061
CV3T561000B5,42368,42369,42373,1787838219258642,1787838219246171,1787838219240847
CV3T561000H0,42419,42420,42425,1787838219258842,1787838219248785,1787838219240869
CPBG1630011D,42487,42488,42489,1787838219458380,1787838219460661,1787838219440732
CV3T561000B5,42375,42376,42380,1787838219492052,1787838219479509,1787838219474186
CV3T561000H0,42426,42427,42432,1787838219491873,1787838219482124,1787838219474207
CPBG1630011D,42489,42490,42491,1787838219524976,1787838219527329,1787838219507400
CV3T561000B5,42377,42378,42382,1787838219558556,1787838219546167,1787838219540844
CV3T561000H0,42428,42429,42434,1787838219558084,1787838219548782,1787838219540865
CPBG1630011D,42499,42500,42500,1787838219858679,1787838219827327,1787838219807393
CV3T561000B5,42386,42387,42391,1787838219858486,1787838219846168,1787838219840844
CV3T561000H0,42437,42438,42443,1787838219858426,1787838219848784,1787838219840867
CV3T561000B5,42390,42391,42395,1787838219991327,1787838219979504,1787838219974181
CPBG1630011D,42504,42505,42506,1787838220024852,1787838220027334,1787838220007398
CV3T561000H0,42442,42443,42448,1787838220024941,1787838220015458,1787838220007541
CPBG1630011D,42516,42517,42518,1787838220425078,1787838220427340,1787838220407398
CV3T561000B5,42404,42405,42409,1787838220458934,1787838220446182,1787838220440858
CV3T561000H0,42455,42456,42461,1787838220458753,1787838220448799,1787838220440880
CV3T561000H0,42465,42466,42470,1787838220858212,1787838220782130,1787838220774211
CPBG1630011D,42527,42528,42529,1787838220858697,1787838220860677,1787838220840728
CV3T561000B5,42414,42415,42419,1787838220858268,1787838220846179,1787838220840854
CV3T561000B5,42419,42420,42424,1787838221125028,1787838221112846,1787838221107522
CPBG1630011D,42533,42534,42535,1787838221158251,1787838221160674,1787838221140721
CV3T561000H0,42471,42472,42477,1787838221158077,1787838221148791,1787838221140871
CV3T561000H0,42475,42476,42481,1787838221291932,1787838221282133,1787838221274214
CPBG1630011D,42538,42539,42540,1787838221324933,1787838221327354,1787838221307399
CV3T561000B5,42425,42426,42430,1787838221325178,1787838221312851,1787838221307508
CV3T561000H0,42500,42501,42505,1787838222124843,1787838222082145,1787838222073909
CPBG1630011D,42562,42563,42564,1787838222125051,1787838222127373,1787838222107246
CV3T561000B5,42449,42450,42454,1787838222125312,1787838222112864,1787838222107272
CV3T561000H0,42533,42534,42538,1787838223224716,1787838223182157,1787838223173723
CPBG1630011D,42595,42596,42597,1787838223224857,1787838223227378,1787838223207152
CV3T561000B5,42482,42483,42487,1787838223224739,1787838223212860,1787838223207253
CV3T561000H0,42558,42559,42563,1787838224058177,1787838224015486,1787838224007035
CPBG1630011D,42620,42621,42622,1787838224058418,1787838224060714,1787838224040467
CV3T561000B5,42507,42508,42512,1787838224058340,1787838224046189,1787838224040572
CV3T561000B5,42568,42569,42572,1787838226225006,1787838226179535,1787838226173892
CV3T561000H0,42619,42620,42625,1787838226225107,1787838226215499,1787838226207001
CPBG1630011D,42681,42682,42683,1787838226224800,1787838226227421,1787838226207124
CV3T561000B5,42633,42634,42637,1787838228491345,1787838228446215,1787838228440544
CV3T561000H0,42684,42685,42690,1787838228491489,1787838228482178,1787838228473633
CPBG1630011D,42746,42747,42748,1787838228491415,1787838228494114,1787838228473762
CV3T561000H0,42699,42700,42704,1787838229024791,1787838228982192,1787838228973637
CPBG1630011D,42761,42762,42763,1787838229025110,1787838229027462,1787838229007097
CV3T561000B5,42648,42649,42653,1787838229024788,1787838229012890,1787838229007212
CV3T561000B5,42665,42666,42669,1787838229591669,1787838229546216,1787838229540532
CV3T561000H0,42716,42717,42722,1787838229592056,1787838229582190,1787838229573621
CPBG1630011D,42778,42779,42780,1787838229591667,1787838229594133,1787838229573755
CV3T561000B5,42686,42687,42690,1787838230291472,1787838230246232,1787838230240539
CV3T561000H0,42737,42738,42743,1787838230291354,1787838230282204,1787838230273621
CPBG1630011D,42799,42800,42801,1787838230291797,1787838230294152,1787838230273757
CV3T561000H0,42800,42801,42805,1787838232424951,1787838232382209,1787838232374166
CV3T561000B5,42749,42750,42754,1787838232424956,1787838232412894,1787838232407597
CPBG1630011D,42862,42863,42864,1787838232424777,1787838232427495,1787838232407647
CV3T561000B5,42817,42818,42821,1787838234758093,1787838234712911,1787838234707629
CV3T561000H0,42868,42869,42874,1787838234758055,1787838234748885,1787838234740867
CPBG1630011D,42930,42931,42932,1787838234758351,1787838234760860,1787838234741025
CPBG1630011D,42959,42960,42961,1787838235726525,1787838235728647,1787838235708814
CPBG1630011D,43055,43056,43056,1787838238958131,1787838238927584,1787838238907756
CV3T561000H0,42992,42993,42998,1787838238958134,1787838238948911,1787838238940902
CV3T561000B5,42941,42942,42946,1787838238958300,1787838238946259,1787838238941001
CV3T561000H0,43040,43041,43045,1787838240559038,1787838240515608,1787838240507603
CV3T561000B5,42989,42990,42994,1787838240558609,1787838240546286,1787838240541037
CPBG1630011D,43103,43104,43105,1787838240558125,1787838240560953,1787838240541129
CPBG1630011D,43204,43205,43205,1787838244191717,1787838244160987,1787838244140432
CV3T561000B5,43090,43091,43095,1787838244191672,1787838244179621,1787838244173836
CV3T561000H0,43141,43142,43147,1787838244191613,1787838244182283,1787838244174585
CPBG1630011D,43222,43223,43223,1787838244824954,1787838244794323,1787838244773751
CV3T561000B5,43108,43109,43113,1787838244824796,1787838244812967,1787838244807173
CV3T561000H0,43159,43160,43165,1787838244824767,1787838244815630,1787838244807939
CV3T561000B5,43135,43136,43139,1787838245725094,1787838245679627,1787838245673819
CPBG1630011D,43249,43250,43251,1787838245725115,1787838245727670,1787838245707072
CV3T561000H0,43186,43187,43192,1787838245725160,1787838245715626,1787838245707947
CV3T561000B5,43179,43180,43183,1787838247224988,1787838247179643,1787838247173811
CPBG1630011D,43293,43294,43295,1787838247225017,1787838247227682,1787838247207044
CV3T561000H0,43230,43231,43236,1787838247224909,1787838247215636,1787838247207977
CPBG1630011D,43331,43332,43332,1787838248491609,1787838248461032,1787838248440362
CV3T561000B5,43217,43218,43222,1787838248491638,1787838248479642,1787838248473790
CV3T561000H0,43268,43269,43274,1787838248491618,1787838248482312,1787838248474670
CPBG1630011D,43397,43398,43398,1787838250725534,1787838250694399,1787838250673668
CV3T561000B5,43283,43284,43288,1787838250725194,1787838250712984,1787838250707096
CV3T561000H0,43334,43335,43340,1787838250724916,1787838250715659,1787838250708045
CPBG1630011D,43436,43437,43437,1787838252158345,1787838252127742,1787838252107466
CV3T561000B5,43322,43323,43327,1787838252158164,1787838252146324,1787838252140962
CV3T561000H0,43373,43374,43379,1787838252158109,1787838252149001,1787838252141017
CV3T561000B5,43345,43346,43349,1787838252924815,1787838252879663,1787838252874307
CV3T561000H0,43396,43397,43402,1787838252925004,1787838252915676,1787838252907537
CPBG1630011D,43459,43460,43461,1787838252924815,1787838252927757,1787838252907725
CV3T561000B5,43353,43354,43357,1787838253291516,1787838253246342,1787838253240988
CV3T561000H0,43404,43405,43410,1787838253291634,1787838253282352,1787838253274211
CPBG1630011D,43467,43468,43469,1787838253291587,1787838253294436,1787838253274406
CV3T561000B5,43375,43376,43379,1787838254024834,1787838253979663,1787838253974314
CV3T561000H0,43426,43427,43432,1787838254025060,1787838254015683,1787838254007536
CPBG1630011D,43489,43490,43491,1787838254025117,1787838254027778,1787838254007751
CV3T561000H0,43464,43465,43470,1787838255291528,1787838255282370,1787838255274213
CV3T561000B5,43414,43415,43419,1787838255324768,1787838255313010,1787838255307672
CPBG1630011D,43528,43529,43530,1787838255324953,1787838255327797,1787838255307775
CV3T561000H0,43489,43490,43494,1787838256124774,1787838256082364,1787838256074201
CV3T561000B5,43438,43439,43443,1787838256124729,1787838256113014,1787838256107681
CPBG1630011D,43552,43553,43554,1787838256124759,1787838256127808,1787838256107790
CPBG1630011D,43616,43617,43618,1787838258258541,1787838258261163,1787838258241153
CV3T561000H0,43554,43555,43560,1787838258292297,1787838258282380,1787838258274199
CV3T561000B5,43503,43504,43508,1787838258292358,1787838258279691,1787838258274372
CPBG1630011D,43625,43626,43626,1787838258558203,1787838258527836,1787838258507827
CV3T561000H0,43562,43563,43568,1787838258558306,1787838258549052,1787838258540868
CV3T561000B5,43511,43512,43516,1787838258558156,1787838258546362,1787838258541045
CV3T561000H0,43634,43635,43639,1787838261025087,1787838260982409,1787838260974206
CV3T561000B5,43583,43584,43588,1787838261025290,1787838261013036,1787838261007738
CPBG1630011D,43697,43698,43699,1787838261025090,1787838261027869,1787838261007869
CPBG1630011D,43730,43731,43731,1787838262125238,1787838262094548,1787838262074223
CV3T561000B5,43616,43617,43621,1787838262125086,1787838262113043,1787838262106966
CV3T561000H0,43667,43668,43673,1787838262125107,1787838262115739,1787838262107775
CPBG1630011D,43939,43940,43941,1787838269158227,1787838269161312,1787838269140651
CV3T561000B5,43826,43827,43831,1787838269191802,1787838269179743,1787838269173477
CV3T561000H0,43877,43878,43883,1787838269191528,1787838269182452,1787838269174652
CPBG1630011D,43978,43979,43980,1787838270458204,1787838270461314,1787838270440628
CV3T561000B5,43865,43866,43870,1787838270492193,1787838270479752,1787838270473452
CV3T561000H0,43916,43917,43922,1787838270492183,1787838270482464,1787838270474672
CPBG1630011D,43987,43988,43988,1787838270758267,1787838270727994,1787838270707303
CV3T561000B5,43873,43874,43878,1787838270758117,1787838270746414,1787838270740108
CV3T561000H0,43924,43925,43930,1787838270758084,1787838270749127,1787838270741338
CPBG1630011D,43992,43993,43993,1787838270924861,1787838270894656,1787838270873962
CV3T561000B5,43878,43879,43883,1787838270924806,1787838270913093,1787838270906783
CV3T561000H0,43929,43930,43935,1787838270924739,1787838270915806,1787838270908018
CV3T561000B5,43906,43907,43910,1787838271858325,1787838271813079,1787838271807141
CPBG1630011D,44020,44021,44022,1787838271858396,1787838271861333,1787838271840761
CV3T561000H0,43957,43958,43963,1787838271858227,1787838271849133,1787838271841154
CV3T561000H0,44094,44095,44099,1787838276791596,1787838276749178,1787838276740579
CV3T561000B5,44043,44044,44048,1787838276791473,1787838276779782,1787838276773992
CPBG1630011D,44157,44158,44159,1787838276792142,1787838276794736,1787838276774559
CV3T561000B5,44070,44071,44075,1787838277691476,1787838277679780,1787838277673989
CV3T561000H0,44122,44123,44128,1787838277725344,1787838277715844,1787838277707224
CPBG1630011D,44185,44186,44187,1787838277725031,1787838277728080,1787838277707907
CV3T561000H0,44143,44144,44148,1787838278424738,1787838278382513,1787838278373880
CV3T561000B5,44092,44093,44097,1787838278425103,1787838278413122,1787838278407329
CPBG1630011D,44206,44207,44208,1787838278424968,1787838278428090,1787838278407919
CV3T561000B5,44106,44107,44110,1787838278891664,1787838278846455,1787838278840661
CV3T561000H0,44157,44158,44163,1787838278891429,1787838278882516,1787838278873872
CPBG1630011D,44220,44221,44222,1787838278891524,1787838278894759,1787838278874590
CV3T561000B5,44140,44141,44144,1787838280024739,1787838279979798,1787838279974000
CV3T561000H0,44191,44192,44197,1787838280024876,1787838280015868,1787838280007200
CPBG1630011D,44254,44255,44256,1787838280024764,1787838280028119,1787838280007953
CPBG1630011D,44313,44314,44314,1787838281991923,1787838281961465,1787838281941195
CV3T561000H0,44250,44251,44256,1787838281992223,1787838281982541,1787838281974085
CV3T561000B5,44199,44200,44204,1787838281991508,1787838281979807,1787838281974374
CV3T561000B5,44249,44250,44253,1787838283658676,1787838283613153,1787838283607784
CPBG1630011D,44363,44364,44365,1787838283658490,1787838283661497,1787838283641050
CV3T561000H0,44300,44301,44306,1787838283658312,1787838283649223,1787838283641061
CV3T561000B5,44256,44257,44260,1787838283891540,1787838283846508,1787838283841143
CPBG1630011D,44370,44371,44372,1787838283891433,1787838283894824,1787838283874375
CV3T561000H0,44307,44308,44313,1787838283891425,1787838283882549,1787838283874387
CV3T561000H0,44330,44331,44336,1787838284691471,1787838284682560,1787838284674398
CPBG1630011D,44394,44395,44396,1787838284724801,1787838284728173,1787838284707717
CV3T561000B5,44280,44281,44285,1787838284724809,1787838284713154,1787838284707801
CV3T561000B5,44332,44333,44336,1787838286524751,1787838286479824,1787838286474498
CPBG1630011D,44446,44447,44448,1787838286524800,1787838286528198,1787838286507729
CV3T561000H0,44383,44384,44389,1787838286524909,1787838286515907,1787838286507745
CV3T561000H0,44392,44393,44397,1787838286824969,1787838286782571,1787838286774409
CPBG1630011D,44455,44456,44457,1787838286824978,1787838286828197,1787838286807725
CV3T561000B5,44341,44342,44346,1787838286825075,1787838286813161,1787838286807840
CV3T561000B5,44447,44448,44451,1787838290425336,1787838290379848,1787838290374581
CPBG1630011D,44561,44562,44563,1787838290425078,1787838290428242,1787838290407740
CV3T561000H0,44498,44499,44504,1787838290425402,1787838290415926,1787838290407764
CV3T561000H0,44516,44517,44521,1787838291025155,1787838290982596,1787838290974434
CPBG1630011D,44579,44580,44581,1787838291025337,1787838291028257,1787838291007751
CV3T561000B5,44465,44466,44470,1787838291025548,1787838291013186,1787838291007928
CV3T561000H0,44548,44549,44553,1787838292091766,1787838292050043,1787838292041515
CV3T561000B5,44498,44499,44503,1787838292125437,1787838292113189,1787838292107179
CPBG1630011D,44612,44613,44614,1787838292125147,1787838292128269,1787838292107330
CPBG1630011D,44804,44805,44805,1787838298991972,1787838298961696,1787838298940288
CV3T561000H0,44741,44742,44747,1787838298992136,1787838298982654,1787838298973662
CV3T561000B5,44690,44691,44695,1787838298991842,1787838298979887,1787838298973747
CPBG1630011D,44941,44942,44942,1787838303724857,1787838303695528,1787838303674515
CV3T561000B5,44827,44828,44832,1787838303724898,1787838303713245,1787838303707441
CV3T561000H0,44878,44879,44884,1787838303724738,1787838303716021,1787838303707464
CV3T561000B5,44833,44834,44837,1787838303959203,1787838303913240,1787838303907437
CPBG1630011D,44947,44948,44949,1787838303959140,1787838303962539,1787838303941522
CV3T561000H0,44884,44885,44890,1787838303959137,1787838303950132,1787838303941574
CV3T561000B5,44862,44863,44866,1787838304924982,1787838304879916,1787838304874112
CPBG1630011D,44976,44977,44978,1787838304924880,1787838304928436,1787838304907406
CV3T561000H0,44913,44914,44919,1787838304924716,1787838304916023,1787838304907462
CV3T561000H0,45016,45017,45021,1787838308524877,1787838308482719,1787838308474140
CPBG1630011D,45079,45080,45081,1787838308525672,1787838308528475,1787838308507396
CV3T561000B5,44965,44966,44970,1787838308525278,1787838308513261,1787838308507452
CPBG1630011D,45106,45107,45107,1787838309424822,1787838309395162,1787838309374072
CV3T561000B5,44992,44993,44997,1787838309424790,1787838309413283,1787838309407474
CV3T561000H0,45043,45044,45049,1787838309424671,1787838309416070,1787838309407487
CPBG1630011D,45143,45144,45144,1787838310658177,1787838310628508,1787838310607401
CV3T561000B5,45029,45030,45034,1787838310658188,1787838310646605,1787838310640794
CV3T561000H0,45080,45081,45086,1787838310658639,1787838310649395,1787838310640806
CV3T561000B5,45052,45053,45056,1787838311424679,1787838311380589,1787838311374724
CPBG1630011D,45166,45167,45168,1787838311425010,1787838311428510,1787838311407392
CV3T561000H0,45103,45104,45109,1787838311424799,1787838311416064,1787838311407471
CV3T561000B5,45070,45071,45074,1787838312024954,1787838311979949,1787838311973660
CV3T561000H0,45121,45122,45126,1787838312025144,1787838311982741,1787838311974012
CPBG1630011D,45184,45185,45186,1787838312025467,1787838312028525,1787838312007626
CV3T561000B5,45093,45094,45098,1787838312858113,1787838312846616,1787838312840251
CV3T561000H0,45145,45146,45151,1787838312891760,1787838312882741,1787838312873832
CPBG1630011D,45208,45209,45210,1787838312891629,1787838312895204,1787838312874538
CPBG1630011D,45210,45211,45212,1787838312992106,1787838312995213,1787838312974549
CV3T561000B5,45097,45098,45102,1787838313025195,1787838313013281,1787838313006911
CV3T561000H0,45148,45149,45154,1787838313025238,1787838313016075,1787838313007163
CV3T561000H0,45172,45173,45177,1787838313958335,1787838313916086,1787838313907160
CV3T561000B5,45121,45122,45126,1787838313958157,1787838313946625,1787838313940233
CPBG1630011D,45235,45236,45237,1787838313958120,1787838313961891,1787838313941232
CV3T561000B5,45161,45162,45165,1787838315359290,1787838315313300,1787838315306877
CV3T561000H0,45212,45213,45218,1787838315358840,1787838315349431,1787838315340482
CPBG1630011D,45275,45276,45277,1787838315358693,1787838315361909,1787838315341258
CPBG1630011D,45288,45289,45289,1787838315791603,1787838315761909,1787838315741260
CV3T561000B5,45174,45175,45179,1787838315791890,1787838315779965,1787838315773531
CV3T561000H0,45225,45226,45231,1787838315792101,1787838315782765,1787838315773808
CPBG1630011D,45295,45296,45297,1787838316025175,1787838316028575,1787838316007927
CV3T561000B5,45182,45183,45187,1787838316058230,1787838316046629,1787838316040189
CV3T561000H0,45233,45234,45239,1787838316058397,1787838316049428,1787838316040467
CV3T561000H0,45300,45301,45305,1787838318591609,1787838318549448,1787838318540445
CV3T561000B5,45249,45250,45254,1787838318591518,1787838318579981,1787838318573481
CPBG1630011D,45363,45364,45365,1787838318591966,1787838318595284,1787838318574650
CV3T561000H0,45340,45341,45345,1787838319924801,1787838319882800,1787838319873774
CV3T561000B5,45289,45290,45294,1787838319924839,1787838319913315,1787838319906784
CPBG1630011D,45403,45404,45405,1787838319924815,1787838319928629,1787838319908002
CV3T561000H0,45382,45383,45387,1787838321324753,1787838321282805,1787838321273756
CV3T561000B5,45331,45332,45336,1787838321324891,1787838321313330,1787838321306786
CPBG1630011D,45445,45446,45447,1787838321324767,1787838321328655,1787838321308037
CV3T561000B5,45334,45335,45338,1787838321424894,1787838321379993,1787838321373473
CV3T561000H0,45385,45386,45391,1787838321424995,1787838321416135,1787838321407084
CPBG1630011D,45448,45449,45450,1787838321425004,1787838321428651,1787838321408033
CV3T561000H0,45402,45403,45408,1787838321991595,1787838321982810,1787838321974001
CV3T561000B5,45352,45353,45357,1787838322025314,1787838322013332,1787838322007179
CPBG1630011D,45466,45467,45468,1787838322024918,1787838322028664,1787838322007742
CV3T561000H0,45411,45412,45416,1787838322291750,1787838322249475,1787838322240878
CV3T561000B5,45360,45361,45365,1787838322292101,1787838322280003,1787838322273884
CPBG1630011D,45474,45475,45476,1787838322291922,1787838322295337,1787838322274183
CV3T561000B5,45458,45459,45462,1787838325624844,1787838325580014,1787838325573882
CPBG1630011D,45572,45573,45574,1787838325624828,1787838325628702,1787838325607386
CV3T561000H0,45509,45510,45515,1787838325624976,1787838325616159,1787838325607684
CV3T561000H0,45519,45520,45524,1787838325958412,1787838325916168,1787838325907695
CV3T561000B5,45468,45469,45473,1787838325958558,1787838325946681,1787838325940548
CPBG1630011D,45582,45583,45584,1787838325958140,1787838325962045,1787838325940723
CV3T561000B5,45480,45481,45485,1787838326358212,1787838326346685,1787838326340550
CPBG1630011D,45595,45596,45597,1787838326391692,1787838326395384,1787838326374053
CV3T561000H0,45532,45533,45538,1787838326391628,1787838326382837,1787838326374366
CPBG1630011D,45608,45609,45609,1787838326824775,1787838326795389,1787838326774050
CV3T561000B5,45494,45495,45499,1787838326824906,1787838326813351,1787838326807214
CV3T561000H0,45545,45546,45551,1787838326824609,1787838326816172,1787838326807704
CV3T561000H0,45586,45587,45592,1787838328191930,1787838328182849,1787838328174390
CV3T561000B5,45536,45537,45541,1787838328225052,1787838328213358,1787838328207215
CPBG1630011D,45650,45651,45652,1787838328225381,1787838328228733,1787838328207363
CV3T561000H0,45595,45596,45600,1787838328491438,1787838328449515,1787838328441057
CV3T561000B5,45544,45545,45549,1787838328491469,1787838328480025,1787838328473881
CPBG1630011D,45658,45659,45660,1787838328491621,1787838328495401,1787838328474027
CV3T561000H0,45608,45609,45613,1787838328924883,1787838328882854,1787838328874398
CV3T561000B5,45557,45558,45562,1787838328924715,1787838328913358,1787838328907212
CPBG1630011D,45671,45672,45673,1787838328924873,1787838328928739,1787838328907356
CV3T561000B5,45570,45571,45574,1787838329358276,1787838329313363,1787838329307215
CPBG1630011D,45684,45685,45686,1787838329358386,1787838329362082,1787838329340690
CV3T561000H0,45621,45622,45627,1787838329358260,1787838329349524,1787838329341070
CV3T561000H0,45662,45663,45668,1787838330791396,1787838330782870,1787838330774426
CV3T561000B5,45612,45613,45617,1787838330858630,1787838330846715,1787838330840560
CPBG1630011D,45726,45727,45728,1787838330858488,1787838330862111,1787838330840688
CV3T561000B5,45625,45626,45629,1787838331324827,1787838331280039,1787838331273891
CPBG1630011D,45739,45740,45741,1787838331324984,1787838331328774,1787838331307342
CV3T561000H0,45676,45677,45682,1787838331324791,1787838331316203,1787838331307761
CV3T561000B5,45646,45647,45650,1787838332024937,1787838331980041,1787838331974171
CV3T561000H0,45697,45698,45703,1787838332025214,1787838332016217,1787838332007422
CPBG1630011D,45760,45761,45762,1787838332024983,1787838332028792,1787838332007497
CPBG1630011D,45784,45785,45785,1787838332924880,1787838332895466,1787838332874328
CV3T561000H0,45721,45722,45727,1787838332924714,1787838332916212,1787838332907020
CV3T561000B5,45670,45671,45675,1787838332924712,1787838332913380,1787838332907555
CPBG1630011D,45890,45891,45892,1787838336724961,1787838336728843,1787838336707676
CV3T561000H0,45828,45829,45834,1787838336758527,1787838336749573,1787838336740292
CV3T561000B5,45777,45778,45782,1787838336758598,1787838336746734,1787838336740946
CPBG1630011D,45898,45899,45899,1787838336991949,1787838336962181,1787838336941011
CV3T561000H0,45835,45836,45841,1787838336992182,1787838336982909,1787838336973623
CV3T561000B5,45784,45785,45789,1787838336992330,1787838336980069,1787838336974282
CV3T561000B5,45790,45791,45794,1787838337191993,1787838337146736,1787838337140952
CV3T561000H0,45841,45842,45847,1787838337191981,1787838337182907,1787838337173617
CPBG1630011D,45904,45905,45906,1787838337192034,1787838337195514,1787838337174343
CV3T561000B5,45798,45799,45802,1787838337458115,1787838337413398,1787838337407615
CV3T561000H0,45849,45850,45855,1787838337458636,1787838337449574,1787838337440278
CPBG1630011D,45912,45913,45914,1787838337458488,1787838337462183,1787838337441010
CV3T561000B5,45825,45826,45830,1787838338358180,1787838338346740,1787838338340967
CV3T561000H0,45877,45878,45883,1787838338391402,1787838338382919,1787838338373601
CPBG1630011D,45940,45941,45942,1787838338391687,1787838338395533,1787838338374354
CV3T561000B5,45830,45831,45834,1787838338525050,1787838338480079,1787838338474307
CV3T561000H0,45881,45882,45887,1787838338525120,1787838338516253,1787838338506932
CPBG1630011D,45944,45945,45946,1787838338525050,1787838338528868,1787838338507688
CV3T561000B5,45832,45833,45837,1787838338592055,1787838338580079,1787838338574308
CV3T561000H0,45884,45885,45890,1787838338624812,1787838338616270,1787838338606947
CPBG1630011D,45947,45948,45949,1787838338625085,1787838338628886,1787838338607705
CV3T561000H0,45922,45923,45927,1787838339891513,1787838339849579,1787838339840227
CV3T561000B5,45871,45872,45876,1787838339891555,1787838339880076,1787838339874316
CPBG1630011D,45985,45986,45987,1787838339891466,1787838339895546,1787838339874356
CV3T561000B5,45937,45938,45942,1787838342091450,1787838342080090,1787838342074579
CV3T561000H0,45989,45990,45995,1787838342124844,1787838342116378,1787838342107268
CPBG1630011D,46052,46053,46054,1787838342124849,1787838342129016,1787838342107552
CV3T561000B5,45956,45957,45961,1787838342758086,1787838342746764,1787838342741273
CPBG1630011D,46071,46072,46073,1787838342791757,1787838342795591,1787838342773959
CV3T561000H0,46008,46009,46014,1787838342791494,1787838342782950,1787838342774009
CV3T561000H0,46063,46064,46068,1787838344625348,1787838344582957,1787838344574008
CPBG1630011D,46126,46127,46128,1787838344625564,1787838344628940,1787838344607263
CV3T561000B5,46012,46013,46017,1787838344625218,1787838344613431,1787838344607976
CV3T561000H0,46082,46083,46087,1787838345324912,1787838345249637,1787838345240686
CPBG1630011D,46145,46146,46147,1787838345324803,1787838345328954,1787838345307259
CV3T561000B5,46031,46032,46036,1787838345324826,1787838345313440,1787838345307997
CV3T561000H0,46116,46117,46121,1787838346525121,1787838346482991,1787838346474034
CPBG1630011D,46179,46180,46181,1787838346524848,1787838346528981,1787838346507258
CV3T561000B5,46065,46066,46070,1787838346524765,1787838346513457,1787838346508036
CV3T561000H0,46121,46122,46126,1787838346724849,1787838346682976,1787838346674019
CPBG1630011D,46184,46185,46186,1787838346724918,1787838346728977,1787838346707249
CV3T561000B5,46070,46071,46075,1787838346724849,1787838346713451,1787838346708035
CV3T561000B5,46104,46105,46108,1787838347891661,1787838347846780,1787838347841384
CPBG1630011D,46218,46219,46220,1787838347891554,1787838347895650,1787838347873893
CV3T561000H0,46155,46156,46161,1787838347891594,1787838347882976,1787838347874012
CV3T561000H0,46165,46166,46170,1787838348224843,1787838348182977,1787838348174013
CPBG1630011D,46228,46229,46230,1787838348225078,1787838348228996,1787838348207232
CV3T561000B5,46114,46115,46119,1787838348224846,1787838348213458,1787838348208069
CV3T561000B5,46189,46190,46194,1787838350791388,1787838350780133,1787838350774794
CPBG1630011D,46304,46305,46306,1787838350824693,1787838350829023,1787838350807195
CV3T561000H0,46241,46242,46247,1787838350824681,1787838350816331,1787838350807354
CV3T561000H0,46268,46269,46274,1787838351724885,1787838351716342,1787838351707332
CPBG1630011D,46332,46333,46334,1787838351758742,1787838351762369,1787838351740511
CV3T561000B5,46218,46219,46223,1787838351758386,1787838351746803,1787838351741010
CPBG1630011D,46424,46425,46426,1787838354824948,1787838354829080,1787838354807073
CPBG1630011D,46486,46487,46487,1787838356991670,1787838356962440,1787838356940376
CV3T561000H0,46422,46423,46428,1787838356991693,1787838356983046,1787838356973631
CV3T561000B5,46371,46372,46376,1787838356991651,1787838356980168,1787838356973961
CV3T561000B5,46386,46387,46390,1787838357492069,1787838357446841,1787838357440628
CV3T561000H0,46437,46438,46443,1787838357491770,1787838357483050,1787838357473626
CPBG1630011D,46501,46502,46503,1787838357491885,1787838357495784,1787838357473705
CPBG1630011D,46509,46510,46510,1787838357758150,1787838357729117,1787838357707032
CV3T561000H0,46445,46446,46451,1787838357758128,1787838357749717,1787838357740287
CV3T561000B5,46394,46395,46399,1787838357758069,1787838357746837,1787838357740618
CPBG1630011D,46511,46512,46512,1787838357825068,1787838357795784,1787838357773698
CV3T561000H0,46447,46448,46453,1787838357825200,1787838357816381,1787838357806950
CV3T561000B5,46396,46397,46401,1787838357825015,1787838357813500,1787838357807282
CPBG1630011D,46547,46548,46548,1787838359025203,1787838358995804,1787838358973685
CV3T561000H0,46483,46484,46489,1787838359025129,1787838359016394,1787838359006941
CV3T561000B5,46432,46433,46437,1787838359024886,1787838359013512,1787838359007277
CPBG1630011D,46686,46687,46688,1787838363693206,1787838363697307,1787838363675867
CV3T561000B5,46586,46587,46590,1787838364258234,1787838364213531,1787838364207674
CPBG1630011D,46702,46703,46704,1787838364258201,1787838364262531,1787838364241092
CV3T561000H0,46637,46638,46643,1787838364258170,1787838364249755,1787838364241114
CPBG1630011D,46712,46713,46713,1787838364591672,1787838364563303,1787838364541866
CV3T561000B5,46596,46597,46601,1787838364591673,1787838364580193,1787838364574337
CV3T561000H0,46647,46648,46653,1787838364591628,1787838364583086,1787838364574449
CV3T561000H0,46699,46700,46704,1787838366358607,1787838366316438,1787838366307828
CV3T561000B5,46648,46649,46653,1787838366358376,1787838366346868,1787838366341017
CPBG1630011D,46764,46765,46766,1787838366358386,1787838366362554,1787838366341122
CV3T561000H0,46747,46748,46752,1787838367958428,1787838367916445,1787838367907859
CV3T561000B5,46696,46697,46701,1787838367958231,1787838367946879,1787838367941033
CPBG1630011D,46812,46813,46814,1787838367958477,1787838367962577,1787838367941150
CV3T561000B5,46713,46714,46717,1787838368558277,1787838368513546,1787838368507700
CPBG1630011D,46829,46830,46831,1787838368558224,1787838368562584,1787838368541157
CV3T561000H0,46764,46765,46770,1787838368558274,1787838368549781,1787838368541205
CV3T561000B5,46782,46783,46787,1787838371024724,1787838371013559,1787838371007721
CPBG1630011D,46899,46900,46901,1787838371058501,1787838371062616,1787838371041196
CV3T561000H0,46834,46835,46840,1787838371058266,1787838371049798,1787838371041258
CV3T561000H0,46924,46925,46929,1787838374224925,1787838374183162,1787838374174305
CV3T561000B5,46873,46874,46878,1787838374224814,1787838374213577,1787838374207173
CPBG1630011D,46989,46990,46991,1787838374225099,1787838374229327,1787838374207790
CPBG1630011D,47100,47101,47102,1787838378160278,1787838378164564,1787838378143019
CV3T561000H0,47077,47078,47083,1787838379691486,1787838379683192,1787838379674343
CV3T561000B5,47027,47028,47032,1787838379724771,1787838379713603,1787838379707097
CPBG1630011D,47144,47145,47146,1787838379724817,1787838379729397,1787838379707849
CV3T561000H0,47109,47110,47114,1787838380758083,1787838380716536,1787838380707688
CV3T561000B5,47058,47059,47063,1787838380758187,1787838380746941,1787838380740416
CPBG1630011D,47175,47176,47177,1787838380758083,1787838380762744,1787838380741195
CV3T561000H0,47128,47129,47133,1787838381424874,1787838381383212,1787838381374364
CV3T561000B5,47077,47078,47082,1787838381425030,1787838381413615,1787838381407133
CPBG1630011D,47194,47195,47196,1787838381425499,1787838381429423,1787838381407873
CV3T561000H0,47192,47193,47198,1787838383691655,1787838383683220,1787838383673836
CPBG1630011D,47259,47260,47261,1787838383725021,1787838383729450,1787838383707295
CV3T561000B5,47142,47143,47147,1787838383725305,1787838383713623,1787838383707582
CPBG1630011D,47277,47278,47278,1787838384325036,1787838384296127,1787838384273958
CV3T561000H0,47211,47212,47217,1787838384325669,1787838384316558,1787838384307161
CV3T561000B5,47160,47161,47165,1787838384325516,1787838384313626,1787838384307585
CV3T561000B5,47269,47270,47273,1787838388158149,1787838388080306,1787838388074272
CV3T561000H0,47320,47321,47326,1787838388158092,1787838388149920,1787838388140448
CPBG1630011D,47386,47387,47388,1787838388158353,1787838388162845,1787838388140584
CV3T561000B5,47294,47295,47299,1787838389125156,1787838389113652,1787838389107619
CV3T561000H0,47346,47347,47352,1787838389158671,1787838389149926,1787838389140436
CPBG1630011D,47412,47413,47414,1787838389158833,1787838389162857,1787838389140571
CV3T561000H0,47397,47398,47402,1787838390958537,1787838390916599,1787838390907075
CPBG1630011D,47463,47464,47465,1787838390958276,1787838390962890,1787838390940560
CV3T561000B5,47346,47347,47351,1787838390958537,1787838390947004,1787838390940973
CPBG1630011D,47520,47521,47521,1787838392858351,1787838392829571,1787838392807724
CV3T561000B5,47403,47404,47408,1787838392858239,1787838392847026,1787838392840562
CV3T561000H0,47454,47455,47460,1787838392858240,1787838392849973,1787838392840935
CV3T561000B5,47441,47442,47445,1787838394124727,1787838394080333,1787838394073850
CV3T561000H0,47492,47493,47498,1787838394124958,1787838394116623,1787838394107586
CPBG1630011D,47558,47559,47560,1787838394124759,1787838394129585,1787838394107734
CV3T561000B5,47575,47576,47580,1787838398591459,1787838398580362,1787838398573811
CV3T561000H0,47627,47628,47633,1787838398624905,1787838398616653,1787838398607622
CPBG1630011D,47693,47694,47695,1787838398625220,1787838398629643,1787838398607773
CV3T561000B5,47578,47579,47582,1787838398691810,1787838398647033,1787838398640481
CV3T561000H0,47629,47630,47635,1787838398691606,1787838398683326,1787838398674296
CPBG1630011D,47695,47696,47697,1787838398691600,1787838398696317,1787838398674448
CV3T561000H0,47632,47633,47637,1787838398791719,1787838398749993,1787838398740962
CV3T561000B5,47581,47582,47586,1787838398791818,1787838398780393,1787838398773839
CPBG1630011D,47698,47699,47700,1787838398791632,1787838398796343,1787838398774473
CV3T561000H0,47703,47704,47709,1787838401158066,1787838401150008,1787838401140981
CV3T561000B5,47653,47654,47658,1787838401224847,1787838401213709,1787838401207118
CPBG1630011D,47770,47771,47772,1787838401225097,1787838401229679,1787838401207800
CV3T561000B5,47655,47656,47660,1787838401291557,1787838401280378,1787838401273795
CV3T561000H0,47707,47708,47713,1787838401324886,1787838401316673,1787838401307646
CPBG1630011D,47773,47774,47775,1787838401325253,1787838401329680,1787838401307800
CV3T561000B5,47685,47686,47689,1787838402325174,1787838402280380,1787838402274474
CV3T561000H0,47736,47737,47742,1787838402324748,1787838402316685,1787838402307150
CPBG1630011D,47802,47803,47804,1787838402324861,1787838402329698,1787838402307472
CV3T561000H0,47845,47846,47851,1787838406058913,1787838406050820,1787838406041120
CPBG1630011D,47912,47913,47914,1787838406091384,1787838406096402,1787838406074046
CV3T561000B5,47795,47796,47800,1787838406091372,1787838406080392,1787838406074533
CV3T561000H0,47891,47892,47896,1787838407624854,1787838407583419,1787838407573685
CPBG1630011D,47957,47958,47959,1787838407624987,1787838407629763,1787838407607376
CV3T561000B5,47840,47841,47845,1787838407624744,1787838407613741,1787838407607901
CV3T561000B5,47896,47897,47900,1787838409525198,1787838409480420,1787838409474603
CV3T561000H0,47947,47948,47953,1787838409525119,1787838409516739,1787838409506961
CPBG1630011D,48013,48014,48015,1787838409525151,1787838409529796,1787838409507373
CV3T561000B5,47974,47975,47978,1787838412225036,1787838412180425,1787838412173804
CPBG1630011D,48091,48092,48093,1787838412225067,1787838412229820,1787838412207237
CV3T561000H0,48025,48026,48031,1787838412224731,1787838412216745,1787838412207410
CV3T561000B5,48018,48019,48022,1787838413824762,1787838413780442,1787838413773784
CPBG1630011D,48135,48136,48137,1787838413824927,1787838413829843,1787838413807179
CV3T561000H0,48069,48070,48075,1787838413824898,1787838413816758,1787838413807614
CV3T561000B5,48038,48039,48042,1787838414624756,1787838414580883,1787838414574209
CPBG1630011D,48155,48156,48157,1787838414625020,1787838414629852,1787838414607168
CV3T561000H0,48089,48090,48095,1787838414624949,1787838414616762,1787838414607622
CPBG1630011D,48157,48158,48159,1787838414693509,1787838414698295,1787838414675608
CPBG1630011D,48219,48220,48220,1787838416858635,1787838416829876,1787838416807137
CV3T561000B5,48101,48102,48106,1787838416858754,1787838416847119,1787838416840397
CV3T561000H0,48152,48153,48158,1787838416858415,1787838416850113,1787838416840986
CV3T561000B5,48120,48121,48125,1787838417491757,1787838417480450,1787838417473715
CPBG1630011D,48239,48240,48241,1787838417525000,1787838417529899,1787838417507142
CV3T561000H0,48172,48173,48178,1787838417525532,1787838417516791,1787838417507666
CV3T561000B5,48128,48129,48133,1787838417825254,1787838417813906,1787838417807164
CPBG1630011D,48247,48248,48249,1787838417858007,1787838417863229,1787838417840464
CV3T561000H0,48180,48181,48186,1787838417857985,1787838417850119,1787838417840997
CV3T561000B5,48136,48137,48140,1787838418124678,1787838418080452,1787838418073705
CPBG1630011D,48254,48255,48256,1787838418124992,1787838418129897,1787838418107125
CV3T561000H0,48187,48188,48193,1787838418124991,1787838418116786,1787838418107665
CPBG1630011D,48274,48275,48276,1787838418825404,1787838418829900,1787838418807111
CV3T561000B5,48157,48158,48162,1787838418858726,1787838418847121,1787838418840356
CV3T561000H0,48208,48209,48214,1787838418858727,1787838418850119,1787838418841002
CV3T561000B5,48179,48180,48183,1787838419624698,1787838419580459,1787838419573680
CPBG1630011D,48297,48298,48299,1787838419625050,1787838419629907,1787838419607097
CV3T561000H0,48230,48231,48236,1787838419624963,1787838419616794,1787838419607680
CV3T561000H0,48314,48315,48319,1787838422491341,1787838422450147,1787838422441209
CV3T561000B5,48263,48264,48268,1787838422491341,1787838422480472,1787838422474185
CPBG1630011D,48381,48382,48383,1787838422491812,1787838422496616,1787838422474233
CV3T561000H0,48324,48325,48329,1787838422824755,1787838422783486,1787838422774558
CV3T561000B5,48273,48274,48278,1787838422825092,1787838422813812,1787838422807524
CPBG1630011D,48391,48392,48393,1787838422824954,1787838422829958,1787838422807583
CV3T561000B5,48380,48381,48384,1787838426524792,1787838426480496,1787838426474214
CV3T561000H0,48430,48431,48436,1787838426491853,1787838426483508,1787838426474624
CPBG1630011D,48498,48499,48500,1787838426524910,1787838426530005,1787838426507608
CV3T561000B5,48394,48395,48399,1787838427025086,1787838427013836,1787838427007554
CPBG1630011D,48513,48514,48515,1787838427058838,1787838427063342,1787838427040942
CV3T561000H0,48446,48447,48452,1787838427058614,1787838427050175,1787838427041297
CV3T561000B5,48423,48424,48427,1787838427991455,1787838427947166,1787838427940885
CPBG1630011D,48541,48542,48543,1787838427991675,1787838427996686,1787838427974280
CV3T561000H0,48474,48475,48480,1787838427991438,1787838427983513,1787838427974647
CV3T561000B5,48495,48496,48499,1787838430458586,1787838430380511,1787838430374233
CPBG1630011D,48613,48614,48615,1787838430458476,1787838430463389,1787838430440967
CV3T561000H0,48546,48547,48552,1787838430458358,1787838430450201,1787838430441364
CV3T561000B5,48523,48524,48528,1787838431458850,1787838431447963,1787838431441613
CPBG1630011D,48642,48643,48644,1787838431491788,1787838431496740,1787838431474312
CV3T561000H0,48575,48576,48581,1787838431491929,1787838431483545,1787838431474720
CV3T561000B5,48527,48528,48531,1787838431591637,1787838431547192,1787838431540776
CPBG1630011D,48645,48646,48647,1787838431591443,1787838431596736,1787838431574307
CV3T561000H0,48578,48579,48584,1787838431591592,1787838431583541,1787838431574717
CV3T561000B5,48552,48553,48556,1787838432425036,1787838432380517,1787838432373661
CPBG1630011D,48670,48671,48672,1787838432424751,1787838432430080,1787838432407407
CV3T561000H0,48603,48604,48609,1787838432425055,1787838432416880,1787838432407945
CV3T561000B5,48558,48559,48562,1787838432624915,1787838432580530,1787838432573670
CV3T561000H0,48608,48609,48614,1787838432591668,1787838432583554,1787838432574612
CPBG1630011D,48676,48677,48678,1787838432624894,1787838432630079,1787838432607386
CV3T561000H0,48625,48626,48630,1787838433158117,1787838433116882,1787838433107944
CV3T561000B5,48574,48575,48579,1787838433158611,1787838433147188,1787838433140314
CPBG1630011D,48692,48693,48694,1787838433158145,1787838433163418,1787838433140718
CV3T561000B5,48648,48649,48652,1787838435658105,1787838435613874,1787838435606945
CPBG1630011D,48766,48767,48768,1787838435658128,1787838435663460,1787838435640722
CV3T561000H0,48699,48700,48705,1787838435658219,1787838435650239,1787838435641318
CV3T561000H0,48716,48717,48721,1787838436224875,1787838436183574,1787838436174656
CV3T561000B5,48665,48666,48670,1787838436225136,1787838436213873,1787838436206931
CPBG1630011D,48783,48784,48785,1787838436225070,1787838436230128,1787838436207381
CV3T561000B5,48674,48675,48678,1787838436525141,1787838436480538,1787838436473590
CPBG1630011D,48792,48793,48794,1787838436525157,1787838436530130,1787838436507378
CV3T561000H0,48725,48726,48731,1787838436525170,1787838436516904,1787838436507989
CV3T561000H0,48794,48795,48800,1787838438858067,1787838438850257,1787838438841357
CV3T561000B5,48744,48745,48749,1787838438891453,1787838438880555,1787838438873552
CPBG1630011D,48862,48863,48864,1787838438891805,1787838438896832,1787838438874043
CV3T561000B5,48756,48757,48761,1787838439291677,1787838439280556,1787838439273545
CPBG1630011D,48875,48876,48877,1787838439324922,1787838439330182,1787838439307387
CV3T561000H0,48808,48809,48814,1787838439324744,1787838439316939,1787838439308042
CV3T561000B5,48881,48882,48886,1787838443491788,1787838443480584,1787838443474425
CV3T561000H0,48933,48934,48939,1787838443525207,1787838443516961,1787838443507299
CPBG1630011D,49000,49001,49002,1787838443525066,1787838443530231,1787838443507843
CV3T561000B5,48935,48936,48939,1787838445324824,1787838445280609,1787838445274476
CV3T561000H0,48986,48987,48992,1787838445324819,1787838445316974,1787838445307271
CPBG1630011D,49053,49054,49055,1787838445325131,1787838445330255,1787838445307868
CPBG1630011D,49122,49123,49124,1787838447624910,1787838447630278,1787838447607895
CV3T561000H0,49056,49057,49062,1787838447658561,1787838447650315,1787838447640559
CV3T561000B5,49005,49006,49010,1787838447658598,1787838447647261,1787838447641163
CV3T561000H0,49101,49102,49106,1787838449158235,1787838449116994,1787838449107204
CV3T561000B5,49050,49051,49055,1787838449158286,1787838449147264,1787838449141188
CPBG1630011D,49168,49169,49170,1787838449158437,1787838449163625,1787838449141242
CV3T561000B5,49164,49165,49169,1787838452991542,1787838452980624,1787838452974340
CPBG1630011D,49283,49284,49285,1787838453025093,1787838453030341,1787838453007304
CV3T561000H0,49216,49217,49222,1787838453024775,1787838453017012,1787838453007669
CPBG1630011D,49388,49389,49389,1787838456525408,1787838456497062,1787838456473947
CV3T561000H0,49321,49322,49327,1787838456525230,1787838456517044,1787838456507691
CV3T561000B5,49270,49271,49275,1787838456525207,1787838456513973,1787838456507703
CV3T561000H0,49326,49327,49331,1787838456724809,1787838456683710,1787838456674357
CPBG1630011D,49393,49394,49395,1787838456724766,1787838456730394,1787838456707275
CV3T561000B5,49275,49276,49280,1787838456724744,1787838456713971,1787838456707701
CV3T561000B5,49284,49285,49288,1787838457025140,1787838456980639,1787838456974371
CPBG1630011D,49402,49403,49404,1787838457025113,1787838457030397,1787838457007271
CV3T561000H0,49335,49336,49341,1787838457025297,1787838457017043,1787838457007689
CV3T561000B5,49296,49297,49300,1787838457424949,1787838457380637,1787838457374370
CPBG1630011D,49414,49415,49416,1787838457424882,1787838457430518,1787838457407384
CV3T561000H0,49347,49348,49353,1787838457425125,1787838457417162,1787838457407806
CV3T561000H0,49349,49350,49354,1787838457524756,1787838457483721,1787838457474366
CV3T561000B5,49297,49298,49302,1787838457491474,1787838457480649,1787838457474383
CPBG1630011D,49416,49417,49418,1787838457524751,1787838457530401,1787838457507264
CV3T561000B5,49347,49348,49352,1787838459191915,1787838459180651,1787838459174392
CPBG1630011D,49466,49467,49468,1787838459224827,1787838459230426,1787838459207251
CV3T561000H0,49399,49400,49405,1787838459224804,1787838459217059,1787838459207700
CV3T561000B5,49375,49376,49379,1787838460124739,1787838460080655,1787838460074399
CPBG1630011D,49493,49494,49495,1787838460124771,1787838460130439,1787838460107245
CV3T561000H0,49426,49427,49432,1787838460124912,1787838460117066,1787838460107703
CPBG1630011D,49516,49517,49518,1787838460891414,1787838460897117,1787838460873906
CV3T561000H0,49450,49451,49456,1787838460925074,1787838460917072,1787838460907708
CV3T561000B5,49399,49400,49404,1787838460925071,1787838460913993,1787838460907740
CV3T561000B5,49448,49449,49453,1787838462592130,1787838462580665,1787838462573944
CPBG1630011D,49567,49568,49569,1787838462624999,1787838462630472,1787838462606959
CV3T561000H0,49500,49501,49506,1787838462624780,1787838462617084,1787838462607045
CV3T561000H0,49534,49535,49539,1787838463824786,1787838463783756,1787838463773683
CPBG1630011D,49601,49602,49603,1787838463824777,1787838463830483,1787838463806933
CV3T561000B5,49483,49484,49488,1787838463824699,1787838463814003,1787838463807262
CPBG1630011D,49745,49746,49746,1787838468858206,1787838468830547,1787838468806838
CV3T561000H0,49678,49679,49684,1787838468858179,1787838468850462,1787838468840243
CV3T561000B5,49627,49628,49632,1787838468858329,1787838468847367,1787838468840546
CV3T561000H0,49680,49681,49685,1787838468924864,1787838468883793,1787838468873574
CPBG1630011D,49747,49748,49749,1787838468924986,1787838468930552,1787838468906839
CV3T561000B5,49629,49630,49634,1787838468924805,1787838468914030,1787838468907209
CV3T561000B5,49680,49681,49684,1787838470724757,1787838470681144,1787838470674294
CPBG1630011D,49798,49799,49800,1787838470724777,1787838470730580,1787838470706811
CV3T561000H0,49731,49732,49737,1787838470725017,1787838470717141,1787838470706869
CPBG1630011D,49821,49822,49822,1787838471524953,1787838471497246,1787838471473452
CV3T561000H0,49754,49755,49760,1787838471525046,1787838471517147,1787838471506852
CV3T561000B5,49703,49704,49708,1787838471525317,1787838471514048,1787838471507278
CPBG1630011D,49882,49883,49883,1787838473558110,1787838473530614,1787838473507190
CV3T561000H0,49815,49816,49821,1787838473558205,1787838473550485,1787838473540677
CV3T561000B5,49764,49765,49769,1787838473558156,1787838473547382,1787838473541026
CV3T561000H0,49817,49818,49822,1787838473624961,1787838473583822,1787838473574012
CPBG1630011D,49884,49885,49886,1787838473625079,1787838473630606,1787838473607181
CV3T561000B5,49766,49767,49771,1787838473625062,1787838473614046,1787838473607690
CV3T561000H0,49842,49843,49847,1787838474491574,1787838474417271,1787838474407456
CPBG1630011D,49909,49910,49911,1787838474492049,1787838474497298,1787838474473858
CV3T561000B5,49791,49792,49796,1787838474491752,1787838474480731,1787838474474379
CPBG1630011D,49916,49917,49917,1787838474724807,1787838474697292,1787838474673849
CV3T561000H0,49849,49850,49855,1787838474724750,1787838474717166,1787838474707348
CV3T561000B5,49798,49799,49803,1787838474724737,1787838474714060,1787838474707710
CPBG1630011D,50054,50055,50055,1787838479391621,1787838479364018,1787838479340498
CV3T561000H0,49987,49988,49993,1787838479391698,1787838479383858,1787838479374003
CV3T561000B5,49936,49937,49941,1787838479391748,1787838479380744,1787838479374420
CV3T561000B5,49975,49976,49980,1787838480724788,1787838480714079,1787838480707762
CPBG1630011D,50094,50095,50096,1787838480758244,1787838480764036,1787838480740492
CV3T561000H0,50027,50028,50033,1787838480758237,1787838480750535,1787838480740669
CV3T561000H0,50056,50057,50061,1787838481724720,1787838481683874,1787838481674013
CPBG1630011D,50123,50124,50125,1787838481724742,1787838481730713,1787838481707171
CV3T561000B5,50005,50006,50010,1787838481724942,1787838481714079,1787838481707690
CV3T561000H0,50059,50060,50064,1787838481824748,1787838481783873,1787838481774045
CPBG1630011D,50126,50127,50128,1787838481825198,1787838481830715,1787838481807205
CV3T561000B5,50008,50009,50013,1787838481825195,1787838481814079,1787838481807664
CPBG1630011D,50141,50142,50142,1787838482325268,1787838482297392,1787838482274119
CV3T561000B5,50023,50024,50028,1787838482325037,1787838482314091,1787838482307611
CV3T561000H0,50074,50075,50080,1787838482325146,1787838482317211,1787838482307698
CPBG1630011D,50256,50257,50257,1787838486325052,1787838486264114,1787838486240911
CV3T561000B5,50138,50139,50143,1787838486325079,1787838486314116,1787838486307630
CV3T561000H0,50189,50190,50195,1787838486324814,1787838486317244,1787838486307846
CV3T561000B5,50201,50202,50205,1787838488491634,1787838488447459,1787838488440970
CPBG1630011D,50319,50320,50321,1787838488491982,1787838488497469,1787838488474258
CV3T561000H0,50252,50253,50258,1787838488491599,1787838488483919,1787838488474541
CPBG1630011D,50363,50364,50364,1787838489991808,1787838489964159,1787838489940945
CV3T561000B5,50245,50246,50250,1787838489991598,1787838489980817,1787838489974326
CV3T561000B5,50246,50247,50250,1787838490024769,1787838489980817,1787838489974326
CV3T561000H0,50296,50297,50302,1787838489991833,1787838489983952,1787838489974590
CPBG1630011D,50364,50365,50366,1787838490024735,1787838490030834,1787838490007620
CV3T561000H0,50297,50298,50303,1787838490024929,1787838490017275,1787838490007912
CPBG1630011D,50366,50367,50367,1787838490091798,1787838490064163,1787838490040949
CV3T561000B5,50248,50249,50253,1787838490091737,1787838490080795,1787838490074304
CV3T561000H0,50299,50300,50305,1787838490092407,1787838490083930,1787838490074569
CPBG1630011D,50376,50377,50377,1787838490424990,1787838490397506,1787838490374291
CV3T561000B5,50258,50259,50263,1787838490424962,1787838490414132,1787838490407639
CV3T561000H0,50309,50310,50315,1787838490425206,1787838490417268,1787838490407909
CV3T561000H0,50349,50350,50355,1787838491791566,1787838491783943,1787838491774555
CV3T561000B5,50299,50300,50304,1787838491824842,1787838491814140,1787838491807254
CPBG1630011D,50417,50418,50419,1787838491824767,1787838491830848,1787838491807580
CV3T561000H0,50419,50420,50424,1787838494191973,1787838494150622,1787838494140843
CV3T561000B5,50368,50369,50373,1787838494191805,1787838494180820,1787838494173615
CPBG1630011D,50486,50487,50488,1787838494191723,1787838494197548,1787838494173925
CV3T561000H0,50467,50468,50472,1787838495858487,1787838495817415,1787838495807623
CV3T561000B5,50416,50417,50421,1787838495858625,1787838495847525,1787838495840274
CPBG1630011D,50534,50535,50536,1787838495858780,1787838495864267,1787838495840618
CV3T561000B5,50560,50561,50564,1787838500891509,1787838500847521,1787838500840129
CPBG1630011D,50678,50679,50680,1787838500891561,1787838500897629,1787838500873898
CV3T561000H0,50611,50612,50617,1787838500891661,1787838500884003,1787838500874175
CV3T561000H0,50636,50637,50641,1787838501724979,1787838501684006,1787838501674179
CV3T561000B5,50585,50586,50590,1787838501725001,1787838501714183,1787838501707059
CPBG1630011D,50703,50704,50705,1787838501725061,1787838501730972,1787838501707244
CV3T561000H0,50648,50649,50654,1787838502125187,1787838502117343,1787838502107675
CV3T561000B5,50598,50599,50603,1787838502158373,1787838502147520,1787838502140733
CPBG1630011D,50716,50717,50718,1787838502158698,1787838502164313,1787838502140781
CV3T561000B5,50635,50636,50639,1787838503424886,1787838503380857,1787838503374088
CPBG1630011D,50753,50754,50755,1787838503424998,1787838503431006,1787838503407621
CV3T561000H0,50686,50687,50692,1787838503424941,1787838503417364,1787838503407840
CV3T561000H0,50708,50709,50713,1787838504191585,1787838504150688,1787838504141168
CV3T561000B5,50657,50658,50662,1787838504191654,1787838504180864,1787838504174093
CPBG1630011D,50775,50776,50777,1787838504191658,1787838504197673,1787838504174286
CV3T561000B5,50723,50724,50728,1787838506424965,1787838506414207,1787838506407433
CPBG1630011D,50842,50843,50844,1787838506458523,1787838506464363,1787838506440969
CV3T561000H0,50775,50776,50781,1787838506458373,1787838506450702,1787838506441194
CV3T561000B5,50737,50738,50742,1787838506891636,1787838506880870,1787838506874095
CPBG1630011D,50856,50857,50858,1787838506924748,1787838506931042,1787838506907646
CV3T561000H0,50789,50790,50795,1787838506924714,1787838506917378,1787838506907872
CPBG1630011D,50913,50914,50914,1787838508825245,1787838508797738,1787838508774338
CV3T561000B5,50795,50796,50800,1787838508825164,1787838508814215,1787838508807436
CV3T561000H0,50846,50847,50852,1787838508825186,1787838508817386,1787838508807890
CV3T561000B5,50815,50816,50819,1787838509492110,1787838509447550,1787838509440771
CPBG1630011D,50933,50934,50935,1787838509491725,1787838509497740,1787838509474338
CV3T561000H0,50866,50867,50872,1787838509491686,1787838509484060,1787838509474567
CV3T561000B5,50847,50848,50851,1787838510624995,1787838510580892,1787838510574111
CPBG1630011D,50965,50966,50967,1787838510624949,1787838510631195,1787838510607788
CV3T561000H0,50898,50899,50904,1787838510624932,1787838510617508,1787838510608021
CV3T561000B5,50858,50859,50863,1787838510991407,1787838510980894,1787838510974113
CPBG1630011D,50977,50978,50979,1787838511024809,1787838511031090,1787838511007682
CV3T561000H0,50910,50911,50916,1787838511025054,1787838511017401,1787838511007915
CV3T561000H0,50974,50975,50979,1787838513191946,1787838513150756,1787838513140506
CPBG1630011D,51041,51042,51043,1787838513191412,1787838513197801,1787838513173726
CPBG1630011D,51042,51043,51043,1787838513225169,1787838513197801,1787838513173727
CV3T561000B5,50923,50924,50928,1787838513191502,1787838513180918,1787838513174456
CV3T561000H0,50975,50976,50981,1787838513225007,1787838513217420,1787838513207167
CV3T561000B5,50924,50925,50929,1787838513224834,1787838513214240,1787838513207778
CV3T561000B5,50966,50967,50971,1787838514758509,1787838514747581,1787838514741137
CPBG1630011D,51085,51086,51087,1787838514791620,1787838514797807,1787838514773692
CV3T561000H0,51018,51019,51024,1787838514791572,1787838514784094,1787838514773803
CPBG1630011D,51172,51173,51173,1787838517724903,1787838517697846,1787838517673657
CV3T561000H0,51105,51106,51111,1787838517724753,1787838517717453,1787838517707091
CV3T561000B5,51054,51055,51059,1787838517725022,1787838517714264,1787838517707852
CV3T561000B5,51100,51101,51104,1787838519291734,1787838519247600,1787838519241205
CPBG1630011D,51218,51219,51220,1787838519291456,1787838519297867,1787838519273637
CV3T561000H0,51151,51152,51157,1787838519292074,1787838519284127,1787838519273727
CV3T561000B5,51122,51123,51126,1787838520024849,1787838519980941,1787838519974555
CPBG1630011D,51241,51242,51243,1787838520058303,1787838520064548,1787838520040298
CV3T561000H0,51174,51175,51180,1787838520058368,1787838520050802,1787838520040383
CPBG1630011D,51244,51245,51245,1787838520158602,1787838520131216,1787838520106965
CV3T561000H0,51177,51178,51183,1787838520158319,1787838520150799,1787838520140378
CV3T561000B5,51126,51127,51131,1787838520158195,1787838520147606,1787838520141221
CV3T561000B5,51132,51133,51136,1787838520358437,1787838520314273,1787838520307890
CPBG1630011D,51250,51251,51252,1787838520358318,1787838520364545,1787838520340289
CV3T561000H0,51183,51184,51189,1787838520358458,1787838520350797,1787838520340372
CV3T561000B5,51153,51154,51158,1787838521225436,1787838521214389,1787838521208016
CPBG1630011D,51272,51273,51274,1787838521258508,1787838521264563,1787838521240283
CV3T561000H0,51205,51206,51211,1787838521258305,1787838521250810,1787838521240362
CV3T561000H0,51217,51218,51223,1787838521692025,1787838521684607,1787838521674159
CPBG1630011D,51285,51286,51287,1787838521724779,1787838521731231,1787838521706957
CV3T561000B5,51167,51168,51172,1787838521724770,1787838521714279,1787838521707562
CV3T561000H0,51276,51277,51282,1787838523825155,1787838523817489,1787838523807469
CV3T561000B5,51226,51227,51231,1787838523891477,1787838523880959,1787838523873758
CPBG1630011D,51344,51345,51346,1787838523891815,1787838523897929,1787838523874048
CV3T561000H0,51321,51322,51327,1787838525391737,1787838525384176,1787838525374146
CV3T561000B5,51271,51272,51276,1787838525424987,1787838525414310,1787838525407076
CPBG1630011D,51389,51390,51391,1787838525425070,1787838525431292,1787838525407397
CPBG1630011D,51401,51402,51402,1787838525824730,1787838525797954,1787838525774056
CV3T561000B5,51283,51284,51288,1787838525824891,1787838525814299,1787838525807055
CV3T561000H0,51334,51335,51340,1787838525824698,1787838525817503,1787838525807470
CV3T561000H0,51358,51359,51363,1787838526624719,1787838526584192,1787838526574154
CV3T561000B5,51307,51308,51312,1787838526625022,1787838526614325,1787838526607065
CPBG1630011D,51425,51426,51427,1787838526625008,1787838526631317,1787838526607410
CPBG1630011D,51460,51461,51461,1787838527858881,1787838527831311,1787838527807393
CV3T561000B5,51342,51343,51347,1787838527858725,1787838527847676,1787838527840389
CV3T561000H0,51393,51394,51399,1787838527858452,1787838527850884,1787838527840838
CPBG1630011D,51472,51473,51473,1787838528258362,1787838528231313,1787838528207391
CV3T561000B5,51354,51355,51359,1787838528258480,1787838528247654,1787838528240359
CV3T561000H0,51405,51406,51411,1787838528258511,1787838528250863,1787838528240814
CV3T561000H0,51422,51423,51427,1787838528824929,1787838528784185,1787838528774134
CV3T561000B5,51371,51372,51376,1787838528825210,1787838528814309,1787838528807001
CPBG1630011D,51489,51490,51491,1787838528825415,1787838528831319,1787838528807390
CV3T561000H0,51460,51461,51465,1787838530091391,1787838530050876,1787838530040817
CV3T561000B5,51409,51410,51414,1787838530091418,1787838530080986,1787838530073652
CPBG1630011D,51527,51528,51529,1787838530091653,1787838530098006,1787838530074065
CV3T561000H0,51479,51480,51484,1787838530724809,1787838530684196,1787838530674133
CV3T561000B5,51428,51429,51433,1787838530725343,1787838530714319,1787838530706972
CPBG1630011D,51546,51547,51548,1787838530724772,1787838530731345,1787838530707398
CV3T561000H0,51486,51487,51491,1787838530958918,1787838530917533,1787838530907468
CV3T561000B5,51435,51436,51440,1787838530958820,1787838530948438,1787838530941085
CPBG1630011D,51553,51554,51555,1787838530958874,1787838530965465,1787838530941516
CPBG1630011D,51595,51596,51596,1787838532391453,1787838532364707,1787838532340377
CV3T561000H0,51528,51529,51534,1787838532391528,1787838532384215,1787838532373737
CV3T561000B5,51477,51478,51482,1787838532391577,1787838532380998,1787838532374104
CV3T561000H0,51535,51536,51541,1787838532625177,1787838532617554,1787838532607017
CPBG1630011D,51603,51604,51605,1787838532658278,1787838532664710,1787838532640303
CV3T561000B5,51485,51486,51490,1787838532658899,1787838532647669,1787838532640774
CV3T561000B5,51549,51550,51554,1787838534891955,1787838534881012,1787838534874114
CPBG1630011D,51668,51669,51670,1787838534925212,1787838534931400,1787838534906936
CV3T561000H0,51601,51602,51607,1787838534925069,1787838534917562,1787838534906969
CV3T561000H0,51792,51793,51797,1787838541424925,1787838541384278,1787838541373529
CPBG1630011D,51859,51860,51861,1787838541424858,1787838541431493,1787838541406865
CV3T561000B5,51741,51742,51746,1787838541424792,1787838541414380,1787838541407494
CV3T561000H0,51810,51811,51815,1787838542058142,1787838542017630,1787838542007149
CPBG1630011D,51877,51878,51879,1787838542058067,1787838542064830,1787838542040503
CV3T561000B5,51759,51760,51764,1787838542058068,1787838542047712,1787838542041141
CV3T561000B5,51770,51771,51774,1787838542424821,1787838542381047,1787838542374526
CV3T561000H0,51821,51822,51827,1787838542425290,1787838542417625,1787838542407546
CPBG1630011D,51888,51889,51890,1787838542424876,1787838542431510,1787838542407549
CPBG1630011D,52091,52092,52092,1787838549358263,1787838549331588,1787838549307709
CV3T561000H0,52024,52025,52030,1787838549358371,1787838549350992,1787838549341019
CV3T561000B5,51973,51974,51978,1787838549358382,1787838549347743,1787838549341319
CV3T561000B5,52033,52034,52037,1787838551391883,1787838551347756,1787838551341346
CV3T561000H0,52084,52085,52090,1787838551391660,1787838551384339,1787838551374377
CPBG1630011D,52151,52152,52153,1787838551391866,1787838551398287,1787838551374413
CPBG1630011D,52186,52187,52188,1787838552558616,1787838552564972,1787838552540631
CV3T561000B5,52069,52070,52074,1787838552592192,1787838552581092,1787838552573877
CV3T561000H0,52120,52121,52126,1787838552591803,1787838552584348,1787838552573929
CV3T561000B5,52106,52107,52110,1787838553824925,1787838553781101,1787838553773863
CV3T561000H0,52157,52158,52163,1787838553824841,1787838553817700,1787838553807266
CPBG1630011D,52224,52225,52226,1787838553825125,1787838553831663,1787838553807298
CV3T561000B5,52116,52117,52120,1787838554192215,1787838554148539,1787838554141293
CV3T561000H0,52167,52168,52173,1787838554192366,1787838554184367,1787838554173927
CPBG1630011D,52234,52235,52236,1787838554192009,1787838554198324,1787838554173952
CPBG1630011D,52245,52246,52246,1787838554558643,1787838554531760,1787838554507384
CV3T561000B5,52127,52128,52132,1787838554558758,1787838554547767,1787838554540514
CV3T561000H0,52178,52179,52184,1787838554558481,1787838554551026,1787838554540582
CPBG1630011D,52279,52280,52281,1787838555724926,1787838555731665,1787838555707271
CV3T561000B5,52162,52163,52167,1787838555758508,1787838555747774,1787838555740497
CV3T561000H0,52213,52214,52219,1787838555758481,1787838555751035,1787838555740575
CV3T561000B5,52198,52199,52203,1787838556958238,1787838556947778,1787838556940479
CV3T561000H0,52250,52251,52256,1787838556991954,1787838556984819,1787838556974343
CPBG1630011D,52317,52318,52319,1787838556991822,1787838556998794,1787838556974379
CV3T561000H0,52252,52253,52257,1787838557058443,1787838557017705,1787838557007230
CV3T561000B5,52201,52202,52206,1787838557058605,1787838557047780,1787838557040478
CPBG1630011D,52319,52320,52321,1787838557058180,1787838557065020,1787838557040606
CV3T561000H0,52266,52267,52271,1787838557524914,1787838557484373,1787838557473892
CV3T561000B5,52215,52216,52220,1787838557524700,1787838557514454,1787838557507144
CPBG1630011D,52333,52334,52335,1787838557525199,1787838557531697,1787838557507275
CV3T561000B5,52309,52310,52313,1787838560791413,1787838560748592,1787838560741220
CV3T561000H0,52360,52361,52366,1787838560791871,1787838560784404,1787838560773880
CPBG1630011D,52427,52428,52429,1787838560791470,1787838560798403,1787838560773930
CV3T561000B5,52315,52316,52319,1787838560991367,1787838560947795,1787838560940418
CV3T561000H0,52367,52368,52373,1787838561025513,1787838561017734,1787838561007208
CPBG1630011D,52434,52435,52436,1787838561024987,1787838561031735,1787838561007259
CV3T561000H0,52449,52450,52454,1787838563958297,1787838563917760,1787838563907544
CV3T561000B5,52398,52399,52403,1787838563958264,1787838563947817,1787838563940818
CPBG1630011D,52516,52517,52518,1787838563958226,1787838563965120,1787838563940990
CV3T561000H0,52472,52473,52478,1787838564791812,1787838564784890,1787838564774675
CV3T561000B5,52422,52423,52427,1787838564825120,1787838564814486,1787838564807485
CPBG1630011D,52540,52541,52542,1787838564825092,1787838564831797,1787838564807665
CV3T561000H0,52617,52618,52622,1787838570124714,1787838570084475,1787838570074260
CV3T561000B5,52566,52567,52571,1787838570124967,1787838570114506,1787838570107491
CPBG1630011D,52684,52685,52686,1787838570124993,1787838570131859,1787838570107720
CV3T561000B5,52722,52723,52726,1787838575691498,1787838575647872,1787838575640201
CPBG1630011D,52840,52841,52842,1787838575692254,1787838575698597,1787838575673734
CV3T561000H0,52773,52774,52779,1787838575691353,1787838575684498,1787838575674612
CV3T561000B5,52790,52791,52795,1787838577991359,1787838577981208,1787838577973478
CPBG1630011D,52909,52910,52911,1787838578025070,1787838578031960,1787838578007039
CV3T561000H0,52842,52843,52848,1787838578024863,1787838578017846,1787838578007988
CV3T561000H0,52916,52917,52921,1787838580524776,1787838580484541,1787838580474711
CV3T561000B5,52865,52866,52870,1787838580525132,1787838580514566,1787838580506770
CPBG1630011D,52983,52984,52985,1787838580524790,1787838580532004,1787838580507019
CV3T561000B5,52906,52907,52911,1787838581991447,1787838581981227,1787838581973801
CPBG1630011D,53025,53026,53027,1787838582025046,1787838582032012,1787838582007247
CV3T561000H0,52958,52959,52964,1787838582025150,1787838582017874,1787838582007771
CPBG1630011D,53100,53101,53102,1787838584591649,1787838584598735,1787838584574444
CV3T561000H0,53034,53035,53040,1787838584624883,1787838584617895,1787838584607216
CV3T561000B5,52983,52984,52988,1787838584625268,1787838584614579,1787838584607246
CV3T561000H0,53071,53072,53076,1787838585858135,1787838585817902,1787838585807198
CV3T561000B5,53020,53021,53025,1787838585858019,1787838585847917,1787838585840578
CPBG1630011D,53138,53139,53140,1787838585858119,1787838585865398,1787838585841109
CV3T561000H0,53105,53106,53110,1787838586991548,1787838586951238,1787838586940511
CV3T561000B5,53054,53055,53059,1787838586991546,1787838586981250,1787838586973907
CPBG1630011D,53172,53173,53174,1787838586991615,1787838586998741,1787838586974454
CPBG1630011D,53190,53191,53191,1787838587625007,1787838587598751,1787838587574467
CV3T561000H0,53123,53124,53129,1787838587624991,1787838587617952,1787838587607211
CV3T561000B5,53072,53073,53077,1787838587625001,1787838587614629,1787838587607283
CPBG1630011D,53199,53200,53200,1787838587925625,1787838587898753,1787838587874469
CV3T561000H0,53132,53133,53138,1787838587925135,1787838587917913,1787838587907167
CV3T561000B5,53081,53082,53086,1787838587925205,1787838587914590,1787838587907242
CV3T561000B5,53082,53083,53086,1787838587958283,1787838587914590,1787838587907243
CV3T561000H0,53133,53134,53139,1787838587958364,1787838587951247,1787838587940499
CPBG1630011D,53200,53201,53202,1787838587958472,1787838587965423,1787838587941140
CPBG1630011D,53275,53276,53276,1787838590524926,1787838590498786,1787838590474507
CV3T561000H0,53208,53209,53214,1787838590525026,1787838590517931,1787838590507131
CV3T561000B5,53157,53158,53162,1787838590524834,1787838590514603,1787838590507244
CV3T561000H0,53262,53263,53267,1787838592391748,1787838592351273,1787838592340283
CPBG1630011D,53329,53330,53331,1787838592392468,1787838592398813,1787838592374157
CV3T561000B5,53211,53212,53216,1787838592391954,1787838592381279,1787838592374271
CV3T561000H0,53293,53294,53298,1787838593424884,1787838593384615,1787838593373564
CPBG1630011D,53360,53361,53362,1787838593425233,1787838593432161,1787838593407426
CV3T561000B5,53242,53243,53247,1787838593425100,1787838593414618,1787838593407621
CV3T561000B5,53244,53245,53249,1787838593491593,1787838593481291,1787838593474295
CV3T561000H0,53296,53297,53302,1787838593524740,1787838593517954,1787838593506899
CPBG1630011D,53363,53364,53365,1787838593525323,1787838593532165,1787838593507429
CV3T561000B5,53270,53271,53274,1787838594424820,1787838594381288,1787838594374300
CV3T561000H0,53321,53322,53327,1787838594424687,1787838594417959,1787838594406880
CPBG1630011D,53388,53389,53390,1787838594424884,1787838594432175,1787838594407426
CPBG1630011D,53408,53409,53410,1787838595091436,1787838595098861,1787838595074102
CV3T561000H0,53342,53343,53348,1787838595124749,1787838595117961,1787838595106863
CV3T561000B5,53291,53292,53296,1787838595125189,1787838595114624,1787838595107645
CV3T561000B5,53319,53320,53323,1787838596092139,1787838596047968,1787838596040998
CV3T561000H0,53370,53371,53376,1787838596092050,1787838596084631,1787838596073506
CPBG1630011D,53437,53438,53439,1787838596091973,1787838596098857,1787838596074082
CV3T561000H0,53435,53436,53441,1787838598291691,1787838598284648,1787838598273462
CPBG1630011D,53503,53504,53505,1787838598324739,1787838598332225,1787838598307417
CV3T561000B5,53385,53386,53390,1787838598324822,1787838598314642,1787838598307695
CV3T561000H0,53481,53482,53486,1787838599824736,1787838599784662,1787838599773435
CPBG1630011D,53548,53549,53550,1787838599824772,1787838599832247,1787838599807418
CV3T561000B5,53430,53431,53435,1787838599824823,1787838599814652,1787838599807720
CV3T561000B5,53474,53475,53478,1787838601292002,1787838601247989,1787838601241071
CV3T561000H0,53525,53526,53531,1787838601291581,1787838601284672,1787838601273402
CPBG1630011D,53592,53593,53594,1787838601291966,1787838601298932,1787838601274081
CV3T561000H0,53561,53562,53566,1787838602558302,1787838602518007,1787838602507579
CV3T561000B5,53510,53511,53515,1787838602558623,1787838602547994,1787838602540284
CPBG1630011D,53628,53629,53630,1787838602558331,1787838602565612,1787838602540426
CV3T561000B5,53535,53536,53539,1787838603392028,1787838603347995,1787838603340267
CPBG1630011D,53653,53654,53655,1787838603392065,1787838603398971,1787838603373757
CV3T561000H0,53586,53587,53592,1787838603391734,1787838603384700,1787838603374307
CV3T561000B5,53541,53542,53545,1787838603624931,1787838603581346,1787838603573613
CPBG1630011D,53659,53660,53661,1787838603624808,1787838603632294,1787838603607073
CV3T561000H0,53592,53593,53598,1787838603625003,1787838603618021,1787838603607630
CV3T561000H0,53602,53603,53608,1787838603959415,1787838603952136,1787838603941748
CV3T561000B5,53552,53553,53557,1787838603991557,1787838603981340,1787838603973597
CPBG1630011D,53670,53671,53672,1787838603991911,1787838603998969,1787838603973738
CV3T561000H0,53632,53633,53638,1787838605091551,1787838605084693,1787838605074313
CV3T561000B5,53582,53583,53587,1787838605124808,1787838605114677,1787838605106910
CPBG1630011D,53700,53701,53702,1787838605124972,1787838605132315,1787838605107053
CPBG1630011D,53819,53820,53820,1787838609158132,1787838609132365,1787838609106995
CV3T561000B5,53701,53702,53706,1787838609158132,1787838609148025,1787838609140170
CV3T561000H0,53752,53753,53758,1787838609158200,1787838609151388,1787838609141040
CV3T561000B5,53706,53707,53710,1787838609324749,1787838609281366,1787838609273506
CPBG1630011D,53824,53825,53826,1787838609324824,1787838609332361,1787838609306985
CV3T561000H0,53757,53758,53763,1787838609324810,1787838609318052,1787838609307704
CPBG1630011D,54013,54014,54014,1787838615758320,1787838615732445,1787838615707855
CV3T561000H0,53946,53947,53952,1787838615758630,1787838615751433,1787838615740527
CV3T561000B5,53895,53896,53900,1787838615758413,1787838615748057,1787838615740681
CV3T561000B5,53925,53926,53930,1787838616791667,1787838616781417,1787838616774042
CV3T561000H0,53977,53978,53983,1787838616824784,1787838616818131,1787838616807211
CPBG1630011D,54044,54045,54046,1787838616824785,1787838616832486,1787838616807901
CPBG1630011D,54104,54105,54106,1787838618891497,1787838618899159,1787838618874587
CV3T561000H0,54038,54039,54044,1787838618925380,1787838618918118,1787838618907168
CV3T561000B5,53987,53988,53992,1787838618925608,1787838618914736,1787838618907361
CV3T561000H0,54043,54044,54049,1787838619091336,1787838619084786,1787838619073835
CV3T561000B5,53993,53994,53998,1787838619124697,1787838619114735,1787838619107359
CPBG1630011D,54111,54112,54113,1787838619125038,1787838619132487,1787838619107915
CV3T561000H0,54224,54225,54230,1787838625158356,1787838625151494,1787838625141117
CPBG1630011D,54292,54293,54294,1787838625191369,1787838625199232,1787838625174165
CV3T561000B5,54174,54175,54179,1787838625191351,1787838625181431,1787838625174600
CPBG1630011D,54298,54299,54299,1787838625391830,1787838625365901,1787838625340833
CV3T561000H0,54231,54232,54237,1787838625391829,1787838625384829,1787838625374453
CV3T561000B5,54180,54181,54185,1787838625391457,1787838625381434,1787838625374608
CV3T561000B5,54219,54220,54224,1787838626692669,1787838626681883,1787838626675083
CPBG1630011D,54338,54339,54340,1787838626724790,1787838626732597,1787838626707510
CV3T561000H0,54271,54272,54277,1787838626725055,1787838626718180,1787838626707820
CV3T561000B5,54241,54242,54246,1787838627425372,1787838627414895,1787838627408110
CPBG1630011D,54360,54361,54362,1787838627458400,1787838627465931,1787838627440834
CV3T561000H0,54293,54294,54299,1787838627458923,1787838627451510,1787838627441156
CV3T561000B5,54372,54373,54376,1787838632024796,1787838631981486,1787838631974108
CPBG1630011D,54490,54491,54492,1787838632025083,1787838632032656,1787838632007628
CV3T561000H0,54423,54424,54429,1787838632024808,1787838632018206,1787838632007727
CV3T561000H0,54601,54602,54607,1787838638091585,1787838638084944,1787838638074045
CV3T561000B5,54551,54552,54556,1787838638125050,1787838638114827,1787838638107148
CPBG1630011D,54669,54670,54671,1787838638124902,1787838638132734,1787838638107985
CPBG1630011D,54792,54793,54793,1787838642425075,1787838642399454,1787838642374105
CV3T561000B5,54674,54675,54679,1787838642424796,1787838642414850,1787838642407537
CV3T561000H0,54725,54726,54731,1787838642425153,1787838642418277,1787838642407659
CPBG1630011D,54908,54909,54909,1787838646291616,1787838646266172,1787838646240606
CV3T561000B5,54790,54791,54795,1787838646291466,1787838646281531,1787838646274224
CV3T561000H0,54841,54842,54847,1787838646291719,1787838646284966,1787838646274409
CV3T561000B5,54854,54855,54858,1787838648624860,1787838648548215,1787838648540910
CPBG1630011D,54972,54973,54974,1787838648624881,1787838648632880,1787838648607251
CV3T561000H0,54905,54906,54911,1787838648624699,1787838648618327,1787838648607780
CV3T561000B5,54880,54881,54885,1787838649524881,1787838649514881,1787838649507579
CPBG1630011D,54999,55000,55001,1787838649558677,1787838649566215,1787838649540562
CV3T561000H0,54932,54933,54938,1787838649558249,1787838649551657,1787838649541113
CV3T561000B5,54928,54929,54932,1787838651224781,1787838651181555,1787838651174255
CPBG1630011D,55047,55048,55049,1787838651258757,1787838651266237,1787838651240540
CV3T561000H0,54980,54981,54986,1787838651258749,1787838651251668,1787838651241131
CV3T561000B5,54942,54943,54946,1787838651725123,1787838651681561,1787838651674349
CPBG1630011D,55060,55061,55062,1787838651725262,1787838651732914,1787838651707213
CV3T561000H0,54993,54994,54999,1787838651725258,1787838651718344,1787838651707798
CV3T561000B5,54947,54948,54951,1787838651891603,1787838651848230,1787838651841083
CPBG1630011D,55065,55066,55067,1787838651891655,1787838651899582,1787838651873958
CV3T561000H0,54998,54999,55004,1787838651891664,1787838651885009,1787838651874367
CPBG1630011D,55275,55276,55276,1787838658991501,1787838658966335,1787838658941226
CV3T561000H0,55208,55209,55214,1787838658991499,1787838658985051,1787838658973617
CV3T561000B5,55157,55158,55162,1787838658991518,1787838658981592,1787838658974649
CV3T561000B5,55193,55194,55197,1787838660224688,1787838660181609,1787838660174680
CV3T561000H0,55244,55245,55250,1787838660224737,1787838660218387,1787838660206922
CPBG1630011D,55311,55312,55313,1787838660224758,1787838660233005,1787838660207895
CV3T561000H0,55281,55282,55286,1787838661524968,1787838661485068,1787838661473570
CPBG1630011D,55348,55349,55350,1787838661525039,1787838661533031,1787838661507919
CV3T561000B5,55230,55231,55235,1787838661524845,1787838661514942,1787838661507934
CPBG1630011D,55366,55367,55367,1787838662124936,1787838662099703,1787838662074400
CV3T561000H0,55299,55300,55305,1787838662125167,1787838662118405,1787838662107221
CV3T561000B5,55248,55249,55253,1787838662124931,1787838662114940,1787838662107279
CV3T561000H0,55302,55303,55307,1787838662224872,1787838662185077,1787838662173963
CV3T561000B5,55251,55252,55256,1787838662224884,1787838662214940,1787838662207218
CPBG1630011D,55369,55370,55371,1787838662224964,1787838662233035,1787838662207637
CPBG1630011D,55467,55468,55468,1787838665524888,1787838665499756,1787838665474109
CV3T561000B5,55349,55350,55354,1787838665524935,1787838665514960,1787838665507149
CV3T561000H0,55400,55401,55406,1787838665524865,1787838665518431,1787838665507641
CV3T561000H0,55427,55428,55432,1787838666424686,1787838666385101,1787838666374314
CV3T561000B5,55376,55377,55381,1787838666424793,1787838666414973,1787838666407142
CPBG1630011D,55494,55495,55496,1787838666425477,1787838666433110,1787838666407445
CV3T561000H0,55451,55452,55456,1787838667225050,1787838667185109,1787838667174325
CV3T561000B5,55400,55401,55405,1787838667224793,1787838667214969,1787838667207121
CPBG1630011D,55518,55519,55520,1787838667225081,1787838667233112,1787838667207431
CV3T561000B5,55441,55442,55445,1787838668658087,1787838668614975,1787838668607096
CPBG1630011D,55559,55560,55561,1787838668658122,1787838668666460,1787838668640749
CV3T561000H0,55492,55493,55498,1787838668658172,1787838668651782,1787838668641003
CV3T561000H0,55521,55522,55526,1787838669625245,1787838669585126,1787838669574350
CV3T561000B5,55470,55471,55475,1787838669625245,1787838669614983,1787838669607082
CPBG1630011D,55588,55589,55590,1787838669625334,1787838669633145,1787838669607414
CV3T561000B5,55554,55555,55558,1787838672424727,1787838672381656,1787838672374220
CPBG1630011D,55672,55673,55674,1787838672425255,1787838672433176,1787838672407133
CV3T561000H0,55605,55606,55611,1787838672425056,1787838672418475,1787838672407346
CPBG1630011D,55727,55728,55728,1787838674291869,1787838674266530,1787838674240389
CV3T561000H0,55660,55661,55666,1787838674291956,1787838674285153,1787838674273942
CV3T561000B5,55609,55610,55614,1787838674291409,1787838674281665,1787838674274230
CV3T561000B5,55612,55613,55617,1787838674391380,1787838674381668,1787838674374233
CPBG1630011D,55731,55732,55733,1787838674424817,1787838674433203,1787838674407055
CV3T561000H0,55664,55665,55670,1787838674424999,1787838674418490,1787838674407278
CV3T561000H0,55716,55717,55722,1787838676192264,1787838676185169,1787838676173932
CPBG1630011D,55784,55785,55786,1787838676224771,1787838676233226,1787838676207020
CV3T561000B5,55666,55667,55671,1787838676225094,1787838676215010,1787838676207573
CV3T561000B5,55702,55703,55706,1787838677424732,1787838677381679,1787838677374243
CPBG1630011D,55820,55821,55822,1787838677424800,1787838677433243,1787838677406999
CV3T561000H0,55753,55754,55759,1787838677424855,1787838677418511,1787838677407256
CPBG1630011D,55855,55856,55856,1787838678691630,1787838678666590,1787838678640305
CV3T561000H0,55788,55789,55794,1787838678691584,1787838678685180,1787838678673909
CV3T561000B5,55737,55738,55742,1787838678691581,1787838678681684,1787838678674247
CV3T561000B5,55767,55768,55772,1787838679724734,1787838679715028,1787838679707592
CPBG1630011D,55886,55887,55888,1787838679758567,1787838679766600,1787838679740280
CV3T561000H0,55819,55820,55825,1787838679758273,1787838679751854,1787838679740567
CV3T561000B5,55872,55873,55877,1787838683291645,1787838683281712,1787838683273649
CV3T561000H0,55924,55925,55929,1787838683324801,1787838683285217,1787838683274337
CPBG1630011D,55991,55992,55993,1787838683324992,1787838683333319,1787838683307633
CV3T561000H0,55976,55977,55982,1787838685158079,1787838685151892,1787838685141021
CV3T561000B5,55926,55927,55931,1787838685191525,1787838685181721,1787838685173610
CPBG1630011D,56044,56045,56046,1787838685191719,1787838685200010,1787838685174317
CV3T561000B5,55928,55929,55933,1787838685258213,1787838685248382,1787838685240269
CPBG1630011D,56047,56048,56049,1787838685291499,1787838685300006,1787838685274313
CV3T561000H0,55980,55981,55986,1787838685291611,1787838685285225,1787838685274354
CV3T561000H0,56070,56071,56075,1787838688292061,1787838688251911,1787838688241054
CV3T561000B5,56019,56020,56024,1787838688291927,1787838688281732,1787838688273541
CPBG1630011D,56137,56138,56139,1787838688291632,1787838688300046,1787838688274344
CV3T561000B5,56040,56041,56045,1787838688992043,1787838688981737,1787838688973530
CPBG1630011D,56159,56160,56161,1787838689024762,1787838689033394,1787838689007689
CV3T561000H0,56092,56093,56098,1787838689024916,1787838689018590,1787838689007735
CPBG1630011D,56164,56165,56166,1787838689191920,1787838689200070,1787838689174365
CV3T561000B5,56047,56048,56052,1787838689224891,1787838689215079,1787838689206866
CV3T561000H0,56098,56099,56104,1787838689225227,1787838689218595,1787838689207741
CV3T561000H0,56269,56270,56274,1787838694991431,1787838694951955,1787838694940359
CPBG1630011D,56336,56337,56338,1787838694991542,1787838695000132,1787838694973725
CV3T561000B5,56218,56219,56223,1787838694991391,1787838694981763,1787838694974168
CV3T561000B5,56267,56268,56272,1787838696758150,1787838696748441,1787838696740853
CV3T561000H0,56319,56320,56325,1787838696825060,1787838696818644,1787838696807003
CPBG1630011D,56386,56387,56388,1787838696824728,1787838696833497,1787838696807038
CV3T561000H0,56322,56323,56327,1787838696924824,1787838696885323,1787838696873680
CV3T561000B5,56271,56272,56275,1787838696924771,1787838696881792,1787838696874204
CPBG1630011D,56389,56390,56391,1787838696925011,1787838696933492,1787838696907029
CV3T561000H0,56382,56383,56387,1787838699125031,1787838699085315,1787838699073619
CPBG1630011D,56449,56450,56451,1787838699125231,1787838699133524,1787838699107000
CV3T561000B5,56331,56332,56336,1787838699125157,1787838699115121,1787838699107540
CV3T561000H0,56391,56392,56397,1787838699458088,1787838699451985,1787838699440280
CPBG1630011D,56460,56461,56462,1787838699525677,1787838699533525,1787838699506989
CV3T561000B5,56342,56343,56347,1787838699525100,1787838699515120,1787838699507541
CPBG1630011D,56559,56560,56560,1787838702925345,1787838702900224,1787838702874046
CV3T561000B5,56441,56442,56446,1787838702925135,1787838702915138,1787838702907070
CV3T561000H0,56492,56493,56498,1787838702924961,1787838702918681,1787838702907425
CPBG1630011D,56656,56657,56657,1787838706258755,1787838706233608,1787838706207395
CV3T561000B5,56538,56539,56543,1787838706258384,1787838706248484,1787838706240360
CV3T561000H0,56589,56590,56595,1787838706258364,1787838706252033,1787838706240769
CPBG1630011D,56703,56704,56705,1787838708027228,1787838708035665,1787838708009434
CV3T561000H0,56641,56642,56646,1787838708224868,1787838708185377,1787838708174107
CV3T561000B5,56590,56591,56595,1787838708224927,1787838708215166,1787838708207007
CPBG1630011D,56709,56710,56711,1787838708225395,1787838708233635,1787838708207401
CPBG1630011D,56724,56725,56725,1787838708725122,1787838708700299,1787838708674062
CV3T561000B5,56605,56606,56610,1787838708724969,1787838708715166,1787838708706999
CV3T561000H0,56656,56657,56662,1787838708725066,1787838708718720,1787838708707450
CPBG1630011D,56751,56752,56753,1787838709624864,1787838709633646,1787838709607399
CV3T561000B5,56633,56634,56638,1787838709658808,1787838709648497,1787838709640313
CV3T561000H0,56684,56685,56690,1787838709658554,1787838709652053,1787838709640780
CV3T561000B5,56644,56645,56648,1787838710024898,1787838709982301,1787838709974112
CPBG1630011D,56763,56764,56765,1787838710024870,1787838710033657,1787838710007405
CV3T561000H0,56695,56696,56701,1787838710025014,1787838710018730,1787838710007457
CV3T561000H0,56801,56802,56806,1787838713691485,1787838713652080,1787838713641166
CPBG1630011D,56869,56870,56871,1787838713691877,1787838713700366,1787838713673656
CV3T561000B5,56750,56751,56755,1787838713691458,1787838713681853,1787838713674131
CV3T561000B5,56816,56817,56820,1787838716024731,1787838715981856,1787838715974145
CPBG1630011D,56935,56936,56937,1787838716025310,1787838716033729,1787838716006957
CV3T561000H0,56867,56868,56873,1787838716024734,1787838716018765,1787838716007879
CV3T561000H0,56930,56931,56935,1787838718125104,1787838718085442,1787838718074581
CPBG1630011D,56998,56999,57000,1787838718125596,1787838718133753,1787838718106926
CV3T561000B5,56879,56880,56884,1787838718125245,1787838718115204,1787838718107501
CV3T561000B5,56981,56982,56985,1787838721624795,1787838721581892,1787838721574247
CPBG1630011D,57100,57101,57102,1787838721624815,1787838721633802,1787838721606881
CV3T561000H0,57032,57033,57038,1787838721624829,1787838721618803,1787838721607983
CV3T561000H0,57133,57134,57138,1787838725191556,1787838725152157,1787838725140925
CPBG1630011D,57201,57202,57203,1787838725191491,1787838725200514,1787838725174381
CV3T561000B5,57082,57083,57087,1787838725191533,1787838725181907,1787838725174533
CV3T561000H0,57149,57150,57154,1787838725724780,1787838725685494,1787838725674260
CPBG1630011D,57217,57218,57219,1787838725724880,1787838725733860,1787838725707731
CV3T561000B5,57098,57099,57103,1787838725725235,1787838725715249,1787838725707883
CV3T561000H0,57160,57161,57165,1787838726091589,1787838726052936,1787838726041700
CPBG1630011D,57228,57229,57230,1787838726091697,1787838726100528,1787838726074400
CV3T561000B5,57109,57110,57114,1787838726091808,1787838726081914,1787838726074553
CV3T561000H0,57190,57191,57195,1787838727124694,1787838727085510,1787838727074270
CPBG1630011D,57258,57259,57260,1787838727125048,1787838727133872,1787838727107751
CV3T561000B5,57139,57140,57144,1787838727124751,1787838727115250,1787838727107905
CV3T561000B5,57185,57186,57189,1787838728658296,1787838728615254,1787838728607932
CV3T561000H0,57236,57237,57242,1787838728658229,1787838728652183,1787838728640934
CPBG1630011D,57304,57305,57306,1787838728658376,1787838728667226,1787838728641113
CPBG1630011D,57309,57310,57311,1787838728824967,1787838728833894,1787838728807782
CV3T561000H0,57242,57243,57248,1787838728858218,1787838728852184,1787838728840935
CV3T561000B5,57191,57192,57196,1787838728858515,1787838728848592,1787838728841272
CV3T561000H0,57250,57251,57255,1787838729158686,1787838729118854,1787838729107604
CPBG1630011D,57318,57319,57320,1787838729158308,1787838729167232,1787838729141121
CV3T561000B5,57199,57200,57204,1787838729158585,1787838729148594,1787838729141279
CV3T561000B5,57243,57244,57247,1787838730624762,1787838730581927,1787838730574635
CV3T561000H0,57294,57295,57300,1787838730624937,1787838730618858,1787838730607601
CPBG1630011D,57362,57363,57364,1787838730624935,1787838730633907,1787838730607805
CPBG1630011D,57524,57525,57525,1787838736291588,1787838736267317,1787838736240714
CV3T561000H0,57456,57457,57462,1787838736291686,1787838736285564,1787838736273816
CV3T561000B5,57405,57406,57410,1787838736291595,1787838736281958,1787838736273851
CV3T561000H0,57556,57557,57562,1787838739891371,1787838739885590,1787838739873766
CV3T561000B5,57506,57507,57511,1787838739925411,1787838739915309,1787838739907142
CPBG1630011D,57625,57626,57627,1787838739925116,1787838739934035,1787838739907384
CPBG1630011D,57689,57690,57690,1787838742158033,1787838742134063,1787838742107580
CV3T561000H0,57621,57622,57627,1787838742158019,1787838742152270,1787838742140634
CV3T561000B5,57570,57571,57575,1787838742158124,1787838742148652,1787838742140932
CPBG1630011D,57754,57755,57755,1787838744324756,1787838744300760,1787838744274564
CV3T561000H0,57686,57687,57692,1787838744324742,1787838744318951,1787838744307574
CV3T561000B5,57635,57636,57640,1787838744324811,1787838744315329,1787838744307665
CV3T561000H0,57819,57820,57824,1787838748891690,1787838748852314,1787838748840934
CV3T561000B5,57768,57769,57773,1787838748892215,1787838748882020,1787838748874379
CPBG1630011D,57887,57888,57889,1787838748892007,1787838748900819,1787838748874651
CPBG1630011D,57909,57910,57911,1787838749624864,1787838749634161,1787838749607998
CV3T561000H0,57842,57843,57848,1787838749658267,1787838749652320,1787838749640939
CV3T561000B5,57791,57792,57796,1787838749658260,1787838749648688,1787838749641050
CV3T561000B5,57825,57826,57829,1787838750925131,1787838750882028,1787838750874398
CV3T561000H0,57876,57877,57882,1787838750925364,1787838750918997,1787838750907614
CPBG1630011D,57944,57945,57946,1787838750925855,1787838750934178,1787838750908022
CV3T561000B5,57827,57828,57831,1787838750991338,1787838750948694,1787838750941063
CV3T561000H0,57878,57879,57884,1787838750991375,1787838750985668,1787838750974285
CPBG1630011D,57946,57947,57948,1787838750991730,1787838751000850,1787838750974696
CV3T561000B5,57882,57883,57887,1787838753058793,1787838753049479,1787838753041338
CV3T561000H0,57934,57935,57940,1787838753091518,1787838753085684,1787838753073598
CPBG1630011D,58002,58003,58004,1787838753091392,1787838753100879,1787838753073971
CV3T561000H0,57990,57991,57995,1787838754958276,1787838754919029,1787838754906893
CV3T561000B5,57939,57940,57944,1787838754958253,1787838754948713,1787838754940541
CPBG1630011D,58058,58059,58060,1787838754958303,1787838754967562,1787838754940609
CPBG1630011D,58117,58118,58118,1787838756925244,1787838756900921,1787838756873922
CV3T561000H0,58049,58050,58055,1787838756925015,1787838756919037,1787838756906845
CV3T561000B5,57998,57999,58003,1787838756924904,1787838756915391,1787838756907188
CPBG1630011D,58142,58143,58143,1787838757758457,1787838757734263,1787838757707244
CV3T561000H0,58074,58075,58080,1787838757758363,1787838757752374,1787838757740159
CV3T561000B5,58023,58024,58028,1787838757758478,1787838757748726,1787838757740511
CV3T561000H0,58120,58121,58126,1787838759324734,1787838759319055,1787838759306797
CV3T561000B5,58070,58071,58075,1787838759358221,1787838759348734,1787838759340493
CPBG1630011D,58189,58190,58191,1787838759358030,1787838759367618,1787838759340558
CPBG1630011D,58205,58206,58207,1787838759891500,1787838759900968,1787838759873896
CV3T561000H0,58138,58139,58144,1787838759924830,1787838759919061,1787838759906786
CV3T561000B5,58087,58088,58092,1787838759924902,1787838759915409,1787838759907160
CV3T561000H0,58153,58154,58159,1787838760424675,1787838760419059,1787838760406770
CV3T561000B5,58103,58104,58108,1787838760458462,1787838760448741,1787838760440484
CPBG1630011D,58222,58223,58224,1787838760458309,1787838760467635,1787838760440550
CV3T561000B5,58159,58160,58163,1787838762324847,1787838762282090,1787838762274220
CV3T561000H0,58210,58211,58216,1787838762325023,1787838762319083,1787838762307072
CPBG1630011D,58278,58279,58280,1787838762325141,1787838762334335,1787838762307099
CV3T561000H0,58298,58299,58303,1787838765291815,1787838765252423,1787838765240522
CPBG1630011D,58366,58367,58368,1787838765291525,1787838765301025,1787838765273654
CV3T561000B5,58247,58248,58252,1787838765291558,1787838765282092,1787838765274230
CV3T561000H0,58324,58325,58329,1787838766225046,1787838766185773,1787838766173863
CPBG1630011D,58392,58393,58394,1787838766224871,1787838766234388,1787838766206987
CV3T561000B5,58273,58274,58278,1787838766224935,1787838766215447,1787838766207587
CV3T561000H0,58410,58411,58415,1787838769191599,1787838769152449,1787838769140511
CPBG1630011D,58478,58479,58480,1787838769191598,1787838769201078,1787838769173589
CV3T561000B5,58359,58360,58364,1787838769191695,1787838769182114,1787838769174259
CV3T561000H0,58668,58669,58673,1787838778024990,1787838777985842,1787838777973680
CV3T561000B5,58617,58618,58622,1787838778024934,1787838778015499,1787838778006996
CPBG1630011D,58736,58737,58738,1787838778024744,1787838778034535,1787838778007583
CPBG1630011D,58792,58793,58793,1787838779891837,1787838779867887,1787838779840929
CV3T561000B5,58674,58675,58679,1787838779925023,1787838779915506,1787838779906965
CV3T561000H0,58725,58726,58731,1787838779925071,1787838779919197,1787838779907008
CV3T561000B5,58713,58714,58718,1787838781225205,1787838781215502,1787838781206935
CV3T561000H0,58765,58766,58771,1787838781258127,1787838781252529,1787838781240322
CPBG1630011D,58833,58834,58835,1787838781258169,1787838781267899,1787838781240936
CV3T561000B5,58722,58723,58726,1787838781524679,1787838781482171,1787838781473621
CV3T561000H0,58773,58774,58779,1787838781524750,1787838781519201,1787838781506989
CPBG1630011D,58841,58842,58843,1787838781525040,1787838781534572,1787838781507609
CV3T561000H0,58866,58867,58871,1787838784758159,1787838784719235,1787838784707472
CV3T561000B5,58815,58816,58820,1787838784758020,1787838784748860,1787838784740715
CPBG1630011D,58934,58935,58936,1787838784758074,1787838784767959,1787838784741334
CV3T561000H0,58869,58870,58874,1787838784858439,1787838784819221,1787838784807460
CV3T561000B5,58818,58819,58823,1787838784858252,1787838784848861,1787838784840716
CPBG1630011D,58937,58938,58939,1787838784858639,1787838784867961,1787838784841337
CV3T561000B5,58906,58907,58911,1787838787892095,1787838787882203,1787838787874052
CV3T561000H0,58958,58959,58964,1787838787925079,1787838787919242,1787838787907492
CPBG1630011D,59026,59027,59028,1787838787924746,1787838787934661,1787838787908065
CPBG1630011D,59030,59031,59031,1787838788058316,1787838788034660,1787838788008066
CV3T561000B5,58911,58912,58916,1787838788058750,1787838788048873,1787838788040721
CV3T561000H0,58962,58963,58968,1787838788058560,1787838788052579,1787838788040829
CV3T561000B5,59142,59143,59146,1787838795891979,1787838795848909,1787838795840572
CV3T561000H0,59193,59194,59199,1787838795891814,1787838795885965,1787838795873610
CPBG1630011D,59261,59262,59263,1787838795891886,1787838795901425,1787838795874311
CV3T561000H0,59266,59267,59272,1787838798391665,1787838798385984,1787838798373584
CV3T561000B5,59216,59217,59221,1787838798425059,1787838798415590,1787838798407232
CPBG1630011D,59335,59336,59337,1787838798425145,1787838798434799,1787838798407656
CV3T561000B5,59273,59274,59277,1787838800425120,1787838800382263,1787838800373890
CV3T561000H0,59324,59325,59330,1787838800425166,1787838800419324,1787838800406888
CPBG1630011D,59392,59393,59394,1787838800425078,1787838800434820,1787838800407655
CPBG1630011D,59419,59420,59420,1787838801325350,1787838801301518,1787838801274343
CV3T561000H0,59351,59352,59357,1787838801324887,1787838801319362,1787838801306911
CV3T561000B5,59300,59301,59305,1787838801324886,1787838801315631,1787838801307251
CPBG1630011D,59426,59427,59428,1787838801558132,1787838801568172,1787838801540994
CV3T561000H0,59359,59360,59365,1787838801591561,1787838801586001,1787838801573544
CV3T561000B5,59308,59309,59313,1787838801591384,1787838801582269,1787838801573971
CV3T561000B5,59319,59320,59323,1787838801991696,1787838801915608,1787838801907599
CV3T561000H0,59370,59371,59376,1787838801991789,1787838801986009,1787838801973631
CPBG1630011D,59438,59439,59440,1787838801991544,1787838802001515,1787838801974194
CPBG1630011D,59523,59524,59524,1787838804925371,1787838804901544,1787838804873582
CV3T561000H0,59455,59456,59461,1787838804925106,1787838804919359,1787838804907301
CV3T561000B5,59404,59405,59409,1787838804924947,1787838804915620,1787838804907910
CV3T561000H0,59478,59479,59483,1787838805724692,1787838805686026,1787838805673966
CPBG1630011D,59546,59547,59548,1787838805725016,1787838805734889,1787838805706895
CV3T561000B5,59427,59428,59432,1787838805724862,1787838805715620,1787838805707924
CV3T561000B5,59471,59472,59475,1787838807191520,1787838807148963,1787838807141291
CPBG1630011D,59590,59591,59592,1787838807191928,1787838807201576,1787838807173525
CV3T561000H0,59522,59523,59528,1787838807191416,1787838807186038,1787838807173977
CPBG1630011D,59648,59649,59649,1787838809225029,1787838809201604,1787838809173476
CV3T561000H0,59580,59581,59586,1787838809224845,1787838809219385,1787838809207320
CV3T561000B5,59529,59530,59534,1787838809224766,1787838809215639,1787838809208001
CPBG1630011D,59653,59654,59654,1787838809391459,1787838809368271,1787838809340137
CV3T561000H0,59585,59586,59591,1787838809391737,1787838809386054,1787838809373989
CV3T561000B5,59534,59535,59539,1787838809391751,1787838809382307,1787838809374673
CPBG1630011D,59722,59723,59723,1787838811758294,1787838811734956,1787838811706731
CV3T561000H0,59654,59655,59660,1787838811758408,1787838811752738,1787838811740672
CV3T561000H0,59655,59656,59660,1787838811791654,1787838811752738,1787838811740672
CV3T561000B5,59603,59604,59608,1787838811758288,1787838811748986,1787838811741119
CPBG1630011D,59723,59724,59725,1787838811791950,1787838811801629,1787838811773414
CV3T561000B5,59604,59605,59609,1787838811791880,1787838811782318,1787838811774413
CV3T561000H0,59739,59740,59744,1787838814625027,1787838814586082,1787838814574402
CV3T561000B5,59688,59689,59693,1787838814625457,1787838814615662,1787838814607243
CPBG1630011D,59807,59808,59809,1787838814625046,1787838814634996,1787838814607309
CPBG1630011D,59850,59851,59852,1787838816126831,1787838816137042,1787838816109333
CV3T561000B5,59741,59742,59745,1787838816525020,1787838816482804,1787838816474358
CPBG1630011D,59861,59862,59863,1787838816525074,1787838816535017,1787838816507301
CV3T561000H0,59792,59793,59798,1787838816524788,1787838816519429,1787838816507773
CPBG1630011D,59879,59880,59880,1787838817124989,1787838817101699,1787838817073975
CV3T561000B5,59759,59760,59764,1787838817124735,1787838817115674,1787838817107218
CV3T561000H0,59810,59811,59816,1787838817124862,1787838817119436,1787838817107786
CV3T561000B5,59789,59790,59793,1787838818124670,1787838818082347,1787838818073878
CPBG1630011D,59909,59910,59911,1787838818124722,1787838818135047,1787838818107308
CV3T561000H0,59840,59841,59846,1787838818124715,1787838818119449,1787838818107812
CV3T561000B5,59811,59812,59816,1787838818891806,1787838818882354,1787838818873874
CPBG1630011D,59932,59933,59934,1787838818924776,1787838818935052,1787838818907302
CV3T561000H0,59863,59864,59869,1787838818924894,1787838818919449,1787838818907822
CV3T561000B5,59822,59823,59827,1787838819257992,1787838819249014,1787838819240529
CPBG1630011D,59943,59944,59945,1787838819291850,1787838819301727,1787838819273972
CV3T561000H0,59874,59875,59880,1787838819291866,1787838819286121,1787838819274497
CV3T561000H0,59998,59999,60003,1787838823525564,1787838823486150,1787838823473760
CPBG1630011D,60067,60068,60069,1787838823526107,1787838823535252,1787838823507252
CV3T561000B5,59947,59948,59952,1787838823525473,1787838823515846,1787838823507744
CPBG1630011D,60087,60088,60089,1787838824191650,1787838824201789,1787838824173776
CV3T561000H0,60019,60020,60025,1787838824224960,1787838824219483,1787838824207081
CV3T561000B5,59968,59969,59973,1787838824225179,1787838824215707,1787838824207608
CPBG1630011D,60090,60091,60092,1787838824291505,1787838824301786,1787838824273771
CV3T561000H0,60022,60023,60028,1787838824325389,1787838824319483,1787838824307080
CV3T561000B5,59971,59972,59976,1787838824325178,1787838824315708,1787838824307608
CV3T561000B5,60010,60011,60014,1787838825624946,1787838825582400,1787838825574303
CV3T561000H0,60061,60062,60067,1787838825625075,1787838825619501,1787838825607075
CPBG1630011D,60130,60131,60132,1787838825624816,1787838825635145,1787838825607100
CV3T561000B5,60012,60013,60016,1787838825691320,1787838825649048,1787838825640953
CV3T561000H0,60063,60064,60069,1787838825691584,1787838825686160,1787838825673732
CPBG1630011D,60132,60133,60134,1787838825691444,1787838825701806,1787838825673760
CV3T561000B5,60045,60046,60049,1787838826891411,1787838826849058,1787838826840965
CV3T561000H0,60096,60097,60102,1787838826891393,1787838826886171,1787838826873723
CPBG1630011D,60165,60166,60167,1787838826891450,1787838826901823,1787838826873750
CV3T561000H0,60199,60200,60204,1787838830324785,1787838830286190,1787838830273683
CPBG1630011D,60268,60269,60270,1787838830324768,1787838830335196,1787838830307049
CV3T561000B5,60148,60149,60153,1787838830324852,1787838830315735,1787838830307651
CV3T561000B5,60206,60207,60210,1787838832325466,1787838832282433,1787838832273713
CV3T561000H0,60257,60258,60263,1787838832325140,1787838832319539,1787838832307515
CPBG1630011D,60326,60327,60328,1787838832325070,1787838832335225,1787838832307534
CPBG1630011D,60334,60335,60336,1787838832591812,1787838832601903,1787838832574431
CV3T561000B5,60215,60216,60220,1787838832625112,1787838832615747,1787838832607007
CV3T561000H0,60266,60267,60272,1787838832624823,1787838832619539,1787838832607756
CV3T561000H0,60276,60277,60281,1787838832958376,1787838832919556,1787838832907793
CV3T561000B5,60225,60226,60230,1787838832958304,1787838832949091,1787838832940344
CPBG1630011D,60345,60346,60347,1787838832958200,1787838832968573,1787838832941133
CPBG1630011D,60401,60402,60402,1787838834958244,1787838834935260,1787838834907837
CV3T561000B5,60281,60282,60286,1787838834958447,1787838834949096,1787838834940301
CV3T561000H0,60332,60333,60338,1787838834958365,1787838834952892,1787838834941154
CV3T561000H0,60346,60347,60351,1787838835458245,1787838835386225,1787838835374492
CV3T561000B5,60295,60296,60300,1787838835458369,1787838835449093,1787838835440287
CPBG1630011D,60415,60416,60417,1787838835458170,1787838835468596,1787838835441178
CV3T561000B5,60375,60376,60379,1787838838158201,1787838838115778,1787838838106909
CV3T561000H0,60426,60427,60432,1787838838158678,1787838838152906,1787838838141205
CPBG1630011D,60495,60496,60497,1787838838158263,1787838838168629,1787838838141233
CV3T561000B5,60449,60450,60453,1787838840625263,1787838840582455,1787838840573528
CV3T561000H0,60500,60501,60506,1787838840625115,1787838840619591,1787838840607920
CPBG1630011D,60569,60570,60571,1787838840625595,1787838840635329,1787838840607954
CV3T561000H0,60504,60505,60509,1787838840758263,1787838840719589,1787838840707919
CV3T561000B5,60453,60454,60458,1787838840758302,1787838840749123,1787838840740192
CPBG1630011D,60573,60574,60575,1787838840758274,1787838840768669,1787838840741295
CV3T561000B5,60454,60455,60459,1787838840791526,1787838840782469,1787838840773537
CV3T561000H0,60506,60507,60512,1787838840824834,1787838840819599,1787838840807932
CPBG1630011D,60575,60576,60577,1787838840824820,1787838840835338,1787838840807964
CPBG1630011D,60584,60585,60585,1787838841125252,1787838841102002,1787838841074631
CV3T561000B5,60464,60465,60469,1787838841124933,1787838841115787,1787838841106847
CV3T561000H0,60515,60516,60521,1787838841125100,1787838841119595,1787838841107930
CPBG1630011D,60627,60628,60628,1787838842624815,1787838842602030,1787838842573891
CV3T561000H0,60558,60559,60564,1787838842624690,1787838842619605,1787838842607299
CV3T561000B5,60507,60508,60512,1787838842624660,1787838842615794,1787838842607681
CV3T561000B5,60523,60524,60527,1787838843158409,1787838843115795,1787838843107688
CPBG1630011D,60643,60644,60645,1787838843157998,1787838843168701,1787838843140513
CV3T561000H0,60574,60575,60580,1787838843158375,1787838843152947,1787838843140617
CPBG1630011D,60838,60839,60839,1787838849691891,1787838849669565,1787838849641221
CV3T561000H0,60769,60770,60775,1787838849692082,1787838849686328,1787838849673906
CV3T561000B5,60718,60719,60723,1787838849692004,1787838849682504,1787838849674467
CV3T561000H0,60845,60846,60850,1787838852358170,1787838852319670,1787838852307568
CV3T561000B5,60794,60795,60799,1787838852358132,1787838852349180,1787838852340616
CPBG1630011D,60914,60915,60916,1787838852358163,1787838852368821,1787838852340873
CPBG1630011D,60983,60984,60984,1787838854724916,1787838854702174,1787838854674423
CV3T561000B5,60863,60864,60868,1787838854725148,1787838854715851,1787838854707259
CV3T561000H0,60914,60915,60920,1787838854725172,1787838854719685,1787838854707784
CPBG1630011D,61053,61054,61054,1787838857158405,1787838857135546,1787838857107802
CV3T561000B5,60933,60934,60938,1787838857158671,1787838857149192,1787838857140570
CV3T561000H0,60984,60985,60990,1787838857158340,1787838857153031,1787838857141149
CV3T561000B5,61067,61068,61071,1787838861658513,1787838861615880,1787838861607255
CPBG1630011D,61187,61188,61189,1787838861658376,1787838861668942,1787838861641209
CV3T561000H0,61118,61119,61124,1787838861658140,1787838861653073,1787838861641227
CV3T561000H0,61126,61127,61131,1787838861924936,1787838861886406,1787838861874511
CV3T561000B5,61075,61076,61080,1787838861924896,1787838861915893,1787838861907411
CPBG1630011D,61195,61196,61197,1787838861925048,1787838861935611,1787838861907828
CV3T561000B5,61100,61101,61105,1787838862791404,1787838862782554,1787838862774223
CV3T561000H0,61152,61153,61158,1787838862825173,1787838862819746,1787838862807248
CPBG1630011D,61221,61222,61223,1787838862825127,1787838862835622,1787838862807404
CV3T561000B5,61115,61116,61119,1787838863325047,1787838863282555,1787838863274225
CV3T561000H0,61166,61167,61172,1787838863324946,1787838863319753,1787838863307246
CPBG1630011D,61235,61236,61237,1787838863324958,1787838863335632,1787838863307404
CPBG1630011D,61341,61342,61342,1787838867024998,1787838867002332,1787838866974041
CV3T561000H0,61272,61273,61278,1787838867024730,1787838867019766,1787838867007189
CV3T561000B5,61221,61222,61226,1787838867024718,1787838867015908,1787838867007587
CV3T561000B5,61242,61243,61246,1787838867724964,1787838867682584,1787838867674266
CV3T561000H0,61293,61294,61299,1787838867724700,1787838867719777,1787838867707187
CPBG1630011D,61362,61363,61364,1787838867724720,1787838867735684,1787838867707380
CV3T561000B5,61245,61246,61249,1787838867824783,1787838867782602,1787838867774283
CV3T561000H0,61296,61297,61302,1787838867824894,1787838867819771,1787838867807179
CPBG1630011D,61365,61366,61367,1787838867824962,1787838867835678,1787838867807371
CV3T561000H0,61380,61381,61385,1787838870791741,1787838870753124,1787838870740477
CPBG1630011D,61449,61450,61451,1787838870791964,1787838870802388,1787838870774030
CV3T561000B5,61329,61330,61334,1787838870791692,1787838870782598,1787838870774287
CPBG1630011D,61490,61491,61491,1787838872158679,1787838872135740,1787838872107530
CV3T561000B5,61370,61371,61375,1787838872158524,1787838872149272,1787838872140376
CV3T561000H0,61421,61422,61427,1787838872158294,1787838872153139,1787838872140672
CV3T561000H0,61447,61448,61452,1787838873025286,1787838872986474,1787838872974312
CV3T561000B5,61396,61397,61401,1787838873025667,1787838873015963,1787838873006958
CPBG1630011D,61516,61517,61518,1787838873025828,1787838873035772,1787838873007877
CV3T561000H0,61471,61472,61476,1787838873825060,1787838873786477,1787838873774318
CV3T561000B5,61420,61421,61425,1787838873825701,1787838873815943,1787838873806918
CPBG1630011D,61540,61541,61542,1787838873825217,1787838873835757,1787838873807864
CV3T561000H0,61512,61513,61517,1787838875191579,1787838875153172,1787838875141016
CV3T561000B5,61461,61462,61466,1787838875191556,1787838875182619,1787838875173559
CPBG1630011D,61581,61582,61583,1787838875191513,1787838875202445,1787838875174557
CV3T561000B5,61537,61538,61541,1787838877992072,1787838877949301,1787838877940170
CV3T561000H0,61588,61589,61594,1787838877991601,1787838877986513,1787838877974364
CPBG1630011D,61657,61658,61659,1787838877991580,1787838878002483,1787838877974603
CV3T561000B5,61549,61550,61554,1787838878391656,1787838878382629,1787838878373487
CV3T561000H0,61601,61602,61607,1787838878424718,1787838878419845,1787838878407696
CPBG1630011D,61670,61671,61672,1787838878424944,1787838878435818,1787838878407940
CV3T561000B5,61613,61614,61617,1787838880524760,1787838880482647,1787838880473451
CV3T561000H0,61664,61665,61670,1787838880524841,1787838880519858,1787838880507714
CPBG1630011D,61733,61734,61735,1787838880524784,1787838880535851,1787838880507979
CV3T561000H0,61737,61738,61742,1787838882991938,1787838882953207,1787838882940342
CV3T561000B5,61686,61687,61691,1787838882991729,1787838882982648,1787838882973919
CPBG1630011D,61806,61807,61808,1787838882991935,1787838883002545,1787838882973925
CV3T561000B5,61710,61711,61714,1787838883791594,1787838883749361,1787838883740630
CV3T561000H0,61761,61762,61767,1787838883791673,1787838883786542,1787838883773654
CPBG1630011D,61830,61831,61832,1787838883791460,1787838883802555,1787838883773914
CPBG1630011D,61888,61889,61889,1787838885725419,1787838885702626,1787838885673932
CV3T561000H0,61819,61820,61825,1787838885725092,1787838885719891,1787838885706950
CV3T561000B5,61768,61769,61773,1787838885725123,1787838885715997,1787838885707257
CPBG1630011D,61900,61901,61901,1787838886124941,1787838886102599,1787838886073893
CV3T561000H0,61831,61832,61837,1787838886124758,1787838886119897,1787838886106946
CV3T561000B5,61780,61781,61785,1787838886124849,1787838886116002,1787838886107260
CV3T561000B5,61810,61811,61814,1787838887124718,1787838887082678,1787838887073933
CV3T561000H0,61861,61862,61867,1787838887125090,1787838887119907,1787838887106928
CPBG1630011D,61930,61931,61932,1787838887124861,1787838887135941,1787838887107207
CV3T561000H0,61956,61957,61961,1787838890424999,1787838890386579,1787838890373511
CPBG1630011D,62025,62026,62027,1787838890425074,1787838890435979,1787838890407153
CV3T561000B5,61905,61906,61910,1787838890424815,1787838890416022,1787838890407263
CV3T561000H0,62021,62022,62027,1787838892591428,1787838892586606,1787838892574009
CPBG1630011D,62091,62092,62093,1787838892624795,1787838892636009,1787838892607560
CV3T561000B5,61971,61972,61976,1787838892624786,1787838892616034,1787838892607762
CPBG1630011D,62244,62245,62245,1787838897825467,1787838897802742,1787838897774261
CV3T561000H0,62175,62176,62181,1787838897824837,1787838897819977,1787838897807387
CV3T561000B5,62124,62125,62129,1787838897825246,1787838897816060,1787838897807872
CV3T561000H0,62222,62223,62227,1787838899425337,1787838899387092,1787838899374496
CPBG1630011D,62291,62292,62293,1787838899425584,1787838899436089,1787838899407593
CV3T561000B5,62171,62172,62176,1787838899425559,1787838899416058,1787838899407896
CPBG1630011D,62311,62312,62312,1787838900091688,1787838900069432,1787838900040931
CV3T561000H0,62242,62243,62248,1787838900091613,1787838900086655,1787838900074055
CV3T561000B5,62191,62192,62196,1787838900091754,1787838900082734,1787838900074582
CPBG1630011D,62312,62313,62314,1787838900124933,1787838900136118,1787838900107616
CV3T561000H0,62244,62245,62250,1787838900158357,1787838900153318,1787838900140718
CV3T561000B5,62193,62194,62198,1787838900158780,1787838900149397,1787838900141247
CV3T561000H0,62258,62259,62263,1787838900658207,1787838900619995,1787838900607393
CPBG1630011D,62327,62328,62329,1787838900658350,1787838900669444,1787838900640938
CV3T561000B5,62207,62208,62212,1787838900658624,1787838900649404,1787838900641261
CV3T561000B5,62354,62355,62358,1787838905824764,1787838905782759,1787838905774145
CPBG1630011D,62474,62475,62476,1787838905824992,1787838905836180,1787838905806986
CV3T561000H0,62405,62406,62411,1787838905825018,1787838905820029,1787838905807896
CV3T561000B5,62375,62376,62379,1787838906625089,1787838906582760,1787838906574143
CPBG1630011D,62495,62496,62497,1787838906625163,1787838906636187,1787838906606967
CV3T561000H0,62426,62427,62432,1787838906625089,1787838906620031,1787838906607910
CV3T561000H0,62566,62567,62571,1787838911424828,1787838911386729,1787838911374675
CPBG1630011D,62635,62636,62637,1787838911424809,1787838911436282,1787838911406904
CV3T561000B5,62515,62516,62520,1787838911424798,1787838911416154,1787838911407518
CV3T561000H0,62631,62632,62636,1787838913724848,1787838913686749,1787838913673927
CV3T561000B5,62580,62581,62585,1787838913724749,1787838913716131,1787838913707147
CV3T561000B5,62581,62582,62585,1787838913758149,1787838913716131,1787838913707147
CPBG1630011D,62700,62701,62702,1787838913724706,1787838913736277,1787838913707529
CV3T561000H0,62632,62633,62638,1787838913758492,1787838913753416,1787838913740591
CPBG1630011D,62701,62702,62703,1787838913758199,1787838913769615,1787838913740868
CPBG1630011D,62911,62912,62913,1787838921191840,1787838921203035,1787838921174254
CV3T561000B5,62792,62793,62797,1787838921225041,1787838921216167,1787838921207056
CV3T561000H0,62843,62844,62849,1787838921225195,1787838921220128,1787838921207171
CV3T561000H0,63015,63016,63020,1787838927191917,1787838927153504,1787838927140965
CV3T561000B5,62964,62965,62969,1787838927192109,1787838927182856,1787838927173634
CPBG1630011D,63084,63085,63086,1787838927191670,1787838927203112,1787838927173934
CPBG1630011D,63097,63098,63098,1787838927624968,1787838927603122,1787838927573937
CV3T561000B5,62977,62978,62982,1787838927625132,1787838927616196,1787838927606966
CV3T561000H0,63028,63029,63034,1787838927624771,1787838927620170,1787838927607633
CV3T561000H0,63111,63112,63116,1787838930424747,1787838930387321,1787838930374786
CV3T561000B5,63060,63061,63065,1787838930424761,1787838930416209,1787838930406931
CPBG1630011D,63180,63181,63182,1787838930424783,1787838930436491,1787838930407256
CV3T561000B5,63076,63077,63080,1787838930958765,1787838930916210,1787838930906924
CPBG1630011D,63196,63197,63198,1787838930958869,1787838930969835,1787838930940591
CV3T561000H0,63127,63128,63133,1787838930958649,1787838930953528,1787838930940993
CV3T561000B5,63093,63094,63097,1787838931525004,1787838931482878,1787838931473593
CPBG1630011D,63213,63214,63215,1787838931525086,1787838931536502,1787838931507247
CV3T561000H0,63144,63145,63150,1787838931525212,1787838931520192,1787838931507657
CV3T561000H0,63217,63218,63222,1787838934058156,1787838934020330,1787838934007037
CV3T561000B5,63166,63167,63171,1787838934058766,1787838934049582,1787838934040793
CPBG1630011D,63286,63287,63288,1787838934058377,1787838934069893,1787838934041018
CV3T561000B5,63175,63176,63180,1787838934358400,1787838934349558,1787838934340771
CV3T561000H0,63227,63228,63233,1787838934391876,1787838934386886,1787838934373582
CPBG1630011D,63296,63297,63298,1787838934391916,1787838934403213,1787838934374339
CV3T561000H0,63241,63242,63246,1787838934891839,1787838934853554,1787838934840238
CV3T561000B5,63190,63191,63195,1787838934891519,1787838934882901,1787838934874114
CPBG1630011D,63310,63311,63312,1787838934891840,1787838934903219,1787838934874344
CV3T561000B5,63336,63337,63341,1787838939891845,1787838939882918,1787838939874147
CV3T561000H0,63388,63389,63394,1787838939925162,1787838939920255,1787838939906789
CPBG1630011D,63457,63458,63459,1787838939925184,1787838939936617,1787838939907736
CV3T561000B5,63398,63399,63402,1787838941958720,1787838941916258,1787838941907693
CV3T561000H0,63449,63450,63455,1787838941958450,1787838941953598,1787838941940166
CPBG1630011D,63518,63519,63520,1787838941958749,1787838941969973,1787838941941044
CV3T561000H0,63570,63571,63575,1787838946158249,1787838946120298,1787838946107588
CPBG1630011D,63639,63640,63641,1787838946158147,1787838946170030,1787838946140653
CV3T561000B5,63519,63520,63524,1787838946158216,1787838946149620,1787838946141307
CV3T561000B5,63532,63533,63536,1787838946591573,1787838946549617,1787838946541312
CPBG1630011D,63652,63653,63654,1787838946591666,1787838946603373,1787838946573987
CV3T561000H0,63583,63584,63589,1787838946591771,1787838946586970,1787838946574262
CV3T561000H0,63798,63799,63803,1787838953925179,1787838953887008,1787838953873970
CPBG1630011D,63867,63868,63869,1787838953924772,1787838953936785,1787838953907151
CV3T561000B5,63747,63748,63752,1787838953925054,1787838953916320,1787838953907296
CV3T561000B5,63868,63869,63873,1787838958225338,1787838958216454,1787838958207375
CPBG1630011D,63989,63990,63991,1787838958258546,1787838958270173,1787838958240440
CV3T561000H0,63920,63921,63926,1787838958258238,1787838958253705,1787838958240622
CV3T561000B5,63899,63900,63903,1787838959258384,1787838959216347,1787838959207254
CPBG1630011D,64019,64020,64021,1787838959258619,1787838959270195,1787838959240439
CV3T561000H0,63950,63951,63956,1787838959258560,1787838959253721,1787838959240628
CPBG1630011D,64024,64025,64025,1787838959425545,1787838959403526,1787838959373766
CV3T561000B5,63904,63905,63909,1787838959425324,1787838959416354,1787838959407259
CV3T561000H0,63955,63956,63961,1787838959425165,1787838959420389,1787838959407295
CV3T561000B5,63964,63965,63969,1787838961491881,1787838961483019,1787838961473905
CPBG1630011D,64085,64086,64087,1787838961524890,1787838961536882,1787838961507073
CV3T561000H0,64016,64017,64022,1787838961525008,1787838961520394,1787838961507279
CV3T561000H0,64060,64061,64065,1787838962991683,1787838962953745,1787838962940605
CV3T561000B5,64009,64010,64014,1787838962991792,1787838962983030,1787838962974290
CPBG1630011D,64129,64130,64131,1787838962991642,1787838963003569,1787838962974517
CPBG1630011D,64152,64153,64154,1787838963758618,1787838963770252,1787838963741207
CV3T561000H0,64084,64085,64090,1787838963791614,1787838963787072,1787838963773925
CV3T561000B5,64033,64034,64038,1787838963791824,1787838963783029,1787838963774291
CPBG1630011D,64195,64196,64197,1787838965191525,1787838965203634,1787838965174600
CV3T561000H0,64127,64128,64133,1787838965225031,1787838965220423,1787838965207261
CV3T561000B5,64076,64077,64081,1787838965225019,1787838965216377,1787838965207641
CV3T561000H0,64166,64167,64172,1787838966558395,1787838966553755,1787838966540579
CV3T561000B5,64116,64117,64121,1787838966591863,1787838966583050,1787838966574317
CPBG1630011D,64236,64237,64238,1787838966591832,1787838966603618,1787838966574595
CV3T561000H0,64298,64299,64304,1787838971191625,1787838971187127,1787838971173903
CV3T561000B5,64248,64249,64253,1787838971225066,1787838971216402,1787838971207680
CPBG1630011D,64368,64369,64370,1787838971225030,1787838971237008,1787838971208021
CV3T561000H0,64336,64337,64341,1787838972524750,1787838972487137,1787838972474251
CV3T561000B5,64285,64286,64290,1787838972525060,1787838972516415,1787838972507084
CPBG1630011D,64405,64406,64407,1787838972524759,1787838972537031,1787838972507502
CPBG1630011D,64440,64441,64441,1787838973725029,1787838973703710,1787838973674072
CV3T561000B5,64320,64321,64325,1787838973725035,1787838973716413,1787838973707055
CV3T561000H0,64371,64372,64377,1787838973724714,1787838973720475,1787838973707670
CV3T561000B5,64340,64341,64344,1787838974391836,1787838974349751,1787838974340381
CPBG1630011D,64460,64461,64462,1787838974391742,1787838974403712,1787838974374063
CV3T561000H0,64391,64392,64397,1787838974392044,1787838974387143,1787838974374343
CPBG1630011D,64521,64522,64523,1787838976460737,1787838976472201,1787838976442515
CV3T561000B5,64428,64429,64433,1787838977391546,1787838977383094,1787838977373659
CPBG1630011D,64550,64551,64552,1787838977424744,1787838977437091,1787838977407388
CV3T561000H0,64480,64481,64486,1787838977424729,1787838977420496,1787838977407720
CV3T561000H0,64488,64489,64493,1787838977692736,1787838977653836,1787838977641062
CV3T561000B5,64437,64438,64442,1787838977691604,1787838977683106,1787838977673664
CPBG1630011D,64558,64559,64560,1787838977691616,1787838977703772,1787838977674065
CV3T561000B5,64486,64487,64491,1787838979458040,1787838979449770,1787838979440291
CPBG1630011D,64608,64609,64610,1787838979491832,1787838979503788,1787838979474049
CV3T561000H0,64538,64539,64544,1787838979492110,1787838979487180,1787838979474419
CV3T561000H0,64543,64544,64548,1787838979658423,1787838979620515,1787838979607755
CV3T561000B5,64492,64493,64497,1787838979658206,1787838979649770,1787838979640286
CPBG1630011D,64613,64614,64615,1787838979658859,1787838979670452,1787838979640710
CV3T561000B5,64521,64522,64525,1787838980624883,1787838980583115,1787838980573611
CPBG1630011D,64642,64643,64644,1787838980624774,1787838980637148,1787838980607389
CV3T561000H0,64572,64573,64578,1787838980624991,1787838980620533,1787838980607782
CV3T561000H0,64587,64588,64592,1787838981124829,1787838981087189,1787838981074440
CV3T561000B5,64536,64537,64541,1787838981124950,1787838981116446,1787838981106932
CPBG1630011D,64657,64658,64659,1787838981125341,1787838981137139,1787838981107371
CV3T561000B5,64545,64546,64549,1787838981424778,1787838981383121,1787838981373600
CPBG1630011D,64666,64667,64668,1787838981424760,1787838981437140,1787838981407367
CV3T561000H0,64596,64597,64602,1787838981424926,1787838981420520,1787838981407774
CV3T561000B5,64565,64566,64569,1787838982191465,1787838982116455,1787838982107429
CPBG1630011D,64686,64687,64688,1787838982191543,1787838982203824,1787838982174006
CV3T561000H0,64616,64617,64622,1787838982192048,1787838982187199,1787838982174279
CV3T561000B5,64581,64582,64585,1787838982724726,1787838982683122,1787838982674233
CPBG1630011D,64702,64703,64704,1787838982724816,1787838982737163,1787838982707284
CV3T561000H0,64632,64633,64638,1787838982724987,1787838982720535,1787838982707339
CV3T561000H0,64635,64636,64640,1787838982825085,1787838982787210,1787838982774011
CPBG1630011D,64705,64706,64707,1787838982824798,1787838982837169,1787838982807288
CV3T561000B5,64584,64585,64589,1787838982824772,1787838982816461,1787838982807573
CV3T561000B5,64593,64594,64597,1787838983125307,1787838983083125,1787838983074237
CPBG1630011D,64714,64715,64716,1787838983124754,1787838983137170,1787838983107281
CV3T561000H0,64644,64645,64650,1787838983125238,1787838983120539,1787838983107336
CV3T561000H0,64780,64781,64785,1787838987658197,1787838987620564,1787838987607310
CPBG1630011D,64850,64851,64852,1787838987658434,1787838987670556,1787838987640574
CV3T561000B5,64729,64730,64734,1787838987658196,1787838987649809,1787838987640940
CPBG1630011D,64938,64939,64939,1787838990724849,1787838990703934,1787838990673889
CV3T561000H0,64868,64869,64874,1787838990724862,1787838990720595,1787838990707306
CV3T561000B5,64817,64818,64822,1787838990724814,1787838990716500,1787838990707643
CV3T561000B5,64834,64835,64839,1787838991292049,1787838991283167,1787838991274313
CPBG1630011D,64956,64957,64958,1787838991325062,1787838991337275,1787838991307216
CV3T561000H0,64886,64887,64892,1787838991325063,1787838991320596,1787838991307300
CV3T561000B5,64840,64841,64845,1787838991492046,1787838991483170,1787838991474310
CPBG1630011D,64962,64963,64964,1787838991525199,1787838991537278,1787838991507216
CV3T561000H0,64892,64893,64898,1787838991525089,1787838991520596,1787838991507298
CPBG1630011D,64976,64977,64977,1787838991991623,1787838991970612,1787838991940532
CV3T561000H0,64906,64907,64912,1787838991991578,1787838991987267,1787838991973915
CV3T561000B5,64855,64856,64860,1787838991991598,1787838991983170,1787838991973981
CV3T561000B5,64874,64875,64879,1787838992659034,1787838992650625,1787838992641201
CV3T561000H0,64926,64927,64932,1787838992691727,1787838992687268,1787838992673596
CPBG1630011D,64996,64997,64998,1787838992691829,1787838992703957,1787838992673776
CV3T561000B5,64882,64883,64886,1787838992924767,1787838992883172,1787838992873742
CV3T561000H0,64933,64934,64939,1787838992924829,1787838992920604,1787838992906922
CPBG1630011D,65003,65004,65005,1787838992924767,1787838992937295,1787838992907106
CV3T561000H0,65056,65057,65061,1787838997191406,1787838997153963,1787838997140169
CV3T561000B5,65005,65006,65010,1787838997191934,1787838997183209,1787838997173701
CPBG1630011D,65126,65127,65128,1787838997191990,1787838997204026,1787838997173732
CV3T561000H0,65075,65076,65080,1787838997891656,1787838997853968,1787838997840157
CV3T561000B5,65024,65025,65029,1787838997891654,1787838997883193,1787838997873673
CPBG1630011D,65145,65146,65147,1787838997891911,1787838997904016,1787838997873704
CPBG1630011D,65179,65180,65180,1787838999024823,1787838999004035,1787838998973698
CV3T561000H0,65109,65110,65115,1787838999024697,1787838999020642,1787838999006800
CV3T561000B5,65058,65059,65063,1787838999025010,1787838999016532,1787838999006990
CPBG1630011D,65198,65199,65200,1787838999691362,1787838999704041,1787838999673686
CV3T561000H0,65129,65130,65135,1787838999724815,1787838999720644,1787838999706784
CV3T561000B5,65078,65079,65083,1787838999725059,1787838999716533,1787838999706978
CPBG1630011D,65238,65239,65239,1787839001125111,1787839001104054,1787839001073665
CV3T561000H0,65168,65169,65174,1787839001125061,1787839001120654,1787839001106757
CV3T561000B5,65117,65118,65122,1787839001124894,1787839001116540,1787839001106959
CV3T561000H0,65175,65176,65180,1787839001391687,1787839001320767,1787839001306866
CV3T561000B5,65124,65125,65129,1787839001391914,1787839001383212,1787839001373626
CPBG1630011D,65245,65246,65247,1787839001391413,1787839001404063,1787839001373666
CV3T561000B5,65144,65145,65148,1787839002158133,1787839002083212,1787839002074119
CV3T561000H0,65195,65196,65201,1787839002158284,1787839002153997,1787839002140246
CPBG1630011D,65265,65266,65267,1787839002158180,1787839002170737,1787839002140468
CV3T561000B5,65156,65157,65160,1787839002624775,1787839002583216,1787839002574309
CV3T561000H0,65207,65208,65213,1787839002624825,1787839002620668,1787839002607218
CPBG1630011D,65277,65278,65279,1787839002624880,1787839002637412,1787839002607407
CPBG1630011D,65316,65317,65317,1787839004191377,1787839004170761,1787839004140771
CV3T561000H0,65246,65247,65252,1787839004191353,1787839004187343,1787839004173913
CV3T561000B5,65195,65196,65200,1787839004191943,1787839004183223,1787839004174330
CV3T561000H0,65303,65304,65308,1787839006158119,1787839006120687,1787839006107246
CPBG1630011D,65373,65374,65375,1787839006158461,1787839006170786,1787839006140781
CV3T561000B5,65252,65253,65257,1787839006158341,1787839006149896,1787839006141020
CV3T561000B5,65269,65270,65273,1787839006758378,1787839006716574,1787839006707704
CV3T561000H0,65320,65321,65326,1787839006758211,1787839006754029,1787839006740584
CPBG1630011D,65390,65391,65392,1787839006758120,1787839006770799,1787839006740791
CV3T561000B5,65333,65334,65337,1787839008924762,1787839008883251,1787839008874401
CV3T561000H0,65384,65385,65390,1787839008924979,1787839008920707,1787839008907251
CPBG1630011D,65454,65455,65456,1787839008924914,1787839008937490,1787839008907466
CPBG1630011D,65463,65464,65464,1787839009224807,1787839009204179,1787839009174153
CV3T561000H0,65393,65394,65399,1787839009224733,1787839009220714,1787839009207256
CV3T561000B5,65342,65343,65347,1787839009224893,1787839009216584,1787839009207736
CV3T561000H0,65477,65478,65482,1787839012192095,1787839012154070,1787839012140788
CPBG1630011D,65547,65548,65549,1787839012191600,1787839012204210,1787839012173992
CV3T561000B5,65426,65427,65431,1787839012191619,1787839012183263,1787839012174308
CV3T561000H0,65518,65519,65524,1787839013558586,1787839013554089,1787839013541210
CPBG1630011D,65589,65590,65591,1787839013591444,1787839013604223,1787839013573694
CV3T561000B5,65468,65469,65473,1787839013591732,1787839013583265,1787839013574291
CV3T561000B5,65634,65635,65638,1787839019192071,1787839019149959,1787839019141001
CPBG1630011D,65755,65756,65757,1787839019191648,1787839019204287,1787839019173621
CV3T561000H0,65685,65686,65691,1787839019192093,1787839019187440,1787839019174658
CV3T561000B5,65838,65839,65843,1787839026358301,1787839026349993,1787839026340297
CPBG1630011D,65960,65961,65962,1787839026391520,1787839026404385,1787839026374009
CV3T561000H0,65890,65891,65896,1787839026391601,1787839026387493,1787839026374024
CV3T561000H0,65969,65970,65974,1787839029091342,1787839029054173,1787839029040677
CV3T561000B5,65918,65919,65923,1787839029091343,1787839029083342,1787839029073581
CPBG1630011D,66039,66040,66041,1787839029091402,1787839029104419,1787839029074017
CV3T561000B5,65933,65934,65938,1787839029591743,1787839029583355,1787839029573584
CV3T561000H0,65985,65986,65991,1787839029624824,1787839029620859,1787839029607357
CPBG1630011D,66055,66056,66057,1787839029625028,1787839029637771,1787839029607365
CPBG1630011D,66092,66093,66094,1787839030858096,1787839030871109,1787839030840692
CV3T561000B5,65972,65973,65977,1787839030924727,1787839030916680,1787839030906876
CV3T561000H0,66023,66024,66029,1787839030924633,1787839030920852,1787839030907336
CPBG1630011D,66149,66150,66150,1787839033124824,1787839033104475,1787839033074497
CV3T561000B5,66028,66029,66033,1787839033124795,1787839033116693,1787839033107560
CV3T561000H0,66079,66080,66085,1787839033124769,1787839033120869,1787839033107779
CV3T561000B5,66108,66109,66113,1787839035791358,1787839035783378,1787839035774258
CV3T561000H0,66160,66161,66166,1787839035825327,1787839035820888,1787839035807818
CPBG1630011D,66230,66231,66232,1787839035825355,1787839035837838,1787839035807883
CV3T561000H0,66288,66289,66293,1787839040358597,1787839040320920,1787839040307881
CV3T561000B5,66237,66238,66242,1787839040358318,1787839040350057,1787839040340957
CPBG1630011D,66358,66359,66360,1787839040358115,1787839040371224,1787839040341303
CV3T561000B5,66250,66251,66254,1787839040791410,1787839040750064,1787839040740966
CV3T561000H0,66301,66302,66307,1787839040791890,1787839040787600,1787839040774563
CPBG1630011D,66371,66372,66373,1787839040791558,1787839040804581,1787839040774663
CV3T561000B5,66403,66404,66407,1787839045891794,1787839045850078,1787839045840298
CV3T561000H0,66454,66455,66460,1787839045891647,1787839045887625,1787839045873840
CPBG1630011D,66524,66525,66526,1787839045891605,1787839045904637,1787839045874279
CV3T561000H0,66488,66489,66494,1787839047058567,1787839047054295,1787839047040486
CV3T561000B5,66438,66439,66443,1787839047091520,1787839047083428,1787839047073623
CPBG1630011D,66559,66560,66561,1787839047091481,1787839047104650,1787839047074281
CPBG1630011D,66657,66658,66659,1787839050391959,1787839050404687,1787839050374293
CV3T561000B5,66537,66538,66542,1787839050425003,1787839050416773,1787839050406899
CV3T561000H0,66588,66589,66594,1787839050424965,1787839050420982,1787839050407102
CV3T561000B5,66559,66560,66563,1787839051158263,1787839051116778,1787839051106891
CV3T561000H0,66610,66611,66616,1787839051158477,1787839051154323,1787839051140428
CPBG1630011D,66680,66681,66682,1787839051158305,1787839051171368,1787839051140967
CV3T561000H0,66681,66682,66686,1787839053624796,1787839053587681,1787839053574483
CPBG1630011D,66751,66752,66753,1787839053624940,1787839053638064,1787839053607094
CV3T561000B5,66630,66631,66635,1787839053624797,1787839053616789,1787839053607286
CV3T561000B5,66701,66702,66705,1787839056058191,1787839056016819,1787839056007307
CPBG1630011D,66822,66823,66824,1787839056058144,1787839056071428,1787839056040390
CV3T561000H0,66752,66753,66758,1787839056058120,1787839056054353,1787839056041174
CPBG1630011D,66829,66830,66830,1787839056359501,1787839056338216,1787839056307172
CV3T561000B5,66708,66709,66713,1787839056359351,1787839056350913,1787839056341399
CV3T561000H0,66759,66760,66765,1787839056359329,1787839056355133,1787839056341958
CV3T561000B5,66785,66786,66789,1787839058958116,1787839058916814,1787839058907292
CPBG1630011D,66906,66907,66908,1787839058958064,1787839058971465,1787839058940349
CV3T561000H0,66836,66837,66842,1787839058958542,1787839058954371,1787839058941217
CV3T561000B5,66819,66820,66823,1787839060091427,1787839060050152,1787839060040625
CPBG1630011D,66940,66941,66942,1787839060091591,1787839060104810,1787839060073663
CV3T561000H0,66870,66871,66876,1787839060091417,1787839060087710,1787839060074566
CV3T561000B5,66897,66898,66901,1787839062724858,1787839062683498,1787839062673626
CV3T561000H0,66948,66949,66954,1787839062725094,1787839062721060,1787839062707149
CPBG1630011D,67018,67019,67020,1787839062724952,1787839062738177,1787839062707399
CV3T561000B5,66917,66918,66921,1787839063391346,1787839063350163,1787839063340279
CV3T561000H0,66968,66969,66974,1787839063391551,1787839063387733,1787839063373796
CPBG1630011D,67038,67039,67040,1787839063391838,1787839063404854,1787839063374074
CV3T561000B5,66920,66921,66924,1787839063491537,1787839063450171,1787839063440286
CV3T561000H0,66971,66972,66977,1787839063491679,1787839063487738,1787839063473799
CPBG1630011D,67041,67042,67043,1787839063491517,1787839063504860,1787839063474078
CV3T561000B5,66987,66988,66992,1787839065825206,1787839065816841,1787839065806916
CV3T561000H0,67039,67040,67045,1787839065858042,1787839065854420,1787839065840423
CPBG1630011D,67109,67110,67111,1787839065858105,1787839065871556,1787839065840747
CV3T561000B5,66990,66991,66994,1787839065925391,1787839065883512,1787839065873585
CV3T561000H0,67041,67042,67047,1787839065925142,1787839065921086,1787839065907089
CPBG1630011D,67111,67112,67113,1787839065925105,1787839065938222,1787839065907413
CV3T561000B5,67185,67186,67189,1787839072558153,1787839072516879,1787839072507877
CV3T561000H0,67236,67237,67242,1787839072558081,1787839072554465,1787839072540703
CPBG1630011D,67306,67307,67308,1787839072558253,1787839072571643,1787839072541127
CV3T561000B5,67218,67219,67222,1787839073691426,1787839073650227,1787839073641253
CV3T561000H0,67269,67270,67275,1787839073691594,1787839073687815,1787839073674111
CPBG1630011D,67339,67340,67341,1787839073691593,1787839073705000,1787839073674550
CV3T561000B5,67245,67246,67250,1787839074591660,1787839074583578,1787839074574626
CV3T561000H0,67297,67298,67303,1787839074625280,1787839074621161,1787839074607452
CPBG1630011D,67367,67368,67369,1787839074625324,1787839074638352,1787839074607905
CPBG1630011D,67430,67431,67431,1787839076725020,1787839076705022,1787839076674585
CV3T561000H0,67360,67361,67366,1787839076725075,1787839076721156,1787839076707436
CV3T561000B5,67309,67310,67314,1787839076725052,1787839076716898,1787839076707998
CV3T561000B5,67342,67343,67346,1787839077824830,1787839077783564,1787839077774690
CV3T561000H0,67393,67394,67399,1787839077825084,1787839077821160,1787839077807435
CPBG1630011D,67463,67464,67465,1787839077825050,1787839077838370,1787839077807939
CPBG1630011D,67475,67476,67476,1787839078225162,1787839078205049,1787839078174619
CV3T561000H0,67406,67407,67412,1787839078258701,1787839078254496,1787839078240769
CV3T561000B5,67355,67356,67360,1787839078258789,1787839078250234,1787839078241371
CV3T561000B5,67402,67403,67406,1787839079891404,1787839079850240,1787839079841415
CV3T561000H0,67453,67454,67459,1787839079891667,1787839079887849,1787839079874113
CPBG1630011D,67523,67524,67525,1787839079891411,1787839079905080,1787839079874658
CV3T561000H0,67607,67608,67612,1787839085058332,1787839085021253,1787839085006997
CPBG1630011D,67677,67678,67679,1787839085058156,1787839085071809,1787839085040790
CV3T561000B5,67556,67557,67561,1787839085058131,1787839085050271,1787839085041102
CV3T561000H0,67629,67630,67634,1787839085791371,1787839085754548,1787839085740275
CPBG1630011D,67699,67700,67701,1787839085791411,1787839085805144,1787839085774112
CV3T561000B5,67578,67579,67583,1787839085791541,1787839085783601,1787839085774437
CPBG1630011D,67767,67768,67768,1787839088124855,1787839088105178,1787839088074109
CV3T561000H0,67697,67698,67703,1787839088124732,1787839088121232,1787839088106902
CV3T561000B5,67646,67647,67651,1787839088124810,1787839088116952,1787839088107805
CV3T561000B5,67648,67649,67652,1787839088191680,1787839088150284,1787839088141136
CV3T561000H0,67699,67700,67705,1787839088192044,1787839088187898,1787839088173567
CPBG1630011D,67769,67770,67771,1787839088191607,1787839088205181,1787839088174110
CPBG1630011D,67892,67893,67894,1787839092358958,1787839092371902,1787839092341039
CPBG1630011D,67905,67906,67906,1787839092858527,1787839092838574,1787839092807903
CV3T561000B5,67783,67784,67788,1787839092858463,1787839092850308,1787839092840609
CV3T561000H0,67834,67835,67840,1787839092858191,1787839092854598,1787839092840829
CV3T561000B5,67821,67822,67826,1787839094125135,1787839094116978,1787839094107258
CV3T561000H0,67873,67874,67879,1787839094158222,1787839094154605,1787839094140841
CPBG1630011D,67944,67945,67946,1787839094158927,1787839094171925,1787839094141256
CPBG1630011D,68010,68011,68012,1787839096360559,1787839096373914,1787839096343247
CV3T561000B5,67923,67924,67927,1787839097558258,1787839097516992,1787839097507214
CV3T561000H0,67974,67975,67980,1787839097558597,1787839097554628,1787839097540878
CPBG1630011D,68046,68047,68048,1787839097558261,1787839097571968,1787839097541302
CV3T561000B5,67975,67976,67979,1787839099358008,1787839099317000,1787839099307191
CV3T561000H0,68026,68027,68032,1787839099357994,1787839099354639,1787839099340897
CPBG1630011D,68098,68099,68100,1787839099358526,1787839099371991,1787839099341326
CV3T561000H0,68027,68028,68033,1787839099391734,1787839099387965,1787839099374223
CV3T561000B5,67977,67978,67982,1787839099425286,1787839099416999,1787839099407188
CPBG1630011D,68100,68101,68102,1787839099425467,1787839099438653,1787839099407988
CV3T561000H0,68032,68033,68037,1787839099558196,1787839099521304,1787839099507562
CV3T561000B5,67982,67983,67987,1787839099591558,1787839099583671,1787839099573858
CPBG1630011D,68105,68106,68107,1787839099591689,1787839099605327,1787839099574662
CV3T561000H0,68143,68144,68149,1787839103425392,1787839103421334,1787839103407109
CPBG1630011D,68216,68217,68218,1787839103458439,1787839103472046,1787839103440391
CV3T561000B5,68093,68094,68098,1787839103458468,1787839103450359,1787839103441003
CV3T561000B5,68112,68113,68116,1787839104091634,1787839104050358,1787839104041005
CPBG1630011D,68235,68236,68237,1787839104092240,1787839104105384,1787839104073708
CV3T561000H0,68163,68164,68169,1787839104091866,1787839104088003,1787839104073768
CPBG1630011D,68252,68253,68253,1787839104691891,1787839104638727,1787839104607031
CV3T561000H0,68180,68181,68186,1787839104691743,1787839104688010,1787839104673765
CV3T561000B5,68129,68130,68134,1787839104691665,1787839104683698,1787839104674348
CV3T561000B5,68153,68154,68157,1787839105624898,1787839105583701,1787839105574354
CPBG1630011D,68276,68277,68278,1787839105624844,1787839105638736,1787839105607007
CV3T561000H0,68204,68205,68210,1787839105624880,1787839105621346,1787839105607085
CPBG1630011D,68310,68311,68311,1787839106792202,1787839106772082,1787839106740314
CV3T561000H0,68238,68239,68244,1787839106791934,1787839106788015,1787839106773736
CV3T561000B5,68187,68188,68192,1787839106791863,1787839106783699,1787839106774356
CV3T561000B5,68299,68300,68304,1787839110591581,1787839110583724,1787839110574397
CPBG1630011D,68423,68424,68425,1787839110624766,1787839110638818,1787839110606917
CV3T561000H0,68351,68352,68357,1787839110624880,1787839110621396,1787839110607054
CV3T561000B5,68345,68346,68349,1787839112191577,1787839112150396,1787839112140557
CV3T561000H0,68396,68397,68402,1787839112191830,1787839112188051,1787839112173689
CPBG1630011D,68468,68469,68470,1787839112191753,1787839112205482,1787839112173791
CV3T561000H0,68464,68465,68470,1787839114592678,1787839114588517,1787839114574125
CV3T561000B5,68414,68415,68419,1787839114624654,1787839114617077,1787839114607028
CPBG1630011D,68537,68538,68539,1787839114625035,1787839114638855,1787839114607688
CV3T561000H0,68479,68480,68484,1787839115091577,1787839115054739,1787839115040340
CV3T561000B5,68428,68429,68433,1787839115091758,1787839115083746,1787839115073685
CPBG1630011D,68551,68552,68553,1787839115091491,1787839115105527,1787839115074359
CV3T561000H0,68501,68502,68506,1787839115824773,1787839115788081,1787839115773670
CV3T561000B5,68450,68451,68455,1787839115825395,1787839115817073,1787839115806995
CPBG1630011D,68573,68574,68575,1787839115825642,1787839115838861,1787839115807689
CV3T561000H0,68508,68509,68513,1787839116058297,1787839116021408,1787839116006994
CV3T561000B5,68457,68458,68462,1787839116058444,1787839116050418,1787839116040334
CPBG1630011D,68580,68581,68582,1787839116058454,1787839116072207,1787839116041035
CV3T561000H0,68516,68517,68521,1787839116324963,1787839116288082,1787839116273664
CV3T561000B5,68465,68466,68470,1787839116324998,1787839116317078,1787839116306988
CPBG1630011D,68588,68589,68590,1787839116324941,1787839116338871,1787839116307698
CPBG1630011D,68668,68669,68669,1787839119025275,1787839119005565,1787839118974383
CV3T561000B5,68545,68546,68550,1787839119025130,1787839119017092,1787839119006935
CV3T561000H0,68596,68597,68602,1787839119024974,1787839119021432,1787839119006970
CPBG1630011D,68692,68693,68693,1787839119858688,1787839119838907,1787839119807722
CV3T561000B5,68569,68570,68574,1787839119858448,1787839119850427,1787839119840251
CV3T561000H0,68620,68621,68626,1787839119858446,1787839119854767,1787839119840293
CV3T561000B5,68637,68638,68641,1787839122124962,1787839122083772,1787839122073959
CV3T561000H0,68688,68689,68694,1787839122124906,1787839122121454,1787839122107085
CPBG1630011D,68760,68761,68762,1787839122124923,1787839122138940,1787839122107653
CPBG1630011D,68778,68779,68779,1787839122725054,1787839122705608,1787839122674026
CV3T561000B5,68655,68656,68660,1787839122725375,1787839122717115,1787839122707502
CV3T561000H0,68706,68707,68712,1787839122725379,1787839122721461,1787839122707535
CV3T561000B5,68680,68681,68685,1787839123558193,1787839123550441,1787839123540829
CPBG1630011D,68804,68805,68806,1787839123591563,1787839123605625,1787839123574010
CV3T561000H0,68732,68733,68738,1787839123591563,1787839123588130,1787839123574225
CV3T561000H0,68739,68740,68745,1787839123825013,1787839123821578,1787839123807675
CPBG1630011D,68812,68813,68814,1787839123858389,1787839123872290,1787839123840670
CV3T561000B5,68689,68690,68694,1787839123858260,1787839123850445,1787839123840834
CV3T561000H0,68754,68755,68759,1787839124325370,1787839124288138,1787839124274239
CPBG1630011D,68826,68827,68828,1787839124325074,1787839124338969,1787839124307339
CV3T561000B5,68703,68704,68708,1787839124324983,1787839124317120,1787839124307509
CPBG1630011D,68945,68946,68946,1787839128625117,1787839128605699,1787839128573986
CV3T561000B5,68822,68823,68827,1787839128625149,1787839128617136,1787839128607533
CV3T561000H0,68873,68874,68879,1787839128625183,1787839128621493,1787839128607634
CV3T561000H0,69052,69053,69058,1787839134824983,1787839134821535,1787839134807064
CV3T561000B5,69002,69003,69007,1787839134892087,1787839134883832,1787839134873893
CPBG1630011D,69125,69126,69127,1787839134892078,1787839134905774,1787839134874477
CPBG1630011D,69153,69154,69155,1787839135958145,1787839135972457,1787839135941161
CV3T561000H0,69082,69083,69088,1787839135991695,1787839135988222,1787839135973732
CV3T561000B5,69031,69032,69036,1787839135991455,1787839135983851,1787839135973899
CV3T561000B5,69064,69065,69068,1787839137291937,1787839137217290,1787839137207324
CV3T561000H0,69115,69116,69121,1787839137291925,1787839137288217,1787839137273707
CPBG1630011D,69187,69188,69189,1787839137291913,1787839137305805,1787839137274510
CV3T561000B5,69162,69163,69166,1787839140825024,1787839140783869,1787839140773863
CV3T561000H0,69213,69214,69219,1787839140824782,1787839140821577,1787839140807011
CPBG1630011D,69285,69286,69287,1787839140824719,1787839140839187,1787839140807894
CV3T561000B5,69189,69190,69193,1787839141758744,1787839141717196,1787839141707152
CV3T561000H0,69240,69241,69246,1787839141758564,1787839141754915,1787839141740335
CPBG1630011D,69312,69313,69314,1787839141758766,1787839141772531,1787839141741237
CV3T561000H0,69342,69343,69347,1787839145158116,1787839145121610,1787839145107694
CV3T561000B5,69291,69292,69296,1787839145158615,1787839145150556,1787839145140301
CPBG1630011D,69414,69415,69416,1787839145158519,1787839145172581,1787839145141186
CV3T561000B5,69293,69294,69297,1787839145225334,1787839145183885,1787839145173629
CV3T561000H0,69344,69345,69350,1787839145225194,1787839145221614,1787839145207700
CPBG1630011D,69416,69417,69418,1787839145225205,1787839145239251,1787839145207855
CV3T561000H0,69372,69373,69377,1787839146191812,1787839146154952,1787839146141049
CV3T561000B5,69321,69322,69326,1787839146192043,1787839146183889,1787839146173614
CPBG1630011D,69444,69445,69446,1787839146191788,1787839146205914,1787839146174515
CPBG1630011D,69776,69777,69777,1787839157658186,1787839157639402,1787839157607582
CV3T561000B5,69653,69654,69658,1787839157658250,1787839157650607,1787839157640807
CV3T561000H0,69704,69705,69710,1787839157658177,1787839157655019,1787839157641040
CPBG1630011D,69788,69789,69789,1787839158058330,1787839158039407,1787839158007580
CV3T561000B5,69665,69666,69670,1787839158058160,1787839158050614,1787839158040814
CV3T561000H0,69716,69717,69722,1787839158058160,1787839158055027,1787839158041048
CV3T561000B5,69667,69668,69671,1787839158124766,1787839158083948,1787839158074149
CPBG1630011D,69790,69791,69792,1787839158125053,1787839158139409,1787839158107581
CV3T561000H0,69718,69719,69724,1787839158124958,1787839158121692,1787839158107715
CPBG1630011D,69804,69805,69806,1787839158624845,1787839158639415,1787839158607579
CV3T561000B5,69682,69683,69687,1787839158658216,1787839158650616,1787839158640819
CV3T561000H0,69733,69734,69739,1787839158658265,1787839158655030,1787839158641055
CPBG1630011D,69810,69811,69812,1787839158824810,1787839158839421,1787839158807580
CV3T561000B5,69702,69703,69706,1787839159358143,1787839159317279,1787839159307486
CPBG1630011D,69826,69827,69828,1787839159358307,1787839159372755,1787839159340906
CV3T561000H0,69753,69754,69759,1787839159358500,1787839159355029,1787839159341057
CV3T561000H0,69811,69812,69817,1787839161291419,1787839161288374,1787839161274409
CV3T561000B5,69761,69762,69766,1787839161324844,1787839161317291,1787839161307505
CPBG1630011D,69885,69886,69887,1787839161324922,1787839161339448,1787839161307568
CPBG1630011D,69915,69916,69917,1787839162324712,1787839162339459,1787839162307365
CV3T561000B5,69792,69793,69797,1787839162358292,1787839162350631,1787839162340384
CV3T561000H0,69843,69844,69849,1787839162358315,1787839162355052,1787839162340774
CV3T561000H0,69875,69876,69881,1787839163458670,1787839163455059,1787839163440506
CV3T561000B5,69825,69826,69830,1787839163491882,1787839163483968,1787839163473681
CPBG1630011D,69949,69950,69951,1787839163492297,1787839163506142,1787839163473813
CV3T561000H0,69981,69982,69986,1787839166991650,1787839166955090,1787839166940468
CV3T561000B5,69930,69931,69935,1787839166991830,1787839166983995,1787839166973656
CPBG1630011D,70054,70055,70056,1787839166991750,1787839167006198,1787839166973757
CV3T561000B5,69956,69957,69961,1787839167891395,1787839167883987,1787839167873634
CPBG1630011D,70081,70082,70083,1787839167924855,1787839167939544,1787839167907074
CV3T561000H0,70008,70009,70014,1787839167924846,1787839167921765,1787839167907126
CV3T561000B5,69960,69961,69964,1787839168024779,1787839167983989,1787839167973635
CPBG1630011D,70084,70085,70086,1787839168024796,1787839168039532,1787839168007058
CV3T561000H0,70011,70012,70017,1787839168024892,1787839168021753,1787839168007112
CV3T561000B5,70038,70039,70043,1787839170859462,1787839170851454,1787839170841056
CPBG1630011D,70163,70164,70165,1787839170891668,1787839170906239,1787839170873674
CV3T561000H0,70090,70091,70096,1787839170891566,1787839170888442,1787839170873744
CPBG1630011D,70254,70255,70255,1787839174025112,1787839174006278,1787839173974396
CV3T561000B5,70130,70131,70135,1787839174024941,1787839174017354,1787839174007407
CV3T561000H0,70181,70182,70187,1787839174024774,1787839174021797,1787839174007600
CV3T561000B5,70253,70254,70258,1787839178191882,1787839178184038,1787839178174105
CV3T561000H0,70305,70306,70311,1787839178225363,1787839178221820,1787839178207630
CPBG1630011D,70378,70379,70380,1787839178225196,1787839178239663,1787839178207766
CPBG1630011D,70387,70388,70388,1787839178525220,1787839178506332,1787839178474434
CV3T561000B5,70263,70264,70268,1787839178525044,1787839178517370,1787839178507438
CV3T561000H0,70314,70315,70320,1787839178524823,1787839178521822,1787839178507633
CPBG1630011D,70419,70420,70420,1787839179591992,1787839179573016,1787839179541115
CV3T561000B5,70295,70296,70300,1787839179591999,1787839179584045,1787839179574116
CV3T561000H0,70346,70347,70352,1787839179591551,1787839179588499,1787839179574311
CPBG1630011D,70420,70421,70422,1787839179658784,1787839179673018,1787839179641118
CV3T561000B5,70297,70298,70302,1787839179691546,1787839179684059,1787839179674131
CV3T561000H0,70348,70349,70354,1787839179692433,1787839179688513,1787839179674326
CPBG1630011D,70444,70445,70445,1787839180458441,1787839180439689,1787839180407786
CV3T561000B5,70320,70321,70325,1787839180458302,1787839180450715,1787839180440789
CV3T561000H0,70371,70372,70377,1787839180458551,1787839180455171,1787839180440986
CPBG1630011D,70564,70565,70565,1787839184558118,1787839184539753,1787839184507495
CV3T561000H0,70491,70492,70497,1787839184558137,1787839184555193,1787839184540521
CV3T561000B5,70440,70441,70445,1787839184558242,1787839184550730,1787839184541171
CV3T561000H0,70571,70572,70576,1787839187291673,1787839187255217,1787839187240501
CPBG1630011D,70644,70645,70646,1787839187291569,1787839187306444,1787839187274144
CV3T561000B5,70520,70521,70525,1787839187291897,1787839187284076,1787839187274560
CV3T561000H0,70585,70586,70590,1787839187758252,1787839187721888,1787839187707165
CPBG1630011D,70658,70659,70660,1787839187758527,1787839187773126,1787839187740818
CV3T561000B5,70534,70535,70539,1787839187758267,1787839187750754,1787839187741246
CV3T561000H0,70607,70608,70613,1787839188492157,1787839188488552,1787839188473816
CPBG1630011D,70681,70682,70683,1787839188524991,1787839188539798,1787839188507478
CV3T561000B5,70557,70558,70562,1787839188525179,1787839188517421,1787839188507925
CV3T561000B5,70613,70614,70617,1787839190425073,1787839190384092,1787839190374627
CV3T561000H0,70664,70665,70670,1787839190425041,1787839190421903,1787839190407134
CPBG1630011D,70737,70738,70739,1787839190424922,1787839190439822,1787839190407473
CPBG1630011D,70843,70844,70844,1787839193991959,1787839193973983,1787839193941095
CV3T561000B5,70719,70720,70724,1787839193991677,1787839193984109,1787839193973954
CV3T561000H0,70770,70771,70776,1787839193991524,1787839193988591,1787839193974591
CV3T561000H0,70786,70787,70791,1787839194524882,1787839194488605,1787839194474611
CPBG1630011D,70859,70860,70861,1787839194524835,1787839194539885,1787839194506977
CV3T561000B5,70735,70736,70740,1787839194525375,1787839194517459,1787839194507298
CV3T561000B5,70781,70782,70785,1787839196091728,1787839196050787,1787839196040609
CPBG1630011D,70905,70906,70907,1787839196091918,1787839196106563,1787839196073603
CV3T561000H0,70832,70833,70838,1787839196091734,1787839196088609,1787839196074640
CV3T561000H0,70907,70908,70912,1787839198725404,1787839198655290,1787839198641357
CPBG1630011D,70980,70981,70982,1787839198725299,1787839198739932,1787839198706885
CV3T561000B5,70856,70857,70861,1787839198725302,1787839198717472,1787839198707262
CPBG1630011D,71019,71020,71020,1787839200058332,1787839200039942,1787839200006852
CV3T561000B5,70895,70896,70900,1787839200058237,1787839200050803,1787839200040578
CV3T561000H0,70946,70947,70952,1787839200058354,1787839200055296,1787839200041385
CV3T561000B5,70924,70925,70928,1787839201024762,1787839200984144,1787839200973910
CPBG1630011D,71048,71049,71050,1787839201024898,1787839201039964,1787839201006839
CV3T561000H0,70975,70976,70981,1787839201025196,1787839201021979,1787839201008081
CV3T561000B5,70927,70928,70931,1787839201124664,1787839201084143,1787839201073908
CPBG1630011D,71051,71052,71053,1787839201125374,1787839201139959,1787839201106832
CV3T561000H0,70978,70979,70984,1787839201124996,1787839201121974,1787839201108079
CV3T561000H0,71046,71047,71051,1787839203424754,1787839203388654,1787839203374268
CV3T561000B5,70995,70996,71000,1787839203424964,1787839203417497,1787839203407609
CPBG1630011D,71119,71120,71121,1787839203424798,1787839203439996,1787839203407709
CV3T561000B5,71002,71003,71006,1787839203658158,1787839203617498,1787839203607609
CV3T561000H0,71054,71055,71060,1787839203691728,1787839203688653,1787839203674264
CPBG1630011D,71127,71128,71129,1787839203691684,1787839203706655,1787839203674370
CV3T561000B5,71065,71066,71069,1787839205991595,1787839205950832,1787839205940951
CV3T561000H0,71116,71117,71122,1787839205991458,1787839205988668,1787839205974267
CPBG1630011D,71189,71190,71191,1787839205991495,1787839206006684,1787839205974401
CV3T561000B5,71168,71169,71172,1787839209525230,1787839209484179,1787839209474307
CV3T561000H0,71219,71220,71225,1787839209525150,1787839209522163,1787839209507742
CPBG1630011D,71292,71293,71294,1787839209525208,1787839209540193,1787839209507913
CV3T561000B5,71234,71235,71238,1787839211858372,1787839211817527,1787839211807551
CV3T561000H0,71285,71286,71291,1787839211858500,1787839211855373,1787839211840937
CPBG1630011D,71358,71359,71360,1787839211858336,1787839211873418,1787839211841139
CV3T561000B5,71334,71335,71338,1787839215224997,1787839215184208,1787839215173844
CV3T561000H0,71385,71386,71391,1787839215225478,1787839215222066,1787839215207026
CPBG1630011D,71458,71459,71460,1787839215225029,1787839215240131,1787839215207249
CV3T561000H0,71517,71518,71522,1787839219791924,1787839219755427,1787839219740264
CV3T561000B5,71466,71467,71471,1787839219791632,1787839219784231,1787839219773798
CPBG1630011D,71590,71591,71592,1787839219791480,1787839219806855,1787839219773877
CV3T561000H0,71616,71617,71622,1787839223258396,1787839223255451,1787839223240777
CPBG1630011D,71690,71691,71692,1787839223291600,1787839223306898,1787839223274365
CV3T561000B5,71566,71567,71571,1787839223291782,1787839223284246,1787839223274580
CV3T561000H0,71628,71629,71633,1787839223691779,1787839223655455,1787839223640780
CPBG1630011D,71701,71702,71703,1787839223692534,1787839223706906,1787839223674372
CV3T561000B5,71577,71578,71582,1787839223692464,1787839223684259,1787839223674598
CV3T561000B5,71766,71767,71770,1787839230124847,1787839230084279,1787839230074718
CV3T561000H0,71817,71818,71823,1787839230124863,1787839230122162,1787839230107461
CPBG1630011D,71890,71891,71892,1787839230125070,1787839230140320,1787839230107783
CV3T561000B5,71802,71803,71806,1787839231324626,1787839231284283,1787839231274739
CV3T561000H0,71853,71854,71859,1787839231324734,1787839231322169,1787839231307462
CPBG1630011D,71926,71927,71928,1787839231325176,1787839231340335,1787839231307798
CPBG1630011D,71940,71941,71941,1787839231791860,1787839231773685,1787839231741147
CV3T561000H0,71867,71868,71873,1787839231791638,1787839231788844,1787839231774136
CV3T561000B5,71816,71817,71821,1787839231791647,1787839231784291,1787839231774629
CPBG1630011D,71957,71958,71958,1787839232358392,1787839232340349,1787839232307610
CV3T561000B5,71833,71834,71838,1787839232358533,1787839232350955,1787839232340812
CV3T561000H0,71884,71885,71890,1787839232358629,1787839232355509,1787839232340980
CV3T561000H0,71888,71889,71893,1787839232491595,1787839232455518,1787839232441040
CV3T561000B5,71837,71838,71842,1787839232492080,1787839232484288,1787839232474106
CPBG1630011D,71961,71962,71963,1787839232491360,1787839232507015,1787839232474169
CV3T561000H0,71948,71949,71954,1787839234558115,1787839234555530,1787839234541191
CPBG1630011D,72022,72023,72024,1787839234591807,1787839234607044,1787839234574035
CV3T561000B5,71898,71899,71903,1787839234591794,1787839234584301,1787839234574096
CPBG1630011D,72044,72045,72045,1787839235325212,1787839235307059,1787839235274036
CV3T561000B5,71920,71921,71925,1787839235324927,1787839235317642,1787839235307429
CV3T561000H0,71971,71972,71977,1787839235325011,1787839235322201,1787839235307869
CV3T561000H0,71993,71994,71998,1787839236059218,1787839236022200,1787839236007875
CPBG1630011D,72066,72067,72068,1787839236058258,1787839236073736,1787839236040700
CV3T561000B5,71942,71943,71947,1787839236059035,1787839236050980,1787839236040761
CV3T561000B5,71947,71948,71951,1787839236225581,1787839236184322,1787839236174100
CPBG1630011D,72071,72072,72073,1787839236224907,1787839236240400,1787839236207360
CV3T561000H0,71998,71999,72004,1787839236224995,1787839236222204,1787839236207882
CPBG1630011D,72190,72191,72191,1787839240258470,1787839240240450,1787839240207337
CV3T561000B5,72067,72068,72072,1787839240292150,1787839240284329,1787839240274067
CV3T561000H0,72118,72119,72124,1787839240291928,1787839240288897,1787839240274617
CV3T561000H0,72134,72135,72139,1787839240891620,1787839240855567,1787839240841293
CPBG1630011D,72207,72208,72209,1787839240891864,1787839240907120,1787839240873995
CV3T561000B5,72083,72084,72088,1787839240891749,1787839240884325,1787839240874056
CV3T561000B5,72123,72124,72127,1787839242291921,1787839242251008,1787839242241112
CPBG1630011D,72247,72248,72249,1787839242292087,1787839242307143,1787839242274150
CV3T561000H0,72174,72175,72180,1787839242291914,1787839242288909,1787839242274424
CV3T561000B5,72271,72272,72276,1787839247358464,1787839247351030,1787839247341250
CV3T561000H0,72323,72324,72329,1787839247391577,1787839247388961,1787839247374096
CPBG1630011D,72396,72397,72398,1787839247391483,1787839247407227,1787839247374446
CPBG1630011D,72410,72411,72412,1787839247891433,1787839247907217,1787839247874435
CV3T561000H0,72338,72339,72344,1787839247925054,1787839247922278,1787839247907408
CV3T561000B5,72287,72288,72292,1787839247925018,1787839247917695,1787839247907919
CV3T561000H0,72353,72354,72359,1787839248425605,1787839248422278,1787839248407402
CPBG1630011D,72427,72428,72429,1787839248458113,1787839248473891,1787839248441106
CV3T561000B5,72303,72304,72308,1787839248458250,1787839248451035,1787839248441264
CV3T561000H0,72403,72404,72408,1787839250158672,1787839250122293,1787839250107397
CPBG1630011D,72476,72477,72478,1787839250158265,1787839250173906,1787839250141117
CV3T561000B5,72352,72353,72357,1787839250158304,1787839250151040,1787839250141283
CV3T561000B5,72423,72424,72427,1787839252524727,1787839252484387,1787839252474119
CV3T561000H0,72474,72475,72479,1787839252524776,1787839252488979,1787839252474306
CPBG1630011D,72547,72548,72549,1787839252525547,1787839252540611,1787839252507366
CV3T561000H0,72491,72492,72496,1787839253091739,1787839253055658,1787839253041093
CPBG1630011D,72564,72565,72566,1787839253091869,1787839253107285,1787839253073868
CV3T561000B5,72440,72441,72445,1787839253092052,1787839253084392,1787839253074116
CV3T561000B5,72523,72524,72527,1787839255924712,1787839255884399,1787839255874086
CPBG1630011D,72647,72648,72649,1787839255925085,1787839255940659,1787839255907168
CV3T561000H0,72574,72575,72580,1787839255925380,1787839255922333,1787839255907775
CV3T561000H0,72605,72606,72611,1787839256959090,1787839256956468,1787839256941913
CPBG1630011D,72679,72680,72681,1787839256991460,1787839257007343,1787839256973823
CV3T561000B5,72555,72556,72560,1787839256991370,1787839256984410,1787839256974083
CPBG1630011D,72687,72688,72688,1787839257258134,1787839257240675,1787839257207148
CV3T561000B5,72563,72564,72568,1787839257258049,1787839257251076,1787839257240745
CV3T561000H0,72614,72615,72620,1787839257258207,1787839257255677,1787839257241123
CPBG1630011D,72775,72776,72776,1787839260291660,1787839260274053,1787839260240446
CV3T561000B5,72651,72652,72656,1787839260291690,1787839260284428,1787839260274057
CV3T561000H0,72702,72703,72708,1787839260291487,1787839260289035,1787839260274487
CV3T561000B5,72686,72687,72691,1787839261558654,1787839261551094,1787839261540710
CPBG1630011D,72811,72812,72813,1787839261591826,1787839261607396,1787839261573753
CV3T561000H0,72738,72739,72744,1787839261591308,1787839261589035,1787839261574491
CPBG1630011D,72838,72839,72839,1787839262491964,1787839262474083,1787839262440331
CV3T561000H0,72765,72766,72771,1787839262491672,1787839262489051,1787839262474242
CV3T561000B5,72714,72715,72719,1787839262491796,1787839262484440,1787839262474447
CV3T561000B5,72719,72720,72723,1787839262658032,1787839262617763,1787839262607770
CPBG1630011D,72843,72844,72845,1787839262658086,1787839262674077,1787839262640287
CV3T561000H0,72770,72771,72776,1787839262658013,1787839262655709,1787839262640822
CV3T561000H0,72842,72843,72847,1787839265091643,1787839265055723,1787839265040766
CPBG1630011D,72915,72916,72917,1787839265091655,1787839265107441,1787839265073558
CV3T561000B5,72791,72792,72796,1787839265091791,1787839265084449,1787839265074465
CV3T561000H0,72923,72924,72928,1787839267891752,1787839267855747,1787839267840754
CPBG1630011D,72996,72997,72998,1787839267891753,1787839267907473,1787839267873500
CV3T561000B5,72872,72873,72877,1787839267891379,1787839267884459,1787839267874483
CPBG1630011D,73046,73047,73047,1787839269558391,1787839269540823,1787839269506798
CV3T561000H0,72973,72974,72979,1787839269558762,1787839269555754,1787839269540739
CV3T561000B5,72922,72923,72927,1787839269558199,1787839269551130,1787839269541160
CV3T561000B5,72981,72982,72985,1787839271858305,1787839271817821,1787839271807779
CPBG1630011D,73105,73106,73107,1787839271858215,1787839271874189,1787839271840090
CV3T561000H0,73032,73033,73038,1787839271858131,1787839271855764,1787839271840720
CV3T561000H0,73046,73047,73052,1787839272391673,1787839272389106,1787839272373890
CPBG1630011D,73120,73121,73122,1787839272424747,1787839272440876,1787839272407351
CV3T561000B5,72996,72997,73001,1787839272424739,1787839272417818,1787839272407498
CV3T561000B5,72999,73000,73003,1787839272524803,1787839272484476,1787839272474146
CV3T561000H0,73050,73051,73056,1787839272524940,1787839272522443,1787839272507167
CPBG1630011D,73123,73124,73125,1787839272524888,1787839272540873,1787839272507488
CV3T561000B5,73089,73090,73093,1787839275691766,1787839275651168,1787839275640801
CV3T561000H0,73140,73141,73146,1787839275691989,1787839275689132,1787839275673698
CPBG1630011D,73213,73214,73215,1787839275691455,1787839275707581,1787839275674482
CV3T561000H0,73313,73314,73318,1787839281924891,1787839281889176,1787839281873590
CV3T561000B5,73262,73263,73267,1787839281924757,1787839281917861,1787839281907556
CPBG1630011D,73386,73387,73388,1787839281924861,1787839281940989,1787839281907931
CV3T561000H0,73319,73320,73324,1787839282124688,1787839282089172,1787839282073672
CV3T561000B5,73268,73269,73273,1787839282125241,1787839282117857,1787839282107662
CPBG1630011D,73392,73393,73394,1787839282125474,1787839282140987,1787839282107838
CPBG1630011D,73479,73480,73481,1787839285160691,1787839285176511,1787839285142818
CPBG1630011D,73525,73526,73527,1787839286692237,1787839286707720,1787839286674002
CV3T561000H0,73452,73453,73458,1787839286724988,1787839286722535,1787839286707653
CV3T561000B5,73401,73402,73406,1787839286725401,1787839286717878,1787839286707834
CPBG1630011D,73706,73707,73708,1787839292791483,1787839292807796,1787839292774341
CV3T561000H0,73633,73634,73639,1787839292824862,1787839292822578,1787839292807055
CV3T561000B5,73582,73583,73587,1787839292825017,1787839292817910,1787839292807224
CV3T561000B5,73664,73665,73668,1787839295591643,1787839295551249,1787839295540503
CV3T561000H0,73715,73716,73721,1787839295591557,1787839295589262,1787839295573673
CPBG1630011D,73789,73790,73791,1787839295591770,1787839295607835,1787839295574382
CV3T561000H0,73725,73726,73731,1787839295958406,1787839295955937,1787839295940339
CV3T561000B5,73675,73676,73680,1787839295991940,1787839295984587,1787839295973831
CPBG1630011D,73800,73801,73802,1787839295991811,1787839296007837,1787839295974383
CPBG1630011D,73838,73839,73839,1787839297458157,1787839297441191,1787839297407736
CV3T561000H0,73764,73765,73770,1787839297458619,1787839297455942,1787839297440311
CV3T561000B5,73713,73714,73718,1787839297458131,1787839297451265,1787839297440478
CPBG1630011D,73909,73910,73910,1787839299825221,1787839299807888,1787839299774429
CV3T561000H0,73835,73836,73841,1787839299825162,1787839299822624,1787839299806938
CV3T561000B5,73784,73785,73789,1787839299824936,1787839299817942,1787839299807104
CV3T561000B5,73815,73816,73820,1787839300891513,1787839300884627,1787839300873766
CV3T561000H0,73867,73868,73873,1787839300924793,1787839300922636,1787839300906926
CPBG1630011D,73941,73942,73943,1787839300924802,1787839300941242,1787839300907781
CV3T561000H0,73973,73974,73979,1787839304558149,1787839304555991,1787839304540725
CPBG1630011D,74048,74049,74050,1787839304591472,1787839304607949,1787839304573879
CV3T561000B5,73923,73924,73928,1787839304591683,1787839304584629,1787839304574238
CV3T561000B5,73995,73996,73999,1787839307024854,1787839306984656,1787839306974260
CPBG1630011D,74120,74121,74122,1787839307025019,1787839307041309,1787839307007179
CV3T561000H0,74046,74047,74052,1787839307025024,1787839307022672,1787839307007396
CV3T561000H0,74077,74078,74082,1787839308091615,1787839308056018,1787839308040740
CPBG1630011D,74151,74152,74153,1787839308092102,1787839308107983,1787839308073828
CV3T561000B5,74026,74027,74031,1787839308091872,1787839308084643,1787839308074244
CV3T561000H0,74127,74128,74132,1787839309824776,1787839309789354,1787839309774070
CPBG1630011D,74201,74202,74203,1787839309824975,1787839309841339,1787839309807140
CV3T561000B5,74076,74077,74081,1787839309825129,1787839309817984,1787839309807581
CV3T561000B5,74084,74085,74088,1787839310091983,1787839310051320,1787839310040918
CPBG1630011D,74209,74210,74211,1787839310091745,1787839310108009,1787839310073803
CV3T561000H0,74135,74136,74141,1787839310091630,1787839310089353,1787839310074067
CV3T561000B5,74155,74156,74160,1787839312591840,1787839312584671,1787839312574545
CPBG1630011D,74281,74282,74283,1787839312624985,1787839312641390,1787839312607516
CV3T561000H0,74207,74208,74213,1787839312624814,1787839312622711,1787839312607784
CV3T561000H0,74303,74304,74308,1787839315825415,1787839315789393,1787839315774576
CPBG1630011D,74377,74378,74379,1787839315824995,1787839315841423,1787839315807607
CV3T561000B5,74252,74253,74257,1787839315825321,1787839315818012,1787839315807913
CV3T561000B5,74397,74398,74401,1787839320791910,1787839320751369,1787839320741314
CPBG1630011D,74522,74523,74524,1787839320791861,1787839320808605,1787839320774762
CV3T561000H0,74448,74449,74454,1787839320792275,1787839320789875,1787839320775126
CPBG1630011D,74579,74580,74580,1787839322924925,1787839322908193,1787839322873851
CV3T561000B5,74454,74455,74459,1787839322924996,1787839322918048,1787839322907243
CV3T561000H0,74505,74506,74511,1787839322925041,1787839322922773,1787839322907310
CPBG1630011D,74669,74670,74671,1787839326058043,1787839326074893,1787839326040471
CV3T561000B5,74545,74546,74550,1787839326091694,1787839326084732,1787839326073862
CV3T561000H0,74596,74597,74602,1787839326091788,1787839326089464,1787839326073953
CV3T561000H0,74653,74654,74659,1787839328191533,1787839328189485,1787839328173943
CPBG1630011D,74728,74729,74730,1787839328224772,1787839328241593,1787839328207116
CV3T561000B5,74603,74604,74608,1787839328224727,1787839328218078,1787839328207165
CV3T561000B5,74739,74740,74743,1787839332824916,1787839332784768,1787839332774355
CPBG1630011D,74864,74865,74866,1787839332825131,1787839332841643,1787839332807710
CV3T561000H0,74790,74791,74796,1787839332825054,1787839332822845,1787839332807804
CPBG1630011D,74883,74884,74884,1787839333458395,1787839333441642,1787839333407717
CV3T561000B5,74758,74759,74763,1787839333458318,1787839333451432,1787839333441021
CV3T561000H0,74809,74810,74815,1787839333458835,1787839333456177,1787839333441147
CPBG1630011D,74895,74896,74897,1787839333858771,1787839333874984,1787839333841060
CV3T561000B5,74771,74772,74776,1787839333891955,1787839333884768,1787839333874357
CV3T561000H0,74822,74823,74828,1787839333891590,1787839333889514,1787839333874487
CPBG1630011D,74977,74978,74979,1787839336892092,1787839336908356,1787839336874437
CV3T561000B5,74853,74854,74858,1787839336925159,1787839336918114,1787839336907710
CV3T561000H0,74904,74905,74910,1787839336925346,1787839336922866,1787839336907862
CPBG1630011D,75001,75002,75002,1787839337725625,1787839337708377,1787839337674459
CV3T561000B5,74876,74877,74881,1787839337725045,1787839337718116,1787839337707715
CV3T561000H0,74927,74928,74933,1787839337725194,1787839337722869,1787839337707871
CPBG1630011D,75015,75016,75016,1787839338224839,1787839338208368,1787839338174451
CV3T561000B5,74890,74891,74895,1787839338224738,1787839338218123,1787839338207722
CV3T561000H0,74941,74942,74947,1787839338224853,1787839338222877,1787839338207882
CPBG1630011D,75025,75026,75026,1787839338558381,1787839338541715,1787839338507797
CV3T561000B5,74900,74901,74905,1787839338558274,1787839338551481,1787839338541080
CV3T561000H0,74951,74952,74957,1787839338558201,1787839338556236,1787839338541245
CPBG1630011D,75075,75076,75076,1787839340224971,1787839340208398,1787839340174484
CV3T561000B5,74950,74951,74955,1787839340224769,1787839340218131,1787839340207735
CV3T561000H0,75001,75002,75007,1787839340224796,1787839340222889,1787839340207910
CV3T561000H0,75060,75061,75065,1787839342324820,1787839342289566,1787839342274321
CV3T561000B5,75009,75010,75014,1787839342324720,1787839342318138,1787839342307265
CV3T561000B5,75010,75011,75014,1787839342358691,1787839342318138,1787839342307265
CPBG1630011D,75134,75135,75136,1787839342324720,1787839342341764,1787839342307554
CPBG1630011D,75135,75136,75137,1787839342358509,1787839342375096,1787839342340849
CV3T561000H0,75061,75062,75067,1787839342358639,1787839342356231,1787839342340909
CPBG1630011D,75164,75165,75166,1787839343324769,1787839343341776,1787839343307106
CV3T561000H0,75091,75092,75097,1787839343358474,1787839343356241,1787839343340482
CV3T561000B5,75040,75041,75045,1787839343358961,1787839343351477,1787839343340515
CPBG1630011D,75200,75201,75201,1787839344524835,1787839344508459,1787839344473756
CV3T561000H0,75126,75127,75132,1787839344524884,1787839344522913,1787839344507125
CV3T561000B5,75075,75076,75080,1787839344524894,1787839344518147,1787839344507164
CPBG1630011D,75206,75207,75207,1787839344724866,1787839344708484,1787839344673776
CV3T561000H0,75132,75133,75138,1787839344724781,1787839344722921,1787839344707129
CV3T561000B5,75081,75082,75086,1787839344724757,1787839344718154,1787839344707166
CPBG1630011D,75239,75240,75241,1787839345827271,1787839345843859,1787839345809118
CV3T561000B5,75128,75129,75132,1787839346324682,1787839346284828,1787839346273810
CPBG1630011D,75254,75255,75256,1787839346324784,1787839346341816,1787839346307061
CV3T561000H0,75179,75180,75185,1787839346325171,1787839346322927,1787839346307098
CV3T561000H0,75211,75212,75216,1787839347424847,1787839347389610,1787839347373755
CPBG1630011D,75286,75287,75288,1787839347425356,1787839347441830,1787839347407044
CV3T561000B5,75160,75161,75165,1787839347425039,1787839347418162,1787839347407122
CV3T561000B5,75203,75204,75207,1787839348858152,1787839348818181,1787839348807115
CPBG1630011D,75329,75330,75331,1787839348858127,1787839348875183,1787839348840357
CV3T561000H0,75254,75255,75260,1787839348858463,1787839348856279,1787839348840388
CV3T561000B5,75220,75221,75224,1787839349425233,1787839349384845,1787839349373768
CPBG1630011D,75346,75347,75348,1787839349424762,1787839349441857,1787839349407014
CV3T561000H0,75271,75272,75277,1787839349424760,1787839349422949,1787839349407045
CV3T561000B5,75271,75272,75275,1787839351124928,1787839351084851,1787839351073741
CPBG1630011D,75397,75398,75399,1787839351125096,1787839351141880,1787839351106988
CV3T561000H0,75322,75323,75328,1787839351125329,1787839351122961,1787839351107017
CPBG1630011D,75429,75430,75431,1787839352292033,1787839352309018,1787839352274446
CV3T561000H0,75355,75356,75361,1787839352325100,1787839352322970,1787839352307274
CV3T561000B5,75304,75305,75309,1787839352325037,1787839352318189,1787839352307510
CV3T561000H0,75515,75516,75520,1787839357891560,1787839357856340,1787839357841071
CV3T561000B5,75464,75465,75469,1787839357891459,1787839357884879,1787839357874273
CPBG1630011D,75590,75591,75592,1787839357891466,1787839357908632,1787839357874765
CV3T561000B5,75485,75486,75489,1787839358624993,1787839358584889,1787839358574285
CV3T561000H0,75536,75537,75542,1787839358625091,1787839358623009,1787839358607743
CPBG1630011D,75611,75612,75613,1787839358625244,1787839358641975,1787839358608118
CV3T561000B5,75498,75499,75502,1787839359058613,1787839359018225,1787839359007620
CV3T561000H0,75549,75550,75555,1787839359058504,1787839359056357,1787839359041094
CPBG1630011D,75624,75625,75626,1787839359058545,1787839359075326,1787839359041473
CPBG1630011D,75640,75641,75642,1787839359593281,1787839359610595,1787839359576750
CV3T561000H0,75683,75684,75689,1787839363658914,1787839363656377,1787839363640589
CV3T561000B5,75633,75634,75638,1787839363691577,1787839363684907,1787839363673591
CPBG1630011D,75760,75761,75762,1787839363691530,1787839363708707,1787839363674383
CPBG1630011D,75804,75805,75805,1787839365292076,1787839365242172,1787839365207834
CV3T561000B5,75677,75678,75682,1787839365291874,1787839365284920,1787839365273563
CV3T561000H0,75728,75729,75734,1787839365291805,1787839365289726,1787839365273909
CV3T561000H0,75730,75731,75736,1787839365358871,1787839365356398,1787839365340580
CV3T561000B5,75680,75681,75685,1787839365391654,1787839365384931,1787839365373571
CPBG1630011D,75807,75808,75809,1787839365391845,1787839365408737,1787839365374398
CPBG1630011D,75838,75839,75840,1787839366493826,1787839366510700,1787839366476350
CV3T561000B5,75755,75756,75759,1787839368091591,1787839368051594,1787839368040165
CV3T561000H0,75806,75807,75812,1787839368091391,1787839368089742,1787839368073876
CPBG1630011D,75883,75884,75885,1787839368091366,1787839368108759,1787839368074395
CPBG1630011D,75901,75902,75902,1787839368725398,1787839368708764,1787839368674395
CV3T561000B5,75773,75774,75778,1787839368725144,1787839368718386,1787839368706940
CV3T561000H0,75824,75825,75830,1787839368725297,1787839368723198,1787839368707321
CPBG1630011D,75907,75908,75908,1787839368925319,1787839368909220,1787839368874849
CV3T561000B5,75779,75780,75784,1787839368924756,1787839368918270,1787839368906819
CV3T561000H0,75830,75831,75836,1787839368924756,1787839368923082,1787839368907201
CV3T561000H0,75900,75901,75905,1787839371258316,1787839371223097,1787839371207175
CV3T561000B5,75849,75850,75854,1787839371258333,1787839371251610,1787839371240099
CPBG1630011D,75977,75978,75979,1787839371258247,1787839371275464,1787839371241071
CV3T561000H0,75903,75904,75908,1787839371358034,1787839371323092,1787839371307169
CV3T561000B5,75852,75853,75857,1787839371358354,1787839371351611,1787839371340098
CPBG1630011D,75980,75981,75982,1787839371358426,1787839371375466,1787839371341073
CV3T561000H0,75975,75976,75980,1787839373825390,1787839373789773,1787839373773601
CPBG1630011D,76052,76053,76054,1787839373825116,1787839373842174,1787839373807106
CV3T561000B5,75924,75925,75929,1787839373825229,1787839373818300,1787839373807377
CV3T561000B5,76009,76010,76013,1787839376691601,1787839376651641,1787839376640717
CV3T561000H0,76060,76061,76066,1787839376691666,1787839376689800,1787839376673553
CPBG1630011D,76137,76138,76139,1787839376691840,1787839376708870,1787839376673698
CV3T561000B5,76065,76066,76070,1787839378591566,1787839378584977,1787839378574051
CV3T561000H0,76117,76118,76123,1787839378624809,1787839378623142,1787839378606845
CPBG1630011D,76194,76195,76196,1787839378625052,1787839378642224,1787839378606982
CV3T561000H0,76148,76149,76154,1787839379658189,1787839379656478,1787839379640155
CPBG1630011D,76226,76227,76228,1787839379724896,1787839379742241,1787839379706959
CV3T561000B5,76098,76099,76103,1787839379724947,1787839379718319,1787839379707392
CV3T561000B5,76166,76167,76171,1787839382059264,1787839382052458,1787839382041295
CV3T561000H0,76218,76219,76224,1787839382091631,1787839382089837,1787839382073510
CPBG1630011D,76295,76296,76297,1787839382091715,1787839382108942,1787839382073645
CV3T561000H0,76226,76227,76231,1787839382358362,1787839382323163,1787839382307008
CV3T561000B5,76175,76176,76180,1787839382358518,1787839382351663,1787839382340312
CPBG1630011D,76303,76304,76305,1787839382358343,1787839382375606,1787839382340548
CPBG1630011D,76336,76337,76337,1787839383491398,1787839383475616,1787839383440961
CV3T561000B5,76208,76209,76213,1787839383491398,1787839383485002,1787839383473577
CV3T561000H0,76259,76260,76265,1787839383491681,1787839383489841,1787839383474051
CPBG1630011D,76372,76373,76373,1787839384691750,1787839384675649,1787839384640990
CV3T561000B5,76244,76245,76249,1787839384691604,1787839384685005,1787839384673557
CV3T561000H0,76295,76296,76301,1787839384691739,1787839384689847,1787839384674057
CPBG1630011D,76441,76442,76442,1787839386991906,1787839386975669,1787839386941001
CV3T561000B5,76313,76314,76318,1787839386991608,1787839386985018,1787839386973524
CV3T561000H0,76364,76365,76370,1787839386991621,1787839386989864,1787839386974072
CV3T561000H0,76410,76411,76415,1787839388624880,1787839388589873,1787839388574081
CV3T561000B5,76359,76360,76364,1787839388624689,1787839388618352,1787839388606825
CPBG1630011D,76487,76488,76489,1787839388625035,1787839388642347,1787839388607672
CV3T561000B5,76375,76376,76379,1787839389224752,1787839389185030,1787839389173492
CV3T561000H0,76426,76427,76432,1787839389224734,1787839389223218,1787839389207426
CPBG1630011D,76503,76504,76505,1787839389224824,1787839389242367,1787839389207690
CV3T561000B5,76411,76412,76415,1787839390458194,1787839390418380,1787839390406816
CV3T561000H0,76462,76463,76468,1787839390458099,1787839390456547,1787839390440754
CPBG1630011D,76539,76540,76541,1787839390458111,1787839390475703,1787839390441020
CV3T561000B5,76421,76422,76425,1787839390792005,1787839390751697,1787839390740127
CV3T561000H0,76472,76473,76478,1787839390791671,1787839390789895,1787839390774101
CPBG1630011D,76549,76550,76551,1787839390791797,1787839390809053,1787839390774369
CV3T561000H0,76479,76480,76484,1787839391025406,1787839390990344,1787839390974551
CV3T561000B5,76428,76429,76433,1787839391025441,1787839391018373,1787839391006798
CPBG1630011D,76556,76557,76558,1787839391025104,1787839391042387,1787839391007703
CV3T561000H0,76497,76498,76502,1787839391624780,1787839391589892,1787839391574098
CV3T561000B5,76446,76447,76451,1787839391624874,1787839391618376,1787839391606796
CPBG1630011D,76574,76575,76576,1787839391625030,1787839391642395,1787839391607708
CPBG1630011D,76595,76596,76596,1787839392324906,1787839392309067,1787839392274180
CV3T561000B5,76467,76468,76472,1787839392324906,1787839392318372,1787839392307300
CV3T561000H0,76518,76519,76524,1787839392324894,1787839392323229,1787839392307594
CV3T561000B5,76469,76470,76473,1787839392391603,1787839392351705,1787839392340654
CPBG1630011D,76597,76598,76599,1787839392391645,1787839392409064,1787839392374088
CV3T561000H0,76520,76521,76526,1787839392392106,1787839392389896,1787839392374300
CV3T561000B5,76471,76472,76475,1787839392459046,1787839392418371,1787839392407354
CPBG1630011D,76599,76600,76601,1787839392459320,1787839392476536,1787839392441498
CV3T561000H0,76522,76523,76528,1787839392459570,1787839392457367,1787839392441814
CPBG1630011D,76610,76611,76612,1787839392827029,1787839392844297,1787839392809010
CV3T561000H0,76537,76538,76542,1787839392991486,1787839392956573,1787839392941196
CPBG1630011D,76615,76616,76617,1787839392991436,1787839393009079,1787839392973777
CV3T561000B5,76486,76487,76491,1787839392991389,1787839392985049,1787839392974067
CV3T561000H0,76568,76569,76573,1787839394024918,1787839393989907,1787839393974546
CPBG1630011D,76646,76647,76648,1787839394025484,1787839394042418,1787839394007085
CV3T561000B5,76517,76518,76522,1787839394025512,1787839394018379,1787839394007403
CPBG1630011D,76715,76716,76716,1787839396325075,1787839396309121,1787839396273719
CV3T561000B5,76586,76587,76591,1787839396324917,1787839396318410,1787839396307445
CV3T561000H0,76637,76638,76643,1787839396325211,1787839396323274,1787839396307952
CV3T561000H0,76661,76662,76666,1787839397124727,1787839397089933,1787839397074623
CPBG1630011D,76739,76740,76741,1787839397125088,1787839397142466,1787839397107038
CV3T561000B5,76610,76611,76615,1787839397125174,1787839397118402,1787839397107441
CPBG1630011D,76791,76792,76792,1787839398858569,1787839398842489,1787839398807010
CV3T561000B5,76662,76663,76667,1787839398858489,1787839398851740,1787839398840787
CV3T561000H0,76713,76714,76719,1787839398858298,1787839398856610,1787839398841330
CPBG1630011D,76808,76809,76809,1787839399424717,1787839399409158,1787839399373662
CV3T561000B5,76679,76680,76684,1787839399424686,1787839399418403,1787839399407454
CV3T561000H0,76730,76731,76736,1787839399425359,1787839399423273,1787839399408002
CV3T561000B5,76725,76726,76729,1787839400958118,1787839400918421,1787839400907479
CPBG1630011D,76854,76855,76856,1787839400958637,1787839400975844,1787839400940300
CV3T561000H0,76776,76777,76782,1787839400958266,1787839400956622,1787839400941376
CPBG1630011D,76868,76869,76869,1787839401458405,1787839401442516,1787839401406958
CV3T561000B5,76739,76740,76744,1787839401458334,1787839401451749,1787839401440809
CV3T561000H0,76790,76791,76796,1787839401458031,1787839401456623,1787839401441385
CPBG1630011D,76870,76871,76871,1787839401525146,1787839401509181,1787839401473621
CV3T561000B5,76741,76742,76746,1787839401524689,1787839401518416,1787839401507476
CV3T561000H0,76792,76793,76798,1787839401524901,1787839401523290,1787839401508054
CV3T561000H0,76807,76808,76812,1787839402024859,1787839401989967,1787839401974720
CPBG1630011D,76885,76886,76887,1787839402025582,1787839402042526,1787839402006970
CV3T561000B5,76756,76757,76761,1787839402025539,1787839402018422,1787839402007243
CPBG1630011D,76930,76931,76931,1787839403524840,1787839403509216,1787839403474171
CV3T561000B5,76801,76802,76806,1787839403524863,1787839403518429,1787839403506914
CV3T561000H0,76852,76853,76858,1787839403524857,1787839403523307,1787839403507213
CPBG1630011D,76936,76937,76937,1787839403725083,1787839403709219,1787839403674174
CV3T561000B5,76807,76808,76812,1787839403725200,1787839403718431,1787839403706911
CV3T561000H0,76858,76859,76864,1787839403725135,1787839403723309,1787839403707213
CV3T561000B5,76882,76883,76886,1787839406324833,1787839406285108,1787839406273542
CV3T561000H0,76933,76934,76939,1787839406325018,1787839406323317,1787839406307172
CPBG1630011D,77011,77012,77013,1787839406324813,1787839406342580,1787839406307519
CV3T561000H0,76956,76957,76961,1787839407091841,1787839407056672,1787839407040514
CV3T561000B5,76905,76906,76910,1787839407091852,1787839407085107,1787839407073528
CPBG1630011D,77034,77035,77036,1787839407091623,1787839407109260,1787839407074195
CPBG1630011D,77166,77167,77168,1787839411591931,1787839411609797,1787839411574706
CV3T561000B5,77038,77039,77043,1787839411625050,1787839411618471,1787839411606816
CV3T561000H0,77089,77090,77095,1787839411624796,1787839411623365,1787839411607123
CPBG1630011D,77179,77180,77180,1787839412025171,1787839412009331,1787839411974236
CV3T561000B5,77050,77051,77055,1787839412024993,1787839412018470,1787839412007101
CV3T561000H0,77101,77102,77107,1787839412024734,1787839412023365,1787839412007133
CV3T561000H0,77190,77191,77195,1787839414991608,1787839414956713,1787839414940960
CPBG1630011D,77268,77269,77270,1787839414991575,1787839415009371,1787839414974112
CV3T561000B5,77139,77140,77144,1787839414991598,1787839414985154,1787839414974207
CV3T561000B5,77165,77166,77169,1787839415858552,1787839415818484,1787839415807546
CPBG1630011D,77294,77295,77296,1787839415858142,1787839415876066,1787839415840798
CV3T561000H0,77216,77217,77222,1787839415858357,1787839415856744,1787839415840992
CV3T561000H0,77278,77279,77283,1787839418058342,1787839418023398,1787839418007652
CPBG1630011D,77356,77357,77358,1787839418058320,1787839418076076,1787839418040782
CV3T561000B5,77227,77228,77232,1787839418058360,1787839418051835,1787839418040920
CV3T561000B5,77262,77263,77266,1787839419291878,1787839419218499,1787839419207596
CPBG1630011D,77391,77392,77393,1787839419292107,1787839419309424,1787839419274115
CV3T561000H0,77313,77314,77319,1787839419291591,1787839419290081,1787839419274337
CV3T561000B5,77265,77266,77269,1787839419424877,1787839419351838,1787839419340937
CPBG1630011D,77394,77395,77396,1787839419424949,1787839419442766,1787839419407455
CV3T561000H0,77316,77317,77322,1787839419424856,1787839419423421,1787839419407677
CPBG1630011D,77416,77417,77418,1787839420191396,1787839420209430,1787839420174111
CV3T561000B5,77288,77289,77293,1787839420225249,1787839420218509,1787839420207618
CV3T561000H0,77339,77340,77345,1787839420224669,1787839420223419,1787839420207677
CPBG1630011D,77423,77424,77424,1787839420424783,1787839420409437,1787839420374116
CV3T561000B5,77294,77295,77299,1787839420424690,1787839420418503,1787839420407614
CV3T561000H0,77345,77346,77351,1787839420424679,1787839420423413,1787839420407672
CV3T561000H0,77436,77437,77441,1787839423458231,1787839423423436,1787839423407458
CV3T561000B5,77385,77386,77390,1787839423458215,1787839423451858,1787839423440435
CPBG1630011D,77514,77515,77516,1787839423458521,1787839423476143,1787839423441264
CPBG1630011D,77551,77552,77553,1787839424725313,1787839424742817,1787839424707948
CV3T561000B5,77423,77424,77428,1787839424758554,1787839424751857,1787839424740420
CV3T561000H0,77474,77475,77480,1787839424758352,1787839424756776,1787839424740788
CV3T561000B5,77430,77431,77434,1787839424992145,1787839424951892,1787839424940453
CV3T561000H0,77481,77482,77487,1787839424991827,1787839424990118,1787839424974129
CPBG1630011D,77559,77560,77561,1787839424992122,1787839425009497,1787839424974630
CV3T561000H0,77511,77512,77516,1787839425991691,1787839425956788,1787839425940792
CV3T561000B5,77460,77461,77465,1787839425991822,1787839425985194,1787839425973743
CPBG1630011D,77589,77590,77591,1787839425992100,1787839426009493,1787839425974635
CV3T561000B5,77543,77544,77547,1787839428825084,1787839428785217,1787839428773733
CV3T561000H0,77594,77595,77600,1787839428825093,1787839428823473,1787839428807454
CPBG1630011D,77672,77673,77674,1787839428825476,1787839428842868,1787839428808034
CPBG1630011D,77675,77676,77676,1787839428925006,1787839428910003,1787839428875169
CV3T561000B5,77546,77547,77551,1787839428924628,1787839428918546,1787839428907059
CV3T561000H0,77597,77598,77603,1787839428924749,1787839428923473,1787839428907454
CV3T561000B5,77549,77550,77553,1787839429025062,1787839428985210,1787839428973723
CV3T561000H0,77600,77601,77606,1787839429025027,1787839429023476,1787839429007457
CPBG1630011D,77678,77679,77680,1787839429025764,1787839429042872,1787839429008039
CV3T561000B5,77588,77589,77592,1787839430358182,1787839430318550,1787839430307047
CV3T561000H0,77639,77640,77645,1787839430358611,1787839430356811,1787839430340781
CPBG1630011D,77717,77718,77719,1787839430358696,1787839430376216,1787839430341395
CV3T561000H0,77648,77649,77653,1787839430658201,1787839430623486,1787839430607453
CV3T561000B5,77597,77598,77602,1787839430658386,1787839430651889,1787839430640383
CPBG1630011D,77726,77727,77728,1787839430658518,1787839430676226,1787839430641407
CPBG1630011D,77730,77731,77732,1787839430791669,1787839430809560,1787839430774742
CV3T561000B5,77602,77603,77607,1787839430825079,1787839430818550,1787839430807042
CV3T561000H0,77653,77654,77659,1787839430825407,1787839430823480,1787839430807446
CV3T561000H0,77700,77701,77705,1787839432458694,1787839432423502,1787839432407619
CV3T561000B5,77649,77650,77654,1787839432458227,1787839432451915,1787839432440714
CPBG1630011D,77778,77779,77780,1787839432458338,1787839432476266,1787839432441213
CV3T561000H0,77723,77724,77728,1787839433258466,1787839433223501,1787839433207774
CV3T561000B5,77672,77673,77677,1787839433258601,1787839433251898,1787839433240713
CPBG1630011D,77801,77802,77803,1787839433258537,1787839433276256,1787839433241001
CV3T561000B5,77685,77686,77689,1787839433691447,1787839433651900,1787839433640716
CPBG1630011D,77814,77815,77816,1787839433691464,1787839433709629,1787839433674369
CV3T561000H0,77736,77737,77742,1787839433691816,1787839433690203,1787839433674479
CPBG1630011D,77881,77882,77882,1787839435991676,1787839435976297,1787839435941013
CV3T561000B5,77752,77753,77757,1787839435991919,1787839435985243,1787839435974065
CV3T561000H0,77803,77804,77809,1787839435991482,1787839435990182,1787839435974471
CV3T561000H0,77917,77918,77922,1787839439891670,1787839439856913,1787839439841223
CV3T561000B5,77866,77867,77871,1787839439892175,1787839439885260,1787839439874092
CPBG1630011D,77995,77996,77997,1787839439891844,1787839439909679,1787839439874352
CV3T561000H0,77954,77955,77959,1787839441125003,1787839441090671,1787839441074988
CV3T561000B5,77903,77904,77908,1787839441124945,1787839441118610,1787839441107444
CPBG1630011D,78032,78033,78034,1787839441124909,1787839441143039,1787839441107699
CV3T561000B5,77919,77920,77924,1787839441691486,1787839441685267,1787839441674112
CPBG1630011D,78049,78050,78051,1787839441724998,1787839441743038,1787839441707692
CV3T561000H0,77971,77972,77977,1787839441725145,1787839441723555,1787839441707876
CV3T561000H0,77998,77999,78003,1787839442658133,1787839442623563,1787839442607352
CPBG1630011D,78076,78077,78078,1787839442658105,1787839442676383,1787839442640449
CV3T561000B5,77947,77948,77952,1787839442658071,1787839442651942,1787839442641055
CV3T561000B5,78086,78087,78090,1787839447358232,1787839447318754,1787839447307930
CPBG1630011D,78215,78216,78217,1787839447358675,1787839447376434,1787839447340194
CV3T561000H0,78137,78138,78143,1787839447358657,1787839447356923,1787839447340469
CV3T561000B5,78097,78098,78101,1787839447758084,1787839447718633,1787839447707815
CPBG1630011D,78226,78227,78228,1787839447758840,1787839447776443,1787839447740186
CV3T561000H0,78148,78149,78154,1787839447758495,1787839447756929,1787839447740467
CPBG1630011D,78259,78260,78261,1787839448893412,1787839448911692,1787839448875391
CV3T561000B5,78167,78168,78171,1787839450225300,1787839450185314,1787839450174529
CPBG1630011D,78297,78298,78299,1787839450225331,1787839450243138,1787839450206784
CV3T561000H0,78218,78219,78224,1787839450225069,1787839450223609,1787839450207092
CPBG1630011D,78330,78331,78331,1787839451325156,1787839451309826,1787839451273430
CV3T561000H0,78251,78252,78257,1787839451325118,1787839451323617,1787839451307076
CV3T561000B5,78200,78201,78205,1787839451324745,1787839451318649,1787839451307879
CV3T561000B5,78238,78239,78243,1787839452691744,1787839452685341,1787839452673826
CPBG1630011D,78369,78370,78371,1787839452725063,1787839452743179,1787839452707460
CV3T561000H0,78290,78291,78296,1787839452724780,1787839452723634,1787839452707639
CPBG1630011D,78375,78376,78376,1787839452958603,1787839452943178,1787839452907544
CV3T561000B5,78245,78246,78250,1787839452958341,1787839452951997,1787839452940477
CV3T561000H0,78296,78297,78302,1787839452958563,1787839452956969,1787839452941040
