deviceIndex,streamType,hwTimestampUs,globalTimestampUs,sysTimestampUs,frameNumber
0,DEPTH,1788558593718372,1788558593716931,1788558593912637,1
0,DEPTH,1788558593751706,1788558593750264,1788558593915981,2
0,DEPTH,1788558593785039,1788558593783598,1788558593918741,3
0,DEPTH,1788558593818373,1788558593816930,1788558593922005,4
0,DEPTH,1788558593851706,1788558593850263,1788558593925996,5
0,DEPTH,1788558593885040,1788558593883596,1788558593935693,6
0,DEPTH,1788558593918377,1788558593916934,1788558593939618,7
0,DEPTH,1788558593951713,1788558593950269,1788558593971497,8
0,DEPTH,1788558594218376,1788558594216930,1788558594238808,9
0,DEPTH,1788558594251839,1788558594250391,1788558594271925,10
0,DEPTH,1788558594285053,1788558594283605,1788558594305516,11
0,DEPTH,1788558594318379,1788558594316931,1788558594338437,12
0,DEPTH,1788558594351710,1788558594350262,1788558594371804,13
0,DEPTH,1788558594385044,1788558594383596,1788558594405142,14
0,DEPTH,1788558594418378,1788558594416928,1788558594438469,15
0,DEPTH,1788558594451711,1788558594450262,1788558594471732,16
0,DEPTH,1788558594485045,1788558594483595,1788558594505048,17
0,DEPTH,1788558594518378,1788558594516927,1788558594538433,18
0,DEPTH,1788558594551712,1788558594550261,1788558594571731,19
0,DEPTH,1788558594585045,1788558594583594,1788558594604849,20
0,DEPTH,1788558593973940,1788558593972495,1788558594638207,21
0,DEPTH,1788558594007276,1788558594005832,1788558594671606,22
0,DEPTH,1788558594040610,1788558594039166,1788558594704821,23
0,DEPTH,1788558594073942,1788558594072497,1788558594738312,24
0,DEPTH,1788558594107275,1788558594105830,1788558594771491,25
0,DEPTH,1788558594140609,1788558594139164,1788558594804955,26
0,DEPTH,1788558594173944,1788558594172498,1788558594838284,27
0,DEPTH,1788558594207275,1788558594205829,1788558594871473,28
0,DEPTH,1788558594240608,1788558594239160,1788558594904805,29
0,DEPTH,1788558594273941,1788558594272494,1788558594938281,30
0,DEPTH,1788558594307276,1788558594305828,1788558594971740,31
0,DEPTH,1788558594340609,1788558594339160,1788558595005129,32
0,DEPTH,1788558594373942,1788558594372493,1788558595038280,33
0,DEPTH,1788558594407276,1788558594405828,1788558595071604,34
0,DEPTH,1788558594440609,1788558594439160,1788558595104960,35
0,DEPTH,1788558594473943,1788558594472494,1788558595138467,36
0,DEPTH,1788558594507276,1788558594505826,1788558595171739,37
0,DEPTH,1788558594540610,1788558594539159,1788558595205128,38
0,DEPTH,1788558594573943,1788558594572493,1788558595238477,39
0,DEPTH,1788558594607277,1788558594605825,1788558595271498,40
0,DEPTH,1788558594660525,1788558595031355,1788558595305067,41
0,DEPTH,1788558594693860,1788558595068720,1788558595338155,42
0,DEPTH,1788558594727193,1788558595106084,1788558595371606,43
0,DEPTH,1788558594793859,1788558595180809,1788558595438165,44
0,DEPTH,1788558594827193,1788558595218174,1788558595471718,45
0,DEPTH,1788558594860529,1788558595255540,1788558595505077,46
0,DEPTH,1788558594893862,1788558595292903,1788558595538153,47
0,DEPTH,1788558594927194,1788558595330265,1788558595571599,48
0,DEPTH,1788558594960527,1788558595367627,1788558595604938,49
0,DEPTH,1788558594993861,1788558595404992,1788558595638497,50
0,DEPTH,1788558595027200,1788558595442360,1788558595671630,51
0,DEPTH,1788558595060533,1788558595479724,1788558595704952,52
0,DEPTH,1788558595093866,1788558595517087,1788558595738305,53
0,DEPTH,1788558595127199,1788558595554450,1788558595771456,54
0,DEPTH,1788558595160533,1788558595591813,1788558595804929,55
0,DEPTH,1788558595193864,1788558595629173,1788558595838258,56
0,DEPTH,1788558595227197,1788558595666537,1788558595871742,57
0,DEPTH,1788558595260530,1788558595703899,1788558595904781,58
0,DEPTH,1788558595293866,1788558595741265,1788558595938144,59
0,DEPTH,1788558595349129,1788558595803210,1788558595971655,60
0,DEPTH,1788558595382461,1788558595840571,1788558596004897,61
0,DEPTH,1788558596014632,1788558596549169,1788558596038388,62
0,DEPTH,1788558596047967,1788558596586535,1788558596071681,63
0,DEPTH,1788558596081300,1788558596623898,1788558596105007,64
0,DEPTH,1788558596114634,1788558596661263,1788558596138212,65
0,DEPTH,1788558596147967,1788558596698625,1788558596171708,66
0,DEPTH,1788558596181301,1788558596735988,1788558596205429,67
0,DEPTH,1788558596214635,1788558596773353,1788558596238452,68
0,DEPTH,1788558596247971,1788558596810719,1788558596271717,69
0,DEPTH,1788558596281300,1788558596283644,1788558596304890,70
0,DEPTH,1788558596314634,1788558596317070,1788558596338224,71
0,DEPTH,1788558596347968,1788558596350498,1788558596371677,72
0,DEPTH,1788558596414635,1788558596417354,1788558596438126,73
0,DEPTH,1788558596447971,1788558596450784,1788558596471493,74
0,DEPTH,1788558596481304,1788558596484209,1788558596504805,75
0,DEPTH,1788558596514639,1788558596517639,1788558596538478,76
0,DEPTH,1788558596547971,1788558596551065,1788558596571486,77
0,DEPTH,1788558596581305,1788558596584493,1788558596604814,78
0,DEPTH,1788558596614638,1788558596617920,1788558596638324,79
0,DEPTH,1788558596647973,1788558596651348,1788558596671800,80
0,DEPTH,1788558596681307,1788558596684775,1788558596704924,81
0,DEPTH,1788558596714639,1788558596718201,1788558596738303,82
0,DEPTH,1788558596747971,1788558596751627,1788558596771671,83
0,DEPTH,1788558596781303,1788558596785052,1788558596804993,84
0,DEPTH,1788558596814639,1788558596818482,1788558596838206,85
0,DEPTH,1788558596847973,1788558596851910,1788558596871652,86
0,DEPTH,1788558596881307,1788558596885338,1788558596904848,87
0,DEPTH,1788558596914638,1788558596916858,1788558596938163,88
0,DEPTH,1788558596947975,1788558596950186,1788558596971550,89
0,DEPTH,1788558596981309,1788558596983510,1788558597004935,90
0,DEPTH,1788558597014641,1788558597016835,1788558597038317,91
0,DEPTH,1788558597081305,1788558597083481,1788558597104788,92
0,DEPTH,1788558597114642,1788558597116809,1788558597138292,93
0,DEPTH,1788558597147976,1788558597150135,1788558597171582,94
0,DEPTH,1788558597181309,1788558597183460,1788558597205108,95
0,DEPTH,1788558597214642,1788558597216783,1788558597238178,96
0,DEPTH,1788558597247980,1788558597250114,1788558597271536,97
0,DEPTH,1788558597281311,1788558597283435,1788558597304822,98
0,DEPTH,1788558597314644,1788558597316761,1788558597338312,99
0,DEPTH,1788558597347978,1788558597350086,1788558597371518,100
0,DEPTH,1788558597381313,1788558597383411,1788558597404848,101
0,DEPTH,1788558597414645,1788558597416735,1788558597438343,102
0,DEPTH,1788558597447979,1788558597450061,1788558597471506,103
0,DEPTH,1788558597481312,1788558597483384,1788558597504870,104
0,DEPTH,1788558597514647,1788558597516712,1788558597538350,105
0,DEPTH,1788558597547979,1788558597550035,1788558597571548,106
0,DEPTH,1788558597581313,1788558597582739,1788558597604828,107
0,DEPTH,1788558597614646,1788558597616065,1788558597638193,108
0,DEPTH,1788558597647978,1788558597649390,1788558597671517,109
0,DEPTH,1788558597681315,1788558597682722,1788558597704862,110
0,DEPTH,1788558597714650,1788558597716050,1788558597738218,111
0,DEPTH,1788558597747980,1788558597749374,1788558597771502,112
0,DEPTH,1788558597781315,1788558597782703,1788558597804844,113
0,DEPTH,1788558597814646,1788558597816026,1788558597838206,114
0,DEPTH,1788558597847983,1788558597849358,1788558597871562,115
0,DEPTH,1788558597881315,1788558597882684,1788558597904831,116
0,DEPTH,1788558597914647,1788558597916009,1788558597938196,117
0,DEPTH,1788558597947980,1788558597949335,1788558597971518,118
0,DEPTH,1788558597981316,1788558597982664,1788558598004859,119
0,DEPTH,1788558598014648,1788558598015990,1788558598038178,120
0,DEPTH,1788558598047983,1788558598049319,1788558598071880,121
0,DEPTH,1788558598081315,1788558598082644,1788558598104867,122
0,DEPTH,1788558598114652,1788558598115974,1788558598138181,123
0,DEPTH,1788558598147984,1788558598149300,1788558598171679,124
0,DEPTH,1788558598181318,1788558598182628,1788558598205022,125
0,DEPTH,1788558598214653,1788558598215956,1788558598238368,126
0,DEPTH,1788558598247984,1788558598249281,1788558598271699,127
0,DEPTH,1788558598281319,1788558598282610,1788558598304836,128
0,DEPTH,1788558598314650,1788558598315935,1788558598338195,129
0,DEPTH,1788558598347985,1788558598349262,1788558598371511,130
0,DEPTH,1788558598381319,1788558598382591,1788558598405042,131
0,DEPTH,1788558598414654,1788558598415919,1788558598438185,132
0,DEPTH,1788558598447986,1788558598449244,1788558598471520,133
0,DEPTH,1788558598481319,1788558598482571,1788558598504821,134
0,DEPTH,1788558598514653,1788558598515899,1788558598538364,135
0,DEPTH,1788558598547986,1788558598549226,1788558598571540,136
0,DEPTH,1788558598581321,1788558598583051,1788558598604833,137
0,DEPTH,1788558598614655,1788558598616384,1788558598638317,138
0,DEPTH,1788558598647988,1788558598649717,1788558598671624,139
0,DEPTH,1788558598681322,1788558598683050,1788558598704836,140
0,DEPTH,1788558598714656,1788558598716383,1788558598738182,141
0,DEPTH,1788558598747988,1788558598749713,1788558598771502,142
0,DEPTH,1788558598781323,1788558598783047,1788558598804869,143
0,DEPTH,1788558598814656,1788558598816380,1788558598838174,144
0,DEPTH,1788558598847990,1788558598849714,1788558598871521,145
0,DEPTH,1788558598881323,1788558598883046,1788558598904965,146
0,DEPTH,1788558598914657,1788558598916378,1788558598938209,147
0,DEPTH,1788558598947991,1788558598949712,1788558598971505,148
0,DEPTH,1788558598981324,1788558598983043,1788558599005354,149
0,DEPTH,1788558599014658,1788558599016377,1788558599038171,150
0,DEPTH,1788558599047991,1788558599049710,1788558599071540,151
0,DEPTH,1788558599081323,1788558599083040,1788558599105017,152
0,DEPTH,1788558599114657,1788558599116374,1788558599138301,153
0,DEPTH,1788558599147992,1788558599149707,1788558599171546,154
0,DEPTH,1788558599181325,1788558599183039,1788558599205229,155
0,DEPTH,1788558599214660,1788558599216374,1788558599238337,156
0,DEPTH,1788558599247992,1788558599249706,1788558599271490,157
0,DEPTH,1788558599281327,1788558599283039,1788558599304961,158
0,DEPTH,1788558599314661,1788558599316373,1788558599338215,159
0,DEPTH,1788558599347994,1788558599349705,1788558599371482,160
0,DEPTH,1788558599381329,1788558599383039,1788558599404960,161
0,DEPTH,1788558599414661,1788558599416370,1788558599438375,162
0,DEPTH,1788558599447996,1788558599449705,1788558599471504,163
0,DEPTH,1788558599481328,1788558599483035,1788558599504999,164
0,DEPTH,1788558599514662,1788558599516368,1788558599538344,165
0,DEPTH,1788558599547997,1788558599549702,1788558599571489,166
0,DEPTH,1788558599581329,1788558599584036,1788558599604835,167
0,DEPTH,1788558599614664,1788558599617372,1788558599638195,168
0,DEPTH,1788558599647998,1788558599650707,1788558599671513,169
0,DEPTH,1788558599681330,1788558599684040,1788558599704959,170
0,DEPTH,1788558599714664,1788558599717377,1788558599738302,171
0,DEPTH,1788558599747996,1788558599750709,1788558599771485,172
0,DEPTH,1788558599781333,1788558599784049,1788558599804855,173
0,DEPTH,1788558599814663,1788558599817380,1788558599838168,174
0,DEPTH,1788558599847999,1788558599850717,1788558599871509,175
0,DEPTH,1788558599881333,1788558599884052,1788558599904822,176
0,DEPTH,1788558599914661,1788558599917381,1788558599938166,177
0,DEPTH,1788558599948001,1788558599950724,1788558599971557,178
0,DEPTH,1788558599981331,1788558599984055,1788558600004976,179
0,DEPTH,1788558600014666,1788558600017390,1788558600038519,180
0,DEPTH,1788558600047996,1788558600050722,1788558600071502,181
0,DEPTH,1788558600081331,1788558600084059,1788558600104830,182
0,DEPTH,1788558600114663,1788558600117392,1788558600138198,183
0,DEPTH,1788558600147998,1788558600150729,1788558600171521,184
0,DEPTH,1788558600181333,1788558600184065,1788558600204995,185
0,DEPTH,1788558600214665,1788558600217399,1788558600238190,186
0,DEPTH,1788558600247998,1788558600250732,1788558600271643,187
0,DEPTH,1788558600281335,1788558600284071,1788558600305142,188
0,DEPTH,1788558600314671,1788558600317409,1788558600338182,189
0,DEPTH,1788558600348003,1788558600350743,1788558600371500,190
0,DEPTH,1788558600381335,1788558600384076,1788558600404819,191
0,DEPTH,1788558600414669,1788558600417411,1788558600438153,192
0,DEPTH,1788558600448001,1788558600450745,1788558600471531,193
0,DEPTH,1788558600481336,1788558600484080,1788558600504970,194
0,DEPTH,1788558600514669,1788558600517415,1788558600538302,195
0,DEPTH,1788558600548003,1788558600550751,1788558600571520,196
0,DEPTH,1788558600581335,1788558600584084,1788558600605484,197
0,DEPTH,1788558600614669,1788558600616574,1788558600638411,198
0,DEPTH,1788558600648002,1788558600649906,1788558600671625,199
0,DEPTH,1788558600681336,1788558600683240,1788558600704904,200
0,DEPTH,1788558600714672,1788558600716574,1788558600738272,201
0,DEPTH,1788558600748005,1788558600749906,1788558600771587,202
0,DEPTH,1788558600781338,1788558600783239,1788558600804912,203
0,DEPTH,1788558600814672,1788558600816571,1788558600838268,204
0,DEPTH,1788558600848006,1788558600849903,1788558600871600,205
0,DEPTH,1788558600881340,1788558600883236,1788558600904902,206
0,DEPTH,1788558600914674,1788558600916569,1788558600938293,207
0,DEPTH,1788558600948008,1788558600949903,1788558600971605,208
0,DEPTH,1788558600981341,1788558600983234,1788558601004890,209
0,DEPTH,1788558601014675,1788558601016568,1788558601038265,210
0,DEPTH,1788558601048006,1788558601049896,1788558601071902,211
0,DEPTH,1788558601081339,1788558601083228,1788558601105045,212
0,DEPTH,1788558601114673,1788558601116562,1788558601138267,213
0,DEPTH,1788558601148005,1788558601149893,1788558601171737,214
0,DEPTH,1788558601181341,1788558601183228,1788558601204909,215
0,DEPTH,1788558601214674,1788558601216560,1788558601238250,216
0,DEPTH,1788558601248006,1788558601249891,1788558601271614,217
0,DEPTH,1788558601281341,1788558601283224,1788558601304891,218
0,DEPTH,1788558601314673,1788558601316554,1788558601338436,219
0,DEPTH,1788558601348009,1788558601349890,1788558601371587,220
0,DEPTH,1788558601381341,1788558601383220,1788558601405230,221
0,DEPTH,1788558601414675,1788558601416553,1788558601438417,222
0,DEPTH,1788558601448009,1788558601449887,1788558601471593,223
0,DEPTH,1788558601481343,1788558601483220,1788558601505249,224
0,DEPTH,1788558601514677,1788558601516553,1788558601538264,225
0,DEPTH,1788558601548011,1788558601549886,1788558601571712,226
0,DEPTH,1788558601581344,1788558601583216,1788558601605095,227
0,DEPTH,1788558601614679,1788558601616164,1788558601638296,228
0,DEPTH,1788558601648013,1788558601649495,1788558601671717,229
0,DEPTH,1788558601681348,1788558601682830,1788558601705066,230
0,DEPTH,1788558601714682,1788558601716163,1788558601738510,231
0,DEPTH,1788558601748015,1788558601749494,1788558601771584,232
0,DEPTH,1788558601781350,1788558601782828,1788558601804940,233
0,DEPTH,1788558601814683,1788558601816159,1788558601838252,234
0,DEPTH,1788558601848014,1788558601849490,1788558601871573,235
0,DEPTH,1788558601881349,1788558601882824,1788558601905041,236
0,DEPTH,1788558601914680,1788558601916152,1788558601938399,237
0,DEPTH,1788558601948017,1788558601949488,1788558601971580,238
0,DEPTH,1788558601981347,1788558601982818,1788558602004932,239
0,DEPTH,1788558602014681,1788558602016149,1788558602038397,240
0,DEPTH,1788558602048014,1788558602049481,1788558602071606,241
0,DEPTH,1788558602081347,1788558602082813,1788558602105222,242
0,DEPTH,1788558602114680,1788558602116145,1788558602138253,243
0,DEPTH,1788558602148015,1788558602149479,1788558602171603,244
0,DEPTH,1788558602181349,1788558602182811,1788558602204943,245
0,DEPTH,1788558602214683,1788558602216143,1788558602238389,246
0,DEPTH,1788558602248016,1788558602249476,1788558602271579,247
0,DEPTH,1788558602281350,1788558602282808,1788558602305050,248
0,DEPTH,1788558602314685,1788558602316143,1788558602338631,249
0,DEPTH,1788558602348019,1788558602349474,1788558602371755,250
0,DEPTH,1788558602381351,1788558602382806,1788558602404909,251
0,DEPTH,1788558602414685,1788558602416138,1788558602438289,252
0,DEPTH,1788558602448020,1788558602449473,1788558602471620,253
0,DEPTH,1788558602481352,1788558602482803,1788558602504898,254
0,DEPTH,1788558602514686,1788558602516136,1788558602538440,255
0,DEPTH,1788558602548018,1788558602549466,1788558602571614,256
0,DEPTH,1788558602581354,1788558602582800,1788558602604930,257
0,DEPTH,1788558602614688,1788558602616512,1788558602638248,258
0,DEPTH,1788558602648019,1788558602649842,1788558602671615,259
0,DEPTH,1788558602681355,1788558602683178,1788558602705031,260
0,DEPTH,1788558602714688,1788558602716510,1788558602738269,261
0,DEPTH,1788558602748023,1788558602749844,1788558602771597,262
0,DEPTH,1788558602781357,1788558602783177,1788558602805095,263
0,DEPTH,1788558602814690,1788558602816510,1788558602838253,264
0,DEPTH,1788558602848023,1788558602849842,1788558602871604,265
0,DEPTH,1788558602881357,1788558602883175,1788558602904920,266
0,DEPTH,1788558602914691,1788558602916507,1788558602938258,267
0,DEPTH,1788558602948024,1788558602949840,1788558602971606,268
0,DEPTH,1788558602981358,1788558602983172,1788558603004904,269
0,DEPTH,1788558603014689,1788558603016503,1788558603038241,270
0,DEPTH,1788558603048024,1788558603049837,1788558603071765,271
0,DEPTH,1788558603081356,1788558603083168,1788558603105083,272
0,DEPTH,1788558603114690,1788558603116502,1788558603138300,273
0,DEPTH,1788558603148025,1788558603149836,1788558603171587,274
0,DEPTH,1788558603181356,1788558603183166,1788558603204949,275
0,DEPTH,1788558603214693,1788558603216501,1788558603238271,276
0,DEPTH,1788558603248024,1788558603249833,1788558603271759,277
0,DEPTH,1788558603281356,1788558603283162,1788558603304936,278
0,DEPTH,1788558603314690,1788558603316496,1788558603338243,279
0,DEPTH,1788558603348025,1788558603349830,1788558603371721,280
0,DEPTH,1788558603381358,1788558603383163,1788558603404936,281
0,DEPTH,1788558603414688,1788558603416491,1788558603438263,282
0,DEPTH,1788558603448025,1788558603449827,1788558603471747,283
0,DEPTH,1788558603481358,1788558603483159,1788558603504935,284
0,DEPTH,1788558603514688,1788558603516488,1788558603538251,285
0,DEPTH,1788558603548025,1788558603549826,1788558603571699,286
0,DEPTH,1788558603581359,1788558603583159,1788558603604887,287
0,DEPTH,1788558603614690,1788558603616803,1788558603638256,288
0,DEPTH,1788558603648029,1788558603650140,1788558603671706,289
0,DEPTH,1788558603681362,1788558603683472,1788558603704905,290
0,DEPTH,1788558603714692,1788558603716801,1788558603738388,291
0,DEPTH,1788558603748028,1788558603750135,1788558603771738,292
0,DEPTH,1788558603781361,1788558603783468,1788558603805085,293
0,DEPTH,1788558603814692,1788558603816798,1788558603838280,294
0,DEPTH,1788558603848027,1788558603850131,1788558603871613,295
0,DEPTH,1788558603881361,1788558603883464,1788558603904904,296
0,DEPTH,1788558603914695,1788558603916795,1788558603938249,297
0,DEPTH,1788558603948031,1788558603950131,1788558603971623,298
0,DEPTH,1788558603981364,1788558603983462,1788558604004903,299
0,DEPTH,1788558604014695,1788558604016792,1788558604038383,300
0,DEPTH,1788558604048031,1788558604050127,1788558604071719,301
0,DEPTH,1788558604081363,1788558604083458,1788558604104924,302
0,DEPTH,1788558604114694,1788558604116787,1788558604138413,303
0,DEPTH,1788558604148029,1788558604150120,1788558604171573,304
0,DEPTH,1788558604181366,1788558604183457,1788558604204930,305
0,DEPTH,1788558604214696,1788558604216784,1788558604238578,306
0,DEPTH,1788558604248031,1788558604250118,1788558604271595,307
0,DEPTH,1788558604281367,1788558604283454,1788558604304935,308
0,DEPTH,1788558604314699,1788558604316784,1788558604338239,309
0,DEPTH,1788558604348031,1788558604350114,1788558604371692,310
0,DEPTH,1788558604381367,1788558604383448,1788558604405247,311
0,DEPTH,1788558604414701,1788558604416782,1788558604438541,312
0,DEPTH,1788558604448034,1788558604450113,1788558604471649,313
0,DEPTH,1788558604481368,1788558604483447,1788558604504886,314
0,DEPTH,1788558604514702,1788558604516779,1788558604538268,315
0,DEPTH,1788558604548035,1788558604550110,1788558604571617,316
0,DEPTH,1788558604581368,1788558604583443,1788558604604930,317
0,DEPTH,1788558604614703,1788558604617038,1788558604638402,318
0,DEPTH,1788558604648038,1788558604650371,1788558604671593,319
0,DEPTH,1788558604681370,1788558604683704,1788558604704913,320
0,DEPTH,1788558604714704,1788558604717035,1788558604738457,321
0,DEPTH,1788558604748037,1788558604750369,1788558604771582,322
0,DEPTH,1788558604781371,1788558604783702,1788558604804954,323
0,DEPTH,1788558604814704,1788558604817034,1788558604838239,324
0,DEPTH,1788558604848039,1788558604850368,1788558604871718,325
0,DEPTH,1788558604881371,1788558604883700,1788558604904933,326
0,DEPTH,1788558604914702,1788558604917030,1788558604938262,327
0,DEPTH,1788558604948039,1788558604950366,1788558604971709,328
0,DEPTH,1788558604981370,1788558604983697,1788558605004894,329
0,DEPTH,1788558605014705,1788558605017029,1788558605038244,330
0,DEPTH,1788558605048040,1788558605050364,1788558605071590,331
0,DEPTH,1788558605081372,1788558605083696,1788558605105062,332
0,DEPTH,1788558605114708,1788558605117030,1788558605138432,333
0,DEPTH,1788558605148041,1788558605150363,1788558605171590,334
0,DEPTH,1788558605181372,1788558605183694,1788558605204890,335
0,DEPTH,1788558605214708,1788558605217028,1788558605238250,336
0,DEPTH,1788558605248039,1788558605250358,1788558605271566,337
0,DEPTH,1788558605281372,1788558605283691,1788558605305056,338
0,DEPTH,1788558605314707,1788558605317025,1788558605338269,339
0,DEPTH,1788558605348040,1788558605350357,1788558605371569,340
0,DEPTH,1788558605381372,1788558605383688,1788558605405022,341
0,DEPTH,1788558605414709,1788558605417025,1788558605438296,342
0,DEPTH,1788558605448041,1788558605450356,1788558605471597,343
0,DEPTH,1788558605481372,1788558605483686,1788558605505033,344
0,DEPTH,1788558605514710,1788558605517023,1788558605538277,345
0,DEPTH,1788558605548039,1788558605550351,1788558605571587,346
0,DEPTH,1788558605581375,1788558605583687,1788558605604949,347
0,DEPTH,1788558605614710,1788558605617022,1788558605638253,348
0,DEPTH,1788558605648044,1788558605650354,1788558605671707,349
0,DEPTH,1788558605681376,1788558605683685,1788558605705026,350
0,DEPTH,1788558605714711,1788558605717020,1788558605738287,351
0,DEPTH,1788558605748042,1788558605750349,1788558605771703,352
0,DEPTH,1788558605781376,1788558605783683,1788558605804902,353
0,DEPTH,1788558605814712,1788558605817018,1788558605838234,354
0,DEPTH,1788558605848044,1788558605850349,1788558605871714,355
0,DEPTH,1788558605881378,1788558605883683,1788558605904943,356
0,DEPTH,1788558605914710,1788558605917014,1788558605938263,357
0,DEPTH,1788558605948044,1788558605950347,1788558605971587,358
0,DEPTH,1788558605981376,1788558605983678,1788558606005062,359
0,DEPTH,1788558606014713,1788558606017014,1788558606038284,360
0,DEPTH,1788558606048043,1788558606050343,1788558606071608,361
0,DEPTH,1788558606081380,1788558606083651,1788558606105071,362
0,DEPTH,1788558606114714,1788558606116954,1788558606138285,363
0,DEPTH,1788558606148046,1788558606150254,1788558606171576,364
0,DEPTH,1788558606181382,1788558606183562,1788558606205237,365
0,DEPTH,1788558606214714,1788558606216863,1788558606238276,366
0,DEPTH,1788558606248045,1788558606250163,1788558606271563,367
0,DEPTH,1788558606281381,1788558606283469,1788558606305063,368
0,DEPTH,1788558606314714,1788558606316773,1788558606338294,369
0,DEPTH,1788558606348047,1788558606350076,1788558606371595,370
0,DEPTH,1788558606381381,1788558606383382,1788558606405250,371
0,DEPTH,1788558606414714,1788558606416688,1788558606438606,372
0,DEPTH,1788558606448048,1788558606449992,1788558606471612,373
0,DEPTH,1788558606481383,1788558606483299,1788558606504924,374
0,DEPTH,1788558606514718,1788558606516606,1788558606538257,375
0,DEPTH,1788558606548050,1788558606549909,1788558606571580,376
0,DEPTH,1788558606581383,1788558606583212,1788558606604904,377
0,DEPTH,1788558606614717,1788558606616518,1788558606638285,378
0,DEPTH,1788558606648048,1788558606649822,1788558606671609,379
0,DEPTH,1788558606681384,1788558606683130,1788558606705038,380
0,DEPTH,1788558606714717,1788558606716434,1788558606738280,381
0,DEPTH,1788558606748049,1788558606749738,1788558606771580,382
0,DEPTH,1788558606781383,1788558606783046,1788558606805041,383
0,DEPTH,1788558606814717,1788558606816353,1788558606838281,384
0,DEPTH,1788558606848051,1788558606849660,1788558606871640,385
0,DEPTH,1788558606881385,1788558606882967,1788558606904944,386
0,DEPTH,1788558606914718,1788558606916274,1788558606938284,387
0,DEPTH,1788558606948053,1788558606949583,1788558606971724,388
0,DEPTH,1788558606981386,1788558606982890,1788558607004944,389
0,DEPTH,1788558607014720,1788558607016198,1788558607038263,390
0,DEPTH,1788558607048051,1788558607049503,1788558607071620,391
0,DEPTH,1788558607081385,1788558607082812,1788558607105236,392
0,DEPTH,1788558607114718,1788558607116120,1788558607138286,393
0,DEPTH,1788558607148053,1788558607149431,1788558607171620,394
0,DEPTH,1788558607181389,1788558607182742,1788558607205285,395
0,DEPTH,1788558607214719,1788558607216048,1788558607238275,396
0,DEPTH,1788558607248053,1788558607249355,1788558607271583,397
0,DEPTH,1788558607281387,1788558607282667,1788558607305040,398
0,DEPTH,1788558607314720,1788558607315974,1788558607338311,399
0,DEPTH,1788558607348055,1788558607349286,1788558607371594,400
0,DEPTH,1788558607381389,1788558607382594,1788558607404919,401
0,DEPTH,1788558607414721,1788558607415902,1788558607438420,402
0,DEPTH,1788558607448056,1788558607449215,1788558607471764,403
0,DEPTH,1788558607481389,1788558607482525,1788558607504947,404
0,DEPTH,1788558607514724,1788558607515836,1788558607538279,405
0,DEPTH,1788558607548056,1788558607549146,1788558607571739,406
0,DEPTH,1788558607581390,1788558607582455,1788558607604946,407
0,DEPTH,1788558607614723,1788558607615766,1788558607638295,408
0,DEPTH,1788558607648057,1788558607649077,1788558607671822,409
0,DEPTH,1788558607681394,1788558607682391,1788558607704941,410
0,DEPTH,1788558607714726,1788558607715701,1788558607738278,411
0,DEPTH,1788558607748058,1788558607749011,1788558607771596,412
0,DEPTH,1788558607781392,1788558607782323,1788558607805085,413
0,DEPTH,1788558607814726,1788558607815635,1788558607838429,414
0,DEPTH,1788558607848060,1788558607848947,1788558607871772,415
0,DEPTH,1788558607881394,1788558607882260,1788558607904967,416
0,DEPTH,1788558607914723,1788558607915568,1788558607938266,417
0,DEPTH,1788558607948060,1788558607948884,1788558607971784,418
0,DEPTH,1788558607981394,1788558607982196,1788558608004920,419
0,DEPTH,1788558608014730,1788558608015510,1788558608038301,420
0,DEPTH,1788558608048063,1788558608048823,1788558608071762,421
0,DEPTH,1788558608081394,1788558608082133,1788558608104933,422
0,DEPTH,1788558608114727,1788558608115444,1788558608138285,423
0,DEPTH,1788558608148061,1788558608148757,1788558608171701,424
0,DEPTH,1788558608181394,1788558608182070,1788558608205091,425
0,DEPTH,1788558608214728,1788558608215385,1788558608238301,426
0,DEPTH,1788558608248060,1788558608248696,1788558608271624,427
0,DEPTH,1788558608281395,1788558608282010,1788558608304922,428
0,DEPTH,1788558608314728,1788558608315322,1788558608338267,429
0,DEPTH,1788558608348065,1788558608348641,1788558608371615,430
0,DEPTH,1788558608381399,1788558608381953,1788558608404958,431
0,DEPTH,1788558608414730,1788558608415264,1788558608438289,432
0,DEPTH,1788558608448062,1788558608448577,1788558608471761,433
0,DEPTH,1788558608481396,1788558608481893,1788558608505067,434
0,DEPTH,1788558608514731,1788558608515210,1788558608538409,435
0,DEPTH,1788558608548064,1788558608548523,1788558608571595,436
0,DEPTH,1788558608581398,1788558608581838,1788558608604889,437
0,DEPTH,1788558608614734,1788558608615155,1788558608638441,438
0,DEPTH,1788558608648065,1788558608648469,1788558608671746,439
0,DEPTH,1788558608681400,1788558608681784,1788558608704907,440
0,DEPTH,1788558608714734,1788558608715101,1788558608738412,441
0,DEPTH,1788558608748067,1788558608748414,1788558608771617,442
0,DEPTH,1788558608781400,1788558608781730,1788558608804911,443
0,DEPTH,1788558608814732,1788558608815043,1788558608838382,444
0,DEPTH,1788558608848067,1788558608848359,1788558608871625,445
0,DEPTH,1788558608881399,1788558608881673,1788558608904896,446
0,DEPTH,1788558608914734,1788558608914990,1788558608938303,447
0,DEPTH,1788558608948069,1788558608948309,1788558608971725,448
0,DEPTH,1788558608981400,1788558608981621,1788558609004927,449
0,DEPTH,1788558609014732,1788558609014935,1788558609038264,450
0,DEPTH,1788558609048070,1788558609048256,1788558609071782,451
0,DEPTH,1788558609081402,1788558609081572,1788558609104938,452
0,DEPTH,1788558609114735,1788558609114888,1788558609138386,453
0,DEPTH,1788558609148069,1788558609148205,1788558609171744,454
0,DEPTH,1788558609181403,1788558609181522,1788558609204952,455
0,DEPTH,1788558609214737,1788558609214838,1788558609238326,456
0,DEPTH,1788558609248068,1788558609248155,1788558609271822,457
0,DEPTH,1788558609281402,1788558609281473,1788558609304924,458
0,DEPTH,1788558609314736,1788558609314790,1788558609338271,459
0,DEPTH,1788558609348069,1788558609348105,1788558609371642,460
0,DEPTH,1788558609381403,1788558609381423,1788558609404918,461
0,DEPTH,1788558609414739,1788558609414743,1788558609438280,462
0,DEPTH,1788558609448072,1788558609448060,1788558609471623,463
0,DEPTH,1788558609481405,1788558609481376,1788558609504902,464
0,DEPTH,1788558609514739,1788558609514694,1788558609538285,465
0,DEPTH,1788558609548071,1788558609548009,1788558609571728,466
0,DEPTH,1788558609581407,1788558609581330,1788558609604948,467
0,DEPTH,1788558609614740,1788558609614648,1788558609638275,468
0,DEPTH,1788558609648075,1788558609647967,1788558609671693,469
0,DEPTH,1788558609681407,1788558609681284,1788558609705036,470
0,DEPTH,1788558609714742,1788558609714605,1788558609738294,471
0,DEPTH,1788558609748074,1788558609747921,1788558609771604,472
0,DEPTH,1788558609781408,1788558609781240,1788558609804923,473
0,DEPTH,1788558609814742,1788558609814557,1788558609838247,474
0,DEPTH,1788558609848075,1788558609847877,1788558609871751,475
0,DEPTH,1788558609881410,1788558609881198,1788558609904921,476
0,DEPTH,1788558609914743,1788558609914515,1788558609938278,477
0,DEPTH,1788558609948073,1788558609947830,1788558609971620,478
0,DEPTH,1788558609981409,1788558609981150,1788558610004904,479
0,DEPTH,1788558610014740,1788558610014467,1788558610038272,480
0,DEPTH,1788558610048077,1788558610047790,1788558610071634,481
0,DEPTH,1788558610081410,1788558610081109,1788558610104918,482
0,DEPTH,1788558610114743,1788558610114427,1788558610138317,483
0,DEPTH,1788558610148077,1788558610147749,1788558610171768,484
0,DEPTH,1788558610181412,1788558610181070,1788558610204919,485
0,DEPTH,1788558610214743,1788558610214386,1788558610238297,486
0,DEPTH,1788558610248079,1788558610247710,1788558610271827,487
0,DEPTH,1788558610281408,1788558610281025,1788558610304944,488
0,DEPTH,1788558610314745,1788558610314349,1788558610338297,489
0,DEPTH,1788558610348078,1788558610347668,1788558610371598,490
0,DEPTH,1788558610381415,1788558610380990,1788558610404963,491
0,DEPTH,1788558610414748,1788558610414310,1788558610438342,492
0,DEPTH,1788558610448080,1788558610447629,1788558610471601,493
0,DEPTH,1788558610481411,1788558610480947,1788558610505052,494
0,DEPTH,1788558610514750,1788558610514275,1788558610538462,495
0,DEPTH,1788558610548082,1788558610547593,1788558610571577,496
0,DEPTH,1788558610581417,1788558610580914,1788558610604923,497
0,DEPTH,1788558610614747,1788558610614232,1788558610638335,498
0,DEPTH,1788558610648081,1788558610647554,1788558610671606,499
0,DEPTH,1788558610681417,1788558610680876,1788558610704967,500
0,DEPTH,1788558610714750,1788558610714197,1788558610738448,501
0,DEPTH,1788558610748081,1788558610747516,1788558610771605,502
0,DEPTH,1788558610781416,1788558610780838,1788558610804914,503
0,DEPTH,1788558610814748,1788558610814158,1788558610838299,504
0,DEPTH,1788558610848083,1788558610847481,1788558610871612,505
0,DEPTH,1788558610881417,1788558610880803,1788558610905095,506
0,DEPTH,1788558610914750,1788558610914124,1788558610938268,507
0,DEPTH,1788558610948083,1788558610947444,1788558610971580,508
0,DEPTH,1788558610981416,1788558610980766,1788558611005099,509
0,DEPTH,1788558611014749,1788558611014088,1788558611038429,510
0,DEPTH,1788558611048082,1788558611047410,1788558611071743,511
0,DEPTH,1788558611081416,1788558611080733,1788558611104933,512
0,DEPTH,1788558611114751,1788558611114056,1788558611138287,513
0,DEPTH,1788558611148084,1788558611147377,1788558611171611,514
0,DEPTH,1788558611181417,1788558611180700,1788558611205230,515
0,DEPTH,1788558611214749,1788558611214021,1788558611238303,516
0,DEPTH,1788558611248083,1788558611247344,1788558611271594,517
0,DEPTH,1788558611281419,1788558611280669,1788558611305262,518
0,DEPTH,1788558611314748,1788558611313988,1788558611338558,519
0,DEPTH,1788558611348083,1788558611347313,1788558611371646,520
0,DEPTH,1788558611381415,1788558611380634,1788558611404932,521
0,DEPTH,1788558611414750,1788558611413957,1788558611438289,522
0,DEPTH,1788558611448083,1788558611447279,1788558611471604,523
0,DEPTH,1788558611481418,1788558611480604,1788558611504937,524
0,DEPTH,1788558611514752,1788558611513927,1788558611538293,525
0,DEPTH,1788558611548084,1788558611547248,1788558611571581,526
0,DEPTH,1788558611581420,1788558611580573,1788558611604960,527
0,DEPTH,1788558611614754,1788558611613896,1788558611638387,528
0,DEPTH,1788558611648087,1788558611647219,1788558611671639,529
0,DEPTH,1788558611681423,1788558611680545,1788558611704913,530
0,DEPTH,1788558611714753,1788558611713865,1788558611738302,531
0,DEPTH,1788558611748087,1788558611747187,1788558611771581,532
0,DEPTH,1788558611781424,1788558611780513,1788558611804896,533
0,DEPTH,1788558611814754,1788558611813833,1788558611838255,534
0,DEPTH,1788558611848086,1788558611847154,1788558611871598,535
0,DEPTH,1788558611881424,1788558611880483,1788558611905079,536
0,DEPTH,1788558611914758,1788558611913807,1788558611938288,537
0,DEPTH,1788558611948089,1788558611947129,1788558611971588,538
0,DEPTH,1788558611981424,1788558611980454,1788558612005060,539
0,DEPTH,1788558612014755,1788558612013775,1788558612038423,540
0,DEPTH,1788558612048090,1788558612047101,1788558612071746,541
0,DEPTH,1788558612081426,1788558612080428,1788558612104933,542
0,DEPTH,1788558612114755,1788558612113747,1788558612138250,543
0,DEPTH,1788558612148088,1788558612147071,1788558612171570,544
0,DEPTH,1788558612181425,1788558612180398,1788558612204954,545
0,DEPTH,1788558612214756,1788558612213719,1788558612238268,546
0,DEPTH,1788558612248090,1788558612247043,1788558612271617,547
0,DEPTH,1788558612281425,1788558612280368,1788558612304919,548
0,DEPTH,1788558612314759,1788558612313695,1788558612338585,549
0,DEPTH,1788558612348090,1788558612347016,1788558612371570,550
0,DEPTH,1788558612381428,1788558612380344,1788558612404914,551
0,DEPTH,1788558612414759,1788558612413667,1788558612438260,552
0,DEPTH,1788558612448093,1788558612446992,1788558612471750,553
0,DEPTH,1788558612481430,1788558612480320,1788558612504895,554
0,DEPTH,1788558612514761,1788558612513642,1788558612538297,555
0,DEPTH,1788558612548095,1788558612546967,1788558612571713,556
0,DEPTH,1788558612581429,1788558612580293,1788558612604911,557
0,DEPTH,1788558612614761,1788558612613617,1788558612638313,558
0,DEPTH,1788558612648097,1788558612646943,1788558612671730,559
0,DEPTH,1788558612681432,1788558612680269,1788558612704954,560
0,DEPTH,1788558612714765,1788558612713594,1788558612738259,561
0,DEPTH,1788558612748098,1788558612746919,1788558612771582,562
0,DEPTH,1788558612781430,1788558612780242,1788558612804895,563
0,DEPTH,1788558612814763,1788558612813567,1788558612838443,564
0,DEPTH,1788558612848096,1788558612846892,1788558612871613,565
0,DEPTH,1788558612881430,1788558612880217,1788558612904889,566
0,DEPTH,1788558612914761,1788558612913540,1788558612938402,567
0,DEPTH,1788558612948097,1788558612946868,1788558612971702,568
0,DEPTH,1788558612981431,1788558612980193,1788558613004886,569
0,DEPTH,1788558613014764,1788558613013518,1788558613038244,570
0,DEPTH,1788558613048097,1788558613046843,1788558613071632,571
0,DEPTH,1788558613081431,1788558613080168,1788558613104897,572
0,DEPTH,1788558613114765,1788558613113495,1788558613138286,573
0,DEPTH,1788558613148097,1788558613146818,1788558613171699,574
0,DEPTH,1788558613181434,1788558613180149,1788558613204935,575
0,DEPTH,1788558613214766,1788558613213473,1788558613238296,576
0,DEPTH,1788558613248097,1788558613246795,1788558613271587,577
0,DEPTH,1788558613281432,1788558613280122,1788558613304918,578
0,DEPTH,1788558613314767,1788558613313451,1788558613338278,579
0,DEPTH,1788558613348100,1788558613346775,1788558613371579,580
0,DEPTH,1788558613381432,1788558613380099,1788558613404939,581
0,DEPTH,1788558613414768,1788558613413430,1788558613438544,582
0,DEPTH,1788558613448102,1788558613446756,1788558613471725,583
0,DEPTH,1788558613481434,1788558613480080,1788558613504888,584
0,DEPTH,1788558613514771,1788558613513410,1788558613538253,585
0,DEPTH,1788558613548102,1788558613546734,1788558613571571,586
0,DEPTH,1788558613581436,1788558613580060,1788558613604906,587
0,DEPTH,1788558613614769,1788558613613386,1788558613638385,588
0,DEPTH,1788558613648106,1788558613646715,1788558613671638,589
0,DEPTH,1788558613681437,1788558613680039,1788558613704960,590
0,DEPTH,1788558613714770,1788558613713366,1788558613738268,591
0,DEPTH,1788558613748107,1788558613746695,1788558613771567,592
0,DEPTH,1788558613781435,1788558613780016,1788558613805021,593
0,DEPTH,1788558613814770,1788558613813344,1788558613838253,594
0,DEPTH,1788558613848108,1788558613846675,1788558613871576,595
0,DEPTH,1788558613881438,1788558613879997,1788558613904916,596
0,DEPTH,1788558613914772,1788558613913323,1788558613938227,597
0,DEPTH,1788558613948107,1788558613946654,1788558613971823,598
0,DEPTH,1788558613981439,1788558613979978,1788558614004925,599
0,DEPTH,1788558614014771,1788558614013303,1788558614038261,600
0,DEPTH,1788558614048106,1788558614046633,1788558614071890,601
0,DEPTH,1788558614081442,1788558614079967,1788558614105417,602
0,DEPTH,1788558614114776,1788558614113293,1788558614138258,603
0,DEPTH,1788558614148106,1788558614146617,1788558614171600,604
0,DEPTH,1788558614181443,1788558614179946,1788558614204891,605
0,DEPTH,1788558614214776,1788558614213275,1788558614238440,606
0,DEPTH,1788558614248106,1788558614246597,1788558614271583,607
0,DEPTH,1788558614281443,1788558614279928,1788558614304943,608
0,DEPTH,1788558614314775,1788558614313253,1788558614338297,609
0,DEPTH,1788558614348112,1788558614346583,1788558614371599,610
0,DEPTH,1788558614381442,1788558614379909,1788558614404914,611
0,DEPTH,1788558614414774,1788558614413234,1788558614438283,612
0,DEPTH,1788558614448108,1788558614446562,1788558614471627,613
0,DEPTH,1788558614481445,1788558614479892,1788558614505061,614
0,DEPTH,1788558614514776,1788558614513218,1788558614538323,615
0,DEPTH,1788558614548112,1788558614546547,1788558614571632,616
0,DEPTH,1788558614581443,1788558614579874,1788558614605065,617
0,DEPTH,1788558614614780,1788558614613206,1788558614638438,618
0,DEPTH,1788558614648113,1788558614646533,1788558614671771,619
0,DEPTH,1788558614681447,1788558614679862,1788558614705081,620
0,DEPTH,1788558614714780,1788558614713189,1788558614738280,621
0,DEPTH,1788558614748114,1788558614746517,1788558614771604,622
0,DEPTH,1788558614781447,1788558614779843,1788558614804901,623
0,DEPTH,1788558614814779,1788558614813168,1788558614838205,624
0,DEPTH,1788558614848111,1788558614846494,1788558614871526,625
0,DEPTH,1788558614881445,1788558614879820,1788558614904828,626
0,DEPTH,1788558614914778,1788558614913147,1788558614938219,627
0,DEPTH,1788558614948112,1788558614946473,1788558614971511,628
0,DEPTH,1788558614981449,1788558614979805,1788558615004871,629
0,DEPTH,1788558615014782,1788558615013131,1788558615038183,630
0,DEPTH,1788558615048115,1788558615046458,1788558615071665,631
0,DEPTH,1788558615081446,1788558615079784,1788558615104996,632
0,DEPTH,1788558615114782,1788558615113114,1788558615138212,633
0,DEPTH,1788558615148114,1788558615146440,1788558615171506,634
0,DEPTH,1788558615181448,1788558615179767,1788558615204834,635
0,DEPTH,1788558615214780,1788558615213092,1788558615238225,636
0,DEPTH,1788558615248114,1788558615246421,1788558615271522,637
0,DEPTH,1788558615281452,1788558615279753,1788558615304973,638
0,DEPTH,1788558615314782,1788558615313077,1788558615338204,639
0,DEPTH,1788558615348117,1788558615346406,1788558615371517,640
0,DEPTH,1788558615381448,1788558615379732,1788558615404827,641
0,DEPTH,1788558615414782,1788558615413060,1788558615438193,642
0,DEPTH,1788558615448118,1788558615446390,1788558615471563,643
0,DEPTH,1788558615481449,1788558615479714,1788558615504849,644
0,DEPTH,1788558615514782,1788558615513041,1788558615538190,645
0,DEPTH,1788558615548117,1788558615546371,1788558615571524,646
0,DEPTH,1788558615581449,1788558615579696,1788558615604854,647
0,DEPTH,1788558615614783,1788558615613026,1788558615638323,648
0,DEPTH,1788558615648121,1788558615646358,1788558615671535,649
0,DEPTH,1788558615681452,1788558615679684,1788558615704842,650
0,DEPTH,1788558615714785,1788558615713011,1788558615738218,651
0,DEPTH,1788558615748120,1788558615746340,1788558615771528,652
0,DEPTH,1788558615781452,1788558615779667,1788558615804831,653
0,DEPTH,1788558615814784,1788558615812993,1788558615838185,654
0,DEPTH,1788558615848119,1788558615846322,1788558615871495,655
0,DEPTH,1788558615881453,1788558615879652,1788558615904865,656
0,DEPTH,1788558615914785,1788558615912977,1788558615938192,657
0,DEPTH,1788558615948123,1788558615946309,1788558615971517,658
0,DEPTH,1788558615981453,1788558615979636,1788558616004969,659
0,DEPTH,1788558616014786,1788558616012963,1788558616038197,660
0,DEPTH,1788558616048124,1788558616046295,1788558616071631,661
0,DEPTH,1788558616081454,1788558616079621,1788558616104965,662
0,DEPTH,1788558616114787,1788558616112949,1788558616138174,663
0,DEPTH,1788558616148124,1788558616146281,1788558616171504,664
0,DEPTH,1788558616181455,1788558616179606,1788558616204822,665
0,DEPTH,1788558616214792,1788558616212938,1788558616238190,666
0,DEPTH,1788558616248125,1788558616246265,1788558616271532,667
0,DEPTH,1788558616281456,1788558616279591,1788558616304841,668
0,DEPTH,1788558616314792,1788558616312922,1788558616338202,669
0,DEPTH,1788558616348125,1788558616346251,1788558616371499,670
0,DEPTH,1788558616381457,1788558616379578,1788558616404861,671
0,DEPTH,1788558616414789,1788558616412905,1788558616438215,672
0,DEPTH,1788558616448123,1788558616446235,1788558616471546,673
0,DEPTH,1788558616481459,1788558616479566,1788558616504824,674
0,DEPTH,1788558616514792,1788558616512893,1788558616538303,675
0,DEPTH,1788558616548127,1788558616546225,1788558616571537,676
0,DEPTH,1788558616581461,1788558616579553,1788558616604824,677
0,DEPTH,1788558616614794,1788558616612882,1788558616638322,678
0,DEPTH,1788558616648127,1788558616646212,1788558616671632,679
0,DEPTH,1788558616681463,1788558616679542,1788558616704874,680
0,DEPTH,1788558616714796,1788558616712871,1788558616738176,681
0,DEPTH,1788558616748127,1788558616746198,1788558616771525,682
0,DEPTH,1788558616781461,1788558616779525,1788558616804852,683
0,DEPTH,1788558616814793,1788558616812852,1788558616838177,684
0,DEPTH,1788558616848128,1788558616846184,1788558616871508,685
0,DEPTH,1788558616881460,1788558616879511,1788558616904808,686
0,DEPTH,1788558616914797,1788558616912844,1788558616938192,687
0,DEPTH,1788558616948130,1788558616946172,1788558616971539,688
0,DEPTH,1788558616981461,1788558616979498,1788558617004834,689
0,DEPTH,1788558617014795,1788558617012828,1788558617038179,690
0,DEPTH,1788558617048127,1788558617046156,1788558617071656,691
0,DEPTH,1788558617081462,1788558617079486,1788558617104845,692
0,DEPTH,1788558617114795,1788558617112814,1788558617138191,693
0,DEPTH,1788558617148127,1788558617146143,1788558617171526,694
0,DEPTH,1788558617181462,1788558617179474,1788558617204989,695
0,DEPTH,1788558617214796,1788558617212805,1788558617238303,696
0,DEPTH,1788558617248129,1788558617246134,1788558617271510,697
0,DEPTH,1788558617281461,1788558617279461,1788558617304861,698
0,DEPTH,1788558617314794,1788558617312790,1788558617338167,699
0,DEPTH,1788558617348128,1788558617346119,1788558617371505,700
0,DEPTH,1788558617381464,1788558617379451,1788558617404883,701
0,DEPTH,1788558617414795,1788558617412780,1788558617438323,702
0,DEPTH,1788558617448128,1788558617446109,1788558617471515,703
0,DEPTH,1788558617481467,1788558617479444,1788558617504866,704
0,DEPTH,1788558617514796,1788558617512769,1788558617538323,705
0,DEPTH,1788558617548130,1788558617546100,1788558617571496,706
0,DEPTH,1788558617581465,1788558617579430,1788558617604823,707
0,DEPTH,1788558617614796,1788558617612757,1788558617638226,708
0,DEPTH,1788558617648134,1788558617646091,1788558617671529,709
0,DEPTH,1788558617681467,1788558617679421,1788558617704988,710
0,DEPTH,1788558617714798,1788558617712749,1788558617738297,711
0,DEPTH,1788558617748136,1788558617746082,1788558617771625,712
0,DEPTH,1788558617781464,1788558617779409,1788558617804945,713
0,DEPTH,1788558617814801,1788558617812742,1788558617838250,714
0,DEPTH,1788558617848136,1788558617846073,1788558617871635,715
0,DEPTH,1788558617881467,1788558617879401,1788558617904916,716
0,DEPTH,1788558617914802,1788558617912732,1788558617938304,717
0,DEPTH,1788558617948135,1788558617946063,1788558617971579,718
0,DEPTH,1788558617981468,1788558617979394,1788558618005242,719
0,DEPTH,1788558618014804,1788558618012728,1788558618038422,720
0,DEPTH,1788558618048135,1788558618046055,1788558618071586,721
0,DEPTH,1788558618081471,1788558618079388,1788558618104931,722
0,DEPTH,1788558618114804,1788558618112719,1788558618138311,723
0,DEPTH,1788558618148136,1788558618146047,1788558618171609,724
0,DEPTH,1788558618181472,1788558618179380,1788558618204946,725
0,DEPTH,1788558618214806,1788558618212712,1788558618238431,726
0,DEPTH,1788558618248137,1788558618246041,1788558618271618,727
0,DEPTH,1788558618281471,1788558618279372,1788558618304927,728
0,DEPTH,1788558618314806,1788558618312704,1788558618338430,729
0,DEPTH,1788558618348143,1788558618346038,1788558618371619,730
0,DEPTH,1788558618381475,1788558618379368,1788558618404959,731
0,DEPTH,1788558618414808,1788558618412698,1788558618438387,732
0,DEPTH,1788558618448143,1788558618446031,1788558618471627,733
0,DEPTH,1788558618481473,1788558618479358,1788558618504918,734
0,DEPTH,1788558618514806,1788558618512689,1788558618538445,735
0,DEPTH,1788558618548141,1788558618546020,1788558618571598,736
0,DEPTH,1788558618581475,1788558618579351,1788558618604878,737
0,DEPTH,1788558618614812,1788558618612686,1788558618638291,738
0,DEPTH,1788558618648143,1788558618646013,1788558618671601,739
0,DEPTH,1788558618681475,1788558618679342,1788558618705024,740
0,DEPTH,1788558618714811,1788558618712677,1788558618738449,741
0,DEPTH,1788558618748144,1788558618746007,1788558618771606,742
0,DEPTH,1788558618781475,1788558618779334,1788558618804887,743
0,DEPTH,1788558618814809,1788558618812667,1788558618838415,744
0,DEPTH,1788558618848142,1788558618845998,1788558618871720,745
0,DEPTH,1788558618881475,1788558618879328,1788558618904919,746
0,DEPTH,1788558618914812,1788558618912663,1788558618938340,747
0,DEPTH,1788558618948143,1788558618945991,1788558618971634,748
0,DEPTH,1788558618981475,1788558618979321,1788558619004954,749
0,DEPTH,1788558619014813,1788558619012655,1788558619038304,750
0,DEPTH,1788558619048148,1788558619045989,1788558619071722,751
0,DEPTH,1788558619081475,1788558619079313,1788558619104872,752
0,DEPTH,1788558619114810,1788558619112646,1788558619138314,753
0,DEPTH,1788558619148146,1788558619145978,1788558619171617,754
0,DEPTH,1788558619181475,1788558619179304,1788558619204876,755
0,DEPTH,1788558619214811,1788558619212637,1788558619238278,756
0,DEPTH,1788558619248144,1788558619245969,1788558619271600,757
0,DEPTH,1788558619281475,1788558619279297,1788558619304880,758
0,DEPTH,1788558619314810,1788558619312629,1788558619338281,759
0,DEPTH,1788558619348145,1788558619345962,1788558619371593,760
0,DEPTH,1788558619381475,1788558619379290,1788558619405087,761
0,DEPTH,1788558619414813,1788558619412626,1788558619438269,762
0,DEPTH,1788558619448148,1788558619445958,1788558619471633,763
0,DEPTH,1788558619481475,1788558619479282,1788558619504931,764
0,DEPTH,1788558619514811,1788558619512616,1788558619538384,765
0,DEPTH,1788558619548146,1788558619545950,1788558619571583,766
0,DEPTH,1788558619581475,1788558619579276,1788558619604883,767
0,DEPTH,1788558619614811,1788558619612609,1788558619638438,768
0,DEPTH,1788558619648151,1788558619645947,1788558619671643,769
0,DEPTH,1788558619681475,1788558619679270,1788558619704933,770
0,DEPTH,1788558619714815,1788558619712607,1788558619738282,771
0,DEPTH,1788558619748151,1788558619745939,1788558619771636,772
0,DEPTH,1788558619781475,1788558619779262,1788558619804866,773
0,DEPTH,1788558619814815,1788558619812598,1788558619838303,774
0,DEPTH,1788558619848150,1788558619845931,1788558619871618,775
0,DEPTH,1788558619881475,1788558619879255,1788558619904896,776
0,DEPTH,1788558619914816,1788558619912593,1788558619938266,777
0,DEPTH,1788558619948153,1788558619945928,1788558619971711,778
0,DEPTH,1788558619981475,1788558619979249,1788558620005073,779
0,DEPTH,1788558620014816,1788558620012588,1788558620038315,780
0,DEPTH,1788558620048150,1788558620045920,1788558620071620,781
0,DEPTH,1788558620081475,1788558620079243,1788558620105030,782
0,DEPTH,1788558620114817,1788558620112583,1788558620138410,783
0,DEPTH,1788558620148154,1788558620145918,1788558620171594,784
0,DEPTH,1788558620181485,1788558620179248,1788558620205094,785
0,DEPTH,1788558620214818,1788558620212580,1788558620238309,786
0,DEPTH,1788558620248156,1788558620245916,1788558620271609,787
0,DEPTH,1788558620281485,1788558620279243,1788558620305050,788
0,DEPTH,1788558620314822,1788558620312578,1788558620338319,789
0,DEPTH,1788558620348156,1788558620345909,1788558620371613,790
0,DEPTH,1788558620381492,1788558620379244,1788558620405075,791
0,DEPTH,1788558620414824,1788558620412574,1788558620438288,792
0,DEPTH,1788558620448159,1788558620445906,1788558620471586,793
0,DEPTH,1788558620481492,1788558620479237,1788558620505094,794
0,DEPTH,1788558620514826,1788558620512569,1788558620538296,795
0,DEPTH,1788558620548156,1788558620545897,1788558620571593,796
0,DEPTH,1788558620581492,1788558620579232,1788558620604947,797
0,DEPTH,1788558620614826,1788558620612563,1788558620638317,798
0,DEPTH,1788558620648158,1788558620645893,1788558620671581,799
0,DEPTH,1788558620681492,1788558620679226,1788558620704907,800
0,DEPTH,1788558620714825,1788558620712557,1788558620738407,801
0,DEPTH,1788558620748160,1788558620745890,1788558620771635,802
0,DEPTH,1788558620781492,1788558620779221,1788558620805028,803
0,DEPTH,1788558620814827,1788558620812554,1788558620838257,804
0,DEPTH,1788558620848158,1788558620845882,1788558620871625,805
0,DEPTH,1788558620881494,1788558620879217,1788558620905049,806
0,DEPTH,1788558620914824,1788558620912545,1788558620938283,807
0,DEPTH,1788558620948160,1788558620945879,1788558620971597,808
0,DEPTH,1788558620981495,1788558620979212,1788558621004942,809
0,DEPTH,1788558621014828,1788558621012544,1788558621038296,810
0,DEPTH,1788558621048161,1788558621045874,1788558621071629,811
0,DEPTH,1788558621081494,1788558621079207,1788558621105039,812
0,DEPTH,1788558621114829,1788558621112539,1788558621138307,813
0,DEPTH,1788558621148164,1788558621145873,1788558621171618,814
0,DEPTH,1788558621181496,1788558621179203,1788558621204929,815
0,DEPTH,1788558621214826,1788558621212531,1788558621238271,816
0,DEPTH,1788558621248164,1788558621245868,1788558621271618,817
0,DEPTH,1788558621281497,1788558621279198,1788558621304954,818
0,DEPTH,1788558621314831,1788558621312530,1788558621338302,819
0,DEPTH,1788558621348157,1788558621345855,1788558621371632,820
0,DEPTH,1788558621381495,1788558621379191,1788558621404938,821
0,DEPTH,1788558621414825,1788558621412519,1788558621438429,822
0,DEPTH,1788558621448159,1788558621445851,1788558621471598,823
0,DEPTH,1788558621481498,1788558621479189,1788558621504929,824
0,DEPTH,1788558621514829,1788558621512521,1788558621538435,825
0,DEPTH,1788558621548161,1788558621545852,1788558621571747,826
0,DEPTH,1788558621581498,1788558621579185,1788558621604894,827
0,DEPTH,1788558621614829,1788558621612515,1788558621638287,828
0,DEPTH,1788558621648162,1788558621645846,1788558621671735,829
0,DEPTH,1788558621681498,1788558621679181,1788558621704919,830
0,DEPTH,1788558621714829,1788558621712509,1788558621738267,831
0,DEPTH,1788558621748163,1788558621745841,1788558621771567,832
0,DEPTH,1788558621781498,1788558621779176,1788558621805065,833
0,DEPTH,1788558621814829,1788558621812506,1788558621838264,834
0,DEPTH,1788558621848163,1788558621845839,1788558621871762,835
0,DEPTH,1788558621881498,1788558621879171,1788558621904906,836
0,DEPTH,1788558621914829,1788558621912500,1788558621938257,837
0,DEPTH,1788558621948164,1788558621945835,1788558621971714,838
0,DEPTH,1788558621981500,1788558621979171,1788558622005280,839
0,DEPTH,1788558622014831,1788558622012500,1788558622038276,840
0,DEPTH,1788558622048164,1788558622045832,1788558622071590,841
0,DEPTH,1788558622081502,1788558622079169,1788558622104954,842
0,DEPTH,1788558622114831,1788558622112495,1788558622138243,843
0,DEPTH,1788558622148165,1788558622145828,1788558622171586,844
0,DEPTH,1788558622181500,1788558622179162,1788558622204927,845
0,DEPTH,1788558622214832,1788558622212493,1788558622238444,846
0,DEPTH,1788558622248165,1788558622245824,1788558622271591,847
0,DEPTH,1788558622281500,1788558622279159,1788558622305069,848
0,DEPTH,1788558622314832,1788558622312487,1788558622338274,849
0,DEPTH,1788558622348166,1788558622345820,1788558622371566,850
0,DEPTH,1788558622381501,1788558622379154,1788558622404947,851
0,DEPTH,1788558622414834,1788558622412485,1788558622438270,852
0,DEPTH,1788558622448172,1788558622445822,1788558622471601,853
0,DEPTH,1788558622481502,1788558622479149,1788558622504938,854
0,DEPTH,1788558622514839,1788558622512484,1788558622538282,855
0,DEPTH,1788558622548173,1788558622545817,1788558622571706,856
0,DEPTH,1788558622581505,1788558622579150,1788558622605051,857
0,DEPTH,1788558622614839,1788558622612482,1788558622638454,858
0,DEPTH,1788558622648174,1788558622645816,1788558622671627,859
0,DEPTH,1788558622681507,1788558622679148,1788558622705064,860
0,DEPTH,1788558622714840,1788558622712480,1788558622738298,861
0,DEPTH,1788558622748171,1788558622745810,1788558622771600,862
0,DEPTH,1788558622781505,1788558622779143,1788558622804917,863
0,DEPTH,1788558622814838,1788558622812474,1788558622838438,864
0,DEPTH,1788558622848171,1788558622845806,1788558622871553,865
0,DEPTH,1788558622881508,1788558622879141,1788558622904911,866
0,DEPTH,1788558622914840,1788558622912472,1788558622938415,867
0,DEPTH,1788558622948172,1788558622945805,1788558622971747,868
0,DEPTH,1788558622981508,1788558622979139,1788558623004902,869
0,DEPTH,1788558623014839,1788558623012468,1788558623038403,870
0,DEPTH,1788558623048174,1788558623045802,1788558623071608,871
0,DEPTH,1788558623081505,1788558623079131,1788558623104928,872
0,DEPTH,1788558623114840,1788558623112467,1788558623138401,873
0,DEPTH,1788558623148176,1788558623145800,1788558623171607,874
0,DEPTH,1788558623181509,1788558623179132,1788558623204923,875
0,DEPTH,1788558623214844,1788558623212466,1788558623238432,876
0,DEPTH,1788558623248178,1788558623245799,1788558623271596,877
0,DEPTH,1788558623281510,1788558623279130,1788558623305039,878
0,DEPTH,1788558623314844,1788558623312462,1788558623338323,879
0,DEPTH,1788558623348177,1788558623345793,1788558623371604,880
0,DEPTH,1788558623381509,1788558623379125,1788558623404932,881
0,DEPTH,1788558623414843,1788558623412458,1788558623438263,882
0,DEPTH,1788558623448178,1788558623445790,1788558623471612,883
0,DEPTH,1788558623481509,1788558623479122,1788558623505040,884
0,DEPTH,1788558623514844,1788558623512454,1788558623538261,885
0,DEPTH,1788558623548179,1788558623545789,1788558623571614,886
0,DEPTH,1788558623581509,1788558623579117,1788558623604918,887
0,DEPTH,1788558623614843,1788558623612449,1788558623638285,888
0,DEPTH,1788558623648179,1788558623645784,1788558623671734,889
0,DEPTH,1788558623681511,1788558623679116,1788558623705067,890
0,DEPTH,1788558623714847,1788558623712452,1788558623738403,891
0,DEPTH,1788558623748179,1788558623745782,1788558623771614,892
0,DEPTH,1788558623781512,1788558623779114,1788558623804898,893
0,DEPTH,1788558623814845,1788558623812445,1788558623838281,894
0,DEPTH,1788558623848181,1788558623845782,1788558623871768,895
0,DEPTH,1788558623881511,1788558623879110,1788558623904920,896
0,DEPTH,1788558623914844,1788558623912441,1788558623938258,897
0,DEPTH,1788558623948179,1788558623945777,1788558623971723,898
0,DEPTH,1788558623981511,1788558623979107,1788558624005061,899
0,DEPTH,1788558624014847,1788558624012442,1788558624038258,900
0,DEPTH,1788558624048183,1788558624045778,1788558624071740,901
0,DEPTH,1788558624081512,1788558624079105,1788558624104920,902
0,DEPTH,1788558624114848,1788558624112441,1788558624138297,903
0,DEPTH,1788558624148183,1788558624145775,1788558624171609,904
0,DEPTH,1788558624181512,1788558624179101,1788558624204924,905
0,DEPTH,1788558624214849,1788558624212437,1788558624238283,906
0,DEPTH,1788558624248184,1788558624245771,1788558624271594,907
0,DEPTH,1788558624281515,1788558624279101,1788558624304932,908
0,DEPTH,1788558624314852,1788558624312437,1788558624338403,909
0,DEPTH,1788558624348186,1788558624345770,1788558624371715,910
0,DEPTH,1788558624381520,1788558624379105,1788558624405110,911
0,DEPTH,1788558624414853,1788558624412436,1788558624438312,912
0,DEPTH,1788558624448187,1788558624445770,1788558624471629,913
0,DEPTH,1788558624481521,1788558624479103,1788558624505257,914
0,DEPTH,1788558624514853,1788558624512434,1788558624538283,915
0,DEPTH,1788558624548187,1788558624545767,1788558624571612,916
0,DEPTH,1788558624581520,1788558624579101,1788558624605264,917
0,DEPTH,1788558624614851,1788558624612431,1788558624638279,918
0,DEPTH,1788558624648187,1788558624645766,1788558624671593,919
0,DEPTH,1788558624681520,1788558624679099,1788558624704937,920
0,DEPTH,1788558624714857,1788558624712435,1788558624738277,921
0,DEPTH,1788558624748185,1788558624745762,1788558624771581,922
0,DEPTH,1788558624781518,1788558624779095,1788558624804963,923
0,DEPTH,1788558624814851,1788558624812426,1788558624838237,924
0,DEPTH,1788558624848191,1788558624845765,1788558624871615,925
0,DEPTH,1788558624881519,1788558624879093,1788558624904921,926
0,DEPTH,1788558624914856,1788558624912428,1788558624938266,927
0,DEPTH,1788558624948191,1788558624945764,1788558624971599,928
0,DEPTH,1788558624981525,1788558624979096,1788558625004956,929
0,DEPTH,1788558625014858,1788558625012429,1788558625038259,930
0,DEPTH,1788558625048189,1788558625045759,1788558625071590,931
0,DEPTH,1788558625081525,1788558625079095,1788558625105056,932
0,DEPTH,1788558625114856,1788558625112425,1788558625138309,933
0,DEPTH,1788558625148191,1788558625145759,1788558625171619,934
0,DEPTH,1788558625181521,1788558625179089,1788558625204959,935
0,DEPTH,1788558625214859,1788558625212427,1788558625238277,936
0,DEPTH,1788558625248191,1788558625245757,1788558625271598,937
0,DEPTH,1788558625281523,1788558625279088,1788558625304912,938
0,DEPTH,1788558625314858,1788558625312423,1788558625338268,939
0,DEPTH,1788558625348190,1788558625345755,1788558625371763,940
0,DEPTH,1788558625381525,1788558625379090,1788558625405092,941
0,DEPTH,1788558625414856,1788558625412421,1788558625438263,942
0,DEPTH,1788558625448193,1788558625445757,1788558625471593,943
0,DEPTH,1788558625481525,1788558625479088,1788558625504922,944
0,DEPTH,1788558625514857,1788558625512421,1788558625538426,945
0,DEPTH,1788558625548192,1788558625545755,1788558625571616,946
0,DEPTH,1788558625581528,1788558625579090,1788558625604940,947
0,DEPTH,1788558625614861,1788558625612423,1788558625638376,948
0,DEPTH,1788558625648192,1788558625645753,1788558625671563,949
0,DEPTH,1788558625681528,1788558625679088,1788558625704957,950
0,DEPTH,1788558625714859,1788558625712420,1788558625738434,951
0,DEPTH,1788558625748193,1788558625745752,1788558625771609,952
0,DEPTH,1788558625781526,1788558625779085,1788558625804948,953
0,DEPTH,1788558625814859,1788558625812419,1788558625838423,954
0,DEPTH,1788558625848197,1788558625845756,1788558625871615,955
0,DEPTH,1788558625881528,1788558625879087,1788558625904908,956
0,DEPTH,1788558625914861,1788558625912418,1788558625938403,957
0,DEPTH,1788558625948195,1788558625945754,1788558625971761,958
0,DEPTH,1788558625981533,1788558625979091,1788558626005090,959
0,DEPTH,1788558626014865,1788558626012423,1788558626038290,960
0,DEPTH,1788558626048197,1788558626045756,1788558626071708,961
0,DEPTH,1788558626081532,1788558626079089,1788558626104967,962
0,DEPTH,1788558626114862,1788558626112418,1788558626138266,963
0,DEPTH,1788558626148200,1788558626145756,1788558626171704,964
0,DEPTH,1788558626181532,1788558626179088,1788558626204916,965
0,DEPTH,1788558626214867,1788558626212422,1788558626238264,966
0,DEPTH,1788558626248200,1788558626245755,1788558626271730,967
0,DEPTH,1788558626281534,1788558626279089,1788558626304942,968
0,DEPTH,1788558626314867,1788558626312420,1788558626338254,969
0,DEPTH,1788558626348201,1788558626345754,1788558626371702,970
0,DEPTH,1788558626381530,1788558626379083,1788558626405086,971
0,DEPTH,1788558626414869,1788558626412423,1788558626438434,972
0,DEPTH,1788558626448202,1788558626445756,1788558626471633,973
0,DEPTH,1788558626481534,1788558626479088,1788558626504905,974
0,DEPTH,1788558626514867,1788558626512420,1788558626538282,975
0,DEPTH,1788558626548198,1788558626545751,1788558626571716,976
0,DEPTH,1788558626581532,1788558626579084,1788558626604952,977
0,DEPTH,1788558626614865,1788558626612416,1788558626638284,978
0,DEPTH,1788558626648202,1788558626645754,1788558626671778,979
0,DEPTH,1788558626681534,1788558626679085,1788558626704921,980
0,DEPTH,1788558626714870,1788558626712420,1788558626738303,981
0,DEPTH,1788558626748199,1788558626745748,1788558626771568,982
0,DEPTH,1788558626781535,1788558626779083,1788558626804913,983
0,DEPTH,1788558626814867,1788558626812415,1788558626838305,984
0,DEPTH,1788558626848205,1788558626845752,1788558626871591,985
0,DEPTH,1788558626881536,1788558626879082,1788558626904955,986
0,DEPTH,1788558626914867,1788558626912412,1788558626938282,987
0,DEPTH,1788558626948202,1788558626945748,1788558626971599,988
0,DEPTH,1788558626981536,1788558626979081,1788558627004904,989
0,DEPTH,1788558627014872,1788558627012417,1788558627038308,990
0,DEPTH,1788558627048204,1788558627045747,1788558627071633,991
0,DEPTH,1788558627081539,1788558627079081,1788558627104919,992
0,DEPTH,1788558627114871,1788558627112414,1788558627138289,993
0,DEPTH,1788558627148204,1788558627145744,1788558627171600,994
0,DEPTH,1788558627181538,1788558627179079,1788558627204948,995
0,DEPTH,1788558627214873,1788558627212412,1788558627238270,996
0,DEPTH,1788558627248205,1788558627245745,1788558627271589,997
0,DEPTH,1788558627281540,1788558627279081,1788558627305253,998
0,DEPTH,1788558627314873,1788558627312412,1788558627338292,999
0,DEPTH,1788558627348206,1788558627345745,1788558627371591,1000
0,DEPTH,1788558627381540,1788558627379080,1788558627405044,1001
0,DEPTH,1788558627414871,1788558627412411,1788558627438310,1002
0,DEPTH,1788558627448205,1788558627445743,1788558627471603,1003
0,DEPTH,1788558627481541,1788558627479080,1788558627505030,1004
0,DEPTH,1788558627514875,1788558627512412,1788558627538269,1005
0,DEPTH,1788558627548205,1788558627545742,1788558627571574,1006
0,DEPTH,1788558627581543,1788558627579079,1788558627604922,1007
0,COLOR,1788558594418379,1788558594416929,1788558594592735,1
0,COLOR,1788558594451712,1788558594450262,1788558594595503,2
0,COLOR,1788558594485045,1788558594483595,1788558594597408,3
0,COLOR,1788558594518379,1788558594516928,1788558594599316,4
0,COLOR,1788558594551712,1788558594550261,1788558594601206,5
0,COLOR,1788558594585045,1788558594583595,1788558594603134,6
0,COLOR,1788558593973941,1788558593972496,1788558594633282,7
0,COLOR,1788558594007277,1788558594005832,1788558594666613,8
0,COLOR,1788558594040611,1788558594039166,1788558594700145,9
0,COLOR,1788558594073943,1788558594072498,1788558594733477,10
0,COLOR,1788558594107276,1788558594105831,1788558594766617,11
0,COLOR,1788558594140610,1788558594139164,1788558594800200,12
0,COLOR,1788558594173944,1788558594172498,1788558594833432,13
0,COLOR,1788558594207276,1788558594205829,1788558594867014,14
0,COLOR,1788558594240609,1788558594239163,1788558594899803,15
0,COLOR,1788558594273942,1788558594272495,1788558594933408,16
0,COLOR,1788558594307276,1788558594305829,1788558594966839,17
0,COLOR,1788558594340609,1788558594339161,1788558595000315,18
0,COLOR,1788558594373943,1788558594372494,1788558595033576,19
0,COLOR,1788558594407276,1788558594405827,1788558595066616,20
0,COLOR,1788558594440610,1788558594439161,1788558595100137,21
0,COLOR,1788558594473943,1788558594472494,1788558595133420,22
0,COLOR,1788558594507277,1788558594505828,1788558595166768,23
0,COLOR,1788558594540611,1788558594539161,1788558595200091,24
0,COLOR,1788558594573944,1788558594572494,1788558595233475,25
0,COLOR,1788558594607278,1788558594605826,1788558595266804,26
0,COLOR,1788558594660525,1788558595031355,1788558595300084,27
0,COLOR,1788558594693861,1788558595068721,1788558595333412,28
0,COLOR,1788558594727194,1788558595106084,1788558595366752,29
0,COLOR,1788558594760527,1788558595143448,1788558595400144,30
0,COLOR,1788558594793860,1788558595180810,1788558595433260,31
0,COLOR,1788558594827194,1788558595218175,1788558595466763,32
0,COLOR,1788558594860530,1788558595255540,1788558595500086,33
0,COLOR,1788558594893862,1788558595292902,1788558595533475,34
0,COLOR,1788558594927195,1788558595330265,1788558595566630,35
0,COLOR,1788558594960528,1788558595367627,1788558595599970,36
0,COLOR,1788558594993862,1788558595404992,1788558595633496,37
0,COLOR,1788558595027200,1788558595442361,1788558595666834,38
0,COLOR,1788558595060533,1788558595479724,1788558595700119,39
0,COLOR,1788558595093866,1788558595517086,1788558595733426,40
0,COLOR,1788558595127200,1788558595554451,1788558595766607,41
0,COLOR,1788558595160534,1788558595591815,1788558595800062,42
0,COLOR,1788558595193865,1788558595629174,1788558595833260,43
0,COLOR,1788558595227198,1788558595666537,1788558595866728,44
0,COLOR,1788558595260530,1788558595703899,1788558595900059,45
0,COLOR,1788558595293867,1788558595741266,1788558595934196,46
0,COLOR,1788558595349130,1788558595803211,1788558595966679,47
0,COLOR,1788558595382462,1788558595840572,1788558595999822,48
0,COLOR,1788558596014632,1788558596549169,1788558596033385,49
0,COLOR,1788558596047968,1788558596586537,1788558596066635,50
0,COLOR,1788558596081301,1788558596623899,1788558596100134,51
0,COLOR,1788558596114634,1788558596661263,1788558596133453,52
0,COLOR,1788558596147968,1788558596698626,1788558596166767,53
0,COLOR,1788558596181302,1788558596735990,1788558596200099,54
0,COLOR,1788558596214635,1788558596773353,1788558596233378,55
0,COLOR,1788558596247972,1788558596810720,1788558596266631,56
0,COLOR,1788558596281301,1788558596283645,1788558596300199,57
0,COLOR,1788558596314634,1788558596317071,1788558596333285,58
0,COLOR,1788558596347969,1788558596350499,1788558596366637,59
0,COLOR,1788558596414636,1788558596417355,1788558596433273,60
0,COLOR,1788558596447972,1788558596450785,1788558596466812,61
0,COLOR,1788558596481305,1788558596484211,1788558596500092,62
0,COLOR,1788558596514639,1788558596517639,1788558596533138,63
0,COLOR,1788558596547972,1788558596551065,1788558596566612,64
0,COLOR,1788558596581306,1788558596584494,1788558596599907,65
0,COLOR,1788558596614639,1788558596617921,1788558596633173,66
0,COLOR,1788558596647973,1788558596651347,1788558596666783,67
0,COLOR,1788558596681307,1788558596684776,1788558596700044,68
0,COLOR,1788558596714639,1788558596718201,1788558596733265,69
0,COLOR,1788558596747971,1788558596751628,1788558596766629,70
0,COLOR,1788558596781304,1788558596785054,1788558596800228,71
0,COLOR,1788558596814639,1788558596818482,1788558596833134,72
0,COLOR,1788558596847973,1788558596851911,1788558596866645,73
0,COLOR,1788558596881308,1788558596885338,1788558596899930,74
0,COLOR,1788558596914638,1788558596916858,1788558596933151,75
0,COLOR,1788558596947976,1788558596950187,1788558596966615,76
0,COLOR,1788558596981310,1788558596983512,1788558596999959,77
0,COLOR,1788558597014642,1788558597016835,1788558597033279,78
0,COLOR,1788558597047975,1788558597050159,1788558597066796,79
0,COLOR,1788558597081306,1788558597083483,1788558597099919,80
0,COLOR,1788558597114642,1788558597116810,1788558597133291,81
0,COLOR,1788558597147977,1788558597150137,1788558597166627,82
0,COLOR,1788558597181310,1788558597183461,1788558597199953,83
0,COLOR,1788558597214643,1788558597216785,1788558597233468,84
0,COLOR,1788558597247980,1788558597250113,1788558597266779,85
0,COLOR,1788558597281312,1788558597283437,1788558597299937,86
0,COLOR,1788558597314645,1788558597316762,1788558597333518,87
0,COLOR,1788558597347979,1788558597350087,1788558597366627,88
0,COLOR,1788558597381313,1788558597383411,1788558597400031,89
0,COLOR,1788558597414646,1788558597416736,1788558597433372,90
0,COLOR,1788558597447980,1788558597450062,1788558597466795,91
0,COLOR,1788558597481313,1788558597483386,1788558597500024,92
0,COLOR,1788558597514648,1788558597516713,1788558597533524,93
0,COLOR,1788558597547979,1788558597550035,1788558597566672,94
0,COLOR,1788558597581314,1788558597582740,1788558597599880,95
0,COLOR,1788558597614646,1788558597616065,1788558597633220,96
0,COLOR,1788558597647978,1788558597649390,1788558597666675,97
0,COLOR,1788558597681315,1788558597682721,1788558597700226,98
0,COLOR,1788558597714651,1788558597716050,1788558597733353,99
0,COLOR,1788558597747981,1788558597749375,1788558597766680,100
0,COLOR,1788558597781316,1788558597782704,1788558597799872,101
0,COLOR,1788558597814647,1788558597816028,1788558597833167,102
0,COLOR,1788558597847984,1788558597849358,1788558597866731,103
0,COLOR,1788558597881316,1788558597882685,1788558597899995,104
0,COLOR,1788558597914648,1788558597916010,1788558597933203,105
0,COLOR,1788558597947981,1788558597949336,1788558597966522,106
0,COLOR,1788558597981317,1788558597982665,1788558597999873,107
0,COLOR,1788558598014649,1788558598015992,1788558598033181,108
0,COLOR,1788558598047984,1788558598049319,1788558598066684,109
0,COLOR,1788558598081315,1788558598082645,1788558598100035,110
0,COLOR,1788558598114653,1788558598115976,1788558598133218,111
0,COLOR,1788558598147984,1788558598149301,1788558598166681,112
0,COLOR,1788558598181318,1788558598182628,1788558598199992,113
0,COLOR,1788558598214654,1788558598215958,1788558598233362,114
0,COLOR,1788558598247985,1788558598249282,1788558598266674,115
0,COLOR,1788558598281319,1788558598282610,1788558598299983,116
0,COLOR,1788558598314651,1788558598315935,1788558598333326,117
0,COLOR,1788558598347986,1788558598349264,1788558598366687,118
0,COLOR,1788558598381319,1788558598382591,1788558598399873,119
0,COLOR,1788558598414654,1788558598415920,1788558598433180,120
0,COLOR,1788558598447986,1788558598449244,1788558598466718,121
0,COLOR,1788558598481320,1788558598482573,1788558598499987,122
0,COLOR,1788558598514654,1788558598515901,1788558598533338,123
0,COLOR,1788558598547987,1788558598549227,1788558598566684,124
0,COLOR,1788558598581321,1788558598583051,1788558598600175,125
0,COLOR,1788558598614656,1788558598616385,1788558598633443,126
0,COLOR,1788558598647988,1788558598649716,1788558598666714,127
0,COLOR,1788558598681323,1788558598683051,1788558598699886,128
0,COLOR,1788558598714657,1788558598716383,1788558598733316,129
0,COLOR,1788558598747989,1788558598749714,1788558598766515,130
0,COLOR,1788558598781323,1788558598783047,1788558598800007,131
0,COLOR,1788558598814656,1788558598816381,1788558598833194,132
0,COLOR,1788558598847990,1788558598849713,1788558598866738,133
0,COLOR,1788558598881324,1788558598883046,1788558598899846,134
0,COLOR,1788558598914658,1788558598916380,1788558598933198,135
0,COLOR,1788558598947992,1788558598949713,1788558598966527,136
0,COLOR,1788558598981325,1788558598983045,1788558599000005,137
0,COLOR,1788558599014659,1788558599016379,1788558599033509,138
0,COLOR,1788558599047991,1788558599049710,1788558599066722,139
0,COLOR,1788558599081323,1788558599083041,1788558599100345,140
0,COLOR,1788558599114658,1788558599116374,1788558599133354,141
0,COLOR,1788558599147993,1788558599149708,1788558599166519,142
0,COLOR,1788558599181326,1788558599183042,1788558599200018,143
0,COLOR,1788558599214660,1788558599216374,1788558599233338,144
0,COLOR,1788558599247993,1788558599249706,1788558599266690,145
0,COLOR,1788558599281328,1788558599283041,1788558599300013,146
0,COLOR,1788558599314662,1788558599316374,1788558599333344,147
0,COLOR,1788558599347995,1788558599349705,1788558599366540,148
0,COLOR,1788558599381329,1788558599383038,1788558599400117,149
0,COLOR,1788558599414662,1788558599416371,1788558599433360,150
0,COLOR,1788558599447996,1788558599449705,1788558599466674,151
0,COLOR,1788558599481329,1788558599483036,1788558599500107,152
0,COLOR,1788558599514662,1788558599516369,1788558599533356,153
0,COLOR,1788558599547997,1788558599549703,1788558599566554,154
0,COLOR,1788558599581330,1788558599583034,1788558599600031,155
0,COLOR,1788558599614665,1788558599617373,1788558599633210,156
0,COLOR,1788558599647999,1788558599650709,1788558599666557,157
0,COLOR,1788558599681331,1788558599684042,1788558599699895,158
0,COLOR,1788558599714665,1788558599717377,1788558599733351,159
0,COLOR,1788558599747997,1788558599750711,1788558599766539,160
0,COLOR,1788558599781334,1788558599784049,1788558599799866,161
0,COLOR,1788558599814664,1788558599817381,1788558599833172,162
0,COLOR,1788558599848000,1788558599850718,1788558599866725,163
0,COLOR,1788558599881333,1788558599884052,1788558599900024,164
0,COLOR,1788558599914662,1788558599917382,1788558599933211,165
0,COLOR,1788558599948001,1788558599950723,1788558599966549,166
0,COLOR,1788558599981332,1788558599984055,1788558600000009,167
0,COLOR,1788558600014666,1788558600017390,1788558600033325,168
0,COLOR,1788558600047997,1788558600050723,1788558600066819,169
0,COLOR,1788558600081331,1788558600084059,1788558600099995,170
0,COLOR,1788558600114664,1788558600117393,1788558600133171,171
0,COLOR,1788558600147998,1788558600150729,1788558600166548,172
0,COLOR,1788558600181334,1788558600184066,1788558600200006,173
0,COLOR,1788558600214666,1788558600217400,1788558600233309,174
0,COLOR,1788558600247999,1788558600250733,1788558600266700,175
0,COLOR,1788558600281335,1788558600284071,1788558600299891,176
0,COLOR,1788558600314672,1788558600317410,1788558600333360,177
0,COLOR,1788558600348004,1788558600350744,1788558600366555,178
0,COLOR,1788558600381335,1788558600384076,1788558600399839,179
0,COLOR,1788558600414670,1788558600417411,1788558600433189,180
0,COLOR,1788558600448001,1788558600450745,1788558600466666,181
0,COLOR,1788558600481337,1788558600484082,1788558600499887,182
0,COLOR,1788558600514670,1788558600517417,1788558600533216,183
0,COLOR,1788558600548004,1788558600550751,1788558600566794,184
0,COLOR,1788558600581336,1788558600584085,1788558600599858,185
0,COLOR,1788558600614669,1788558600616575,1788558600633213,186
0,COLOR,1788558600648003,1788558600649907,1788558600666565,187
0,COLOR,1788558600681337,1788558600683241,1788558600699841,188
0,COLOR,1788558600714672,1788558600716575,1788558600733174,189
0,COLOR,1788558600748006,1788558600749908,1788558600766554,190
0,COLOR,1788558600781339,1788558600783239,1788558600800014,191
0,COLOR,1788558600814673,1788558600816572,1788558600833359,192
0,COLOR,1788558600848007,1788558600849905,1788558600866549,193
0,COLOR,1788558600881340,1788558600883237,1788558600900028,194
0,COLOR,1788558600914675,1788558600916571,1788558600933327,195
0,COLOR,1788558600948008,1788558600949903,1788558600966699,196
0,COLOR,1788558600981341,1788558600983234,1788558600999868,197
0,COLOR,1788558601014676,1788558601016568,1788558601033213,198
0,COLOR,1788558601048006,1788558601049896,1788558601066685,199
0,COLOR,1788558601081340,1788558601083229,1788558601100022,200
0,COLOR,1788558601114674,1788558601116562,1788558601133322,201
0,COLOR,1788558601148005,1788558601149893,1788558601166532,202
0,COLOR,1788558601181341,1788558601183228,1788558601199841,203
0,COLOR,1788558601214675,1788558601216561,1788558601233221,204
0,COLOR,1788558601248007,1788558601249891,1788558601266670,205
0,COLOR,1788558601281342,1788558601283226,1788558601300020,206
0,COLOR,1788558601314674,1788558601316556,1788558601333357,207
0,COLOR,1788558601348010,1788558601349890,1788558601366673,208
0,COLOR,1788558601381342,1788558601383222,1788558601399985,209
0,COLOR,1788558601414676,1788558601416554,1788558601433371,210
0,COLOR,1788558601448010,1788558601449888,1788558601466552,211
0,COLOR,1788558601481344,1788558601483220,1788558601499837,212
0,COLOR,1788558601514678,1788558601516553,1788558601533364,213
0,COLOR,1788558601548012,1788558601549887,1788558601566711,214
0,COLOR,1788558601581345,1788558601583217,1788558601599887,215
0,COLOR,1788558601614680,1788558601616165,1788558601633187,216
0,COLOR,1788558601648014,1788558601649497,1788558601666557,217
0,COLOR,1788558601681349,1788558601682830,1788558601700022,218
0,COLOR,1788558601714683,1788558601716163,1788558601733219,219
0,COLOR,1788558601748016,1788558601749496,1788558601766537,220
0,COLOR,1788558601781351,1788558601782829,1788558601800037,221
0,COLOR,1788558601814684,1788558601816161,1788558601833370,222
0,COLOR,1788558601848014,1788558601849490,1788558601866704,223
0,COLOR,1788558601881350,1788558601882823,1788558601899900,224
0,COLOR,1788558601914680,1788558601916152,1788558601933205,225
0,COLOR,1788558601948018,1788558601949489,1788558601966671,226
0,COLOR,1788558601981348,1788558601982819,1788558602000027,227
0,COLOR,1788558602014682,1788558602016150,1788558602033227,228
0,COLOR,1788558602048015,1788558602049483,1788558602066665,229
0,COLOR,1788558602081348,1788558602082814,1788558602100175,230
0,COLOR,1788558602114680,1788558602116145,1788558602133349,231
0,COLOR,1788558602148016,1788558602149480,1788558602166559,232
0,COLOR,1788558602181350,1788558602182812,1788558602200018,233
0,COLOR,1788558602214684,1788558602216145,1788558602233193,234
0,COLOR,1788558602248017,1788558602249476,1788558602266706,235
0,COLOR,1788558602281351,1788558602282810,1788558602300021,236
0,COLOR,1788558602314685,1788558602316142,1788558602333341,237
0,COLOR,1788558602348020,1788558602349475,1788558602366697,238
0,COLOR,1788558602381352,1788558602382806,1788558602399979,239
0,COLOR,1788558602414686,1788558602416139,1788558602433369,240
0,COLOR,1788558602448020,1788558602449472,1788558602466684,241
0,COLOR,1788558602481353,1788558602482803,1788558602500006,242
0,COLOR,1788558602514686,1788558602516135,1788558602533325,243
0,COLOR,1788558602548019,1788558602549467,1788558602566674,244
0,COLOR,1788558602581355,1788558602582802,1788558602600023,245
0,COLOR,1788558602614688,1788558602616513,1788558602633241,246
0,COLOR,1788558602648020,1788558602649843,1788558602666532,247
0,COLOR,1788558602681356,1788558602683178,1788558602699834,248
0,COLOR,1788558602714688,1788558602716509,1788558602733349,249
0,COLOR,1788558602748024,1788558602749846,1788558602766567,250
0,COLOR,1788558602781358,1788558602783178,1788558602799843,251
0,COLOR,1788558602814691,1788558602816511,1788558602833317,252
0,COLOR,1788558602848024,1788558602849842,1788558602866573,253
0,COLOR,1788558602881357,1788558602883174,1788558602899903,254
0,COLOR,1788558602914691,1788558602916508,1788558602933166,255
0,COLOR,1788558602948025,1788558602949841,1788558602966677,256
0,COLOR,1788558602981358,1788558602983173,1788558602999999,257
0,COLOR,1788558603014690,1788558603016503,1788558603033340,258
0,COLOR,1788558603048025,1788558603049838,1788558603066700,259
0,COLOR,1788558603081357,1788558603083170,1788558603099849,260
0,COLOR,1788558603114691,1788558603116502,1788558603133317,261
0,COLOR,1788558603148026,1788558603149837,1788558603166691,262
0,COLOR,1788558603181356,1788558603183166,1788558603200012,263
0,COLOR,1788558603214694,1788558603216503,1788558603233356,264
0,COLOR,1788558603248025,1788558603249833,1788558603266702,265
0,COLOR,1788558603281357,1788558603283164,1788558603299974,266
0,COLOR,1788558603314690,1788558603316497,1788558603333345,267
0,COLOR,1788558603348026,1788558603349832,1788558603366700,268
0,COLOR,1788558603381358,1788558603383162,1788558603400020,269
0,COLOR,1788558603414689,1788558603416492,1788558603433350,270
0,COLOR,1788558603448025,1788558603449827,1788558603466704,271
0,COLOR,1788558603481359,1788558603483161,1788558603500011,272
0,COLOR,1788558603514689,1788558603516489,1788558603533360,273
0,COLOR,1788558603548025,1788558603549826,1788558603566664,274
0,COLOR,1788558603581360,1788558603583159,1788558603599992,275
0,COLOR,1788558603614691,1788558603616804,1788558603633369,276
0,COLOR,1788558603648029,1788558603650141,1788558603666549,277
0,COLOR,1788558603681362,1788558603683473,1788558603699876,278
0,COLOR,1788558603714693,1788558603716803,1788558603733168,279
0,COLOR,1788558603748029,1788558603750137,1788558603766696,280
0,COLOR,1788558603781362,1788558603783468,1788558603799868,281
0,COLOR,1788558603814693,1788558603816799,1788558603833205,282
0,COLOR,1788558603848028,1788558603850131,1788558603866543,283
0,COLOR,1788558603881362,1788558603883465,1788558603899848,284
0,COLOR,1788558603914696,1788558603916797,1788558603933207,285
0,COLOR,1788558603948031,1788558603950130,1788558603966703,286
0,COLOR,1788558603981365,1788558603983463,1788558604000035,287
0,COLOR,1788558604014696,1788558604016792,1788558604033327,288
0,COLOR,1788558604048032,1788558604050127,1788558604066575,289
0,COLOR,1788558604081364,1788558604083458,1788558604099857,290
0,COLOR,1788558604114695,1788558604116787,1788558604133315,291
0,COLOR,1788558604148030,1788558604150122,1788558604166676,292
0,COLOR,1788558604181366,1788558604183457,1788558604200002,293
0,COLOR,1788558604214697,1788558604216786,1788558604233346,294
0,COLOR,1788558604248031,1788558604250119,1788558604266675,295
0,COLOR,1788558604281367,1788558604283453,1788558604299837,296
0,COLOR,1788558604314700,1788558604316784,1788558604333352,297
0,COLOR,1788558604348032,1788558604350115,1788558604366703,298
0,COLOR,1788558604381368,1788558604383451,1788558604399978,299
0,COLOR,1788558604414702,1788558604416782,1788558604433543,300
0,COLOR,1788558604448035,1788558604450114,1788558604466579,301
0,COLOR,1788558604481368,1788558604483447,1788558604499864,302
0,COLOR,1788558604514703,1788558604516780,1788558604533178,303
0,COLOR,1788558604548036,1788558604550112,1788558604566690,304
0,COLOR,1788558604581369,1788558604583444,1788558604600022,305
0,COLOR,1788558604614703,1788558604617037,1788558604633369,306
0,COLOR,1788558604648039,1788558604650373,1788558604666536,307
0,COLOR,1788558604681371,1788558604683703,1788558604699870,308
0,COLOR,1788558604714704,1788558604717036,1788558604733208,309
0,COLOR,1788558604748038,1788558604750369,1788558604766678,310
0,COLOR,1788558604781372,1788558604783702,1788558604799988,311
0,COLOR,1788558604814705,1788558604817034,1788558604833332,312
0,COLOR,1788558604848040,1788558604850369,1788558604866544,313
0,COLOR,1788558604881372,1788558604883700,1788558604899865,314
0,COLOR,1788558604914703,1788558604917031,1788558604933198,315
0,COLOR,1788558604948040,1788558604950366,1788558604966677,316
0,COLOR,1788558604981371,1788558604983697,1788558605000012,317
0,COLOR,1788558605014706,1788558605017031,1788558605033366,318
0,COLOR,1788558605048040,1788558605050364,1788558605066678,319
0,COLOR,1788558605081373,1788558605083697,1788558605099844,320
0,COLOR,1788558605114708,1788558605117030,1788558605133368,321
0,COLOR,1788558605148042,1788558605150363,1788558605166686,322
0,COLOR,1788558605181373,1788558605183694,1788558605200070,323
0,COLOR,1788558605214709,1788558605217029,1788558605233349,324
0,COLOR,1788558605248039,1788558605250359,1788558605266559,325
0,COLOR,1788558605281373,1788558605283692,1788558605299864,326
0,COLOR,1788558605314708,1788558605317026,1788558605333313,327
0,COLOR,1788558605348040,1788558605350358,1788558605366706,328
0,COLOR,1788558605381372,1788558605383688,1788558605400023,329
0,COLOR,1788558605414710,1788558605417026,1788558605433365,330
0,COLOR,1788558605448041,1788558605450356,1788558605466561,331
0,COLOR,1788558605481373,1788558605483688,1788558605499865,332
0,COLOR,1788558605514711,1788558605517024,1788558605533328,333
0,COLOR,1788558605548040,1788558605550352,1788558605566669,334
0,COLOR,1788558605581376,1788558605583688,1788558605599999,335
0,COLOR,1788558605614711,1788558605617023,1788558605633227,336
0,COLOR,1788558605648045,1788558605650355,1788558605666555,337
0,COLOR,1788558605681377,1788558605683687,1788558605699852,338
0,COLOR,1788558605714712,1788558605717020,1788558605733346,339
0,COLOR,1788558605748042,1788558605750349,1788558605766681,340
0,COLOR,1788558605781377,1788558605783685,1788558605800019,341
0,COLOR,1788558605814713,1788558605817019,1788558605833354,342
0,COLOR,1788558605848044,1788558605850350,1788558605866503,343
0,COLOR,1788558605881378,1788558605883683,1788558605899869,344
0,COLOR,1788558605914711,1788558605917015,1788558605933209,345
0,COLOR,1788558605948045,1788558605950349,1788558605966691,346
0,COLOR,1788558605981376,1788558605983679,1788558605999996,347
0,COLOR,1788558606014714,1788558606017016,1788558606033227,348
0,COLOR,1788558606048044,1788558606050345,1788558606066553,349
0,COLOR,1788558606081381,1788558606083651,1788558606099851,350
0,COLOR,1788558606114715,1788558606116953,1788558606133357,351
0,COLOR,1788558606148047,1788558606150254,1788558606166547,352
0,COLOR,1788558606181382,1788558606183559,1788558606200224,353
0,COLOR,1788558606214714,1788558606216862,1788558606233196,354
0,COLOR,1788558606248046,1788558606250163,1788558606266672,355
0,COLOR,1788558606281382,1788558606283469,1788558606299867,356
0,COLOR,1788558606314714,1788558606316771,1788558606333347,357
0,COLOR,1788558606348048,1788558606350076,1788558606366690,358
0,COLOR,1788558606381382,1788558606383380,1788558606400008,359
0,COLOR,1788558606414715,1788558606416685,1788558606433348,360
0,COLOR,1788558606448049,1788558606449989,1788558606466568,361
0,COLOR,1788558606481384,1788558606483295,1788558606499832,362
0,COLOR,1788558606514718,1788558606516601,1788558606533331,363
0,COLOR,1788558606548050,1788558606549904,1788558606566701,364
0,COLOR,1788558606581383,1788558606583209,1788558606600106,365
0,COLOR,1788558606614717,1788558606616514,1788558606633211,366
0,COLOR,1788558606648049,1788558606649819,1788558606666551,367
0,COLOR,1788558606681384,1788558606683125,1788558606699871,368
0,COLOR,1788558606714717,1788558606716430,1788558606733354,369
0,COLOR,1788558606748050,1788558606749737,1788558606766709,370
0,COLOR,1788558606781384,1788558606783042,1788558606799828,371
0,COLOR,1788558606814717,1788558606816350,1788558606833451,372
0,COLOR,1788558606848051,1788558606849657,1788558606866712,373
0,COLOR,1788558606881386,1788558606882966,1788558606899872,374
0,COLOR,1788558606914719,1788558606916272,1788558606933326,375
0,COLOR,1788558606948053,1788558606949580,1788558606966716,376
0,COLOR,1788558606981387,1788558606982888,1788558606999993,377
0,COLOR,1788558607014721,1788558607016196,1788558607033339,378
0,COLOR,1788558607048052,1788558607049501,1788558607066691,379
0,COLOR,1788558607081386,1788558607082809,1788558607099881,380
0,COLOR,1788558607114719,1788558607116118,1788558607133352,381
0,COLOR,1788558607148054,1788558607149427,1788558607166663,382
0,COLOR,1788558607181390,1788558607182738,1788558607199860,383
0,COLOR,1788558607214719,1788558607216042,1788558607233337,384
0,COLOR,1788558607248054,1788558607249352,1788558607266560,385
0,COLOR,1788558607281388,1788558607282662,1788558607299876,386
0,COLOR,1788558607314721,1788558607315970,1788558607333334,387
0,COLOR,1788558607348055,1788558607349279,1788558607366702,388
0,COLOR,1788558607381390,1788558607382590,1788558607400012,389
0,COLOR,1788558607414722,1788558607415899,1788558607433356,390
0,COLOR,1788558607448057,1788558607449209,1788558607466531,391
0,COLOR,1788558607481390,1788558607482519,1788558607499837,392
0,COLOR,1788558607514724,1788558607515830,1788558607533519,393
0,COLOR,1788558607548057,1788558607549140,1788558607566717,394
0,COLOR,1788558607581391,1788558607582451,1788558607600014,395
0,COLOR,1788558607614724,1788558607615761,1788558607633328,396
0,COLOR,1788558607648058,1788558607649072,1788558607666551,397
0,COLOR,1788558607681395,1788558607682385,1788558607699875,398
0,COLOR,1788558607714727,1788558607715694,1788558607733348,399
0,COLOR,1788558607748059,1788558607749006,1788558607766695,400
0,COLOR,1788558607781393,1788558607782317,1788558607800012,401
0,COLOR,1788558607814726,1788558607815627,1788558607833322,402
0,COLOR,1788558607848060,1788558607848939,1788558607866687,403
0,COLOR,1788558607881395,1788558607882254,1788558607899896,404
0,COLOR,1788558607914724,1788558607915560,1788558607933189,405
0,COLOR,1788558607948060,1788558607948874,1788558607966683,406
0,COLOR,1788558607981394,1788558607982186,1788558608000024,407
0,COLOR,1788558608014731,1788558608015503,1788558608033384,408
0,COLOR,1788558608048063,1788558608048815,1788558608066692,409
0,COLOR,1788558608081395,1788558608082125,1788558608099863,410
0,COLOR,1788558608114728,1788558608115438,1788558608133354,411
0,COLOR,1788558608148061,1788558608148750,1788558608166717,412
0,COLOR,1788558608181395,1788558608182064,1788558608199861,413
0,COLOR,1788558608214729,1788558608215376,1788558608233214,414
0,COLOR,1788558608248060,1788558608248687,1788558608266671,415
0,COLOR,1788558608281396,1788558608282002,1788558608300055,416
0,COLOR,1788558608314729,1788558608315316,1788558608333363,417
0,COLOR,1788558608348066,1788558608348632,1788558608366517,418
0,COLOR,1788558608381399,1788558608381945,1788558608399988,419
0,COLOR,1788558608414731,1788558608415259,1788558608433370,420
0,COLOR,1788558608448063,1788558608448571,1788558608466538,421
0,COLOR,1788558608481397,1788558608481883,1788558608499879,422
0,COLOR,1788558608514731,1788558608515199,1788558608533354,423
0,COLOR,1788558608548064,1788558608548514,1788558608566687,424
0,COLOR,1788558608581399,1788558608581830,1788558608600024,425
0,COLOR,1788558608614735,1788558608615148,1788558608633364,426
0,COLOR,1788558608648066,1788558608648459,1788558608666663,427
0,COLOR,1788558608681401,1788558608681776,1788558608699879,428
0,COLOR,1788558608714735,1788558608715091,1788558608733369,429
0,COLOR,1788558608748068,1788558608748406,1788558608766689,430
0,COLOR,1788558608781401,1788558608781722,1788558608799997,431
0,COLOR,1788558608814732,1788558608815035,1788558608833314,432
0,COLOR,1788558608848068,1788558608848352,1788558608866583,433
0,COLOR,1788558608881400,1788558608881664,1788558608899868,434
0,COLOR,1788558608914734,1788558608914982,1788558608933224,435
0,COLOR,1788558608948070,1788558608948299,1788558608966705,436
0,COLOR,1788558608981401,1788558608981613,1788558609000021,437
0,COLOR,1788558609014733,1788558609014927,1788558609033342,438
0,COLOR,1788558609048071,1788558609048249,1788558609066708,439
0,COLOR,1788558609081403,1788558609081562,1788558609099847,440
0,COLOR,1788558609114736,1788558609114879,1788558609133348,441
0,COLOR,1788558609148070,1788558609148196,1788558609166731,442
0,COLOR,1788558609181404,1788558609181514,1788558609199991,443
0,COLOR,1788558609214738,1788558609214831,1788558609233358,444
0,COLOR,1788558609248069,1788558609248146,1788558609266568,445
0,COLOR,1788558609281403,1788558609281462,1788558609299878,446
0,COLOR,1788558609314737,1788558609314779,1788558609333308,447
0,COLOR,1788558609348069,1788558609348094,1788558609366682,448
0,COLOR,1788558609381404,1788558609381413,1788558609400006,449
0,COLOR,1788558609414739,1788558609414734,1788558609433328,450
0,COLOR,1788558609448073,1788558609448052,1788558609466646,451
0,COLOR,1788558609481406,1788558609481367,1788558609499861,452
0,COLOR,1788558609514740,1788558609514685,1788558609533190,453
0,COLOR,1788558609548072,1788558609548002,1788558609566676,454
0,COLOR,1788558609581408,1788558609581321,1788558609599832,455
0,COLOR,1788558609614741,1788558609614639,1788558609633374,456
0,COLOR,1788558609648075,1788558609647957,1788558609666551,457
0,COLOR,1788558609681408,1788558609681274,1788558609699874,458
0,COLOR,1788558609714743,1788558609714595,1788558609733345,459
0,COLOR,1788558609748075,1788558609747912,1788558609766672,460
0,COLOR,1788558609781409,1788558609781229,1788558609799998,461
0,COLOR,1788558609814743,1788558609814548,1788558609833315,462
0,COLOR,1788558609848076,1788558609847868,1788558609866707,463
0,COLOR,1788558609881410,1788558609881186,1788558609899855,464
0,COLOR,1788558609914744,1788558609914504,1788558609933178,465
0,COLOR,1788558609948074,1788558609947820,1788558609966531,466
0,COLOR,1788558609981410,1788558609981141,1788558609999977,467
0,COLOR,1788558610014741,1788558610014458,1788558610033332,468
0,COLOR,1788558610048078,1788558610047782,1788558610066689,469
0,COLOR,1788558610081411,1788558610081098,1788558610099822,470
0,COLOR,1788558610114744,1788558610114418,1788558610133297,471
0,COLOR,1788558610148078,1788558610147739,1788558610166688,472
0,COLOR,1788558610181413,1788558610181059,1788558610199993,473
0,COLOR,1788558610214743,1788558610214376,1788558610233201,474
0,COLOR,1788558610248080,1788558610247698,1788558610266687,475
0,COLOR,1788558610281409,1788558610281013,1788558610299864,476
0,COLOR,1788558610314746,1788558610314338,1788558610333303,477
0,COLOR,1788558610348078,1788558610347655,1788558610366654,478
0,COLOR,1788558610381415,1788558610380980,1788558610400014,479
0,COLOR,1788558610414749,1788558610414300,1788558610433347,480
0,COLOR,1788558610448081,1788558610447619,1788558610466521,481
0,COLOR,1788558610481412,1788558610480937,1788558610499988,482
0,COLOR,1788558610514750,1788558610514262,1788558610533325,483
0,COLOR,1788558610548083,1788558610547582,1788558610566704,484
0,COLOR,1788558610581418,1788558610580905,1788558610600004,485
0,COLOR,1788558610614748,1788558610614221,1788558610633328,486
0,COLOR,1788558610648081,1788558610647541,1788558610666517,487
0,COLOR,1788558610681418,1788558610680866,1788558610699882,488
0,COLOR,1788558610714750,1788558610714185,1788558610733511,489
0,COLOR,1788558610748082,1788558610747508,1788558610766863,490
0,COLOR,1788558610781416,1788558610780829,1788558610799818,491
0,COLOR,1788558610814749,1788558610814148,1788558610833335,492
0,COLOR,1788558610848083,1788558610847471,1788558610866637,493
0,COLOR,1788558610881417,1788558610880791,1788558610899857,494
0,COLOR,1788558610914751,1788558610914113,1788558610933180,495
0,COLOR,1788558610948083,1788558610947433,1788558610966546,496
0,COLOR,1788558610981416,1788558610980752,1788558610999858,497
0,COLOR,1788558611014749,1788558611014075,1788558611033355,498
0,COLOR,1788558611048083,1788558611047395,1788558611066533,499
0,COLOR,1788558611081417,1788558611080719,1788558611099865,500
0,COLOR,1788558611114752,1788558611114041,1788558611133302,501
0,COLOR,1788558611148084,1788558611147361,1788558611166682,502
0,COLOR,1788558611181418,1788558611180684,1788558611199998,503
0,COLOR,1788558611214750,1788558611214006,1788558611233185,504
0,COLOR,1788558611248083,1788558611247326,1788558611266541,505
0,COLOR,1788558611281420,1788558611280651,1788558611299868,506
0,COLOR,1788558611314749,1788558611313968,1788558611333316,507
0,COLOR,1788558611348083,1788558611347291,1788558611366632,508
0,COLOR,1788558611381416,1788558611380613,1788558611399831,509
0,COLOR,1788558611414751,1788558611413936,1788558611433193,510
0,COLOR,1788558611448084,1788558611447258,1788558611466558,511
0,COLOR,1788558611481418,1788558611480581,1788558611499818,512
0,COLOR,1788558611514752,1788558611513904,1788558611533303,513
0,COLOR,1788558611548084,1788558611547226,1788558611566542,514
0,COLOR,1788558611581421,1788558611580550,1788558611599866,515
0,COLOR,1788558611614754,1788558611613874,1788558611633362,516
0,COLOR,1788558611648088,1788558611647196,1788558611666510,517
0,COLOR,1788558611681424,1788558611680520,1788558611699830,518
0,COLOR,1788558611714753,1788558611713840,1788558611733329,519
0,COLOR,1788558611748087,1788558611747164,1788558611766699,520
0,COLOR,1788558611781425,1788558611780492,1788558611799995,521
0,COLOR,1788558611814754,1788558611813813,1788558611833483,522
0,COLOR,1788558611848087,1788558611847135,1788558611866541,523
0,COLOR,1788558611881425,1788558611880463,1788558611899863,524
0,COLOR,1788558611914759,1788558611913786,1788558611933187,525
0,COLOR,1788558611948089,1788558611947106,1788558611966678,526
0,COLOR,1788558611981425,1788558611980432,1788558611999970,527
0,COLOR,1788558612014755,1788558612013753,1788558612033306,528
0,COLOR,1788558612048091,1788558612047079,1788558612066528,529
0,COLOR,1788558612081426,1788558612080404,1788558612099859,530
0,COLOR,1788558612114756,1788558612113724,1788558612133323,531
0,COLOR,1788558612148089,1788558612147048,1788558612166556,532
0,COLOR,1788558612181426,1788558612180374,1788558612199837,533
0,COLOR,1788558612214757,1788558612213695,1788558612233341,534
0,COLOR,1788558612248091,1788558612247019,1788558612266537,535
0,COLOR,1788558612281426,1788558612280346,1788558612299862,536
0,COLOR,1788558612314760,1788558612313671,1788558612333522,537
0,COLOR,1788558612348091,1788558612346995,1788558612366880,538
0,COLOR,1788558612381428,1788558612380324,1788558612400005,539
0,COLOR,1788558612414760,1788558612413648,1788558612433338,540
0,COLOR,1788558612448094,1788558612446972,1788558612466519,541
0,COLOR,1788558612481431,1788558612480299,1788558612499871,542
0,COLOR,1788558612514762,1788558612513622,1788558612533332,543
0,COLOR,1788558612548095,1788558612546946,1788558612566679,544
0,COLOR,1788558612581430,1788558612580273,1788558612599956,545
0,COLOR,1788558612614762,1788558612613597,1788558612633328,546
0,COLOR,1788558612648098,1788558612646923,1788558612666549,547
0,COLOR,1788558612681433,1788558612680248,1788558612699865,548
0,COLOR,1788558612714766,1788558612713574,1788558612733317,549
0,COLOR,1788558612748098,1788558612746897,1788558612766679,550
0,COLOR,1788558612781431,1788558612780222,1788558612799996,551
0,COLOR,1788558612814763,1788558612813545,1788558612833339,552
0,COLOR,1788558612848097,1788558612846871,1788558612866543,553
0,COLOR,1788558612881431,1788558612880197,1788558612899875,554
0,COLOR,1788558612914762,1788558612913518,1788558612933192,555
0,COLOR,1788558612948098,1788558612946847,1788558612966690,556
0,COLOR,1788558612981432,1788558612980173,1788558613000016,557
0,COLOR,1788558613014765,1788558613013500,1788558613033353,558
0,COLOR,1788558613048098,1788558613046824,1788558613066680,559
0,COLOR,1788558613081432,1788558613080150,1788558613099871,560
0,COLOR,1788558613114766,1788558613113476,1788558613133330,561
0,COLOR,1788558613148097,1788558613146799,1788558613166563,562
0,COLOR,1788558613181434,1788558613180129,1788558613199880,563
0,COLOR,1788558613214766,1788558613213453,1788558613233292,564
0,COLOR,1788558613248098,1788558613246775,1788558613266533,565
0,COLOR,1788558613281433,1788558613280103,1788558613299871,566
0,COLOR,1788558613314768,1788558613313429,1788558613333201,567
0,COLOR,1788558613348101,1788558613346755,1788558613366539,568
0,COLOR,1788558613381433,1788558613380079,1788558613399852,569
0,COLOR,1788558613414769,1788558613413407,1788558613433209,570
0,COLOR,1788558613448102,1788558613446731,1788558613466535,571
0,COLOR,1788558613481435,1788558613480057,1788558613499882,572
0,COLOR,1788558613514772,1788558613513387,1788558613533345,573
0,COLOR,1788558613548103,1788558613546710,1788558613566546,574
0,COLOR,1788558613581437,1788558613580037,1788558613599860,575
0,COLOR,1788558613614770,1788558613613362,1788558613633355,576
0,COLOR,1788558613648106,1788558613646692,1788558613666539,577
0,COLOR,1788558613681438,1788558613680016,1788558613699877,578
0,COLOR,1788558613714771,1788558613713341,1788558613733344,579
0,COLOR,1788558613748107,1788558613746671,1788558613766673,580
0,COLOR,1788558613781436,1788558613779992,1788558613799960,581
0,COLOR,1788558613814770,1788558613813321,1788558613833341,582
0,COLOR,1788558613848109,1788558613846652,1788558613866529,583
0,COLOR,1788558613881438,1788558613879974,1788558613899844,584
0,COLOR,1788558613914772,1788558613913301,1788558613933169,585
0,COLOR,1788558613948107,1788558613946630,1788558613966683,586
0,COLOR,1788558613981439,1788558613979955,1788558614000006,587
0,COLOR,1788558614014772,1788558614013281,1788558614033306,588
0,COLOR,1788558614048106,1788558614046609,1788558614066526,589
0,COLOR,1788558614081443,1788558614079940,1788558614100000,590
0,COLOR,1788558614114777,1788558614113268,1788558614133564,591
0,COLOR,1788558614148107,1788558614146594,1788558614166782,592
0,COLOR,1788558614181444,1788558614179922,1788558614199829,593
0,COLOR,1788558614214777,1788558614213251,1788558614233330,594
0,COLOR,1788558614248107,1788558614246574,1788558614266678,595
0,COLOR,1788558614281444,1788558614279904,1788558614299837,596
0,COLOR,1788558614314776,1788558614313229,1788558614333196,597
0,COLOR,1788558614348113,1788558614346561,1788558614366675,598
0,COLOR,1788558614381443,1788558614379884,1788558614399986,599
0,COLOR,1788558614414775,1788558614413210,1788558614433314,600
0,COLOR,1788558614448109,1788558614446538,1788558614466548,601
0,COLOR,1788558614481446,1788558614479869,1788558614499889,602
0,COLOR,1788558614514776,1788558614513193,1788558614533226,603
0,COLOR,1788558614548113,1788558614546523,1788558614566695,604
0,COLOR,1788558614581444,1788558614579849,1788558614600014,605
0,COLOR,1788558614614781,1788558614613180,1788558614633244,606
0,COLOR,1788558614648114,1788558614646506,1788558614666556,607
0,COLOR,1788558614681448,1788558614679834,1788558614699884,608
0,COLOR,1788558614714781,1788558614713161,1788558614733210,609
0,COLOR,1788558614748114,1788558614746488,1788558614766690,610
0,COLOR,1788558614781448,1788558614779815,1788558614799870,611
0,COLOR,1788558614814780,1788558614813142,1788558614833334,612
0,COLOR,1788558614848112,1788558614846469,1788558614866642,613
0,COLOR,1788558614881446,1788558614879796,1788558614899865,614
0,COLOR,1788558614914779,1788558614913122,1788558614933199,615
0,COLOR,1788558614948113,1788558614946450,1788558614966653,616
0,COLOR,1788558614981450,1788558614979782,1788558615000005,617
0,COLOR,1788558615014783,1788558615013110,1788558615033337,618
0,COLOR,1788558615048116,1788558615046436,1788558615066530,619
0,COLOR,1788558615081447,1788558615079763,1788558615100008,620
0,COLOR,1788558615114783,1788558615113092,1788558615133340,621
0,COLOR,1788558615148115,1788558615146418,1788558615166523,622
0,COLOR,1788558615181448,1788558615179747,1788558615200005,623
0,COLOR,1788558615214780,1788558615213074,1788558615233311,624
0,COLOR,1788558615248114,1788558615246401,1788558615266519,625
0,COLOR,1788558615281453,1788558615279735,1788558615299869,626
0,COLOR,1788558615314783,1788558615313060,1788558615333328,627
0,COLOR,1788558615348118,1788558615346389,1788558615366545,628
0,COLOR,1788558615381448,1788558615379714,1788558615399990,629
0,COLOR,1788558615414782,1788558615413043,1788558615433482,630
0,COLOR,1788558615448119,1788558615446374,1788558615466523,631
0,COLOR,1788558615481449,1788558615479699,1788558615499844,632
0,COLOR,1788558615514783,1788558615513029,1788558615533324,633
0,COLOR,1788558615548118,1788558615546357,1788558615566561,634
0,COLOR,1788558615581449,1788558615579684,1788558615599859,635
0,COLOR,1788558615614784,1788558615613013,1788558615633370,636
0,COLOR,1788558615648121,1788558615646345,1788558615666522,637
0,COLOR,1788558615681453,1788558615679672,1788558615699846,638
0,COLOR,1788558615714785,1788558615713001,1788558615733537,639
0,COLOR,1788558615748120,1788558615746329,1788558615766543,640
0,COLOR,1788558615781453,1788558615779657,1788558615799857,641
0,COLOR,1788558615814785,1788558615812984,1788558615833337,642
0,COLOR,1788558615848119,1788558615846314,1788558615866509,643
0,COLOR,1788558615881453,1788558615879643,1788558615899969,644
0,COLOR,1788558615914786,1788558615912970,1788558615933190,645
0,COLOR,1788558615948124,1788558615946304,1788558615966689,646
0,COLOR,1788558615981454,1788558615979629,1788558615999998,647
0,COLOR,1788558616014787,1788558616012958,1788558616033471,648
0,COLOR,1788558616048125,1788558616046291,1788558616066537,649
0,COLOR,1788558616081455,1788558616079616,1788558616099846,650
0,COLOR,1788558616114788,1788558616112944,1788558616133294,651
0,COLOR,1788558616148125,1788558616146277,1788558616166684,652
0,COLOR,1788558616181455,1788558616179602,1788558616199863,653
0,COLOR,1788558616214792,1788558616212935,1788558616233299,654
0,COLOR,1788558616248125,1788558616246262,1788558616266551,655
0,COLOR,1788558616281456,1788558616279588,1788558616299855,656
0,COLOR,1788558616314793,1788558616312921,1788558616333309,657
0,COLOR,1788558616348126,1788558616346249,1788558616366552,658
0,COLOR,1788558616381458,1788558616379576,1788558616399866,659
0,COLOR,1788558616414790,1788558616412904,1788558616433304,660
0,COLOR,1788558616448123,1788558616446234,1788558616466709,661
0,COLOR,1788558616481460,1788558616479567,1788558616499872,662
0,COLOR,1788558616514792,1788558616512895,1788558616533311,663
0,COLOR,1788558616548128,1788558616546228,1788558616566832,664
0,COLOR,1788558616581462,1788558616579558,1788558616600023,665
0,COLOR,1788558616614795,1788558616612888,1788558616633372,666
0,COLOR,1788558616648127,1788558616646215,1788558616666698,667
0,COLOR,1788558616681463,1788558616679547,1788558616699867,668
0,COLOR,1788558616714796,1788558616712875,1788558616733311,669
0,COLOR,1788558616748128,1788558616746205,1788558616766647,670
0,COLOR,1788558616781461,1788558616779532,1788558616799988,671
0,COLOR,1788558616814794,1788558616812861,1788558616833340,672
0,COLOR,1788558616848129,1788558616846193,1788558616866798,673
0,COLOR,1788558616881460,1788558616879520,1788558616899869,674
0,COLOR,1788558616914797,1788558616912853,1788558616933171,675
0,COLOR,1788558616948131,1788558616946182,1788558616966529,676
0,COLOR,1788558616981462,1788558616979510,1788558617000000,677
0,COLOR,1788558617014795,1788558617012840,1788558617033485,678
0,COLOR,1788558617048128,1788558617046170,1788558617066694,679
0,COLOR,1788558617081462,1788558617079499,1788558617099863,680
0,COLOR,1788558617114795,1788558617112828,1788558617133292,681
0,COLOR,1788558617148128,1788558617146159,1788558617166654,682
0,COLOR,1788558617181463,1788558617179489,1788558617200003,683
0,COLOR,1788558617214796,1788558617212819,1788558617233194,684
0,COLOR,1788558617248130,1788558617246150,1788558617266670,685
0,COLOR,1788558617281462,1788558617279477,1788558617299990,686
0,COLOR,1788558617314794,1788558617312806,1788558617333196,687
0,COLOR,1788558617348128,1788558617346137,1788558617366672,688
0,COLOR,1788558617381464,1788558617379468,1788558617399838,689
0,COLOR,1788558617414796,1788558617412796,1788558617433178,690
0,COLOR,1788558617448129,1788558617446125,1788558617466559,691
0,COLOR,1788558617481467,1788558617479459,1788558617499876,692
0,COLOR,1788558617514797,1788558617512785,1788558617533330,693
0,COLOR,1788558617548131,1788558617546115,1788558617566535,694
0,COLOR,1788558617581466,1788558617579446,1788558617599832,695
0,COLOR,1788558617614797,1788558617612774,1788558617633358,696
0,COLOR,1788558617648134,1788558617646107,1788558617666660,697
0,COLOR,1788558617681468,1788558617679439,1788558617699989,698
0,COLOR,1788558617714798,1788558617712766,1788558617733333,699
0,COLOR,1788558617748137,1788558617746099,1788558617766515,700
0,COLOR,1788558617781465,1788558617779425,1788558617799852,701
0,COLOR,1788558617814802,1788558617812757,1788558617833206,702
0,COLOR,1788558617848137,1788558617846090,1788558617866658,703
0,COLOR,1788558617881468,1788558617879417,1788558617899851,704
0,COLOR,1788558617914803,1788558617912747,1788558617933180,705
0,COLOR,1788558617948136,1788558617946078,1788558617966691,706
0,COLOR,1788558617981469,1788558617979409,1788558618000143,707
0,COLOR,1788558618014805,1788558618012743,1788558618033470,708
0,COLOR,1788558618048136,1788558618046070,1788558618066701,709
0,COLOR,1788558618081472,1788558618079403,1788558618099877,710
0,COLOR,1788558618114804,1788558618112732,1788558618133193,711
0,COLOR,1788558618148136,1788558618146059,1788558618166538,712
0,COLOR,1788558618181473,1788558618179395,1788558618199995,713
0,COLOR,1788558618214807,1788558618212726,1788558618233328,714
0,COLOR,1788558618248138,1788558618246054,1788558618266647,715
0,COLOR,1788558618281471,1788558618279383,1788558618300012,716
0,COLOR,1788558618314807,1788558618312718,1788558618333332,717
0,COLOR,1788558618348144,1788558618346052,1788558618366662,718
0,COLOR,1788558618381475,1788558618379379,1788558618399973,719
0,COLOR,1788558618414809,1788558618412710,1788558618433225,720
0,COLOR,1788558618448144,1788558618446043,1788558618466655,721
0,COLOR,1788558618481474,1788558618479369,1788558618499996,722
0,COLOR,1788558618514807,1788558618512701,1788558618533331,723
0,COLOR,1788558618548142,1788558618546032,1788558618566694,724
0,COLOR,1788558618581475,1788558618579363,1788558618600017,725
0,COLOR,1788558618614812,1788558618612697,1788558618633209,726
0,COLOR,1788558618648144,1788558618646026,1788558618666679,727
0,COLOR,1788558618681475,1788558618679355,1788558618700006,728
0,COLOR,1788558618714812,1788558618712687,1788558618733178,729
0,COLOR,1788558618748145,1788558618746017,1788558618766680,730
0,COLOR,1788558618781475,1788558618779345,1788558618799999,731
0,COLOR,1788558618814810,1788558618812678,1788558618833307,732
0,COLOR,1788558618848143,1788558618846009,1788558618866681,733
0,COLOR,1788558618881475,1788558618879338,1788558618899892,734
0,COLOR,1788558618914813,1788558618912672,1788558618933180,735
0,COLOR,1788558618948144,1788558618946001,1788558618966679,736
0,COLOR,1788558618981475,1788558618979330,1788558618999967,737
0,COLOR,1788558619014814,1788558619012665,1788558619033357,738
0,COLOR,1788558619048148,1788558619045999,1788558619066869,739
0,COLOR,1788558619081475,1788558619079322,1788558619099843,740
0,COLOR,1788558619114811,1788558619112657,1788558619133335,741
0,COLOR,1788558619148147,1788558619145991,1788558619166834,742
0,COLOR,1788558619181475,1788558619179317,1788558619199981,743
0,COLOR,1788558619214812,1788558619212651,1788558619233198,744
0,COLOR,1788558619248145,1788558619245981,1788558619266650,745
0,COLOR,1788558619281475,1788558619279308,1788558619299826,746
0,COLOR,1788558619314810,1788558619312639,1788558619333187,747
0,COLOR,1788558619348146,1788558619345974,1788558619366645,748
0,COLOR,1788558619381475,1788558619379299,1788558619399965,749
0,COLOR,1788558619414813,1788558619412636,1788558619433288,750
0,COLOR,1788558619448149,1788558619445969,1788558619466675,751
0,COLOR,1788558619481475,1788558619479293,1788558619499865,752
0,COLOR,1788558619514811,1788558619512625,1788558619533332,753
0,COLOR,1788558619548146,1788558619545960,1788558619566660,754
0,COLOR,1788558619581475,1788558619579285,1788558619599985,755
0,COLOR,1788558619614812,1788558619612619,1788558619633348,756
0,COLOR,1788558619648152,1788558619645958,1788558619666538,757
0,COLOR,1788558619681475,1788558619679278,1788558619699820,758
0,COLOR,1788558619714816,1788558619712615,1788558619733326,759
0,COLOR,1788558619748151,1788558619745948,1788558619766638,760
0,COLOR,1788558619781475,1788558619779271,1788558619800105,761
0,COLOR,1788558619814815,1788558619812610,1788558619833306,762
0,COLOR,1788558619848151,1788558619845944,1788558619866669,763
0,COLOR,1788558619881475,1788558619879266,1788558619899983,764
0,COLOR,1788558619914817,1788558619912604,1788558619933190,765
0,COLOR,1788558619948153,1788558619945939,1788558619966702,766
0,COLOR,1788558619981475,1788558619979260,1788558620000127,767
0,COLOR,1788558620014816,1788558620012599,1788558620033323,768
0,COLOR,1788558620048151,1788558620045931,1788558620066538,769
0,COLOR,1788558620081475,1788558620079252,1788558620099825,770
0,COLOR,1788558620114818,1788558620112593,1788558620133299,771
0,COLOR,1788558620148155,1788558620145928,1788558620166678,772
0,COLOR,1788558620181486,1788558620179255,1788558620199864,773
0,COLOR,1788558620214819,1788558620212588,1788558620233327,774
0,COLOR,1788558620248157,1788558620245922,1788558620266526,775
0,COLOR,1788558620281486,1788558620279249,1788558620299849,776
0,COLOR,1788558620314823,1788558620312583,1788558620333333,777
0,COLOR,1788558620348156,1788558620345915,1788558620366674,778
0,COLOR,1788558620381493,1788558620379250,1788558620400002,779
0,COLOR,1788558620414825,1788558620412580,1788558620433300,780
0,COLOR,1788558620448159,1788558620445913,1788558620466644,781
0,COLOR,1788558620481493,1788558620479242,1788558620499877,782
0,COLOR,1788558620514827,1788558620512575,1788558620533331,783
0,COLOR,1788558620548157,1788558620545902,1788558620566505,784
0,COLOR,1788558620581493,1788558620579236,1788558620599855,785
0,COLOR,1788558620614827,1788558620612568,1788558620633359,786
0,COLOR,1788558620648158,1788558620645896,1788558620666537,787
0,COLOR,1788558620681493,1788558620679228,1788558620699874,788
0,COLOR,1788558620714826,1788558620712561,1788558620733533,789
0,COLOR,1788558620748161,1788558620745896,1788558620766819,790
0,COLOR,1788558620781493,1788558620779225,1788558620799865,791
0,COLOR,1788558620814828,1788558620812558,1788558620833301,792
0,COLOR,1788558620848158,1788558620845886,1788558620866559,793
0,COLOR,1788558620881495,1788558620879220,1788558620899867,794
0,COLOR,1788558620914825,1788558620912548,1788558620933204,795
0,COLOR,1788558620948160,1788558620945881,1788558620966697,796
0,COLOR,1788558620981496,1788558620979216,1788558621000011,797
0,COLOR,1788558621014829,1788558621012546,1788558621033218,798
0,COLOR,1788558621048161,1788558621045877,1788558621066527,799
0,COLOR,1788558621081495,1788558621079208,1788558621099957,800
0,COLOR,1788558621114830,1788558621112542,1788558621133440,801
0,COLOR,1788558621148164,1788558621145875,1788558621166654,802
0,COLOR,1788558621181497,1788558621179207,1788558621199966,803
0,COLOR,1788558621214827,1788558621212534,1788558621233330,804
0,COLOR,1788558621248165,1788558621245870,1788558621266556,805
0,COLOR,1788558621281498,1788558621279202,1788558621299837,806
0,COLOR,1788558621314832,1788558621312532,1788558621333182,807
0,COLOR,1788558621348158,1788558621345856,1788558621366517,808
0,COLOR,1788558621381496,1788558621379192,1788558621399838,809
0,COLOR,1788558621414825,1788558621412517,1788558621433158,810
0,COLOR,1788558621448160,1788558621445849,1788558621466534,811
0,COLOR,1788558621481498,1788558621479187,1788558621499855,812
0,COLOR,1788558621514830,1788558621512516,1788558621533297,813
0,COLOR,1788558621548162,1788558621545849,1788558621566819,814
0,COLOR,1788558621581499,1788558621579183,1788558621599991,815
0,COLOR,1788558621614830,1788558621612513,1788558621633329,816
0,COLOR,1788558621648163,1788558621645844,1788558621666528,817
0,COLOR,1788558621681499,1788558621679177,1788558621699887,818
0,COLOR,1788558621714830,1788558621712506,1788558621733186,819
0,COLOR,1788558621748163,1788558621745837,1788558621766666,820
0,COLOR,1788558621781499,1788558621779172,1788558621800006,821
0,COLOR,1788558621814830,1788558621812502,1788558621833337,822
0,COLOR,1788558621848164,1788558621845836,1788558621866666,823
0,COLOR,1788558621881499,1788558621879167,1788558621899831,824
0,COLOR,1788558621914829,1788558621912496,1788558621933187,825
0,COLOR,1788558621948165,1788558621945831,1788558621966683,826
0,COLOR,1788558621981501,1788558621979166,1788558622000248,827
0,COLOR,1788558622014831,1788558622012495,1788558622033313,828
0,COLOR,1788558622048164,1788558622045827,1788558622066515,829
0,COLOR,1788558622081503,1788558622079164,1788558622099865,830
0,COLOR,1788558622114832,1788558622112491,1788558622133295,831
0,COLOR,1788558622148165,1788558622145822,1788558622166690,832
0,COLOR,1788558622181500,1788558622179157,1788558622199979,833
0,COLOR,1788558622214833,1788558622212488,1788558622233402,834
0,COLOR,1788558622248166,1788558622245820,1788558622266659,835
0,COLOR,1788558622281501,1788558622279154,1788558622299866,836
0,COLOR,1788558622314833,1788558622312484,1788558622333330,837
0,COLOR,1788558622348167,1788558622345817,1788558622366677,838
0,COLOR,1788558622381502,1788558622379150,1788558622399995,839
0,COLOR,1788558622414834,1788558622412480,1788558622433322,840
0,COLOR,1788558622448172,1788558622445818,1788558622466671,841
0,COLOR,1788558622481503,1788558622479146,1788558622499867,842
0,COLOR,1788558622514840,1788558622512482,1788558622533336,843
0,COLOR,1788558622548173,1788558622545815,1788558622566673,844
0,COLOR,1788558622581506,1788558622579145,1788558622599978,845
0,COLOR,1788558622614840,1788558622612479,1788558622633243,846
0,COLOR,1788558622648174,1788558622645810,1788558622666536,847
0,COLOR,1788558622681507,1788558622679142,1788558622699853,848
0,COLOR,1788558622714841,1788558622712474,1788558622733328,849
0,COLOR,1788558622748172,1788558622745805,1788558622766680,850
0,COLOR,1788558622781505,1788558622779136,1788558622799857,851
0,COLOR,1788558622814839,1788558622812468,1788558622833303,852
0,COLOR,1788558622848172,1788558622845799,1788558622866685,853
0,COLOR,1788558622881508,1788558622879134,1788558622899868,854
0,COLOR,1788558622914840,1788558622912465,1788558622933196,855
0,COLOR,1788558622948172,1788558622945796,1788558622966693,856
0,COLOR,1788558622981508,1788558622979131,1788558623000016,857
0,COLOR,1788558623014840,1788558623012461,1788558623033184,858
0,COLOR,1788558623048175,1788558623045794,1788558623066653,859
0,COLOR,1788558623081506,1788558623079123,1788558623099860,860
0,COLOR,1788558623114841,1788558623112458,1788558623133323,861
0,COLOR,1788558623148177,1788558623145792,1788558623166667,862
0,COLOR,1788558623181510,1788558623179125,1788558623199970,863
0,COLOR,1788558623214845,1788558623212459,1788558623233337,864
0,COLOR,1788558623248179,1788558623245792,1788558623266648,865
0,COLOR,1788558623281511,1788558623279122,1788558623299969,866
0,COLOR,1788558623314845,1788558623312454,1788558623333341,867
0,COLOR,1788558623348178,1788558623345786,1788558623366666,868
0,COLOR,1788558623381509,1788558623379117,1788558623399999,869
0,COLOR,1788558623414843,1788558623412450,1788558623433327,870
0,COLOR,1788558623448179,1788558623445784,1788558623466672,871
0,COLOR,1788558623481509,1788558623479113,1788558623499831,872
0,COLOR,1788558623514845,1788558623512447,1788558623533197,873
0,COLOR,1788558623548180,1788558623545779,1788558623566544,874
0,COLOR,1788558623581509,1788558623579108,1788558623599980,875
0,COLOR,1788558623614844,1788558623612442,1788558623633237,876
0,COLOR,1788558623648180,1788558623645777,1788558623666665,877
0,COLOR,1788558623681512,1788558623679106,1788558623699869,878
0,COLOR,1788558623714848,1788558623712440,1788558623733208,879
0,COLOR,1788558623748180,1788558623745772,1788558623766683,880
0,COLOR,1788558623781513,1788558623779103,1788558623799848,881
0,COLOR,1788558623814846,1788558623812435,1788558623833173,882
0,COLOR,1788558623848181,1788558623845771,1788558623866870,883
0,COLOR,1788558623881511,1788558623879098,1788558623899865,884
0,COLOR,1788558623914845,1788558623912431,1788558623933154,885
0,COLOR,1788558623948180,1788558623945764,1788558623966677,886
0,COLOR,1788558623981512,1788558623979098,1788558624000203,887
0,COLOR,1788558624014847,1788558624012431,1788558624033333,888
0,COLOR,1788558624048183,1788558624045766,1788558624066551,889
0,COLOR,1788558624081513,1788558624079094,1788558624099873,890
0,COLOR,1788558624114848,1788558624112428,1788558624133194,891
0,COLOR,1788558624148184,1788558624145763,1788558624166675,892
0,COLOR,1788558624181513,1788558624179090,1788558624199995,893
0,COLOR,1788558624214850,1788558624212427,1788558624233205,894
0,COLOR,1788558624248185,1788558624245761,1788558624266697,895
0,COLOR,1788558624281516,1788558624279089,1788558624299834,896
0,COLOR,1788558624314852,1788558624312425,1788558624333310,897
0,COLOR,1788558624348186,1788558624345756,1788558624366544,898
0,COLOR,1788558624381520,1788558624379090,1788558624400013,899
0,COLOR,1788558624414853,1788558624412422,1788558624433201,900
0,COLOR,1788558624448188,1788558624445755,1788558624466645,901
0,COLOR,1788558624481522,1788558624479088,1788558624499865,902
0,COLOR,1788558624514853,1788558624512419,1788558624533460,903
0,COLOR,1788558624548187,1788558624545752,1788558624566549,904
0,COLOR,1788558624581521,1788558624579084,1788558624599830,905
0,COLOR,1788558624614851,1788558624612412,1788558624633198,906
0,COLOR,1788558624648188,1788558624645749,1788558624666539,907
0,COLOR,1788558624681521,1788558624679081,1788558624700004,908
0,COLOR,1788558624714857,1788558624712415,1788558624733179,909
0,COLOR,1788558624748185,1788558624745743,1788558624766697,910
0,COLOR,1788558624781519,1788558624779079,1788558624800119,911
0,COLOR,1788558624814852,1788558624812410,1788558624833326,912
0,COLOR,1788558624848191,1788558624845749,1788558624866662,913
0,COLOR,1788558624881520,1788558624879078,1788558624899859,914
0,COLOR,1788558624914857,1788558624912413,1788558624933200,915
0,COLOR,1788558624948191,1788558624945748,1788558624966684,916
0,COLOR,1788558624981526,1788558624979081,1788558625000003,917
0,COLOR,1788558625014858,1788558625012414,1788558625033341,918
0,COLOR,1788558625048190,1788558625045746,1788558625066690,919
0,COLOR,1788558625081525,1788558625079081,1788558625100136,920
0,COLOR,1788558625114857,1788558625112415,1788558625133547,921
0,COLOR,1788558625148192,1788558625145749,1788558625166685,922
0,COLOR,1788558625181522,1788558625179078,1788558625199956,923
0,COLOR,1788558625214859,1788558625212416,1788558625233322,924
0,COLOR,1788558625248191,1788558625245748,1788558625266686,925
0,COLOR,1788558625281523,1788558625279078,1788558625299993,926
0,COLOR,1788558625314859,1788558625312416,1788558625333477,927
0,COLOR,1788558625348190,1788558625345746,1788558625366649,928
0,COLOR,1788558625381526,1788558625379083,1788558625399959,929
0,COLOR,1788558625414857,1788558625412412,1788558625433353,930
0,COLOR,1788558625448193,1788558625445748,1788558625466673,931
0,COLOR,1788558625481526,1788558625479080,1788558625499843,932
0,COLOR,1788558625514858,1788558625512411,1788558625533170,933
0,COLOR,1788558625548193,1788558625545747,1788558625566684,934
0,COLOR,1788558625581529,1788558625579080,1788558625599847,935
0,COLOR,1788558625614862,1788558625612413,1788558625633386,936
0,COLOR,1788558625648193,1788558625645744,1788558625666646,937
0,COLOR,1788558625681529,1788558625679079,1788558625700013,938
0,COLOR,1788558625714860,1788558625712411,1788558625733334,939
0,COLOR,1788558625748194,1788558625745744,1788558625766685,940
0,COLOR,1788558625781527,1788558625779077,1788558625799867,941
0,COLOR,1788558625814859,1788558625812407,1788558625833185,942
0,COLOR,1788558625848198,1788558625845746,1788558625866643,943
0,COLOR,1788558625881529,1788558625879076,1788558625899850,944
0,COLOR,1788558625914862,1788558625912408,1788558625933177,945
0,COLOR,1788558625948196,1788558625945741,1788558625966672,946
0,COLOR,1788558625981533,1788558625979078,1788558626000020,947
0,COLOR,1788558626014866,1788558626012412,1788558626033332,948
0,COLOR,1788558626048198,1788558626045745,1788558626066898,949
0,COLOR,1788558626081533,1788558626079078,1788558626100009,950
0,COLOR,1788558626114862,1788558626112407,1788558626133321,951
0,COLOR,1788558626148200,1788558626145745,1788558626166640,952
0,COLOR,1788558626181533,1788558626179079,1788558626199995,953
0,COLOR,1788558626214868,1788558626212412,1788558626233331,954
0,COLOR,1788558626248201,1788558626245745,1788558626266650,955
0,COLOR,1788558626281535,1788558626279078,1788558626299863,956
0,COLOR,1788558626314868,1788558626312410,1788558626333187,957
0,COLOR,1788558626348201,1788558626345744,1788558626366771,958
0,COLOR,1788558626381531,1788558626379071,1788558626399831,959
0,COLOR,1788558626414870,1788558626412411,1788558626433208,960
0,COLOR,1788558626448203,1788558626445743,1788558626466691,961
0,COLOR,1788558626481535,1788558626479075,1788558626500001,962
0,COLOR,1788558626514868,1788558626512406,1788558626533177,963
0,COLOR,1788558626548198,1788558626545736,1788558626566556,964
0,COLOR,1788558626581533,1788558626579069,1788558626599866,965
0,COLOR,1788558626614866,1788558626612402,1788558626633365,966
0,COLOR,1788558626648203,1788558626645739,1788558626666529,967
0,COLOR,1788558626681535,1788558626679070,1788558626699870,968
0,COLOR,1788558626714871,1788558626712406,1788558626733337,969
0,COLOR,1788558626748199,1788558626745733,1788558626766704,970
0,COLOR,1788558626781536,1788558626779069,1788558626799851,971
0,COLOR,1788558626814868,1788558626812400,1788558626833190,972
0,COLOR,1788558626848205,1788558626845736,1788558626866691,973
0,COLOR,1788558626881537,1788558626879069,1788558626900007,974
0,COLOR,1788558626914868,1788558626912398,1788558626933166,975
0,COLOR,1788558626948203,1788558626945734,1788558626966677,976
0,COLOR,1788558626981536,1788558626979067,1788558626999995,977
0,COLOR,1788558627014873,1788558627012402,1788558627033158,978
0,COLOR,1788558627048205,1788558627045734,1788558627066640,979
0,COLOR,1788558627081540,1788558627079068,1788558627100009,980
0,COLOR,1788558627114871,1788558627112399,1788558627133328,981
0,COLOR,1788558627148205,1788558627145734,1788558627166655,982
0,COLOR,1788558627181539,1788558627179067,1788558627199876,983
0,COLOR,1788558627214874,1788558627212400,1788558627233194,984
0,COLOR,1788558627248206,1788558627245731,1788558627266530,985
0,COLOR,1788558627281541,1788558627279067,1788558627300154,986
0,COLOR,1788558627314874,1788558627312399,1788558627333216,987
0,COLOR,1788558627348207,1788558627345732,1788558627366679,988
0,COLOR,1788558627381540,1788558627379064,1788558627399851,989
0,COLOR,1788558627414872,1788558627412396,1788558627433200,990
0,COLOR,1788558627448206,1788558627445728,1788558627466519,991
0,COLOR,1788558627481542,1788558627479063,1788558627499836,992
0,COLOR,1788558627514875,1788558627512395,1788558627533327,993
0,COLOR,1788558627548206,1788558627545727,1788558627566682,994
0,COLOR,1788558627581544,1788558627579063,1788558627599876,995
1,DEPTH,1788558596747565,1788558596750756,1788558596919178,1
1,DEPTH,1788558596780897,1788558596784095,1788558596921097,2
1,DEPTH,1788558596814233,1788558596817439,1788558596922976,3
1,DEPTH,1788558596847567,1788558596850779,1788558596924849,4
1,DEPTH,1788558596880902,1788558596884121,1788558596929118,5
1,DEPTH,1788558596914234,1788558596917460,1788558596943958,6
1,DEPTH,1788558596947571,1788558596950802,1788558596971541,7
1,DEPTH,1788558597214240,1788558597217524,1788558597238235,8
1,DEPTH,1788558597247577,1788558597250868,1788558597271552,9
1,DEPTH,1788558597280909,1788558597284207,1788558597305043,10
1,DEPTH,1788558597314242,1788558597317546,1788558597338231,11
1,DEPTH,1788558597347575,1788558597350886,1788558597371560,12
1,DEPTH,1788558597380910,1788558597384228,1788558597404882,13
1,DEPTH,1788558597414243,1788558597417567,1788558597438349,14
1,DEPTH,1788558597447577,1788558597450907,1788558597471517,15
1,DEPTH,1788558597480910,1788558597484248,1788558597504882,16
1,DEPTH,1788558597514245,1788558597517588,1788558597538341,17
1,DEPTH,1788558597547577,1788558597550928,1788558597571536,18
1,DEPTH,1788558597580912,1788558597584253,1788558597606184,19
1,DEPTH,1788558597614244,1788558597617590,1788558597638179,20
1,DEPTH,1788558597647576,1788558597650927,1788558597671653,21
1,DEPTH,1788558597680913,1788558597684268,1788558597705117,22
1,DEPTH,1788558597714249,1788558597717610,1788558597738203,23
1,DEPTH,1788558597747579,1788558597750945,1788558597771524,24
1,DEPTH,1788558597780914,1788558597784286,1788558597804871,25
1,DEPTH,1788558597814245,1788558597817623,1788558597838182,26
1,DEPTH,1788558597847582,1788558597850964,1788558597871559,27
1,DEPTH,1788558597880914,1788558597884302,1788558597904860,28
1,DEPTH,1788558597914246,1788558597917639,1788558597938204,29
1,DEPTH,1788558597947579,1788558597950977,1788558597971547,30
1,DEPTH,1788558597980916,1788558597984319,1788558598004841,31
1,DEPTH,1788558598014248,1788558598017657,1788558598038204,32
1,DEPTH,1788558598047583,1788558598050997,1788558598071725,33
1,DEPTH,1788558598080914,1788558598084333,1788558598105142,34
1,DEPTH,1788558598114252,1788558598117677,1788558598138207,35
1,DEPTH,1788558598147584,1788558598151014,1788558598171513,36
1,DEPTH,1788558598180918,1788558598184353,1788558598204826,37
1,DEPTH,1788558598214253,1788558598217695,1788558598238319,38
1,DEPTH,1788558598247584,1788558598251030,1788558598271726,39
1,DEPTH,1788558598280919,1788558598284371,1788558598304974,40
1,DEPTH,1788558598314251,1788558598317708,1788558598338189,41
1,DEPTH,1788558598347585,1788558598351048,1788558598371545,42
1,DEPTH,1788558598380919,1788558598384386,1788558598404873,43
1,DEPTH,1788558598414254,1788558598417727,1788558598438181,44
1,DEPTH,1788558598447587,1788558598451066,1788558598471552,45
1,DEPTH,1788558598480920,1788558598484405,1788558598504868,46
1,DEPTH,1788558598514254,1788558598517744,1788558598538177,47
1,DEPTH,1788558598547587,1788558598551082,1788558598571514,48
1,DEPTH,1788558598580922,1788558598584421,1788558598604831,49
1,DEPTH,1788558598614256,1788558598616801,1788558598638189,50
1,DEPTH,1788558598647589,1788558598650135,1788558598671545,51
1,DEPTH,1788558598680924,1788558598683472,1788558598704856,52
1,DEPTH,1788558598714258,1788558598716807,1788558598738165,53
1,DEPTH,1788558598747590,1788558598750142,1788558598771512,54
1,DEPTH,1788558598780924,1788558598783478,1788558598804853,55
1,DEPTH,1788558598814257,1788558598816811,1788558598838204,56
1,DEPTH,1788558598847591,1788558598850148,1788558598871493,57
1,DEPTH,1788558598880926,1788558598883484,1788558598905009,58
1,DEPTH,1788558598914260,1788558598916820,1788558598938190,59
1,DEPTH,1788558598947594,1788558598950156,1788558598971536,60
1,DEPTH,1788558598980927,1788558598983491,1788558599004949,61
1,DEPTH,1788558599014261,1788558599016827,1788558599038174,62
1,DEPTH,1788558599047593,1788558599050159,1788558599071521,63
1,DEPTH,1788558599080925,1788558599083493,1788558599104848,64
1,DEPTH,1788558599114260,1788558599116831,1788558599138325,65
1,DEPTH,1788558599147595,1788558599150167,1788558599171513,66
1,DEPTH,1788558599180928,1788558599183501,1788558599204829,67
1,DEPTH,1788558599214263,1788558599216839,1788558599238316,68
1,DEPTH,1788558599247595,1788558599250171,1788558599271709,69
1,DEPTH,1788558599280930,1788558599283509,1788558599304828,70
1,DEPTH,1788558599314265,1788558599316846,1788558599338201,71
1,DEPTH,1788558599347597,1788558599350179,1788558599371534,72
1,DEPTH,1788558599380932,1788558599383516,1788558599404861,73
1,DEPTH,1788558599414265,1788558599416851,1788558599438184,74
1,DEPTH,1788558599447599,1788558599450186,1788558599471498,75
1,DEPTH,1788558599480932,1788558599483521,1788558599504861,76
1,DEPTH,1788558599514266,1788558599516857,1788558599538202,77
1,DEPTH,1788558599547601,1788558599550192,1788558599571490,78
1,DEPTH,1788558599580933,1788558599583526,1788558599604865,79
1,DEPTH,1788558599614268,1788558599617222,1788558599638193,80
1,DEPTH,1788558599647602,1788558599650555,1788558599671528,81
1,DEPTH,1788558599680934,1788558599683889,1788558599704829,82
1,DEPTH,1788558599714268,1788558599717223,1788558599738310,83
1,DEPTH,1788558599747601,1788558599750557,1788558599771515,84
1,DEPTH,1788558599780938,1788558599783895,1788558599804838,85
1,DEPTH,1788558599814268,1788558599817225,1788558599838187,86
1,DEPTH,1788558599847604,1788558599850561,1788558599871670,87
1,DEPTH,1788558599880937,1788558599883894,1788558599904829,88
1,DEPTH,1788558599914266,1788558599917225,1788558599938192,89
1,DEPTH,1788558599947606,1788558599950564,1788558599971512,90
1,DEPTH,1788558599980937,1788558599983897,1788558600004850,91
1,DEPTH,1788558600014271,1788558600017230,1788558600038328,92
1,DEPTH,1788558600047602,1788558600050563,1788558600071517,93
1,DEPTH,1788558600080936,1788558600083897,1788558600104847,94
1,DEPTH,1788558600114269,1788558600117231,1788558600138201,95
1,DEPTH,1788558600147603,1788558600150566,1788558600171497,96
1,DEPTH,1788558600180939,1788558600183902,1788558600204841,97
1,DEPTH,1788558600214271,1788558600217234,1788558600238209,98
1,DEPTH,1788558600247604,1788558600250568,1788558600271629,99
1,DEPTH,1788558600280941,1788558600283906,1788558600304960,100
1,DEPTH,1788558600314277,1788558600317242,1788558600338302,101
1,DEPTH,1788558600347610,1788558600350576,1788558600371540,102
1,DEPTH,1788558600380941,1788558600383907,1788558600404858,103
1,DEPTH,1788558600414275,1788558600417242,1788558600438171,104
1,DEPTH,1788558600447607,1788558600450574,1788558600471505,105
1,DEPTH,1788558600480943,1788558600483910,1788558600504823,106
1,DEPTH,1788558600514276,1788558600517244,1788558600538213,107
1,DEPTH,1788558600547610,1788558600550579,1788558600571499,108
1,DEPTH,1788558600580942,1788558600583912,1788558600604830,109
1,DEPTH,1788558600614276,1788558600616355,1788558600638191,110
1,DEPTH,1788558600647610,1788558600649691,1788558600671523,111
1,DEPTH,1788558600680944,1788558600683025,1788558600704827,112
1,DEPTH,1788558600714279,1788558600716360,1788558600738197,113
1,DEPTH,1788558600747613,1788558600749694,1788558600771539,114
1,DEPTH,1788558600780946,1788558600783028,1788558600804867,115
1,DEPTH,1788558600814280,1788558600816361,1788558600838193,116
1,DEPTH,1788558600847613,1788558600849695,1788558600871502,117
1,DEPTH,1788558600880948,1788558600883031,1788558600904856,118
1,DEPTH,1788558600914282,1788558600916364,1788558600938176,119
1,DEPTH,1788558600947616,1788558600949699,1788558600971548,120
1,DEPTH,1788558600980949,1788558600983031,1788558601004869,121
1,DEPTH,1788558601014283,1788558601016367,1788558601038182,122
1,DEPTH,1788558601047614,1788558601049697,1788558601071621,123
1,DEPTH,1788558601080947,1788558601083030,1788558601104819,124
1,DEPTH,1788558601114282,1788558601116366,1788558601138315,125
1,DEPTH,1788558601147613,1788558601149697,1788558601171521,126
1,DEPTH,1788558601180949,1788558601183034,1788558601204856,127
1,DEPTH,1788558601214283,1788558601216368,1788558601238187,128
1,DEPTH,1788558601247615,1788558601249701,1788558601271540,129
1,DEPTH,1788558601280950,1788558601283035,1788558601304979,130
1,DEPTH,1788558601314282,1788558601316368,1788558601338227,131
1,DEPTH,1788558601347618,1788558601349705,1788558601371540,132
1,DEPTH,1788558601380950,1788558601383037,1788558601404827,133
1,DEPTH,1788558601414284,1788558601416370,1788558601438304,134
1,DEPTH,1788558601447619,1788558601449706,1788558601471518,135
1,DEPTH,1788558601480953,1788558601483040,1788558601504857,136
1,DEPTH,1788558601514286,1788558601516373,1788558601538304,137
1,DEPTH,1788558601547621,1788558601549709,1788558601571523,138
1,DEPTH,1788558601580954,1788558601583041,1788558601604830,139
1,DEPTH,1788558601614289,1788558601617097,1788558601638206,140
1,DEPTH,1788558601647623,1788558601650432,1788558601671682,141
1,DEPTH,1788558601680958,1788558601683767,1788558601704846,142
1,DEPTH,1788558601714293,1788558601717104,1788558601738215,143
1,DEPTH,1788558601747626,1788558601750436,1788558601771530,144
1,DEPTH,1788558601780960,1788558601783772,1788558601804836,145
1,DEPTH,1788558601814294,1788558601817107,1788558601838184,146
1,DEPTH,1788558601847624,1788558601850437,1788558601871540,147
1,DEPTH,1788558601880960,1788558601883773,1788558601904839,148
1,DEPTH,1788558601914290,1788558601917105,1788558601938224,149
1,DEPTH,1788558601947628,1788558601950442,1788558601971516,150
1,DEPTH,1788558601980958,1788558601983773,1788558602004836,151
1,DEPTH,1788558602014292,1788558602017108,1788558602038199,152
1,DEPTH,1788558602047625,1788558602050442,1788558602071516,153
1,DEPTH,1788558602080958,1788558602083775,1788558602105003,154
1,DEPTH,1788558602114291,1788558602117110,1788558602138189,155
1,DEPTH,1788558602147627,1788558602150446,1788558602171533,156
1,DEPTH,1788558602180961,1788558602183781,1788558602204839,157
1,DEPTH,1788558602214295,1788558602217116,1788558602238216,158
1,DEPTH,1788558602247628,1788558602250448,1788558602271498,159
1,DEPTH,1788558602280961,1788558602283783,1788558602304847,160
1,DEPTH,1788558602314297,1788558602317119,1788558602338219,161
1,DEPTH,1788558602347631,1788558602350454,1788558602371518,162
1,DEPTH,1788558602380961,1788558602383784,1788558602404853,163
1,DEPTH,1788558602414297,1788558602417122,1788558602438182,164
1,DEPTH,1788558602447632,1788558602450457,1788558602471506,165
1,DEPTH,1788558602480961,1788558602483786,1788558602504829,166
1,DEPTH,1788558602514298,1788558602517124,1788558602538170,167
1,DEPTH,1788558602547631,1788558602550458,1788558602571492,168
1,DEPTH,1788558602580961,1788558602583789,1788558602604842,169
1,DEPTH,1788558602614300,1788558602616492,1788558602638203,170
1,DEPTH,1788558602647632,1788558602649825,1788558602671516,171
1,DEPTH,1788558602680961,1788558602683154,1788558602704832,172
1,DEPTH,1788558602714301,1788558602716494,1788558602738163,173
1,DEPTH,1788558602747636,1788558602749829,1788558602771519,174
1,DEPTH,1788558602780961,1788558602783154,1788558602804984,175
1,DEPTH,1788558602814303,1788558602816497,1788558602838194,176
1,DEPTH,1788558602847636,1788558602849830,1788558602871529,177
1,DEPTH,1788558602880961,1788558602883155,1788558602904873,178
1,DEPTH,1788558602914304,1788558602916498,1788558602938203,179
1,DEPTH,1788558602947638,1788558602949832,1788558602971520,180
1,DEPTH,1788558602980971,1788558602983166,1788558603004984,181
1,DEPTH,1788558603014303,1788558603016497,1788558603038224,182
1,DEPTH,1788558603047638,1788558603049832,1788558603071529,183
1,DEPTH,1788558603080961,1788558603083156,1788558603104864,184
1,DEPTH,1788558603114305,1788558603116500,1788558603138235,185
1,DEPTH,1788558603147639,1788558603149834,1788558603171523,186
1,DEPTH,1788558603180961,1788558603183155,1788558603204844,187
1,DEPTH,1788558603214308,1788558603216503,1788558603238195,188
1,DEPTH,1788558603247639,1788558603249835,1788558603271541,189
1,DEPTH,1788558603280971,1788558603283166,1788558603304828,190
1,DEPTH,1788558603314305,1788558603316501,1788558603338231,191
1,DEPTH,1788558603347640,1788558603349835,1788558603371547,192
1,DEPTH,1788558603380973,1788558603383168,1788558603404833,193
1,DEPTH,1788558603414304,1788558603416500,1788558603438178,194
1,DEPTH,1788558603447640,1788558603449836,1788558603471484,195
1,DEPTH,1788558603480973,1788558603483169,1788558603504851,196
1,DEPTH,1788558603514304,1788558603516499,1788558603538172,197
1,DEPTH,1788558603547640,1788558603549836,1788558603571552,198
1,DEPTH,1788558603580974,1788558603583171,1788558603604826,199
1,DEPTH,1788558603614306,1788558603616503,1788558603638330,200
1,DEPTH,1788558603647644,1788558603649841,1788558603671541,201
1,DEPTH,1788558603680978,1788558603683174,1788558603704853,202
1,DEPTH,1788558603714308,1788558603716504,1788558603738172,203
1,DEPTH,1788558603747644,1788558603749840,1788558603771506,204
1,DEPTH,1788558603780978,1788558603783175,1788558603804850,205
1,DEPTH,1788558603814308,1788558603816505,1788558603838240,206
1,DEPTH,1788558603847644,1788558603849841,1788558603871512,207
1,DEPTH,1788558603880977,1788558603883174,1788558603904828,208
1,DEPTH,1788558603914312,1788558603916509,1788558603938230,209
1,DEPTH,1788558603947647,1788558603949845,1788558603971492,210
1,DEPTH,1788558603980981,1788558603983179,1788558604004853,211
1,DEPTH,1788558604014312,1788558604016509,1788558604038183,212
1,DEPTH,1788558604047648,1788558604049845,1788558604071540,213
1,DEPTH,1788558604080980,1788558604083178,1788558604104826,214
1,DEPTH,1788558604114311,1788558604116508,1788558604138179,215
1,DEPTH,1788558604147647,1788558604149846,1788558604171509,216
1,DEPTH,1788558604180983,1788558604183181,1788558604205011,217
1,DEPTH,1788558604214314,1788558604216513,1788558604238304,218
1,DEPTH,1788558604247648,1788558604249846,1788558604271511,219
1,DEPTH,1788558604280984,1788558604283183,1788558604304818,220
1,DEPTH,1788558604314317,1788558604316516,1788558604338225,221
1,DEPTH,1788558604347649,1788558604349847,1788558604371531,222
1,DEPTH,1788558604380985,1788558604383184,1788558604404834,223
1,DEPTH,1788558604414319,1788558604416518,1788558604438293,224
1,DEPTH,1788558604447652,1788558604449852,1788558604471560,225
1,DEPTH,1788558604480986,1788558604483186,1788558604504830,226
1,DEPTH,1788558604514320,1788558604516520,1788558604538174,227
1,DEPTH,1788558604547654,1788558604549854,1788558604571506,228
1,DEPTH,1788558604580987,1788558604583187,1788558604604859,229
1,DEPTH,1788558604614321,1788558604616521,1788558604638180,230
1,DEPTH,1788558604647657,1788558604649857,1788558604671523,231
1,DEPTH,1788558604680989,1788558604683188,1788558604704832,232
1,DEPTH,1788558604714323,1788558604716523,1788558604738227,233
1,DEPTH,1788558604747656,1788558604749857,1788558604771508,234
1,DEPTH,1788558604780990,1788558604783190,1788558604804836,235
1,DEPTH,1788558604814323,1788558604816524,1788558604838168,236
1,DEPTH,1788558604847658,1788558604849859,1788558604871547,237
1,DEPTH,1788558604880991,1788558604883192,1788558604904841,238
1,DEPTH,1788558604914322,1788558604916523,1788558604938204,239
1,DEPTH,1788558604947659,1788558604949860,1788558604971547,240
1,DEPTH,1788558604980990,1788558604983191,1788558605004855,241
1,DEPTH,1788558605014325,1788558605016526,1788558605038182,242
1,DEPTH,1788558605047659,1788558605049860,1788558605071514,243
1,DEPTH,1788558605080992,1788558605083194,1788558605104828,244
1,DEPTH,1788558605114328,1788558605116529,1788558605138186,245
1,DEPTH,1788558605147661,1788558605149863,1788558605171539,246
1,DEPTH,1788558605180992,1788558605183193,1788558605204831,247
1,DEPTH,1788558605214328,1788558605216530,1788558605238176,248
1,DEPTH,1788558605247659,1788558605249861,1788558605271503,249
1,DEPTH,1788558605280992,1788558605283194,1788558605304864,250
1,DEPTH,1788558605314328,1788558605316531,1788558605338195,251
1,DEPTH,1788558605347660,1788558605349862,1788558605371513,252
1,DEPTH,1788558605380993,1788558605383195,1788558605404869,253
1,DEPTH,1788558605414330,1788558605416533,1788558605438180,254
1,DEPTH,1788558605447661,1788558605449864,1788558605471542,255
1,DEPTH,1788558605480993,1788558605483195,1788558605504862,256
1,DEPTH,1788558605514331,1788558605516534,1788558605538181,257
1,DEPTH,1788558605547660,1788558605549863,1788558605571504,258
1,DEPTH,1788558605580996,1788558605583199,1788558605604837,259
1,DEPTH,1788558605614332,1788558605616534,1788558605638218,260
1,DEPTH,1788558605647666,1788558605649869,1788558605671540,261
1,DEPTH,1788558605680998,1788558605683200,1788558605704862,262
1,DEPTH,1788558605714333,1788558605716536,1788558605738185,263
1,DEPTH,1788558605747664,1788558605749868,1788558605771531,264
1,DEPTH,1788558605780998,1788558605783202,1788558605804846,265
1,DEPTH,1788558605814334,1788558605816538,1788558605838204,266
1,DEPTH,1788558605847666,1788558605849869,1788558605871513,267
1,DEPTH,1788558605881000,1788558605883204,1788558605904825,268
1,DEPTH,1788558605914333,1788558605916536,1788558605938196,269
1,DEPTH,1788558605947667,1788558605949871,1788558605971512,270
1,DEPTH,1788558605980998,1788558605983202,1788558606004861,271
1,DEPTH,1788558606014335,1788558606016539,1788558606038173,272
1,DEPTH,1788558606047665,1788558606049869,1788558606071504,273
1,DEPTH,1788558606081003,1788558606083208,1788558606104962,274
1,DEPTH,1788558606114337,1788558606116542,1788558606138219,275
1,DEPTH,1788558606147669,1788558606149874,1788558606171529,276
1,DEPTH,1788558606181005,1788558606183209,1788558606204989,277
1,DEPTH,1788558606214337,1788558606216542,1788558606238323,278
1,DEPTH,1788558606247669,1788558606249873,1788558606271546,279
1,DEPTH,1788558606281004,1788558606283210,1788558606304864,280
1,DEPTH,1788558606314337,1788558606316543,1788558606338214,281
1,DEPTH,1788558606347671,1788558606349876,1788558606371520,282
1,DEPTH,1788558606381005,1788558606383211,1788558606404835,283
1,DEPTH,1788558606414338,1788558606416544,1788558606438212,284
1,DEPTH,1788558606447672,1788558606449878,1788558606471529,285
1,DEPTH,1788558606481007,1788558606483212,1788558606504811,286
1,DEPTH,1788558606514342,1788558606516547,1788558606538178,287
1,DEPTH,1788558606547674,1788558606549880,1788558606571567,288
1,DEPTH,1788558606581007,1788558606583214,1788558606604984,289
1,DEPTH,1788558606614341,1788558606616548,1788558606638315,290
1,DEPTH,1788558606647673,1788558606649880,1788558606671738,291
1,DEPTH,1788558606681008,1788558606683214,1788558606705083,292
1,DEPTH,1788558606714341,1788558606716548,1788558606738309,293
1,DEPTH,1788558606747674,1788558606749881,1788558606771598,294
1,DEPTH,1788558606781008,1788558606783215,1788558606804910,295
1,DEPTH,1788558606814342,1788558606816549,1788558606838281,296
1,DEPTH,1788558606847676,1788558606849884,1788558606871649,297
1,DEPTH,1788558606881011,1788558606883218,1788558606905052,298
1,DEPTH,1788558606914343,1788558606916551,1788558606938299,299
1,DEPTH,1788558606947678,1788558606949753,1788558606971577,300
1,DEPTH,1788558606981012,1788558606982955,1788558607004943,301
1,DEPTH,1788558607014346,1788558607016159,1788558607038449,302
1,DEPTH,1788558607047677,1788558607049360,1788558607071705,303
1,DEPTH,1788558607081011,1788558607082566,1788558607105082,304
1,DEPTH,1788558607114344,1788558607115772,1788558607138416,305
1,DEPTH,1788558607147679,1788558607148978,1788558607171603,306
1,DEPTH,1788558607181015,1788558607182188,1788558607204931,307
1,DEPTH,1788558607214345,1788558607215394,1788558607238406,308
1,DEPTH,1788558607247679,1788558607248602,1788558607271589,309
1,DEPTH,1788558607281013,1788558607281813,1788558607304946,310
1,DEPTH,1788558607314346,1788558607315022,1788558607338291,311
1,DEPTH,1788558607347681,1788558607348235,1788558607371598,312
1,DEPTH,1788558607381016,1788558607381448,1788558607404955,313
1,DEPTH,1788558607414348,1788558607414660,1788558607438281,314
1,DEPTH,1788558607447683,1788558607447875,1788558607471618,315
1,DEPTH,1788558607481016,1788558607481088,1788558607504932,316
1,DEPTH,1788558607514351,1788558607514304,1788558607538306,317
1,DEPTH,1788558607547683,1788558607547519,1788558607571701,318
1,DEPTH,1788558607581017,1788558607580736,1788558607604958,319
1,DEPTH,1788558607614351,1788558607613954,1788558607638295,320
1,DEPTH,1788558607647685,1788558607647172,1788558607671623,321
1,DEPTH,1788558607681022,1788558607680394,1788558607704955,322
1,DEPTH,1788558607714354,1788558607713613,1788558607738309,323
1,DEPTH,1788558607747685,1788558607746831,1788558607771624,324
1,DEPTH,1788558607781020,1788558607780054,1788558607804923,325
1,DEPTH,1788558607814353,1788558607813273,1788558607838311,326
1,DEPTH,1788558607847687,1788558607846497,1788558607871578,327
1,DEPTH,1788558607881022,1788558607879722,1788558607904928,328
1,DEPTH,1788558607914351,1788558607912942,1788558607938264,329
1,DEPTH,1788558607947688,1788558607946169,1788558607971606,330
1,DEPTH,1788558607981022,1788558607979396,1788558608004917,331
1,DEPTH,1788558608014359,1788558608012626,1788558608038320,332
1,DEPTH,1788558608047691,1788558608045851,1788558608071622,333
1,DEPTH,1788558608081023,1788558608079078,1788558608104917,334
1,DEPTH,1788558608114356,1788558608112306,1788558608138407,335
1,DEPTH,1788558608147689,1788558608145535,1788558608171585,336
1,DEPTH,1788558608181023,1788558608178765,1788558608204929,337
1,DEPTH,1788558608214357,1788558608211996,1788558608238457,338
1,DEPTH,1788558608247689,1788558608245226,1788558608271624,339
1,DEPTH,1788558608281024,1788558608278459,1788558608304938,340
1,DEPTH,1788558608314358,1788558608311692,1788558608338315,341
1,DEPTH,1788558608347694,1788558608344929,1788558608371586,342
1,DEPTH,1788558608381028,1788558608378162,1788558608404923,343
1,DEPTH,1788558608414360,1788558608411395,1788558608438265,344
1,DEPTH,1788558608447692,1788558608444628,1788558608471597,345
1,DEPTH,1788558608481026,1788558608477864,1788558608504937,346
1,DEPTH,1788558608514360,1788558608511100,1788558608538306,347
1,DEPTH,1788558608547694,1788558608544338,1788558608571582,348
1,DEPTH,1788558608581028,1788558608577576,1788558608604916,349
1,DEPTH,1788558608614364,1788558608610817,1788558608638439,350
1,DEPTH,1788558608647695,1788558608644055,1788558608671628,351
1,DEPTH,1788558608681030,1788558608677294,1788558608704916,352
1,DEPTH,1788558608714365,1788558608710537,1788558608738301,353
1,DEPTH,1788558608747698,1788558608743777,1788558608771625,354
1,DEPTH,1788558608781031,1788558608777019,1788558608804942,355
1,DEPTH,1788558608814362,1788558608810257,1788558608838270,356
1,DEPTH,1788558608847698,1788558608843503,1788558608871586,357
1,DEPTH,1788558608881030,1788558608876745,1788558608904962,358
1,DEPTH,1788558608914365,1788558608909989,1788558608938298,359
1,DEPTH,1788558608947700,1788558608943235,1788558608971591,360
1,DEPTH,1788558608981031,1788558608976478,1788558609004926,361
1,DEPTH,1788558609014364,1788558609009724,1788558609038303,362
1,DEPTH,1788558609047701,1788558609042973,1788558609071618,363
1,DEPTH,1788558609081034,1788558609076219,1788558609104910,364
1,DEPTH,1788558609114367,1788558609109465,1788558609138298,365
1,DEPTH,1788558609147701,1788558609142714,1788558609171756,366
1,DEPTH,1788558609181035,1788558609175964,1788558609204914,367
1,DEPTH,1788558609214369,1788558609209213,1788558609238309,368
1,DEPTH,1788558609247700,1788558609242460,1788558609271589,369
1,DEPTH,1788558609281034,1788558609275710,1788558609304905,370
1,DEPTH,1788558609314369,1788558609308964,1788558609338259,371
1,DEPTH,1788558609347701,1788558609342214,1788558609371642,372
1,DEPTH,1788558609381035,1788558609375466,1788558609404918,373
1,DEPTH,1788558609414371,1788558609408719,1788558609438283,374
1,DEPTH,1788558609447705,1788558609441973,1788558609471524,375
1,DEPTH,1788558609481037,1788558609475223,1788558609504830,376
1,DEPTH,1788558609514372,1788558609508479,1788558609538181,377
1,DEPTH,1788558609547704,1788558609541732,1788558609571513,378
1,DEPTH,1788558609581040,1788558609574989,1788558609604869,379
1,DEPTH,1788558609614373,1788558609608242,1788558609638185,380
1,DEPTH,1788558609647708,1788558609641499,1788558609671542,381
1,DEPTH,1788558609681040,1788558609674754,1788558609704865,382
1,DEPTH,1788558609714376,1788558609708012,1788558609738227,383
1,DEPTH,1788558609747707,1788558609741268,1788558609771533,384
1,DEPTH,1788558609781041,1788558609774525,1788558609804833,385
1,DEPTH,1788558609814376,1788558609807784,1788558609838210,386
1,DEPTH,1788558609847709,1788558609841043,1788558609871514,387
1,DEPTH,1788558609881043,1788558609874302,1788558609904836,388
1,DEPTH,1788558609914377,1788558609907563,1788558609938188,389
1,DEPTH,1788558609947707,1788558609940819,1788558609971517,390
1,DEPTH,1788558609981043,1788558609974082,1788558610004960,391
1,DEPTH,1788558610014374,1788558610007341,1788558610038294,392
1,DEPTH,1788558610047711,1788558610040606,1788558610071625,393
1,DEPTH,1788558610081044,1788558610073868,1788558610104924,394
1,DEPTH,1788558610114378,1788558610107132,1788558610138409,395
1,DEPTH,1788558610147712,1788558610140396,1788558610171634,396
1,DEPTH,1788558610181046,1788558610173661,1788558610204943,397
1,DEPTH,1788558610214377,1788558610206923,1788558610238264,398
1,DEPTH,1788558610247714,1788558610240192,1788558610271731,399
1,DEPTH,1788558610281043,1788558610273453,1788558610304927,400
1,DEPTH,1788558610314380,1788558610306721,1788558610338297,401
1,DEPTH,1788558610347713,1788558610339987,1788558610371727,402
1,DEPTH,1788558610381050,1788558610373257,1788558610404963,403
1,DEPTH,1788558610414383,1788558610406524,1788558610438277,404
1,DEPTH,1788558610447716,1788558610439792,1788558610471707,405
1,DEPTH,1788558610481047,1788558610473057,1788558610504961,406
1,DEPTH,1788558610514385,1788558610506331,1788558610538434,407
1,DEPTH,1788558610547718,1788558610539600,1788558610571580,408
1,DEPTH,1788558610581053,1788558610572870,1788558610604924,409
1,DEPTH,1788558610614383,1788558610606137,1788558610638340,410
1,DEPTH,1788558610647717,1788558610639407,1788558610671606,411
1,DEPTH,1788558610681053,1788558610672679,1788558610704920,412
1,DEPTH,1788558610714386,1788558610705951,1788558610738614,413
1,DEPTH,1788558610747718,1788558610739222,1788558610771602,414
1,DEPTH,1788558610781052,1788558610772494,1788558610805076,415
1,DEPTH,1788558610814385,1788558610805766,1788558610838257,416
1,DEPTH,1788558610847719,1788558610839040,1788558610871588,417
1,DEPTH,1788558610881053,1788558610872312,1788558610904960,418
1,DEPTH,1788558610914387,1788558610905586,1788558610938306,419
1,DEPTH,1788558610947719,1788558610938858,1788558610971748,420
1,DEPTH,1788558610981053,1788558610972134,1788558611004943,421
1,DEPTH,1788558611014386,1788558611005407,1788558611038275,422
1,DEPTH,1788558611047719,1788558611038682,1788558611071761,423
1,DEPTH,1788558611081053,1788558611071958,1788558611104930,424
1,DEPTH,1788558611114388,1788558611105237,1788558611138443,425
1,DEPTH,1788558611147721,1788558611138513,1788558611171601,426
1,DEPTH,1788558611181055,1788558611171789,1788558611204945,427
1,DEPTH,1788558611214387,1788558611205066,1788558611238448,428
1,DEPTH,1788558611247720,1788558611238343,1788558611271725,429
1,DEPTH,1788558611281057,1788558611271623,1788558611304931,430
1,DEPTH,1788558611314386,1788558611304897,1788558611338379,431
1,DEPTH,1788558611347721,1788558611338177,1788558611371603,432
1,DEPTH,1788558611381053,1788558611371453,1788558611404900,433
1,DEPTH,1788558611414388,1788558611404736,1788558611438391,434
1,DEPTH,1788558611447722,1788558611438015,1788558611471578,435
1,DEPTH,1788558611481056,1788558611471296,1788558611504934,436
1,DEPTH,1788558611514390,1788558611504576,1788558611538270,437
1,DEPTH,1788558611547722,1788558611537854,1788558611571714,438
1,DEPTH,1788558611581058,1788558611571138,1788558611604910,439
1,DEPTH,1788558611614392,1788558611604420,1788558611638284,440
1,DEPTH,1788558611647726,1788558611637702,1788558611671648,441
1,DEPTH,1788558611681062,1788558611670986,1788558611704933,442
1,DEPTH,1788558611714392,1788558611704265,1788558611738183,443
1,DEPTH,1788558611747726,1788558611737547,1788558611771545,444
1,DEPTH,1788558611781063,1788558611770832,1788558611804878,445
1,DEPTH,1788558611814393,1788558611804111,1788558611838170,446
1,DEPTH,1788558611847725,1788558611837393,1788558611871505,447
1,DEPTH,1788558611881063,1788558611870681,1788558611904870,448
1,DEPTH,1788558611914398,1788558611903965,1788558611938177,449
1,DEPTH,1788558611947728,1788558611937245,1788558611971518,450
1,DEPTH,1788558611981064,1788558611970531,1788558612004845,451
1,DEPTH,1788558612014394,1788558612003814,1788558612038193,452
1,DEPTH,1788558612047730,1788558612037100,1788558612071529,453
1,DEPTH,1788558612081066,1788558612070389,1788558612104837,454
1,DEPTH,1788558612114395,1788558612103668,1788558612138183,455
1,DEPTH,1788558612147729,1788558612136956,1788558612171544,456
1,DEPTH,1788558612181065,1788558612170243,1788558612204843,457
1,DEPTH,1788558612214397,1788558612203528,1788558612238205,458
1,DEPTH,1788558612247731,1788558612236815,1788558612271509,459
1,DEPTH,1788558612281066,1788558612270105,1788558612304872,460
1,DEPTH,1788558612314400,1788558612303394,1788558612338357,461
1,DEPTH,1788558612347731,1788558612336679,1788558612371512,462
1,DEPTH,1788558612381068,1788558612369971,1788558612404849,463
1,DEPTH,1788558612414400,1788558612403257,1788558612438232,464
1,DEPTH,1788558612447734,1788558612436547,1788558612471538,465
1,DEPTH,1788558612481071,1788558612469839,1788558612504837,466
1,DEPTH,1788558612514402,1788558612503125,1788558612538177,467
1,DEPTH,1788558612547736,1788558612536415,1788558612571541,468
1,DEPTH,1788558612581070,1788558612569706,1788558612604872,469
1,DEPTH,1788558612614403,1788558612602995,1788558612638196,470
1,DEPTH,1788558612647739,1788558612636286,1788558612671503,471
1,DEPTH,1788558612681074,1788558612669580,1788558612704859,472
1,DEPTH,1788558612714407,1788558612702871,1788558612738233,473
1,DEPTH,1788558612747740,1788558612736160,1788558612771506,474
1,DEPTH,1788558612781072,1788558612769450,1788558612804863,475
1,DEPTH,1788558612814405,1788558612802743,1788558612838177,476
1,DEPTH,1788558612847738,1788558612836034,1788558612871510,477
1,DEPTH,1788558612881073,1788558612869328,1788558612904828,478
1,DEPTH,1788558612914403,1788558612902616,1788558612938203,479
1,DEPTH,1788558612947739,1788558612935911,1788558612971528,480
1,DEPTH,1788558612981074,1788558612969206,1788558613004812,481
1,DEPTH,1788558613014407,1788558613002500,1788558613038180,482
1,DEPTH,1788558613047740,1788558613035793,1788558613071505,483
1,DEPTH,1788558613081074,1788558613069087,1788558613104831,484
1,DEPTH,1788558613114408,1788558613102381,1788558613138179,485
1,DEPTH,1788558613147740,1788558613135674,1788558613171525,486
1,DEPTH,1788558613181077,1788558613168973,1788558613204861,487
1,DEPTH,1788558613214409,1788558613202265,1788558613238201,488
1,DEPTH,1788558613247741,1788558613235558,1788558613271500,489
1,DEPTH,1788558613281075,1788558613268854,1788558613304848,490
1,DEPTH,1788558613314410,1788558613302151,1788558613338169,491
1,DEPTH,1788558613347744,1788558613335448,1788558613371504,492
1,DEPTH,1788558613381076,1788558613368744,1788558613404844,493
1,DEPTH,1788558613414412,1788558613402041,1788558613438209,494
1,DEPTH,1788558613447746,1788558613435339,1788558613471535,495
1,DEPTH,1788558613481078,1788558613468635,1788558613504815,496
1,DEPTH,1788558613514415,1788558613501935,1788558613538193,497
1,DEPTH,1788558613547747,1788558613535232,1788558613571540,498
1,DEPTH,1788558613581081,1788558613568529,1788558613604860,499
1,DEPTH,1788558613614413,1788558613601825,1788558613638171,500
1,DEPTH,1788558613647750,1788558613635126,1788558613671520,501
1,DEPTH,1788558613681082,1788558613668424,1788558613704862,502
1,DEPTH,1788558613714415,1788558613701723,1788558613738204,503
1,DEPTH,1788558613747752,1788558613735024,1788558613771512,504
1,DEPTH,1788558613781080,1788558613768317,1788558613804832,505
1,DEPTH,1788558613814415,1788558613801618,1788558613838198,506
1,DEPTH,1788558613847753,1788558613834923,1788558613871547,507
1,DEPTH,1788558613881083,1788558613868219,1788558613904851,508
1,DEPTH,1788558613914417,1788558613901519,1788558613938175,509
1,DEPTH,1788558613947752,1788558613934821,1788558613971523,510
1,DEPTH,1788558613981084,1788558613968121,1788558614004974,511
1,DEPTH,1788558614014417,1788558614001420,1788558614038228,512
1,DEPTH,1788558614047751,1788558614034723,1788558614071549,513
1,DEPTH,1788558614081088,1788558614068027,1788558614105002,514
1,DEPTH,1788558614114422,1788558614101329,1788558614138189,515
1,DEPTH,1788558614147752,1788558614134627,1788558614171517,516
1,DEPTH,1788558614181089,1788558614167934,1788558614204879,517
1,DEPTH,1788558614214422,1788558614201235,1788558614238206,518
1,DEPTH,1788558614247753,1788558614234534,1788558614271508,519
1,DEPTH,1788558614281090,1788558614267840,1788558614304836,520
1,DEPTH,1788558614314421,1788558614301140,1788558614338294,521
1,DEPTH,1788558614347758,1788558614334447,1788558614371719,522
1,DEPTH,1788558614381089,1788558614367749,1788558614404924,523
1,DEPTH,1788558614414421,1788558614401051,1788558614438255,524
1,DEPTH,1788558614447755,1788558614434354,1788558614471635,525
1,DEPTH,1788558614481092,1788558614467663,1788558614505070,526
1,DEPTH,1788558614514423,1788558614500965,1788558614538279,527
1,DEPTH,1788558614547759,1788558614534272,1788558614571617,528
1,DEPTH,1788558614581090,1788558614567574,1788558614604967,529
1,DEPTH,1788558614614427,1788558614600884,1788558614638425,530
1,DEPTH,1788558614647760,1788558614634187,1788558614671607,531
1,DEPTH,1788558614681094,1788558614667493,1788558614704912,532
1,DEPTH,1788558614714428,1788558614700800,1788558614738414,533
1,DEPTH,1788558614747761,1788558614734106,1788558614771598,534
1,DEPTH,1788558614781095,1788558614767412,1788558614804911,535
1,DEPTH,1788558614814427,1788558614800716,1788558614838261,536
1,DEPTH,1788558614847759,1788558614834019,1788558614871593,537
1,DEPTH,1788558614881093,1788558614867327,1788558614904938,538
1,DEPTH,1788558614914427,1788558614900634,1788558614938242,539
1,DEPTH,1788558614947760,1788558614933939,1788558614971554,540
1,DEPTH,1788558614981097,1788558614967251,1788558615005079,541
1,DEPTH,1788558615014431,1788558615000558,1788558615038402,542
1,DEPTH,1788558615047763,1788558615033864,1788558615071626,543
1,DEPTH,1788558615081095,1788558615067171,1788558615105074,544
1,DEPTH,1788558615114431,1788558615100482,1788558615138277,545
1,DEPTH,1788558615147763,1788558615133787,1788558615171609,546
1,DEPTH,1788558615181096,1788558615167093,1788558615204914,547
1,DEPTH,1788558615214429,1788558615200402,1788558615238276,548
1,DEPTH,1788558615247763,1788558615233711,1788558615271568,549
1,DEPTH,1788558615281101,1788558615267023,1788558615304908,550
1,DEPTH,1788558615314431,1788558615300329,1788558615338439,551
1,DEPTH,1788558615347767,1788558615333640,1788558615371740,552
1,DEPTH,1788558615381097,1788558615366945,1788558615404957,553
1,DEPTH,1788558615414431,1788558615400256,1788558615438252,554
1,DEPTH,1788558615447768,1788558615433569,1788558615471605,555
1,DEPTH,1788558615481099,1788558615466874,1788558615504906,556
1,DEPTH,1788558615514432,1788558615500183,1788558615538260,557
1,DEPTH,1788558615547767,1788558615533495,1788558615571581,558
1,DEPTH,1788558615581099,1788558615566803,1788558615604930,559
1,DEPTH,1788558615614433,1788558615600113,1788558615638252,560
1,DEPTH,1788558615647771,1788558615633427,1788558615671614,561
1,DEPTH,1788558615681103,1788558615666735,1788558615704895,562
1,DEPTH,1788558615714435,1788558615700046,1788558615738472,563
1,DEPTH,1788558615747770,1788558615733358,1788558615771702,564
1,DEPTH,1788558615781102,1788558615766669,1788558615805051,565
1,DEPTH,1788558615814435,1788558615799978,1788558615838285,566
1,DEPTH,1788558615847770,1788558615833292,1788558615871610,567
1,DEPTH,1788558615881104,1788558615866602,1788558615904919,568
1,DEPTH,1788558615914436,1788558615899913,1788558615938254,569
1,DEPTH,1788558615947774,1788558615933228,1788558615971614,570
1,DEPTH,1788558615981104,1788558615966538,1788558616005064,571
1,DEPTH,1788558616014438,1788558615999850,1788558616038430,572
1,DEPTH,1788558616047775,1788558616033165,1788558616071623,573
1,DEPTH,1788558616081105,1788558616066475,1788558616104909,574
1,DEPTH,1788558616114439,1788558616099788,1788558616138425,575
1,DEPTH,1788558616147776,1788558616133104,1788558616171751,576
1,DEPTH,1788558616181106,1788558616166414,1788558616205049,577
1,DEPTH,1788558616214444,1788558616199732,1788558616238407,578
1,DEPTH,1788558616247777,1788558616233044,1788558616271606,579
1,DEPTH,1788558616281108,1788558616266355,1788558616304902,580
1,DEPTH,1788558616314444,1788558616299670,1788558616338257,581
1,DEPTH,1788558616347777,1788558616332982,1788558616371588,582
1,DEPTH,1788558616381110,1788558616366294,1788558616404888,583
1,DEPTH,1788558616414442,1788558616399605,1788558616438289,584
1,DEPTH,1788558616447775,1788558616432918,1788558616471605,585
1,DEPTH,1788558616481112,1788558616466235,1788558616504900,586
1,DEPTH,1788558616514444,1788558616499548,1788558616538297,587
1,DEPTH,1788558616547780,1788558616532865,1788558616571751,588
1,DEPTH,1788558616581114,1788558616566178,1788558616604896,589
1,DEPTH,1788558616614447,1788558616599493,1788558616638295,590
1,DEPTH,1788558616647780,1788558616632807,1788558616671616,591
1,DEPTH,1788558616681116,1788558616666123,1788558616704937,592
1,DEPTH,1788558616714449,1788558616699437,1788558616738399,593
1,DEPTH,1788558616747781,1788558616732752,1788558616771721,594
1,DEPTH,1788558616781114,1788558616766066,1788558616804949,595
1,DEPTH,1788558616814446,1788558616799380,1788558616838262,596
1,DEPTH,1788558616847781,1788558616832695,1788558616871599,597
1,DEPTH,1788558616881113,1788558616866009,1788558616905066,598
1,DEPTH,1788558616914450,1788558616899329,1788558616938280,599
1,DEPTH,1788558616947784,1788558616932646,1788558616971596,600
1,DEPTH,1788558616981115,1788558616965958,1788558617004920,601
1,DEPTH,1788558617014449,1788558616999274,1788558617038295,602
1,DEPTH,1788558617047781,1788558617032588,1788558617071720,603
1,DEPTH,1788558617081116,1788558617065906,1788558617105042,604
1,DEPTH,1788558617114449,1788558617099222,1788558617138378,605
1,DEPTH,1788558617147782,1788558617132539,1788558617171712,606
1,DEPTH,1788558617181117,1788558617165856,1788558617204885,607
1,DEPTH,1788558617214450,1788558617199172,1788558617238272,608
1,DEPTH,1788558617247784,1788558617232488,1788558617271625,609
1,DEPTH,1788558617281116,1788558617265805,1788558617304950,610
1,DEPTH,1788558617314449,1788558617299120,1788558617338295,611
1,DEPTH,1788558617347783,1788558617332437,1788558617371581,612
1,DEPTH,1788558617381119,1788558617365756,1788558617404920,613
1,DEPTH,1788558617414451,1788558617399070,1788558617438278,614
1,DEPTH,1788558617447783,1788558617432386,1788558617471575,615
1,DEPTH,1788558617481122,1788558617465709,1788558617504918,616
1,DEPTH,1788558617514452,1788558617499022,1788558617538281,617
1,DEPTH,1788558617547786,1788558617532341,1788558617571601,618
1,DEPTH,1788558617581121,1788558617565659,1788558617604929,619
1,DEPTH,1788558617614452,1788558617598973,1788558617638258,620
1,DEPTH,1788558617647790,1788558617632296,1788558617671578,621
1,DEPTH,1788558617681123,1788558617665615,1788558617705078,622
1,DEPTH,1788558617714454,1788558617698930,1788558617738251,623
1,DEPTH,1788558617747792,1788558617732252,1788558617771596,624
1,DEPTH,1788558617781120,1788558617765564,1788558617804918,625
1,DEPTH,1788558617814458,1788558617798888,1788558617838315,626
1,DEPTH,1788558617847793,1788558617832207,1788558617871619,627
1,DEPTH,1788558617881124,1788558617865523,1788558617904917,628
1,DEPTH,1788558617914459,1788558617898842,1788558617938284,629
1,DEPTH,1788558617947792,1788558617932159,1788558617971591,630
1,DEPTH,1788558617981125,1788558617965480,1788558618005034,631
1,DEPTH,1788558618014462,1788558617998801,1788558618038311,632
1,DEPTH,1788558618047792,1788558618032117,1788558618071598,633
1,DEPTH,1788558618081128,1788558618065438,1788558618104940,634
1,DEPTH,1788558618114461,1788558618098757,1788558618138317,635
1,DEPTH,1788558618147793,1788558618132075,1788558618171649,636
1,DEPTH,1788558618181130,1788558618165398,1788558618205078,637
1,DEPTH,1788558618214464,1788558618198720,1788558618238442,638
1,DEPTH,1788558618247795,1788558618232036,1788558618271594,639
1,DEPTH,1788558618281128,1788558618265356,1788558618305084,640
1,DEPTH,1788558618314464,1788558618298679,1788558618338392,641
1,DEPTH,1788558618347801,1788558618332003,1788558618371760,642
1,DEPTH,1788558618381134,1788558618365322,1788558618404952,643
1,DEPTH,1788558618414467,1788558618398642,1788558618438279,644
1,DEPTH,1788558618447802,1788558618431963,1788558618471652,645
1,DEPTH,1788558618481131,1788558618465278,1788558618504920,646
1,DEPTH,1788558618514465,1788558618498599,1788558618538277,647
1,DEPTH,1788558618547800,1788558618531921,1788558618571592,648
1,DEPTH,1788558618581136,1788558618565243,1788558618604930,649
1,DEPTH,1788558618614471,1788558618598564,1788558618638295,650
1,DEPTH,1788558618647802,1788558618631884,1788558618671613,651
1,DEPTH,1788558618681136,1788558618665206,1788558618705181,652
1,DEPTH,1788558618714470,1788558618698528,1788558618738413,653
1,DEPTH,1788558618747804,1788558618731849,1788558618771620,654
1,DEPTH,1788558618781138,1788558618765170,1788558618804934,655
1,DEPTH,1788558618814468,1788558618798486,1788558618838270,656
1,DEPTH,1788558618847801,1788558618831807,1788558618871639,657
1,DEPTH,1788558618881137,1788558618865131,1788558618904905,658
1,DEPTH,1788558618914472,1788558618898453,1788558618938292,659
1,DEPTH,1788558618947803,1788558618931771,1788558618971574,660
1,DEPTH,1788558618981137,1788558618965093,1788558619004949,661
1,DEPTH,1788558619014473,1788558618998418,1788558619038284,662
1,DEPTH,1788558619047807,1788558619031743,1788558619072132,663
1,DEPTH,1788558619081139,1788558619065065,1788558619105277,664
1,DEPTH,1788558619114470,1788558619098384,1788558619138277,665
1,DEPTH,1788558619147806,1788558619131707,1788558619171632,666
1,DEPTH,1788558619181139,1788558619165031,1788558619205044,667
1,DEPTH,1788558619214472,1788558619198352,1788558619238418,668
1,DEPTH,1788558619247805,1788558619231673,1788558619271629,669
1,DEPTH,1788558619281139,1788558619264995,1788558619304955,670
1,DEPTH,1788558619314470,1788558619298315,1788558619338267,671
1,DEPTH,1788558619347806,1788558619331640,1788558619371601,672
1,DEPTH,1788558619381138,1788558619364961,1788558619404921,673
1,DEPTH,1788558619414474,1788558619398284,1788558619438263,674
1,DEPTH,1788558619447809,1788558619431608,1788558619471632,675
1,DEPTH,1788558619481138,1788558619464925,1788558619504907,676
1,DEPTH,1788558619514472,1788558619498248,1788558619538296,677
1,DEPTH,1788558619547807,1788558619531574,1788558619571599,678
1,DEPTH,1788558619581141,1788558619564897,1788558619604933,679
1,DEPTH,1788558619614473,1788558619598218,1788558619638321,680
1,DEPTH,1788558619647813,1788558619631547,1788558619671625,681
1,DEPTH,1788558619681145,1788558619664869,1788558619705044,682
1,DEPTH,1788558619714477,1788558619698192,1788558619738460,683
1,DEPTH,1788558619747813,1788558619731518,1788558619771753,684
1,DEPTH,1788558619781143,1788558619764837,1788558619804947,685
1,DEPTH,1788558619814477,1788558619798160,1788558619838261,686
1,DEPTH,1788558619847813,1788558619831487,1788558619871722,687
1,DEPTH,1788558619881144,1788558619864808,1788558619904970,688
1,DEPTH,1788558619914479,1788558619898133,1788558619938424,689
1,DEPTH,1788558619947815,1788558619931459,1788558619971760,690
1,DEPTH,1788558619981145,1788558619964779,1788558620005059,691
1,DEPTH,1788558620014478,1788558619998103,1788558620038253,692
1,DEPTH,1788558620047813,1788558620031429,1788558620071598,693
1,DEPTH,1788558620081145,1788558620064751,1788558620105038,694
1,DEPTH,1788558620114480,1788558620098076,1788558620138411,695
1,DEPTH,1788558620147817,1788558620131403,1788558620171622,696
1,DEPTH,1788558620181148,1788558620164724,1788558620204938,697
1,DEPTH,1788558620214481,1788558620198050,1788558620238415,698
1,DEPTH,1788558620247820,1788558620231378,1788558620271601,699
1,DEPTH,1788558620281149,1788558620264697,1788558620304909,700
1,DEPTH,1788558620314486,1788558620298024,1788558620338320,701
1,DEPTH,1788558620347819,1788558620331350,1788558620371760,702
1,DEPTH,1788558620381155,1788558620364677,1788558620404910,703
1,DEPTH,1788558620414488,1788558620397999,1788558620438289,704
1,DEPTH,1788558620447822,1788558620431324,1788558620471643,705
1,DEPTH,1788558620481156,1788558620464648,1788558620504930,706
1,DEPTH,1788558620514490,1788558620497973,1788558620538403,707
1,DEPTH,1788558620547821,1788558620531296,1788558620571601,708
1,DEPTH,1788558620581157,1788558620564623,1788558620604945,709
1,DEPTH,1788558620614490,1788558620597947,1788558620638396,710
1,DEPTH,1788558620647822,1788558620631271,1788558620671623,711
1,DEPTH,1788558620681157,1788558620664598,1788558620704932,712
1,DEPTH,1788558620714490,1788558620697925,1788558620738769,713
1,DEPTH,1788558620747825,1788558620731250,1788558620771634,714
1,DEPTH,1788558620781157,1788558620764574,1788558620804935,715
1,DEPTH,1788558620814492,1788558620797899,1788558620838292,716
1,DEPTH,1788558620847823,1788558620831222,1788558620871706,717
1,DEPTH,1788558620881159,1788558620864550,1788558620904931,718
1,DEPTH,1788558620914490,1788558620897873,1788558620938293,719
1,DEPTH,1788558620947825,1788558620931199,1788558620971632,720
1,DEPTH,1788558620981161,1788558620964526,1788558621004910,721
1,DEPTH,1788558621014494,1788558620997851,1788558621038422,722
1,DEPTH,1788558621047826,1788558621031175,1788558621071610,723
1,DEPTH,1788558621081160,1788558621064503,1788558621105045,724
1,DEPTH,1788558621114495,1788558621097830,1788558621138558,725
1,DEPTH,1788558621147830,1788558621131158,1788558621171587,726
1,DEPTH,1788558621181162,1788558621164481,1788558621204945,727
1,DEPTH,1788558621214492,1788558621197803,1788558621238386,728
1,DEPTH,1788558621247830,1788558621231135,1788558621271640,729
1,DEPTH,1788558621281163,1788558621264459,1788558621304922,730
1,DEPTH,1788558621314498,1788558621297785,1788558621338316,731
1,DEPTH,1788558621347824,1788558621331104,1788558621371719,732
1,DEPTH,1788558621381162,1788558621364434,1788558621404963,733
1,DEPTH,1788558621414491,1788558621397757,1788558621438426,734
1,DEPTH,1788558621447826,1788558621431086,1788558621471767,735
1,DEPTH,1788558621481165,1788558621464417,1788558621504964,736
1,DEPTH,1788558621514496,1788558621497739,1788558621538313,737
1,DEPTH,1788558621547828,1788558621531066,1788558621571866,738
1,DEPTH,1788558621581166,1788558621564397,1788558621604926,739
1,DEPTH,1788558621614496,1788558621597719,1788558621638295,740
1,DEPTH,1788558621647830,1788558621631047,1788558621671826,741
1,DEPTH,1788558621681166,1788558621664376,1788558621704933,742
1,DEPTH,1788558621714497,1788558621697699,1788558621738307,743
1,DEPTH,1788558621747830,1788558621731027,1788558621771768,744
1,DEPTH,1788558621781166,1788558621764355,1788558621805079,745
1,DEPTH,1788558621814497,1788558621797679,1788558621838265,746
1,DEPTH,1788558621847831,1788558621831005,1788558621871614,747
1,DEPTH,1788558621881166,1788558621864333,1788558621904918,748
1,DEPTH,1788558621914497,1788558621897657,1788558621938286,749
1,DEPTH,1788558621947833,1788558621930987,1788558621971626,750
1,DEPTH,1788558621981169,1788558621964319,1788558622005352,751
1,DEPTH,1788558622014499,1788558621997641,1788558622038286,752
1,DEPTH,1788558622047832,1788558622030968,1788558622071798,753
1,DEPTH,1788558622081171,1788558622064301,1788558622105092,754
1,DEPTH,1788558622114500,1788558622097623,1788558622138269,755
1,DEPTH,1788558622147834,1788558622130951,1788558622171704,756
1,DEPTH,1788558622181169,1788558622164279,1788558622204920,757
1,DEPTH,1788558622214501,1788558622197606,1788558622238304,758
1,DEPTH,1788558622247834,1788558622230932,1788558622271710,759
1,DEPTH,1788558622281169,1788558622264260,1788558622304927,760
1,DEPTH,1788558622314502,1788558622297586,1788558622338307,761
1,DEPTH,1788558622347836,1788558622330914,1788558622371754,762
1,DEPTH,1788558622381171,1788558622364243,1788558622404921,763
1,DEPTH,1788558622414503,1788558622397568,1788558622438270,764
1,DEPTH,1788558622447841,1788558622430901,1788558622471715,765
1,DEPTH,1788558622481172,1788558622464224,1788558622504933,766
1,DEPTH,1788558622514509,1788558622497555,1788558622538259,767
1,DEPTH,1788558622547843,1788558622530885,1788558622571967,768
1,DEPTH,1788558622581175,1788558622564211,1788558622604954,769
1,DEPTH,1788558622614509,1788558622597540,1788558622638325,770
1,DEPTH,1788558622647844,1788558622630866,1788558622671619,771
1,DEPTH,1788558622681177,1788558622664194,1788558622704954,772
1,DEPTH,1788558622714510,1788558622697520,1788558622738310,773
1,DEPTH,1788558622747842,1788558622730845,1788558622771752,774
1,DEPTH,1788558622781175,1788558622764174,1788558622805278,775
1,DEPTH,1788558622814509,1788558622797502,1788558622838293,776
1,DEPTH,1788558622847842,1788558622830828,1788558622871607,777
1,DEPTH,1788558622881178,1788558622864158,1788558622904917,778
1,DEPTH,1788558622914511,1788558622897483,1788558622938314,779
1,DEPTH,1788558622947843,1788558622930809,1788558622971697,780
1,DEPTH,1788558622981178,1788558622964139,1788558623004902,781
1,DEPTH,1788558623014511,1788558622997466,1788558623038473,782
1,DEPTH,1788558623047846,1788558623030794,1788558623071780,783
1,DEPTH,1788558623081177,1788558623064121,1788558623105087,784
1,DEPTH,1788558623114512,1788558623097448,1788558623138282,785
1,DEPTH,1788558623147847,1788558623130778,1788558623171589,786
1,DEPTH,1788558623181181,1788558623164105,1788558623204940,787
1,DEPTH,1788558623214516,1788558623197435,1788558623238434,788
1,DEPTH,1788558623247850,1788558623230763,1788558623271642,789
1,DEPTH,1788558623281182,1788558623264091,1788558623305235,790
1,DEPTH,1788558623314516,1788558623297417,1788558623338315,791
1,DEPTH,1788558623347849,1788558623330746,1788558623371639,792
1,DEPTH,1788558623381181,1788558623364072,1788558623404951,793
1,DEPTH,1788558623414515,1788558623397400,1788558623438398,794
1,DEPTH,1788558623447851,1788558623430730,1788558623471632,795
1,DEPTH,1788558623481181,1788558623464054,1788558623504906,796
1,DEPTH,1788558623514517,1788558623497385,1788558623538310,797
1,DEPTH,1788558623547852,1788558623530712,1788558623571580,798
1,DEPTH,1788558623581181,1788558623564037,1788558623604957,799
1,DEPTH,1788558623614516,1788558623597366,1788558623638289,800
1,DEPTH,1788558623647852,1788558623630697,1788558623671777,801
1,DEPTH,1788558623681185,1788558623664025,1788558623705179,802
1,DEPTH,1788558623714521,1788558623697358,1788558623738476,803
1,DEPTH,1788558623747853,1788558623730683,1788558623771607,804
1,DEPTH,1788558623781185,1788558623764010,1788558623805099,805
1,DEPTH,1788558623814519,1788558623797340,1788558623838315,806
1,DEPTH,1788558623847854,1788558623830668,1788558623871646,807
1,DEPTH,1788558623881184,1788558623863994,1788558623904925,808
1,DEPTH,1788558623914518,1788558623897322,1788558623938414,809
1,DEPTH,1788558623947853,1788558623930652,1788558623971632,810
1,DEPTH,1788558623981185,1788558623963980,1788558624005078,811
1,DEPTH,1788558624014521,1788558623997311,1788558624038269,812
1,DEPTH,1788558624047857,1788558624030642,1788558624071797,813
1,DEPTH,1788558624081186,1788558624063966,1788558624104952,814
1,DEPTH,1788558624114522,1788558624097295,1788558624138259,815
1,DEPTH,1788558624147858,1788558624130627,1788558624171702,816
1,DEPTH,1788558624181187,1788558624163952,1788558624205260,817
1,DEPTH,1788558624214524,1788558624197285,1788558624238276,818
1,DEPTH,1788558624247859,1788558624230615,1788558624271626,819
1,DEPTH,1788558624281190,1788558624263941,1788558624305102,820
1,DEPTH,1788558624314527,1788558624297274,1788558624338446,821
1,DEPTH,1788558624347861,1788558624330604,1788558624371630,822
1,DEPTH,1788558624381195,1788558624363933,1788558624404969,823
1,DEPTH,1788558624414528,1788558624397260,1788558624438261,824
1,DEPTH,1788558624447862,1788558624430589,1788558624471595,825
1,DEPTH,1788558624481197,1788558624463920,1788558624505271,826
1,DEPTH,1788558624514528,1788558624497249,1788558624538442,827
1,DEPTH,1788558624547863,1788558624530577,1788558624571628,828
1,DEPTH,1788558624581196,1788558624563909,1788558624605286,829
1,DEPTH,1788558624614527,1788558624597233,1788558624638270,830
1,DEPTH,1788558624647863,1788558624630566,1788558624671596,831
1,DEPTH,1788558624681196,1788558624663894,1788558624705099,832
1,DEPTH,1788558624714533,1788558624697228,1788558624738456,833
1,DEPTH,1788558624747861,1788558624730552,1788558624771759,834
1,DEPTH,1788558624781194,1788558624763879,1788558624804942,835
1,DEPTH,1788558624814527,1788558624797209,1788558624838416,836
1,DEPTH,1788558624847867,1788558624830544,1788558624871601,837
1,DEPTH,1788558624881196,1788558624863867,1788558624904931,838
1,DEPTH,1788558624914533,1788558624897200,1788558624938263,839
1,DEPTH,1788558624947867,1788558624930530,1788558624971634,840
1,DEPTH,1788558624981202,1788558624963859,1788558625004948,841
1,DEPTH,1788558625014535,1788558624997187,1788558625038257,842
1,DEPTH,1788558625047866,1788558625030514,1788558625071607,843
1,DEPTH,1788558625081202,1788558625063846,1788558625105058,844
1,DEPTH,1788558625114534,1788558625097176,1788558625138443,845
1,DEPTH,1788558625147869,1788558625130505,1788558625171596,846
1,DEPTH,1788558625181199,1788558625163830,1788558625204950,847
1,DEPTH,1788558625214536,1788558625197166,1788558625238594,848
1,DEPTH,1788558625247868,1788558625230494,1788558625271652,849
1,DEPTH,1788558625281200,1788558625263821,1788558625304921,850
1,DEPTH,1788558625314536,1788558625297154,1788558625338437,851
1,DEPTH,1788558625347868,1788558625330482,1788558625371748,852
1,DEPTH,1788558625381204,1788558625363813,1788558625404912,853
1,DEPTH,1788558625414534,1788558625397141,1788558625438574,854
1,DEPTH,1788558625447871,1788558625430475,1788558625471739,855
1,DEPTH,1788558625481204,1788558625463803,1788558625504941,856
1,DEPTH,1788558625514536,1788558625497133,1788558625538516,857
1,DEPTH,1788558625547871,1788558625530464,1788558625571613,858
1,DEPTH,1788558625581206,1788558625563795,1788558625604933,859
1,DEPTH,1788558625614540,1788558625597123,1788558625638300,860
1,DEPTH,1788558625647871,1788558625630453,1788558625671755,861
1,DEPTH,1788558625681207,1788558625663784,1788558625704958,862
1,DEPTH,1788558625714538,1788558625697111,1788558625738412,863
1,DEPTH,1788558625747873,1788558625730443,1788558625771754,864
1,DEPTH,1788558625781205,1788558625763771,1788558625804909,865
1,DEPTH,1788558625814538,1788558625797101,1788558625838423,866
1,DEPTH,1788558625847877,1788558625830436,1788558625871784,867
1,DEPTH,1788558625881208,1788558625863763,1788558625904942,868
1,DEPTH,1788558625914540,1788558625897092,1788558625938269,869
1,DEPTH,1788558625947875,1788558625930423,1788558625971601,870
1,DEPTH,1788558625981212,1788558625963755,1788558626004951,871
1,DEPTH,1788558626014545,1788558625997085,1788558626038265,872
1,DEPTH,1788558626047877,1788558626030415,1788558626071904,873
1,DEPTH,1788558626081212,1788558626063746,1788558626105057,874
1,DEPTH,1788558626114542,1788558626097074,1788558626138413,875
1,DEPTH,1788558626147880,1788558626130409,1788558626171773,876
1,DEPTH,1788558626181212,1788558626163737,1788558626204927,877
1,DEPTH,1788558626214547,1788558626197069,1788558626238442,878
1,DEPTH,1788558626247881,1788558626230399,1788558626271646,879
1,DEPTH,1788558626281215,1788558626263730,1788558626304917,880
1,DEPTH,1788558626314548,1788558626297059,1788558626338260,881
1,DEPTH,1788558626347881,1788558626330387,1788558626371598,882
1,DEPTH,1788558626381211,1788558626363713,1788558626404963,883
1,DEPTH,1788558626414550,1788558626397049,1788558626438291,884
1,DEPTH,1788558626447883,1788558626430379,1788558626471601,885
1,DEPTH,1788558626481215,1788558626463707,1788558626505044,886
1,DEPTH,1788558626514549,1788558626497038,1788558626538319,887
1,DEPTH,1788558626547879,1788558626530365,1788558626571612,888
1,DEPTH,1788558626581213,1788558626563695,1788558626604916,889
1,DEPTH,1788558626614547,1788558626597026,1788558626638413,890
1,DEPTH,1788558626647884,1788558626630358,1788558626671623,891
1,DEPTH,1788558626681216,1788558626663688,1788558626705091,892
1,DEPTH,1788558626714552,1788558626697020,1788558626738301,893
1,DEPTH,1788558626747881,1788558626730347,1788558626771581,894
1,DEPTH,1788558626781217,1788558626763679,1788558626804932,895
1,DEPTH,1788558626814550,1788558626797008,1788558626838277,896
1,DEPTH,1788558626847887,1788558626830342,1788558626871634,897
1,DEPTH,1788558626881219,1788558626863672,1788558626905062,898
1,DEPTH,1788558626914549,1788558626896998,1788558626938283,899
1,DEPTH,1788558626947885,1788558626930332,1788558626971711,900
1,DEPTH,1788558626981218,1788558626963662,1788558627004961,901
1,DEPTH,1788558627014555,1788558626996994,1788558627038280,902
1,DEPTH,1788558627047887,1788558627030325,1788558627071717,903
1,DEPTH,1788558627081222,1788558627063656,1788558627105044,904
1,DEPTH,1788558627114554,1788558627096985,1788558627138246,905
1,DEPTH,1788558627147887,1788558627130316,1788558627171722,906
1,DEPTH,1788558627181221,1788558627163646,1788558627204947,907
1,DEPTH,1788558627214557,1788558627196978,1788558627238273,908
1,DEPTH,1788558627247888,1788558627230308,1788558627271742,909
1,DEPTH,1788558627281223,1788558627263640,1788558627305077,910
1,DEPTH,1788558627314557,1788558627296971,1788558627338270,911
1,DEPTH,1788558627347890,1788558627330301,1788558627371749,912
1,DEPTH,1788558627381224,1788558627363633,1788558627404972,913
1,DEPTH,1788558627414555,1788558627396961,1788558627438315,914
1,DEPTH,1788558627447889,1788558627430293,1788558627471763,915
1,DEPTH,1788558627481226,1788558627463627,1788558627504929,916
1,DEPTH,1788558627514559,1788558627496956,1788558627538323,917
1,DEPTH,1788558627547889,1788558627530285,1788558627571741,918
1,DEPTH,1788558627581227,1788558627563619,1788558627604950,919
1,COLOR,1788558597414244,1788558597417568,1788558597595246,1
1,COLOR,1788558597447577,1788558597450908,1788558597597217,2
1,COLOR,1788558597480911,1788558597484248,1788558597599197,3
1,COLOR,1788558597514246,1788558597517589,1788558597601119,4
1,COLOR,1788558597547578,1788558597550929,1788558597603097,5
1,COLOR,1788558597580913,1788558597584253,1788558597605178,6
1,COLOR,1788558597614245,1788558597617591,1788558597633256,7
1,COLOR,1788558597647577,1788558597650928,1788558597666747,8
1,COLOR,1788558597680914,1788558597684270,1788558597700067,9
1,COLOR,1788558597714250,1788558597717611,1788558597733342,10
1,COLOR,1788558597747579,1788558597750945,1788558597766723,11
1,COLOR,1788558597780915,1788558597784287,1788558597800034,12
1,COLOR,1788558597814246,1788558597817623,1788558597833363,13
1,COLOR,1788558597847583,1788558597850966,1788558597866529,14
1,COLOR,1788558597880915,1788558597884303,1788558597899915,15
1,COLOR,1788558597914247,1788558597917640,1788558597933214,16
1,COLOR,1788558597947580,1788558597950978,1788558597966579,17
1,COLOR,1788558597980916,1788558597984320,1788558597999861,18
1,COLOR,1788558598014249,1788558598017658,1788558598033215,19
1,COLOR,1788558598047584,1788558598050998,1788558598066692,20
1,COLOR,1788558598080915,1788558598084335,1788558598100005,21
1,COLOR,1788558598114252,1788558598117678,1788558598133305,22
1,COLOR,1788558598147584,1788558598151014,1788558598166524,23
1,COLOR,1788558598180919,1788558598184354,1788558598199871,24
1,COLOR,1788558598214254,1788558598217695,1788558598233487,25
1,COLOR,1788558598247585,1788558598251032,1788558598266669,26
1,COLOR,1788558598280920,1788558598284373,1788558598300011,27
1,COLOR,1788558598314252,1788558598317710,1788558598333340,28
1,COLOR,1788558598347586,1788558598351049,1788558598366707,29
1,COLOR,1788558598380920,1788558598384389,1788558598400060,30
1,COLOR,1788558598414255,1788558598417729,1788558598433346,31
1,COLOR,1788558598447587,1788558598451066,1788558598466652,32
1,COLOR,1788558598480921,1788558598484406,1788558598500023,33
1,COLOR,1788558598514255,1788558598517745,1788558598533327,34
1,COLOR,1788558598547588,1788558598551083,1788558598566669,35
1,COLOR,1788558598580923,1788558598584423,1788558598600027,36
1,COLOR,1788558598614257,1788558598616801,1788558598633361,37
1,COLOR,1788558598647590,1788558598650136,1788558598666698,38
1,COLOR,1788558598680924,1788558598683472,1788558598700048,39
1,COLOR,1788558598714258,1788558598716808,1788558598733678,40
1,COLOR,1788558598747591,1788558598750142,1788558598766714,41
1,COLOR,1788558598780925,1788558598783478,1788558598800011,42
1,COLOR,1788558598814258,1788558598816812,1788558598833373,43
1,COLOR,1788558598847592,1788558598850148,1788558598866716,44
1,COLOR,1788558598880926,1788558598883485,1788558598899899,45
1,COLOR,1788558598914260,1788558598916819,1788558598933318,46
1,COLOR,1788558598947594,1788558598950156,1788558598966586,47
1,COLOR,1788558598980927,1788558598983491,1788558598999871,48
1,COLOR,1788558599014261,1788558599016827,1788558599033382,49
1,COLOR,1788558599047594,1788558599050160,1788558599066763,50
1,COLOR,1788558599080926,1788558599083495,1788558599100013,51
1,COLOR,1788558599114261,1788558599116831,1788558599133324,52
1,COLOR,1788558599147595,1788558599150166,1788558599166590,53
1,COLOR,1788558599180929,1788558599183502,1788558599199896,54
1,COLOR,1788558599214263,1788558599216839,1788558599233351,55
1,COLOR,1788558599247596,1788558599250172,1788558599266680,56
1,COLOR,1788558599280931,1788558599283509,1788558599299997,57
1,COLOR,1788558599314265,1788558599316846,1788558599333343,58
1,COLOR,1788558599347598,1788558599350180,1788558599366552,59
1,COLOR,1788558599380933,1788558599383516,1788558599400155,60
1,COLOR,1788558599414266,1788558599416852,1788558599433185,61
1,COLOR,1788558599447600,1788558599450188,1788558599466563,62
1,COLOR,1788558599480933,1788558599483522,1788558599500035,63
1,COLOR,1788558599514266,1788558599516857,1788558599533345,64
1,COLOR,1788558599547601,1788558599550192,1788558599566570,65
1,COLOR,1788558599580934,1788558599583528,1788558599599853,66
1,COLOR,1788558599614269,1788558599617223,1788558599633383,67
1,COLOR,1788558599647603,1788558599650557,1788558599666726,68
1,COLOR,1788558599680935,1788558599683890,1788558599700024,69
1,COLOR,1788558599714269,1788558599717224,1788558599733201,70
1,COLOR,1788558599747602,1788558599750558,1788558599766752,71
1,COLOR,1788558599780939,1788558599783896,1788558599799884,72
1,COLOR,1788558599814268,1788558599817225,1788558599833223,73
1,COLOR,1788558599847605,1788558599850563,1788558599866672,74
1,COLOR,1788558599880938,1788558599883896,1788558599900020,75
1,COLOR,1788558599914267,1788558599917225,1788558599933211,76
1,COLOR,1788558599947607,1788558599950565,1788558599966676,77
1,COLOR,1788558599980937,1788558599983896,1788558599999852,78
1,COLOR,1788558600014272,1788558600017231,1788558600033220,79
1,COLOR,1788558600047602,1788558600050563,1788558600066828,80
1,COLOR,1788558600080937,1788558600083898,1788558600099879,81
1,COLOR,1788558600114270,1788558600117232,1788558600133219,82
1,COLOR,1788558600147604,1788558600150567,1788558600166513,83
1,COLOR,1788558600180939,1788558600183901,1788558600199876,84
1,COLOR,1788558600214272,1788558600217236,1788558600233208,85
1,COLOR,1788558600247605,1788558600250568,1788558600266682,86
1,COLOR,1788558600280941,1788558600283906,1788558600299993,87
1,COLOR,1788558600314278,1788558600317243,1788558600333374,88
1,COLOR,1788558600347610,1788558600350575,1788558600366689,89
1,COLOR,1788558600380942,1788558600383908,1788558600400002,90
1,COLOR,1788558600414276,1788558600417242,1788558600433359,91
1,COLOR,1788558600447608,1788558600450576,1788558600466717,92
1,COLOR,1788558600480944,1788558600483911,1788558600499999,93
1,COLOR,1788558600514277,1788558600517246,1788558600533353,94
1,COLOR,1788558600547611,1788558600550580,1788558600566856,95
1,COLOR,1788558600580943,1788558600583913,1788558600600084,96
1,COLOR,1788558600614277,1788558600616357,1788558600633261,97
1,COLOR,1788558600647610,1788558600649690,1788558600666580,98
1,COLOR,1788558600680944,1788558600683025,1788558600700039,99
1,COLOR,1788558600714280,1788558600716360,1788558600733397,100
1,COLOR,1788558600747613,1788558600749694,1788558600766710,101
1,COLOR,1788558600780947,1788558600783029,1788558600800000,102
1,COLOR,1788558600814280,1788558600816362,1788558600833326,103
1,COLOR,1788558600847614,1788558600849696,1788558600866734,104
1,COLOR,1788558600880948,1788558600883031,1788558600900005,105
1,COLOR,1788558600914283,1788558600916366,1788558600933226,106
1,COLOR,1788558600947616,1788558600949698,1788558600966747,107
1,COLOR,1788558600980950,1788558600983032,1788558600999874,108
1,COLOR,1788558601014284,1788558601016367,1788558601033195,109
1,COLOR,1788558601047615,1788558601049699,1788558601066911,110
1,COLOR,1788558601080948,1788558601083032,1788558601100032,111
1,COLOR,1788558601114283,1788558601116367,1788558601133343,112
1,COLOR,1788558601147614,1788558601149698,1788558601166567,113
1,COLOR,1788558601180950,1788558601183035,1788558601199897,114
1,COLOR,1788558601214284,1788558601216368,1788558601233353,115
1,COLOR,1788558601247616,1788558601249701,1788558601266720,116
1,COLOR,1788558601280951,1788558601283036,1788558601299998,117
1,COLOR,1788558601314283,1788558601316369,1788558601333320,118
1,COLOR,1788558601347619,1788558601349705,1788558601366713,119
1,COLOR,1788558601380951,1788558601383038,1788558601399880,120
1,COLOR,1788558601414285,1788558601416372,1788558601433369,121
1,COLOR,1788558601447620,1788558601449706,1788558601466584,122
1,COLOR,1788558601480953,1788558601483041,1788558601499897,123
1,COLOR,1788558601514287,1788558601516374,1788558601533347,124
1,COLOR,1788558601547621,1788558601549709,1788558601566572,125
1,COLOR,1788558601580955,1788558601583042,1788558601599871,126
1,COLOR,1788558601614290,1788558601617099,1788558601633349,127
1,COLOR,1788558601647624,1788558601650434,1788558601666939,128
1,COLOR,1788558601680959,1788558601683769,1788558601700165,129
1,COLOR,1788558601714293,1788558601717104,1788558601733520,130
1,COLOR,1788558601747627,1788558601750437,1788558601766848,131
1,COLOR,1788558601780961,1788558601783772,1788558601800168,132
1,COLOR,1788558601814295,1788558601817108,1788558601833495,133
1,COLOR,1788558601847625,1788558601850438,1788558601866817,134
1,COLOR,1788558601880961,1788558601883775,1788558601899851,135
1,COLOR,1788558601914291,1788558601917105,1788558601933189,136
1,COLOR,1788558601947629,1788558601950444,1788558601966697,137
1,COLOR,1788558601980959,1788558601983774,1788558602000000,138
1,COLOR,1788558602014293,1788558602017109,1788558602033231,139
1,COLOR,1788558602047626,1788558602050443,1788558602066554,140
1,COLOR,1788558602080959,1788558602083776,1788558602100210,141
1,COLOR,1788558602114292,1788558602117110,1788558602133485,142
1,COLOR,1788558602147628,1788558602150446,1788558602166691,143
1,COLOR,1788558602180961,1788558602183780,1788558602199986,144
1,COLOR,1788558602214295,1788558602217115,1788558602233233,145
1,COLOR,1788558602247629,1788558602250450,1788558602266562,146
1,COLOR,1788558602280961,1788558602283782,1788558602300023,147
1,COLOR,1788558602314297,1788558602317120,1788558602333311,148
1,COLOR,1788558602347632,1788558602350455,1788558602366647,149
1,COLOR,1788558602380961,1788558602383785,1788558602399994,150
1,COLOR,1788558602414298,1788558602417123,1788558602433324,151
1,COLOR,1788558602447633,1788558602450458,1788558602466686,152
1,COLOR,1788558602480961,1788558602483786,1788558602500004,153
1,COLOR,1788558602514299,1788558602517124,1788558602533508,154
1,COLOR,1788558602547632,1788558602550458,1788558602566714,155
1,COLOR,1788558602580961,1788558602583789,1788558602600028,156
1,COLOR,1788558602614301,1788558602616493,1788558602633554,157
1,COLOR,1788558602647633,1788558602649826,1788558602666559,158
1,COLOR,1788558602680961,1788558602683155,1788558602700027,159
1,COLOR,1788558602714302,1788558602716495,1788558602733509,160
1,COLOR,1788558602747637,1788558602749830,1788558602766689,161
1,COLOR,1788558602780961,1788558602783155,1788558602800019,162
1,COLOR,1788558602814304,1788558602816497,1788558602833494,163
1,COLOR,1788558602847637,1788558602849831,1788558602866862,164
1,COLOR,1788558602880961,1788558602883155,1788558602900116,165
1,COLOR,1788558602914305,1788558602916498,1788558602933195,166
1,COLOR,1788558602947639,1788558602949833,1788558602966688,167
1,COLOR,1788558602980972,1788558602983167,1788558602999875,168
1,COLOR,1788558603014304,1788558603016499,1788558603033223,169
1,COLOR,1788558603047639,1788558603049833,1788558603066554,170
1,COLOR,1788558603080961,1788558603083156,1788558603100339,171
1,COLOR,1788558603114306,1788558603116501,1788558603133570,172
1,COLOR,1788558603147640,1788558603149835,1788558603166576,173
1,COLOR,1788558603180961,1788558603183156,1788558603200044,174
1,COLOR,1788558603214308,1788558603216504,1788558603233189,175
1,COLOR,1788558603247640,1788558603249836,1788558603266549,176
1,COLOR,1788558603280971,1788558603283166,1788558603299881,177
1,COLOR,1788558603314305,1788558603316500,1788558603333542,178
1,COLOR,1788558603347641,1788558603349836,1788558603366569,179
1,COLOR,1788558603380973,1788558603383169,1788558603400042,180
1,COLOR,1788558603414304,1788558603416499,1788558603433355,181
1,COLOR,1788558603447641,1788558603449836,1788558603466524,182
1,COLOR,1788558603480974,1788558603483170,1788558603499842,183
1,COLOR,1788558603514304,1788558603516499,1788558603533343,184
1,COLOR,1788558603547641,1788558603549837,1788558603566554,185
1,COLOR,1788558603580975,1788558603583172,1788558603599872,186
1,COLOR,1788558603614306,1788558603616502,1788558603633605,187
1,COLOR,1788558603647645,1788558603649841,1788558603666888,188
1,COLOR,1788558603680978,1788558603683175,1788558603700068,189
1,COLOR,1788558603714309,1788558603716505,1788558603733502,190
1,COLOR,1788558603747645,1788558603749842,1788558603766731,191
1,COLOR,1788558603780978,1788558603783174,1788558603800042,192
1,COLOR,1788558603814309,1788558603816507,1788558603833392,193
1,COLOR,1788558603847644,1788558603849841,1788558603866722,194
1,COLOR,1788558603880978,1788558603883175,1788558603900008,195
1,COLOR,1788558603914313,1788558603916511,1788558603933227,196
1,COLOR,1788558603947648,1788558603949845,1788558603966703,197
1,COLOR,1788558603980981,1788558603983179,1788558603999990,198
1,COLOR,1788558604014313,1788558604016510,1788558604033380,199
1,COLOR,1788558604047649,1788558604049847,1788558604066906,200
1,COLOR,1788558604080981,1788558604083179,1788558604100041,201
1,COLOR,1788558604114312,1788558604116509,1788558604133205,202
1,COLOR,1788558604147647,1788558604149846,1788558604166709,203
1,COLOR,1788558604180984,1788558604183183,1788558604199887,204
1,COLOR,1788558604214315,1788558604216514,1788558604233602,205
1,COLOR,1788558604247649,1788558604249847,1788558604267195,206
1,COLOR,1788558604280985,1788558604283184,1788558604299879,207
1,COLOR,1788558604314318,1788558604316517,1788558604333232,208
1,COLOR,1788558604347650,1788558604349848,1788558604366693,209
1,COLOR,1788558604380986,1788558604383184,1788558604400240,210
1,COLOR,1788558604414320,1788558604416518,1788558604433483,211
1,COLOR,1788558604447653,1788558604449853,1788558604466856,212
1,COLOR,1788558604480987,1788558604483186,1788558604500119,213
1,COLOR,1788558604514321,1788558604516521,1788558604533514,214
1,COLOR,1788558604547655,1788558604549854,1788558604566554,215
1,COLOR,1788558604580988,1788558604583187,1788558604600011,216
1,COLOR,1788558604614322,1788558604616521,1788558604633490,217
1,COLOR,1788558604647657,1788558604649856,1788558604666582,218
1,COLOR,1788558604680990,1788558604683189,1788558604699836,219
1,COLOR,1788558604714323,1788558604716522,1788558604733510,220
1,COLOR,1788558604747657,1788558604749857,1788558604766663,221
1,COLOR,1788558604780991,1788558604783192,1788558604800018,222
1,COLOR,1788558604814324,1788558604816525,1788558604833331,223
1,COLOR,1788558604847659,1788558604849860,1788558604866879,224
1,COLOR,1788558604880991,1788558604883192,1788558604899840,225
1,COLOR,1788558604914322,1788558604916522,1788558604933176,226
1,COLOR,1788558604947660,1788558604949861,1788558604966694,227
1,COLOR,1788558604980990,1788558604983191,1788558604999872,228
1,COLOR,1788558605014326,1788558605016527,1788558605033195,229
1,COLOR,1788558605047660,1788558605049860,1788558605066810,230
1,COLOR,1788558605080993,1788558605083194,1788558605099889,231
1,COLOR,1788558605114328,1788558605116530,1788558605133188,232
1,COLOR,1788558605147662,1788558605149863,1788558605166717,233
1,COLOR,1788558605180993,1788558605183194,1788558605199842,234
1,COLOR,1788558605214329,1788558605216530,1788558605233175,235
1,COLOR,1788558605247660,1788558605249862,1788558605266671,236
1,COLOR,1788558605280993,1788558605283195,1788558605300144,237
1,COLOR,1788558605314329,1788558605316532,1788558605333215,238
1,COLOR,1788558605347661,1788558605349864,1788558605366680,239
1,COLOR,1788558605380993,1788558605383196,1788558605400019,240
1,COLOR,1788558605414331,1788558605416533,1788558605433209,241
1,COLOR,1788558605447662,1788558605449865,1788558605466516,242
1,COLOR,1788558605480994,1788558605483196,1788558605499836,243
1,COLOR,1788558605514332,1788558605516535,1788558605533359,244
1,COLOR,1788558605547661,1788558605549863,1788558605566546,245
1,COLOR,1788558605580997,1788558605583200,1788558605599868,246
1,COLOR,1788558605614332,1788558605616535,1788558605633354,247
1,COLOR,1788558605647666,1788558605649870,1788558605666688,248
1,COLOR,1788558605680999,1788558605683203,1788558605700263,249
1,COLOR,1788558605714334,1788558605716538,1788558605733175,250
1,COLOR,1788558605747664,1788558605749868,1788558605766561,251
1,COLOR,1788558605780999,1788558605783203,1788558605800004,252
1,COLOR,1788558605814335,1788558605816539,1788558605833184,253
1,COLOR,1788558605847666,1788558605849870,1788558605866547,254
1,COLOR,1788558605881001,1788558605883205,1788558605899855,255
1,COLOR,1788558605914333,1788558605916537,1788558605933203,256
1,COLOR,1788558605947668,1788558605949872,1788558605966566,257
1,COLOR,1788558605980999,1788558605983203,1788558606000023,258
1,COLOR,1788558606014336,1788558606016540,1788558606033387,259
1,COLOR,1788558606047666,1788558606049871,1788558606066720,260
1,COLOR,1788558606081003,1788558606083208,1788558606100264,261
1,COLOR,1788558606114338,1788558606116542,1788558606133201,262
1,COLOR,1788558606147670,1788558606149875,1788558606166569,263
1,COLOR,1788558606181005,1788558606183209,1788558606200256,264
1,COLOR,1788558606214338,1788558606216543,1788558606233385,265
1,COLOR,1788558606247669,1788558606249873,1788558606266571,266
1,COLOR,1788558606281005,1788558606283211,1788558606299970,267
1,COLOR,1788558606314338,1788558606316543,1788558606333216,268
1,COLOR,1788558606347672,1788558606349878,1788558606366538,269
1,COLOR,1788558606381006,1788558606383211,1788558606399968,270
1,COLOR,1788558606414339,1788558606416545,1788558606433317,271
1,COLOR,1788558606447673,1788558606449879,1788558606466909,272
1,COLOR,1788558606481008,1788558606483214,1788558606500015,273
1,COLOR,1788558606514342,1788558606516547,1788558606533535,274
1,COLOR,1788558606547675,1788558606549881,1788558606566566,275
1,COLOR,1788558606581008,1788558606583213,1788558606600144,276
1,COLOR,1788558606614342,1788558606616549,1788558606633361,277
1,COLOR,1788558606647673,1788558606649880,1788558606666535,278
1,COLOR,1788558606681009,1788558606683215,1788558606700212,279
1,COLOR,1788558606714342,1788558606716548,1788558606733501,280
1,COLOR,1788558606747675,1788558606749882,1788558606766824,281
1,COLOR,1788558606781009,1788558606783216,1788558606800011,282
1,COLOR,1788558606814342,1788558606816549,1788558606833660,283
1,COLOR,1788558606847676,1788558606849884,1788558606866717,284
1,COLOR,1788558606881011,1788558606883219,1788558606900010,285
1,COLOR,1788558606914344,1788558606916552,1788558606933503,286
1,COLOR,1788558606947679,1788558606949887,1788558606966835,287
1,COLOR,1788558606981013,1788558606983220,1788558607000051,288
1,COLOR,1788558607014347,1788558607016554,1788558607033385,289
1,COLOR,1788558607047678,1788558607049886,1788558607066694,290
1,COLOR,1788558607081012,1788558607083219,1788558607100236,291
1,COLOR,1788558607114345,1788558607116553,1788558607133237,292
1,COLOR,1788558607147680,1788558607149888,1788558607166564,293
1,COLOR,1788558607181015,1788558607183223,1788558607200014,294
1,COLOR,1788558607214346,1788558607216555,1788558607233335,295
1,COLOR,1788558607247680,1788558607249889,1788558607266566,296
1,COLOR,1788558607281014,1788558607283222,1788558607300067,297
1,COLOR,1788558607314347,1788558607316556,1788558607333525,298
1,COLOR,1788558607347682,1788558607349890,1788558607366538,299
1,COLOR,1788558607381017,1788558607383226,1788558607399881,300
1,COLOR,1788558607414349,1788558607416558,1788558607433580,301
1,COLOR,1788558607447684,1788558607449894,1788558607466562,302
1,COLOR,1788558607481016,1788558607483226,1788558607499896,303
1,COLOR,1788558607514351,1788558607516560,1788558607533669,304
1,COLOR,1788558607547684,1788558607549894,1788558607566736,305
1,COLOR,1788558607581018,1788558607583227,1788558607599855,306
1,COLOR,1788558607614351,1788558607616414,1788558607633599,307
1,COLOR,1788558607647685,1788558607649605,1788558607666729,308
1,COLOR,1788558607681022,1788558607682798,1788558607700027,309
1,COLOR,1788558607714354,1788558607715986,1788558607733204,310
1,COLOR,1788558607747686,1788558607749174,1788558607766739,311
1,COLOR,1788558607781021,1788558607782370,1788558607800035,312
1,COLOR,1788558607814354,1788558607815563,1788558607833484,313
1,COLOR,1788558607847688,1788558607848757,1788558607866544,314
1,COLOR,1788558607881023,1788558607881953,1788558607900065,315
1,COLOR,1788558607914352,1788558607915144,1788558607933184,316
1,COLOR,1788558607947688,1788558607948341,1788558607966522,317
1,COLOR,1788558607981023,1788558607981539,1788558607999861,318
1,COLOR,1788558608014359,1788558608014740,1788558608033344,319
1,COLOR,1788558608047692,1788558608047939,1788558608066651,320
1,COLOR,1788558608081024,1788558608081138,1788558608099877,321
1,COLOR,1788558608114357,1788558608114338,1788558608133451,322
1,COLOR,1788558608147690,1788558608147541,1788558608166556,323
1,COLOR,1788558608181024,1788558608180743,1788558608199869,324
1,COLOR,1788558608214358,1788558608213947,1788558608233545,325
1,COLOR,1788558608247689,1788558608247150,1788558608266728,326
1,COLOR,1788558608281025,1788558608280359,1788558608300228,327
1,COLOR,1788558608314358,1788558608313565,1788558608333374,328
1,COLOR,1788558608347695,1788558608346777,1788558608366851,329
1,COLOR,1788558608381029,1788558608379987,1788558608400011,330
1,COLOR,1788558608414361,1788558608413194,1788558608433327,331
1,COLOR,1788558608447693,1788558608446402,1788558608466916,332
1,COLOR,1788558608481027,1788558608479615,1788558608500248,333
1,COLOR,1788558608514361,1788558608512828,1788558608533503,334
1,COLOR,1788558608547694,1788558608546040,1788558608566734,335
1,COLOR,1788558608581029,1788558608579255,1788558608600138,336
1,COLOR,1788558608614365,1788558608612471,1788558608633462,337
1,COLOR,1788558608647696,1788558608645685,1788558608666863,338
1,COLOR,1788558608681031,1788558608678903,1788558608700188,339
1,COLOR,1788558608714365,1788558608712121,1788558608733529,340
1,COLOR,1788558608747698,1788558608745339,1788558608766831,341
1,COLOR,1788558608781031,1788558608778557,1788558608800024,342
1,COLOR,1788558608814363,1788558608811772,1788558608833242,343
1,COLOR,1788558608847699,1788558608844995,1788558608866827,344
1,COLOR,1788558608881031,1788558608878214,1788558608900057,345
1,COLOR,1788558608914365,1788558608911435,1788558608933361,346
1,COLOR,1788558608947701,1788558608944659,1788558608966684,347
1,COLOR,1788558608981032,1788558608977878,1788558608999867,348
1,COLOR,1788558609014364,1788558609011099,1788558609033216,349
1,COLOR,1788558609047702,1788558609044327,1788558609066688,350
1,COLOR,1788558609081035,1788558609077550,1788558609100050,351
1,COLOR,1788558609114368,1788558609110774,1788558609133319,352
1,COLOR,1788558609147702,1788558609144001,1788558609166730,353
1,COLOR,1788558609181036,1788558609177228,1788558609199868,354
1,COLOR,1788558609214369,1788558609210452,1788558609233187,355
1,COLOR,1788558609247701,1788558609243680,1788558609266902,356
1,COLOR,1788558609281035,1788558609276909,1788558609300136,357
1,COLOR,1788558609314369,1788558609310141,1788558609333226,358
1,COLOR,1788558609347702,1788558609343369,1788558609366565,359
1,COLOR,1788558609381036,1788558609376599,1788558609399877,360
1,COLOR,1788558609414372,1788558609409833,1788558609433387,361
1,COLOR,1788558609447705,1788558609443065,1788558609466729,362
1,COLOR,1788558609481038,1788558609476296,1788558609499857,363
1,COLOR,1788558609514373,1788558609509531,1788558609533385,364
1,COLOR,1788558609547704,1788558609542763,1788558609566532,365
1,COLOR,1788558609581041,1788558609576000,1788558609599843,366
1,COLOR,1788558609614374,1788558609609232,1788558609633356,367
1,COLOR,1788558609647708,1788558609642471,1788558609666681,368
1,COLOR,1788558609681041,1788558609675705,1788558609699862,369
1,COLOR,1788558609714376,1788558609708943,1788558609733182,370
1,COLOR,1788558609747708,1788558609742178,1788558609766655,371
1,COLOR,1788558609781042,1788558609775418,1788558609800015,372
1,COLOR,1788558609814377,1788558609808657,1788558609833213,373
1,COLOR,1788558609847710,1788558609841897,1788558609866666,374
1,COLOR,1788558609881044,1788558609875138,1788558609899887,375
1,COLOR,1788558609914378,1788558609908378,1788558609933184,376
1,COLOR,1788558609947707,1788558609941616,1788558609966718,377
1,COLOR,1788558609981044,1788558609974860,1788558609999868,378
1,COLOR,1788558610014375,1788558610008100,1788558610033207,379
1,COLOR,1788558610047712,1788558610041348,1788558610067032,380
1,COLOR,1788558610081045,1788558610074591,1788558610099874,381
1,COLOR,1788558610114378,1788558610107835,1788558610133376,382
1,COLOR,1788558610147713,1788558610141083,1788558610166665,383
1,COLOR,1788558610181047,1788558610174329,1788558610200013,384
1,COLOR,1788558610214378,1788558610207573,1788558610233193,385
1,COLOR,1788558610247715,1788558610240822,1788558610266674,386
1,COLOR,1788558610281044,1788558610274067,1788558610300195,387
1,COLOR,1788558610314381,1788558610307318,1788558610333232,388
1,COLOR,1788558610347713,1788558610340565,1788558610366719,389
1,COLOR,1788558610381050,1788558610373819,1788558610400222,390
1,COLOR,1788558610414384,1788558610407069,1788558610433347,391
1,COLOR,1788558610447717,1788558610440319,1788558610466683,392
1,COLOR,1788558610481047,1788558610473568,1788558610500305,393
1,COLOR,1788558610514386,1788558610506828,1788558610533547,394
1,COLOR,1788558610547719,1788558610540080,1788558610566873,395
1,COLOR,1788558610581053,1788558610573334,1788558610600147,396
1,COLOR,1788558610614384,1788558610606584,1788558610633247,397
1,COLOR,1788558610647718,1788558610639838,1788558610666565,398
1,COLOR,1788558610681054,1788558610673093,1788558610700011,399
1,COLOR,1788558610714387,1788558610706350,1788558610733682,400
1,COLOR,1788558610747719,1788558610739605,1788558610767031,401
1,COLOR,1788558610781053,1788558610772862,1788558610799890,402
1,COLOR,1788558610814385,1788558610806116,1788558610833328,403
1,COLOR,1788558610847720,1788558610839376,1788558610866716,404
1,COLOR,1788558610881054,1788558610872632,1788558610900023,405
1,COLOR,1788558610914388,1788558610905891,1788558610933382,406
1,COLOR,1788558610947720,1788558610939149,1788558610966911,407
1,COLOR,1788558610981053,1788558610972408,1788558611000062,408
1,COLOR,1788558611014386,1788558611005667,1788558611033336,409
1,COLOR,1788558611047720,1788558611038926,1788558611066692,410
1,COLOR,1788558611081054,1788558611072187,1788558611100005,411
1,COLOR,1788558611114389,1788558611105451,1788558611133498,412
1,COLOR,1788558611147722,1788558611138712,1788558611166683,413
1,COLOR,1788558611181055,1788558611171973,1788558611199982,414
1,COLOR,1788558611214388,1788558611205234,1788558611233192,415
1,COLOR,1788558611247721,1788558611238495,1788558611266670,416
1,COLOR,1788558611281058,1788558611271761,1788558611300010,417
1,COLOR,1788558611314387,1788558611305021,1788558611333533,418
1,COLOR,1788558611347721,1788558611338286,1788558611366702,419
1,COLOR,1788558611381054,1788558611371550,1788558611400032,420
1,COLOR,1788558611414389,1788558611404819,1788558611433581,421
1,COLOR,1788558611447722,1788558611438083,1788558611466550,422
1,COLOR,1788558611481057,1788558611471350,1788558611499862,423
1,COLOR,1788558611514391,1788558611504615,1788558611533339,424
1,COLOR,1788558611547723,1788558611537880,1788558611566505,425
1,COLOR,1788558611581059,1788558611571149,1788558611599860,426
1,COLOR,1788558611614393,1788558611604417,1788558611633477,427
1,COLOR,1788558611647727,1788558611637685,1788558611666809,428
1,COLOR,1788558611681063,1788558611670957,1788558611700039,429
1,COLOR,1788558611714392,1788558611704221,1788558611733217,430
1,COLOR,1788558611747726,1788558611737490,1788558611766542,431
1,COLOR,1788558611781064,1788558611770763,1788558611799857,432
1,COLOR,1788558611814394,1788558611804030,1788558611833321,433
1,COLOR,1788558611847726,1788558611837298,1788558611866663,434
1,COLOR,1788558611881064,1788558611870574,1788558611900015,435
1,COLOR,1788558611914398,1788558611903845,1788558611933362,436
1,COLOR,1788558611947729,1788558611937115,1788558611966812,437
1,COLOR,1788558611981065,1788558611970389,1788558611999892,438
1,COLOR,1788558612014395,1788558612003659,1788558612033217,439
1,COLOR,1788558612047731,1788558612036936,1788558612066927,440
1,COLOR,1788558612081066,1788558612070212,1788558612100174,441
1,COLOR,1788558612114396,1788558612103482,1788558612133170,442
1,COLOR,1788558612147729,1788558612136753,1788558612166511,443
1,COLOR,1788558612181066,1788558612170031,1788558612199869,444
1,COLOR,1788558612214398,1788558612203305,1788558612233541,445
1,COLOR,1788558612247732,1788558612236580,1788558612266549,446
1,COLOR,1788558612281067,1788558612269856,1788558612299841,447
1,COLOR,1788558612314401,1788558612303136,1788558612334006,448
1,COLOR,1788558612347732,1788558612336414,1788558612367024,449
1,COLOR,1788558612381069,1788558612369694,1788558612400052,450
1,COLOR,1788558612414401,1788558612402970,1788558612433342,451
1,COLOR,1788558612447735,1788558612436249,1788558612466849,452
1,COLOR,1788558612481072,1788558612469531,1788558612499976,453
1,COLOR,1788558612514403,1788558612502805,1788558612533211,454
1,COLOR,1788558612547737,1788558612536085,1788558612566671,455
1,COLOR,1788558612581071,1788558612569366,1788558612600192,456
1,COLOR,1788558612614404,1788558612602643,1788558612633241,457
1,COLOR,1788558612647740,1788558612635927,1788558612666568,458
1,COLOR,1788558612681074,1788558612669208,1788558612700166,459
1,COLOR,1788558612714408,1788558612702488,1788558612733346,460
1,COLOR,1788558612747740,1788558612735767,1788558612766527,461
1,COLOR,1788558612781073,1788558612769047,1788558612799996,462
1,COLOR,1788558612814406,1788558612802328,1788558612833461,463
1,COLOR,1788558612847739,1788558612835610,1788558612866664,464
1,COLOR,1788558612881073,1788558612868895,1788558612900131,465
1,COLOR,1788558612914404,1788558612902174,1788558612933175,466
1,COLOR,1788558612947740,1788558612935458,1788558612966672,467
1,COLOR,1788558612981074,1788558612968743,1788558613000014,468
1,COLOR,1788558613014408,1788558613002028,1788558613033350,469
1,COLOR,1788558613047741,1788558613035312,1788558613066957,470
1,COLOR,1788558613081075,1788558613068597,1788558613100010,471
1,COLOR,1788558613114409,1788558613101880,1788558613133186,472
1,COLOR,1788558613147740,1788558613135163,1788558613166818,473
1,COLOR,1788558613181077,1788558613168452,1788558613199842,474
1,COLOR,1788558613214410,1788558613201737,1788558613233202,475
1,COLOR,1788558613247741,1788558613235020,1788558613266811,476
1,COLOR,1788558613281076,1788558613268306,1788558613299831,477
1,COLOR,1788558613314411,1788558613301594,1788558613333182,478
1,COLOR,1788558613347745,1788558613334882,1788558613366829,479
1,COLOR,1788558613381076,1788558613368167,1788558613400017,480
1,COLOR,1788558613414412,1788558613401458,1788558613433554,481
1,COLOR,1788558613447746,1788558613434747,1788558613466680,482
1,COLOR,1788558613481079,1788558613468033,1788558613500001,483
1,COLOR,1788558613514416,1788558613501327,1788558613533348,484
1,COLOR,1788558613547747,1788558613534612,1788558613566543,485
1,COLOR,1788558613581081,1788558613567900,1788558613599846,486
1,COLOR,1788558613614414,1788558613601189,1788558613633504,487
1,COLOR,1788558613647751,1788558613634483,1788558613666792,488
1,COLOR,1788558613681083,1788558613667771,1788558613699988,489
1,COLOR,1788558613714415,1788558613701060,1788558613733312,490
1,COLOR,1788558613747752,1788558613734352,1788558613766544,491
1,COLOR,1788558613781081,1788558613767638,1788558613799863,492
1,COLOR,1788558613814415,1788558613800929,1788558613833212,493
1,COLOR,1788558613847754,1788558613834225,1788558613866812,494
1,COLOR,1788558613881084,1788558613867514,1788558613899883,495
1,COLOR,1788558613914418,1788558613900804,1788558613933200,496
1,COLOR,1788558613947753,1788558613934099,1788558613966857,497
1,COLOR,1788558613981085,1788558613967390,1788558613999880,498
1,COLOR,1788558614014418,1788558614000680,1788558614033375,499
1,COLOR,1788558614047752,1788558614033977,1788558614066949,500
1,COLOR,1788558614081089,1788558614067277,1788558614100524,501
1,COLOR,1788558614114423,1788558614100573,1788558614133779,502
1,COLOR,1788558614147753,1788558614133866,1788558614166992,503
1,COLOR,1788558614181090,1788558614167164,1788558614200153,504
1,COLOR,1788558614214423,1788558614200457,1788558614233224,505
1,COLOR,1788558614247753,1788558614233748,1788558614266816,506
1,COLOR,1788558614281090,1788558614267046,1788558614299885,507
1,COLOR,1788558614314422,1788558614300339,1788558614333346,508
1,COLOR,1788558614347759,1788558614333638,1788558614366551,509
1,COLOR,1788558614381090,1788558614366930,1788558614400031,510
1,COLOR,1788558614414422,1788558614400225,1788558614433348,511
1,COLOR,1788558614447755,1788558614433519,1788558614466502,512
1,COLOR,1788558614481093,1788558614466820,1788558614500038,513
1,COLOR,1788558614514423,1788558614500112,1788558614533207,514
1,COLOR,1788558614547760,1788558614533412,1788558614566523,515
1,COLOR,1788558614581091,1788558614566705,1788558614599989,516
1,COLOR,1788558614614428,1788558614600006,1788558614633477,517
1,COLOR,1788558614647761,1788558614633303,1788558614666708,518
1,COLOR,1788558614681095,1788558614666603,1788558614700204,519
1,COLOR,1788558614714428,1788558614699902,1788558614733355,520
1,COLOR,1788558614747762,1788558614733201,1788558614766830,521
1,COLOR,1788558614781095,1788558614766498,1788558614800174,522
1,COLOR,1788558614814427,1788558614799797,1788558614833461,523
1,COLOR,1788558614847760,1788558614833096,1788558614866832,524
1,COLOR,1788558614881094,1788558614866396,1788558614900042,525
1,COLOR,1788558614914427,1788558614899694,1788558614933337,526
1,COLOR,1788558614947761,1788558614932996,1788558614966974,527
1,COLOR,1788558614981098,1788558614966300,1788558615000045,528
1,COLOR,1788558615014432,1788558614999600,1788558615033344,529
1,COLOR,1788558615047764,1788558615032900,1788558615066903,530
1,COLOR,1788558615081095,1788558615066199,1788558615100200,531
1,COLOR,1788558615114432,1788558615099503,1788558615133358,532
1,COLOR,1788558615147764,1788558615132803,1788558615166840,533
1,COLOR,1788558615181097,1788558615166105,1788558615200023,534
1,COLOR,1788558615214429,1788558615199403,1788558615233205,535
1,COLOR,1788558615247763,1788558615232706,1788558615266694,536
1,COLOR,1788558615281102,1788558615266013,1788558615300178,537
1,COLOR,1788558615314432,1788558615299311,1788558615333352,538
1,COLOR,1788558615347768,1788558615332617,1788558615366688,539
1,COLOR,1788558615381098,1788558615365915,1788558615400179,540
1,COLOR,1788558615414432,1788558615399220,1788558615433561,541
1,COLOR,1788558615447769,1788558615432526,1788558615466716,542
1,COLOR,1788558615481099,1788558615465826,1788558615500035,543
1,COLOR,1788558615514433,1788558615499131,1788558615533475,544
1,COLOR,1788558615547768,1788558615532435,1788558615566528,545
1,COLOR,1788558615581099,1788558615565734,1788558615599873,546
1,COLOR,1788558615614434,1788558615599039,1788558615633366,547
1,COLOR,1788558615647772,1788558615632348,1788558615666820,548
1,COLOR,1788558615681103,1788558615665652,1788558615700170,549
1,COLOR,1788558615714436,1788558615698957,1788558615733628,550
1,COLOR,1788558615747771,1788558615732264,1788558615766880,551
1,COLOR,1788558615781103,1788558615765567,1788558615800037,552
1,COLOR,1788558615814436,1788558615798870,1788558615833215,553
1,COLOR,1788558615847770,1788558615832178,1788558615866848,554
1,COLOR,1788558615881104,1788558615865484,1788558615900232,555
1,COLOR,1788558615914437,1788558615898789,1788558615933310,556
1,COLOR,1788558615947775,1788558615932100,1788558615966901,557
1,COLOR,1788558615981105,1788558615965404,1788558616000147,558
1,COLOR,1788558616014438,1788558615998710,1788558616033510,559
1,COLOR,1788558616047776,1788558616032020,1788558616066707,560
1,COLOR,1788558616081106,1788558616065323,1788558616100201,561
1,COLOR,1788558616114440,1788558616098633,1788558616133462,562
1,COLOR,1788558616147777,1788558616131944,1788558616166856,563
1,COLOR,1788558616181107,1788558616165246,1788558616199994,564
1,COLOR,1788558616214444,1788558616198557,1788558616233383,565
1,COLOR,1788558616247777,1788558616231864,1788558616266729,566
1,COLOR,1788558616281108,1788558616265169,1788558616300146,567
1,COLOR,1788558616314445,1788558616298482,1788558616333510,568
1,COLOR,1788558616347778,1788558616331789,1788558616366832,569
1,COLOR,1788558616381111,1788558616365096,1788558616400000,570
1,COLOR,1788558616414442,1788558616398401,1788558616433355,571
1,COLOR,1788558616447776,1788558616431711,1788558616466574,572
1,COLOR,1788558616481112,1788558616465021,1788558616499987,573
1,COLOR,1788558616514445,1788558616498329,1788558616533347,574
1,COLOR,1788558616547781,1788558616531641,1788558616566822,575
1,COLOR,1788558616581114,1788558616564948,1788558616599992,576
1,COLOR,1788558616614448,1788558616598258,1788558616633203,577
1,COLOR,1788558616647780,1788558616631567,1788558616666955,578
1,COLOR,1788558616681117,1788558616664879,1788558616700145,579
1,COLOR,1788558616714450,1788558616698189,1788558616733481,580
1,COLOR,1788558616747781,1788558616731496,1788558616766809,581
1,COLOR,1788558616781115,1788558616764808,1788558616800145,582
1,COLOR,1788558616814447,1788558616798116,1788558616833325,583
1,COLOR,1788558616847782,1788558616831428,1788558616866698,584
1,COLOR,1788558616881114,1788558616864737,1788558616900169,585
1,COLOR,1788558616914451,1788558616898052,1788558616933349,586
1,COLOR,1788558616947785,1788558616931363,1788558616966861,587
1,COLOR,1788558616981116,1788558616964671,1788558616999994,588
1,COLOR,1788558617014450,1788558616997983,1788558617033446,589
1,COLOR,1788558617047782,1788558617031293,1788558617066701,590
1,COLOR,1788558617081117,1788558617064605,1788558617100131,591
1,COLOR,1788558617114450,1788558617097917,1788558617133471,592
1,COLOR,1788558617147783,1788558617131229,1788558617166705,593
1,COLOR,1788558617181118,1788558617164541,1788558617200027,594
1,COLOR,1788558617214451,1788558617197852,1788558617233196,595
1,COLOR,1788558617247785,1788558617231165,1788558617266879,596
1,COLOR,1788558617281117,1788558617264476,1788558617300266,597
1,COLOR,1788558617314449,1788558617297787,1788558617333336,598
1,COLOR,1788558617347784,1788558617331101,1788558617366556,599
1,COLOR,1788558617381119,1788558617364415,1788558617400039,600
1,COLOR,1788558617414451,1788558617397727,1788558617433579,601
1,COLOR,1788558617447784,1788558617431039,1788558617466682,602
1,COLOR,1788558617481123,1788558617464357,1788558617500004,603
1,COLOR,1788558617514453,1788558617497667,1788558617533335,604
1,COLOR,1788558617547786,1788558617530977,1788558617566546,605
1,COLOR,1788558617581122,1788558617564292,1788558617599875,606
1,COLOR,1788558617614453,1788558617597602,1788558617633211,607
1,COLOR,1788558617647790,1788558617630918,1788558617666569,608
1,COLOR,1788558617681124,1788558617664233,1788558617700016,609
1,COLOR,1788558617714455,1788558617697543,1788558617733311,610
1,COLOR,1788558617747793,1788558617730861,1788558617766560,611
1,COLOR,1788558617781121,1788558617764169,1788558617799976,612
1,COLOR,1788558617814458,1788558617797486,1788558617833212,613
1,COLOR,1788558617847793,1788558617830802,1788558617866696,614
1,COLOR,1788558617881125,1788558617864114,1788558617899930,615
1,COLOR,1788558617914460,1788558617897428,1788558617933239,616
1,COLOR,1788558617947793,1788558617930742,1788558617966586,617
1,COLOR,1788558617981126,1788558617964057,1788558618000030,618
1,COLOR,1788558618014462,1788558617997374,1788558618033348,619
1,COLOR,1788558618047793,1788558618030685,1788558618066560,620
1,COLOR,1788558618081129,1788558618064003,1788558618100024,621
1,COLOR,1788558618114462,1788558618097316,1788558618133250,622
1,COLOR,1788558618147794,1788558618130630,1788558618166591,623
1,COLOR,1788558618181130,1788558618163949,1788558618200048,624
1,COLOR,1788558618214465,1788558618197265,1788558618233206,625
1,COLOR,1788558618247795,1788558618230575,1788558618266590,626
1,COLOR,1788558618281129,1788558618263893,1788558618300044,627
1,COLOR,1788558618314465,1788558618297212,1788558618333405,628
1,COLOR,1788558618347801,1788558618330531,1788558618366723,629
1,COLOR,1788558618381135,1788558618363847,1788558618400043,630
1,COLOR,1788558618414467,1788558618397161,1788558618433349,631
1,COLOR,1788558618447802,1788558618430478,1788558618466596,632
1,COLOR,1788558618481132,1788558618463791,1788558618499903,633
1,COLOR,1788558618514466,1788558618497109,1788558618533338,634
1,COLOR,1788558618547800,1788558618530424,1788558618566536,635
1,COLOR,1788558618581137,1788558618563744,1788558618600029,636
1,COLOR,1788558618614471,1788558618597060,1788558618633273,637
1,COLOR,1788558618647803,1788558618630376,1788558618666581,638
1,COLOR,1788558618681137,1788558618663696,1788558618700333,639
1,COLOR,1788558618714471,1788558618697013,1788558618733375,640
1,COLOR,1788558618747804,1788558618730331,1788558618766717,641
1,COLOR,1788558618781139,1788558618763649,1788558618799997,642
1,COLOR,1788558618814469,1788558618796965,1788558618833390,643
1,COLOR,1788558618847802,1788558618830282,1788558618866758,644
1,COLOR,1788558618881138,1788558618863602,1788558618900033,645
1,COLOR,1788558618914473,1788558618896921,1788558618933246,646
1,COLOR,1788558618947804,1788558618930236,1788558618966672,647
1,COLOR,1788558618981137,1788558618963552,1788558618999902,648
1,COLOR,1788558619014474,1788558618996874,1788558619033251,649
1,COLOR,1788558619047808,1788558619030194,1788558619067041,650
1,COLOR,1788558619081140,1788558619063512,1788558619100075,651
1,COLOR,1788558619114471,1788558619096828,1788558619133395,652
1,COLOR,1788558619147807,1788558619130150,1788558619166807,653
1,COLOR,1788558619181140,1788558619163469,1788558619200046,654
1,COLOR,1788558619214473,1788558619196787,1788558619233244,655
1,COLOR,1788558619247806,1788558619230104,1788558619266580,656
1,COLOR,1788558619281139,1788558619263422,1788558619299905,657
1,COLOR,1788558619314471,1788558619296738,1788558619333197,658
1,COLOR,1788558619347806,1788558619330056,1788558619366552,659
1,COLOR,1788558619381138,1788558619363375,1788558619399892,660
1,COLOR,1788558619414474,1788558619396696,1788558619433231,661
1,COLOR,1788558619447810,1788558619430017,1788558619466562,662
1,COLOR,1788558619481138,1788558619463329,1788558619499899,663
1,COLOR,1788558619514473,1788558619496649,1788558619533189,664
1,COLOR,1788558619547808,1788558619529971,1788558619566520,665
1,COLOR,1788558619581142,1788558619563289,1788558619599879,666
1,COLOR,1788558619614473,1788558619596606,1788558619633241,667
1,COLOR,1788558619647814,1788558619629932,1788558619666593,668
1,COLOR,1788558619681146,1788558619663252,1788558619699891,669
1,COLOR,1788558619714478,1788558619696570,1788558619733497,670
1,COLOR,1788558619747813,1788558619729892,1788558619766567,671
1,COLOR,1788558619781144,1788558619763210,1788558619800033,672
1,COLOR,1788558619814478,1788558619796529,1788558619833228,673
1,COLOR,1788558619847813,1788558619829851,1788558619866532,674
1,COLOR,1788558619881145,1788558619863169,1788558619900039,675
1,COLOR,1788558619914479,1788558619896491,1788558619933234,676
1,COLOR,1788558619947816,1788558619929814,1788558619966555,677
1,COLOR,1788558619981146,1788558619963133,1788558620000363,678
1,COLOR,1788558620014479,1788558619996452,1788558620033228,679
1,COLOR,1788558620047814,1788558620029776,1788558620066584,680
1,COLOR,1788558620081146,1788558620063093,1788558620099917,681
1,COLOR,1788558620114481,1788558620096417,1788558620133356,682
1,COLOR,1788558620147818,1788558620129740,1788558620166666,683
1,COLOR,1788558620181149,1788558620163059,1788558620200003,684
1,COLOR,1788558620214482,1788558620196380,1788558620233209,685
1,COLOR,1788558620247820,1788558620229706,1788558620266575,686
1,COLOR,1788558620281150,1788558620263023,1788558620300048,687
1,COLOR,1788558620314486,1788558620296347,1788558620333246,688
1,COLOR,1788558620347820,1788558620329667,1788558620366562,689
1,COLOR,1788558620381155,1788558620362992,1788558620399855,690
1,COLOR,1788558620414489,1788558620396313,1788558620433381,691
1,COLOR,1788558620447823,1788558620429634,1788558620466565,692
1,COLOR,1788558620481157,1788558620462957,1788558620499888,693
1,COLOR,1788558620514491,1788558620496279,1788558620533320,694
1,COLOR,1788558620547821,1788558620529597,1788558620566579,695
1,COLOR,1788558620581157,1788558620562921,1788558620599893,696
1,COLOR,1788558620614491,1788558620596244,1788558620633461,697
1,COLOR,1788558620647823,1788558620629565,1788558620666606,698
1,COLOR,1788558620681157,1788558620662887,1788558620699864,699
1,COLOR,1788558620714491,1788558620696212,1788558620733637,700
1,COLOR,1788558620747826,1788558620729537,1788558620766871,701
1,COLOR,1788558620781158,1788558620762859,1788558620800022,702
1,COLOR,1788558620814493,1788558620796183,1788558620833367,703
1,COLOR,1788558620847824,1788558620829503,1788558620866565,704
1,COLOR,1788558620881160,1788558620862826,1788558620899915,705
1,COLOR,1788558620914490,1788558620896147,1788558620933209,706
1,COLOR,1788558620947826,1788558620929471,1788558620966671,707
1,COLOR,1788558620981161,1788558620962794,1788558620999857,708
1,COLOR,1788558621014494,1788558620996117,1788558621033221,709
1,COLOR,1788558621047827,1788558621029438,1788558621066686,710
1,COLOR,1788558621081160,1788558621062764,1788558621100319,711
1,COLOR,1788558621114496,1788558621096091,1788558621133515,712
1,COLOR,1788558621147830,1788558621129415,1788558621166577,713
1,COLOR,1788558621181163,1788558621162737,1788558621199888,714
1,COLOR,1788558621214493,1788558621196056,1788558621233365,715
1,COLOR,1788558621247831,1788558621229385,1788558621266697,716
1,COLOR,1788558621281164,1788558621262709,1788558621300041,717
1,COLOR,1788558621314498,1788558621296033,1788558621333235,718
1,COLOR,1788558621347825,1788558621329349,1788558621366583,719
1,COLOR,1788558621381163,1788558621362677,1788558621399901,720
1,COLOR,1788558621414492,1788558621395996,1788558621433221,721
1,COLOR,1788558621447827,1788558621429321,1788558621466578,722
1,COLOR,1788558621481166,1788558621462648,1788558621499901,723
1,COLOR,1788558621514497,1788558621495970,1788558621533217,724
1,COLOR,1788558621547829,1788558621529295,1788558621566950,725
1,COLOR,1788558621581166,1788558621562622,1788558621599894,726
1,COLOR,1788558621614497,1788558621595942,1788558621633252,727
1,COLOR,1788558621647830,1788558621629267,1788558621666740,728
1,COLOR,1788558621681167,1788558621662594,1788558621699902,729
1,COLOR,1788558621714498,1788558621695915,1788558621733201,730
1,COLOR,1788558621747831,1788558621729240,1788558621766653,731
1,COLOR,1788558621781166,1788558621762566,1788558621800009,732
1,COLOR,1788558621814497,1788558621795886,1788558621833242,733
1,COLOR,1788558621847832,1788558621829211,1788558621866530,734
1,COLOR,1788558621881167,1788558621862537,1788558621899913,735
1,COLOR,1788558621914498,1788558621895860,1788558621933189,736
1,COLOR,1788558621947833,1788558621929186,1788558621966677,737
1,COLOR,1788558621981169,1788558621962515,1788558622000397,738
1,COLOR,1788558622014500,1788558621995837,1788558622033246,739
1,COLOR,1788558622047833,1788558622029162,1788558622066711,740
1,COLOR,1788558622081171,1788558622062491,1788558622100013,741
1,COLOR,1788558622114501,1788558622095814,1788558622133347,742
1,COLOR,1788558622147834,1788558622129139,1788558622166677,743
1,COLOR,1788558622181169,1788558622162465,1788558622199999,744
1,COLOR,1788558622214502,1788558622195789,1788558622233371,745
1,COLOR,1788558622247835,1788558622229115,1788558622266681,746
1,COLOR,1788558622281170,1788558622262442,1788558622299974,747
1,COLOR,1788558622314502,1788558622295764,1788558622333181,748
1,COLOR,1788558622347837,1788558622329092,1788558622366656,749
1,COLOR,1788558622381172,1788558622362418,1788558622399863,750
1,COLOR,1788558622414504,1788558622395740,1788558622433209,751
1,COLOR,1788558622447842,1788558622429072,1788558622466659,752
1,COLOR,1788558622481173,1788558622462393,1788558622499843,753
1,COLOR,1788558622514509,1788558622495720,1788558622533237,754
1,COLOR,1788558622547843,1788558622529048,1788558622566968,755
1,COLOR,1788558622581176,1788558622562375,1788558622600185,756
1,COLOR,1788558622614510,1788558622595701,1788558622633250,757
1,COLOR,1788558622647845,1788558622629027,1788558622666591,758
1,COLOR,1788558622681178,1788558622662353,1788558622700038,759
1,COLOR,1788558622714511,1788558622695676,1788558622733206,760
1,COLOR,1788558622747843,1788558622729001,1788558622766584,761
1,COLOR,1788558622781176,1788558622762325,1788558622800040,762
1,COLOR,1788558622814510,1788558622795651,1788558622833404,763
1,COLOR,1788558622847843,1788558622828975,1788558622866569,764
1,COLOR,1788558622881178,1788558622862303,1788558622899907,765
1,COLOR,1788558622914511,1788558622895626,1788558622933241,766
1,COLOR,1788558622947843,1788558622928951,1788558622966661,767
1,COLOR,1788558622981179,1788558622962278,1788558622999855,768
1,COLOR,1788558623014511,1788558622995603,1788558623033190,769
1,COLOR,1788558623047846,1788558623028932,1788558623066975,770
1,COLOR,1788558623081178,1788558623062256,1788558623100051,771
1,COLOR,1788558623114512,1788558623095582,1788558623133360,772
1,COLOR,1788558623147848,1788558623128912,1788558623166645,773
1,COLOR,1788558623181182,1788558623162238,1788558623200029,774
1,COLOR,1788558623214517,1788558623195566,1788558623233221,775
1,COLOR,1788558623247851,1788558623228891,1788558623266551,776
1,COLOR,1788558623281183,1788558623262217,1788558623300309,777
1,COLOR,1788558623314517,1788558623295546,1788558623333345,778
1,COLOR,1788558623347850,1788558623328870,1788558623366658,779
1,COLOR,1788558623381181,1788558623362194,1788558623400030,780
1,COLOR,1788558623414516,1788558623395521,1788558623433212,781
1,COLOR,1788558623447852,1788558623428850,1788558623466523,782
1,COLOR,1788558623481182,1788558623462172,1788558623499892,783
1,COLOR,1788558623514518,1788558623495500,1788558623533316,784
1,COLOR,1788558623547853,1788558623528829,1788558623566587,785
1,COLOR,1788558623581182,1788558623562150,1788558623599884,786
1,COLOR,1788558623614517,1788558623595476,1788558623633228,787
1,COLOR,1788558623647853,1788558623628807,1788558623666717,788
1,COLOR,1788558623681185,1788558623662131,1788558623699861,789
1,COLOR,1788558623714522,1788558623695461,1788558623733199,790
1,COLOR,1788558623747854,1788558623728786,1788558623766734,791
1,COLOR,1788558623781186,1788558623762110,1788558623799853,792
1,COLOR,1788558623814520,1788558623795439,1788558623833360,793
1,COLOR,1788558623847855,1788558623828768,1788558623866985,794
1,COLOR,1788558623881185,1788558623862092,1788558623899853,795
1,COLOR,1788558623914519,1788558623895419,1788558623933221,796
1,COLOR,1788558623947854,1788558623928747,1788558623966673,797
1,COLOR,1788558623981186,1788558623962074,1788558624000300,798
1,COLOR,1788558624014522,1788558623995405,1788558624033362,799
1,COLOR,1788558624047858,1788558624028735,1788558624066704,800
1,COLOR,1788558624081187,1788558624062057,1788558624099877,801
1,COLOR,1788558624114523,1788558624095386,1788558624133198,802
1,COLOR,1788558624147859,1788558624128715,1788558624166659,803
1,COLOR,1788558624181188,1788558624162038,1788558624199985,804
1,COLOR,1788558624214525,1788558624195368,1788558624233221,805
1,COLOR,1788558624247860,1788558624228697,1788558624266691,806
1,COLOR,1788558624281191,1788558624262022,1788558624300045,807
1,COLOR,1788558624314527,1788558624295355,1788558624333673,808
1,COLOR,1788558624347861,1788558624328683,1788558624366703,809
1,COLOR,1788558624381196,1788558624362013,1788558624399991,810
1,COLOR,1788558624414529,1788558624395339,1788558624433203,811
1,COLOR,1788558624447863,1788558624428667,1788558624466571,812
1,COLOR,1788558624481197,1788558624461994,1788558624499844,813
1,COLOR,1788558624514529,1788558624495321,1788558624533390,814
1,COLOR,1788558624547863,1788558624528648,1788558624566589,815
1,COLOR,1788558624581196,1788558624561974,1788558624599902,816
1,COLOR,1788558624614527,1788558624595300,1788558624633256,817
1,COLOR,1788558624647864,1788558624628631,1788558624666579,818
1,COLOR,1788558624681197,1788558624661956,1788558624699884,819
1,COLOR,1788558624714534,1788558624695288,1788558624733339,820
1,COLOR,1788558624747862,1788558624728610,1788558624766558,821
1,COLOR,1788558624781195,1788558624761938,1788558624800003,822
1,COLOR,1788558624814528,1788558624795265,1788558624833344,823
1,COLOR,1788558624847868,1788558624828602,1788558624866812,824
1,COLOR,1788558624881197,1788558624861926,1788558624900235,825
1,COLOR,1788558624914534,1788558624895258,1788558624933212,826
1,COLOR,1788558624947868,1788558624928587,1788558624966838,827
1,COLOR,1788558624981203,1788558624961915,1788558624999873,828
1,COLOR,1788558625014535,1788558624995242,1788558625033379,829
1,COLOR,1788558625047867,1788558625028570,1788558625066805,830
1,COLOR,1788558625081203,1788558625061900,1788558625099988,831
1,COLOR,1788558625114535,1788558625095229,1788558625133530,832
1,COLOR,1788558625147870,1788558625128558,1788558625166665,833
1,COLOR,1788558625181200,1788558625161884,1788558625200009,834
1,COLOR,1788558625214537,1788558625195217,1788558625233316,835
1,COLOR,1788558625247869,1788558625228544,1788558625266871,836
1,COLOR,1788558625281201,1788558625261873,1788558625300005,837
1,COLOR,1788558625314537,1788558625295203,1788558625333479,838
1,COLOR,1788558625347868,1788558625328530,1788558625366704,839
1,COLOR,1788558625381204,1788558625361862,1788558625400155,840
1,COLOR,1788558625414535,1788558625395188,1788558625433356,841
1,COLOR,1788558625447872,1788558625428521,1788558625466697,842
1,COLOR,1788558625481204,1788558625461848,1788558625500003,843
1,COLOR,1788558625514536,1788558625495174,1788558625533356,844
1,COLOR,1788558625547872,1788558625528506,1788558625566681,845
1,COLOR,1788558625581207,1788558625561836,1788558625599859,846
1,COLOR,1788558625614541,1788558625595166,1788558625633381,847
1,COLOR,1788558625647872,1788558625628492,1788558625666561,848
1,COLOR,1788558625681208,1788558625661821,1788558625699862,849
1,COLOR,1788558625714539,1788558625695149,1788558625733330,850
1,COLOR,1788558625747873,1788558625728478,1788558625766832,851
1,COLOR,1788558625781206,1788558625761807,1788558625799876,852
1,COLOR,1788558625814539,1788558625795133,1788558625833201,853
1,COLOR,1788558625847878,1788558625828468,1788558625866688,854
1,COLOR,1788558625881209,1788558625861795,1788558625900007,855
1,COLOR,1788558625914541,1788558625895123,1788558625933190,856
1,COLOR,1788558625947876,1788558625928453,1788558625966849,857
1,COLOR,1788558625981213,1788558625961786,1788558625999995,858
1,COLOR,1788558626014546,1788558625995114,1788558626033319,859
1,COLOR,1788558626047878,1788558626028446,1788558626067072,860
1,COLOR,1788558626081213,1788558626061776,1788558626100226,861
1,COLOR,1788558626114543,1788558626095105,1788558626133501,862
1,COLOR,1788558626147881,1788558626128438,1788558626166830,863
1,COLOR,1788558626181213,1788558626161767,1788558626200008,864
1,COLOR,1788558626214548,1788558626195096,1788558626233304,865
1,COLOR,1788558626247881,1788558626228427,1788558626266806,866
1,COLOR,1788558626281216,1788558626261759,1788558626300010,867
1,COLOR,1788558626314549,1788558626295086,1788558626333201,868
1,COLOR,1788558626347882,1788558626328415,1788558626366830,869
1,COLOR,1788558626381212,1788558626361742,1788558626400126,870
1,COLOR,1788558626414551,1788558626395078,1788558626433491,871
1,COLOR,1788558626447884,1788558626428407,1788558626466573,872
1,COLOR,1788558626481216,1788558626461733,1788558626499851,873
1,COLOR,1788558626514549,1788558626495062,1788558626533338,874
1,COLOR,1788558626547880,1788558626528388,1788558626566533,875
1,COLOR,1788558626581214,1788558626561719,1788558626600017,876
1,COLOR,1788558626614547,1788558626595047,1788558626633215,877
1,COLOR,1788558626647885,1788558626628381,1788558626666580,878
1,COLOR,1788558626681217,1788558626661709,1788558626699903,879
1,COLOR,1788558626714553,1788558626695039,1788558626733202,880
1,COLOR,1788558626747881,1788558626728363,1788558626766536,881
1,COLOR,1788558626781218,1788558626761696,1788558626800009,882
1,COLOR,1788558626814550,1788558626795024,1788558626833312,883
1,COLOR,1788558626847888,1788558626828359,1788558626866718,884
1,COLOR,1788558626881220,1788558626861689,1788558626900296,885
1,COLOR,1788558626914550,1788558626895016,1788558626933364,886
1,COLOR,1788558626947886,1788558626928349,1788558626966869,887
1,COLOR,1788558626981219,1788558626961680,1788558627000139,888
1,COLOR,1788558627014556,1788558626995012,1788558627033340,889
1,COLOR,1788558627047887,1788558627028341,1788558627066879,890
1,COLOR,1788558627081223,1788558627061674,1788558627100198,891
1,COLOR,1788558627114555,1788558627095004,1788558627133299,892
1,COLOR,1788558627147888,1788558627128332,1788558627166667,893
1,COLOR,1788558627181222,1788558627161662,1788558627199966,894
1,COLOR,1788558627214557,1788558627194993,1788558627233186,895
1,COLOR,1788558627247889,1788558627228320,1788558627266514,896
1,COLOR,1788558627281224,1788558627261652,1788558627300146,897
1,COLOR,1788558627314558,1788558627294984,1788558627333376,898
1,COLOR,1788558627347891,1788558627328313,1788558627366639,899
1,COLOR,1788558627381224,1788558627361644,1788558627400137,900
1,COLOR,1788558627414556,1788558627394972,1788558627433355,901
1,COLOR,1788558627447890,1788558627428304,1788558627466689,902
1,COLOR,1788558627481226,1788558627461636,1788558627499923,903
1,COLOR,1788558627514560,1788558627494965,1788558627533325,904
1,COLOR,1788558627547890,1788558627528293,1788558627566559,905
1,COLOR,1788558627581228,1788558627561626,1788558627599883,906
2,DEPTH,1788558595091453,1788558595083155,1788558595267111,1
2,DEPTH,1788558595324793,1788558595316476,1788558595336753,8
2,DEPTH,1788558595358126,1788558595349805,1788558595370107,9
2,DEPTH,1788558595391459,1788558595383135,1788558595403436,10
2,DEPTH,1788558595524796,1788558595516461,1788558595536764,11
2,DEPTH,1788558595558129,1788558595549790,1788558595570076,12
2,DEPTH,1788558595591462,1788558595583121,1788558595603427,13
2,DEPTH,1788558595624796,1788558595616451,1788558595636994,14
2,DEPTH,1788558595658135,1788558595649789,1788558595670282,15
2,DEPTH,1788558595691468,1788558595683118,1788558595703549,16
2,DEPTH,1788558595958141,1788558595949768,1788558595970052,24
2,DEPTH,1788558595991473,1788558595983096,1788558596003427,25
2,DEPTH,1788558596024806,1788558596016426,1788558596036619,26
2,DEPTH,1788558596058142,1788558596049759,1788558596070110,27
2,DEPTH,1788558596091475,1788558596083089,1788558596103447,28
2,DEPTH,1788558596124809,1788558596116421,1788558596136803,29
2,DEPTH,1788558596158143,1788558596149753,1788558596169974,30
2,DEPTH,1788558596191477,1788558596183084,1788558596203443,31
2,DEPTH,1788558596224811,1788558596216415,1788558596236778,32
2,DEPTH,1788558596258147,1788558596249748,1788558596269972,33
2,DEPTH,1788558596291477,1788558596283074,1788558596303331,34
2,DEPTH,1788558596324811,1788558596316406,1788558596336635,35
2,DEPTH,1788558596358145,1788558596349736,1788558596369984,36
2,DEPTH,1788558596391481,1788558596383069,1788558596403342,37
2,DEPTH,1788558596424814,1788558596416399,1788558596436632,38
2,DEPTH,1788558596458150,1788558596449733,1788558596470118,39
2,DEPTH,1788558596491482,1788558596483062,1788558596503431,40
2,DEPTH,1788558596524810,1788558596516386,1788558596536616,41
2,DEPTH,1788558596558143,1788558596549717,1788558596569958,42
2,DEPTH,1788558596591477,1788558596583047,1788558596603288,43
2,DEPTH,1788558596624811,1788558596616380,1788558596636787,44
2,DEPTH,1788558596658154,1788558596649719,1788558596670271,45
2,DEPTH,1788558596691489,1788558596683051,1788558596703445,46
2,DEPTH,1788558596724821,1788558596716380,1788558596736636,47
2,DEPTH,1788558596758153,1788558596749709,1788558596770089,48
2,DEPTH,1788558596791483,1788558596783037,1788558596803300,49
2,DEPTH,1788558596824819,1788558596816369,1788558596836626,50
2,DEPTH,1788558596858153,1788558596849701,1788558596870302,51
2,DEPTH,1788558596891488,1788558596883032,1788558596903306,52
2,DEPTH,1788558596924818,1788558596916787,1788558596936643,53
2,DEPTH,1788558596301069,1788558596293087,1788558596970111,54
2,DEPTH,1788558596334403,1788558596326418,1788558597003447,55
2,DEPTH,1788558596367735,1788558596359748,1788558597036622,56
2,DEPTH,1788558596401069,1788558596393078,1788558597069999,57
2,DEPTH,1788558596434400,1788558596426408,1788558597103298,58
2,DEPTH,1788558596467737,1788558596459742,1788558597136768,59
2,DEPTH,1788558596501072,1788558596493073,1788558597170110,60
2,DEPTH,1788558596534405,1788558596526404,1788558597203434,61
2,DEPTH,1788558596567739,1788558596559736,1788558597236913,62
2,DEPTH,1788558596601076,1788558596593070,1788558597269979,63
2,DEPTH,1788558596634408,1788558596626400,1788558597303452,64
2,DEPTH,1788558596667742,1788558596659732,1788558597336782,65
2,DEPTH,1788558596701075,1788558596693061,1788558597369966,66
2,DEPTH,1788558596734411,1788558596726395,1788558597403311,67
2,DEPTH,1788558596767744,1788558596759726,1788558597436633,68
2,DEPTH,1788558596801077,1788558596793055,1788558597469979,69
2,DEPTH,1788558596834411,1788558596826388,1788558597503295,70
2,DEPTH,1788558596867746,1788558596859720,1788558597536645,71
2,DEPTH,1788558596901078,1788558596893050,1788558597569957,72
2,DEPTH,1788558596934413,1788558596926381,1788558597603330,73
2,DEPTH,1788558597325562,1788558597317501,1788558597636620,74
2,DEPTH,1788558597358894,1788558597350831,1788558597669968,75
2,DEPTH,1788558598990249,1788558598982061,1788558597703492,76
2,DEPTH,1788558599023585,1788558599015393,1788558597736768,77
2,DEPTH,1788558597749778,1788558597741684,1788558597771452,78
2,DEPTH,1788558597783114,1788558597775018,1788558597803324,79
2,DEPTH,1788558597816445,1788558597808346,1788558597836624,80
2,DEPTH,1788558597849782,1788558597841680,1788558597869973,81
2,DEPTH,1788558597883115,1788558597875011,1788558597903339,82
2,DEPTH,1788558597916446,1788558597908339,1788558597936634,83
2,DEPTH,1788558597949780,1788558597941671,1788558597970011,84
2,DEPTH,1788558597983116,1788558597983281,1788558598003322,85
2,DEPTH,1788558598016449,1788558598016598,1788558598036631,86
2,DEPTH,1788558598049784,1788558598049882,1788558598070101,87
2,DEPTH,1788558598083116,1788558598083220,1788558598103295,88
2,DEPTH,1788558598116453,1788558598116565,1788558598136625,89
2,DEPTH,1788558598149786,1788558598149904,1788558598170007,90
2,DEPTH,1788558598183120,1788558598183243,1788558598203313,91
2,DEPTH,1788558598216456,1788558598216586,1788558598236630,92
2,DEPTH,1788558598249787,1788558598249922,1788558598270122,93
2,DEPTH,1788558598283122,1788558598283265,1788558598303340,94
2,DEPTH,1788558598316454,1788558598316602,1788558598336637,95
2,DEPTH,1788558598349789,1788558598349943,1788558598369977,96
2,DEPTH,1788558598383123,1788558598383285,1788558598403315,97
2,DEPTH,1788558598416458,1788558598416625,1788558598436635,98
2,DEPTH,1788558598449790,1788558598449964,1788558598469989,99
2,DEPTH,1788558598483124,1788558598483304,1788558598503299,100
2,DEPTH,1788558598516458,1788558598516644,1788558598536613,101
2,DEPTH,1788558598549792,1788558598549984,1788558598569983,102
2,DEPTH,1788558598583127,1788558598583326,1788558598603458,103
2,DEPTH,1788558598616461,1788558598616666,1788558598636633,104
2,DEPTH,1788558598649794,1788558598650006,1788558598670103,105
2,DEPTH,1788558598683129,1788558598683347,1788558598703462,106
2,DEPTH,1788558598716463,1788558598716688,1788558598736654,107
2,DEPTH,1788558598749796,1788558598750026,1788558598769984,108
2,DEPTH,1788558598783130,1788558598783366,1788558598803318,109
2,DEPTH,1788558598816464,1788558598816706,1788558598836759,110
2,DEPTH,1788558598849798,1788558598850047,1788558598869966,111
2,DEPTH,1788558598883132,1788558598883387,1788558598903305,112
2,DEPTH,1788558598916466,1788558598916728,1788558598936626,113
2,DEPTH,1788558598949801,1788558598950070,1788558598970000,114
2,DEPTH,1788558598983134,1788558598983409,1788558599003474,115
2,DEPTH,1788558599016468,1788558599016749,1788558599036789,116
2,DEPTH,1788558599049801,1788558599050425,1788558599070232,117
2,DEPTH,1788558599083133,1788558599083766,1788558599103301,118
2,DEPTH,1788558599116468,1788558599117112,1788558599136631,119
2,DEPTH,1788558599149803,1788558599150459,1788558599169978,120
2,DEPTH,1788558599183249,1788558599183915,1788558599203550,121
2,DEPTH,1788558599216474,1788558599217151,1788558599236780,122
2,DEPTH,1788558599249807,1788558599250494,1788558599269968,123
2,DEPTH,1788558599283142,1788558599283840,1788558599303363,124
2,DEPTH,1788558599316477,1788558599317186,1788558599336641,125
2,DEPTH,1788558599349810,1788558599350530,1788558599369968,126
2,DEPTH,1788558599383145,1788558599383875,1788558599403484,127
2,DEPTH,1788558599416478,1788558599417218,1788558599436798,128
2,DEPTH,1788558599449812,1788558599450563,1788558599469975,129
2,DEPTH,1788558599483145,1788558599483907,1788558599503313,130
2,DEPTH,1788558599516479,1788558599517252,1788558599536786,131
2,DEPTH,1788558599549814,1788558599550598,1788558599569984,132
2,DEPTH,1788558599583147,1788558599583940,1788558599603297,133
2,DEPTH,1788558599616482,1788558599617287,1788558599636794,134
2,DEPTH,1788558599649817,1788558599650632,1788558599669987,135
2,DEPTH,1788558599683149,1788558599683975,1788558599703502,136
2,DEPTH,1788558599716483,1788558599717320,1788558599736835,137
2,DEPTH,1788558599749816,1788558599750664,1788558599769976,138
2,DEPTH,1788558599783153,1788558599784010,1788558599803454,139
2,DEPTH,1788558599816483,1788558599817351,1788558599836635,140
2,DEPTH,1788558599849820,1788558599850700,1788558599870123,141
2,DEPTH,1788558599883153,1788558599884043,1788558599903332,142
2,DEPTH,1788558599916482,1788558599917382,1788558599936777,143
2,DEPTH,1788558599949822,1788558599950733,1788558599970005,144
2,DEPTH,1788558599983153,1788558599984075,1788558600003342,145
2,DEPTH,1788558600016488,1788558600017421,1788558600036663,146
2,DEPTH,1788558600049818,1788558600049789,1788558600070120,147
2,DEPTH,1788558600083153,1788558600083123,1788558600103474,148
2,DEPTH,1788558600116486,1788558600116457,1788558600136639,149
2,DEPTH,1788558600149821,1788558600149791,1788558600170119,150
2,DEPTH,1788558600183156,1788558600183125,1788558600203304,151
2,DEPTH,1788558600216489,1788558600216458,1788558600236629,152
2,DEPTH,1788558600249822,1788558600249790,1788558600270088,153
2,DEPTH,1788558600283159,1788558600283127,1788558600303642,154
2,DEPTH,1788558600316496,1788558600316462,1788558600336775,155
2,DEPTH,1788558600349828,1788558600349793,1788558600370275,156
2,DEPTH,1788558600383160,1788558600383126,1788558600403437,157
2,DEPTH,1788558600416494,1788558600416459,1788558600436647,158
2,DEPTH,1788558600449827,1788558600449792,1788558600469984,159
2,DEPTH,1788558600483163,1788558600483127,1788558600503312,160
2,DEPTH,1788558600516496,1788558600516459,1788558600536750,161
2,DEPTH,1788558600549830,1788558600549791,1788558600569979,162
2,DEPTH,1788558600583162,1788558600583123,1788558600603462,163
2,DEPTH,1788558600616496,1788558600616457,1788558600636657,164
2,DEPTH,1788558600649830,1788558600649790,1788558600670133,165
2,DEPTH,1788558600683164,1788558600683124,1788558600703314,166
2,DEPTH,1788558600716500,1788558600716459,1788558600736647,167
2,DEPTH,1788558600749834,1788558600749793,1788558600770116,168
2,DEPTH,1788558600783167,1788558600783124,1788558600803315,169
2,DEPTH,1788558600816501,1788558600816459,1788558600836626,170
2,DEPTH,1788558600849835,1788558600849792,1788558600870151,171
2,DEPTH,1788558600883170,1788558600883126,1788558600903441,172
2,DEPTH,1788558600916505,1788558600916461,1788558600936771,173
2,DEPTH,1788558600949838,1788558600949793,1788558600970123,174
2,DEPTH,1788558600983172,1788558600983126,1788558601003480,175
2,DEPTH,1788558601016506,1788558601016459,1788558601036653,176
2,DEPTH,1788558601049826,1788558601049772,1788558601070109,177
2,DEPTH,1788558601083160,1788558601083106,1788558601103442,178
2,DEPTH,1788558601116495,1788558601116442,1788558601136613,179
2,DEPTH,1788558601149826,1788558601149774,1788558601169982,180
2,DEPTH,1788558601183162,1788558601183110,1788558601203292,181
2,DEPTH,1788558601216497,1788558601216446,1788558601236642,182
2,DEPTH,1788558601249828,1788558601249778,1788558601269961,183
2,DEPTH,1788558601283164,1788558601283114,1788558601303426,184
2,DEPTH,1788558601316496,1788558601316446,1788558601336617,185
2,DEPTH,1788558601349832,1788558601349783,1788558601369978,186
2,DEPTH,1788558601383165,1788558601383117,1788558601403433,187
2,DEPTH,1788558601416499,1788558601416452,1788558601436622,188
2,DEPTH,1788558601449834,1788558601449788,1788558601469975,189
2,DEPTH,1788558601483168,1788558601483122,1788558601503426,190
2,DEPTH,1788558601516502,1788558601516456,1788558601536633,191
2,DEPTH,1788558601549836,1788558601549791,1788558601569958,192
2,DEPTH,1788558601583170,1788558601583126,1788558601603417,193
2,DEPTH,1788558601616505,1788558601616462,1788558601636775,194
2,DEPTH,1788558601649839,1788558601649795,1788558601670122,195
2,DEPTH,1788558601683175,1788558601683133,1788558601703329,196
2,DEPTH,1788558601716509,1788558601716468,1788558601736751,197
2,DEPTH,1788558601749843,1788558601749802,1788558601769960,198
2,DEPTH,1788558601783177,1788558601783136,1788558601803288,199
2,DEPTH,1788558601816511,1788558601816471,1788558601836647,200
2,DEPTH,1788558601849842,1788558601849802,1788558601869957,201
2,DEPTH,1788558601883178,1788558601883140,1788558601903661,202
2,DEPTH,1788558601916508,1788558601916469,1788558601936777,203
2,DEPTH,1788558601949846,1788558601949809,1788558601969964,204
2,DEPTH,1788558601983176,1788558601983139,1788558602003309,205
2,DEPTH,1788558602016511,1788558602016475,1788558602036632,206
2,DEPTH,1788558602049844,1788558602050402,1788558602069972,207
2,DEPTH,1788558602083177,1788558602083736,1788558602103629,208
2,DEPTH,1788558602116510,1788558602117071,1788558602136646,209
2,DEPTH,1788558602149846,1788558602150408,1788558602169964,210
2,DEPTH,1788558602183181,1788558602183746,1788558602203312,211
2,DEPTH,1788558602216514,1788558602217081,1788558602236806,212
2,DEPTH,1788558602249848,1788558602250415,1788558602269961,213
2,DEPTH,1788558602283182,1788558602283751,1788558602303440,214
2,DEPTH,1788558602316517,1788558602317088,1788558602336755,215
2,DEPTH,1788558602349851,1788558602350424,1788558602369962,216
2,DEPTH,1788558602383184,1788558602383757,1788558602403286,217
2,DEPTH,1788558602416518,1788558602417093,1788558602436615,218
2,DEPTH,1788558602449853,1788558602450429,1788558602469976,219
2,DEPTH,1788558602483186,1788558602483765,1788558602503576,220
2,DEPTH,1788558602516520,1788558602517099,1788558602536621,221
2,DEPTH,1788558602549853,1788558602550435,1788558602570094,222
2,DEPTH,1788558602583189,1788558602583773,1788558602603291,223
2,DEPTH,1788558602616523,1788558602617108,1788558602636627,224
2,DEPTH,1788558602649854,1788558602650440,1788558602669988,225
2,DEPTH,1788558602683191,1788558602683778,1788558602703447,226
2,DEPTH,1788558602716524,1788558602717113,1788558602736752,227
2,DEPTH,1788558602749859,1788558602750450,1788558602770102,228
2,DEPTH,1788558602783193,1788558602783785,1788558602803320,229
2,DEPTH,1788558602816527,1788558602817122,1788558602836777,230
2,DEPTH,1788558602849860,1788558602850455,1788558602870001,231
2,DEPTH,1788558602883194,1788558602883792,1788558602903302,232
2,DEPTH,1788558602916529,1788558602917127,1788558602936754,233
2,DEPTH,1788558602949862,1788558602950462,1788558602970007,234
2,DEPTH,1788558602983196,1788558602983797,1788558603003294,235
2,DEPTH,1788558603016528,1788558603017132,1788558603036636,236
2,DEPTH,1788558603049863,1788558603050281,1788558603069981,237
2,DEPTH,1788558603083196,1788558603083617,1788558603103314,238
2,DEPTH,1788558603116530,1788558603116952,1788558603136605,239
2,DEPTH,1788558603149865,1788558603150290,1788558603169983,240
2,DEPTH,1788558603183196,1788558603183623,1788558603203291,241
2,DEPTH,1788558603216534,1788558603216963,1788558603236745,242
2,DEPTH,1788558603249865,1788558603250296,1788558603269983,243
2,DEPTH,1788558603283197,1788558603283631,1788558603303420,244
2,DEPTH,1788558603316531,1788558603316966,1788558603336748,245
2,DEPTH,1788558603349867,1788558603350305,1788558603370090,246
2,DEPTH,1788558603383200,1788558603383640,1788558603403433,247
2,DEPTH,1788558603416531,1788558603416974,1788558603436615,248
2,DEPTH,1788558603449867,1788558603450311,1788558603469971,249
2,DEPTH,1788558603483201,1788558603483648,1788558603503467,250
2,DEPTH,1788558603516532,1788558603516981,1788558603536733,251
2,DEPTH,1788558603549868,1788558603550319,1788558603570107,252
2,DEPTH,1788558603583203,1788558603583656,1788558603603432,253
2,DEPTH,1788558603616534,1788558603616989,1788558603636641,254
2,DEPTH,1788558603649873,1788558603650331,1788558603669958,255
2,DEPTH,1788558603683207,1788558603683667,1788558603703344,256
2,DEPTH,1788558603716537,1788558603717000,1788558603736782,257
2,DEPTH,1788558603749873,1788558603750338,1788558603770121,258
2,DEPTH,1788558603783207,1788558603783673,1788558603803428,259
2,DEPTH,1788558603816538,1788558603817007,1788558603836616,260
2,DEPTH,1788558603849874,1788558603850346,1788558603869953,261
2,DEPTH,1788558603883208,1788558603883681,1788558603903317,262
2,DEPTH,1788558603916542,1788558603917017,1788558603936618,263
2,DEPTH,1788558603949878,1788558603950355,1788558603970124,264
2,DEPTH,1788558603983212,1788558603983691,1788558604003444,265
2,DEPTH,1788558604016543,1788558604017025,1788558604036624,266
2,DEPTH,1788558604049880,1788558604050397,1788558604069972,267
2,DEPTH,1788558604083212,1788558604083729,1788558604103431,268
2,DEPTH,1788558604116543,1788558604117061,1788558604136745,269
2,DEPTH,1788558604149879,1788558604150399,1788558604170098,270
2,DEPTH,1788558604183215,1788558604183734,1788558604203314,271
2,DEPTH,1788558604216546,1788558604217066,1788558604236757,272
2,DEPTH,1788558604249881,1788558604250402,1788558604270119,273
2,DEPTH,1788558604283217,1788558604283738,1788558604303292,274
2,DEPTH,1788558604316550,1788558604317072,1788558604336619,275
2,DEPTH,1788558604349882,1788558604350403,1788558604370120,276
2,DEPTH,1788558604383219,1788558604383741,1788558604403299,277
2,DEPTH,1788558604416553,1788558604417076,1788558604436763,278
2,DEPTH,1788558604449886,1788558604450410,1788558604469983,279
2,DEPTH,1788558604483220,1788558604483743,1788558604503313,280
2,DEPTH,1788558604516554,1788558604517077,1788558604536745,281
2,DEPTH,1788558604549888,1788558604550413,1788558604569959,282
2,DEPTH,1788558604583222,1788558604583746,1788558604603316,283
2,DEPTH,1788558604616556,1788558604617082,1788558604636790,284
2,DEPTH,1788558604649892,1788558604650417,1788558604669989,285
2,DEPTH,1788558604683224,1788558604683750,1788558604703452,286
2,DEPTH,1788558604716558,1788558604717085,1788558604736741,287
2,DEPTH,1788558604749892,1788558604750419,1788558604769988,288
2,DEPTH,1788558604783226,1788558604783754,1788558604803334,289
2,DEPTH,1788558604816559,1788558604817088,1788558604836632,290
2,DEPTH,1788558604849894,1788558604850423,1788558604870003,291
2,DEPTH,1788558604883227,1788558604883756,1788558604903288,292
2,DEPTH,1788558604916558,1788558604917088,1788558604936612,293
2,DEPTH,1788558604949896,1788558604950425,1788558604969983,294
2,DEPTH,1788558604983227,1788558604983758,1788558605003299,295
2,DEPTH,1788558605016562,1788558605017093,1788558605036615,296
2,DEPTH,1788558605049897,1788558605050572,1788558605070307,297
2,DEPTH,1788558605083230,1788558605083907,1788558605103427,298
2,DEPTH,1788558605116566,1788558605117242,1788558605136758,299
2,DEPTH,1788558605149899,1788558605150576,1788558605170101,300
2,DEPTH,1788558605183230,1788558605183907,1788558605203442,301
2,DEPTH,1788558605216567,1788558605217245,1788558605236656,302
2,DEPTH,1788558605249898,1788558605250576,1788558605269956,303
2,DEPTH,1788558605283231,1788558605283909,1788558605303312,304
2,DEPTH,1788558605316567,1788558605317247,1788558605336636,305
2,DEPTH,1788558605349900,1788558605350580,1788558605370001,306
2,DEPTH,1788558605383232,1788558605383913,1788558605403442,307
2,DEPTH,1788558605416570,1788558605417251,1788558605436637,308
2,DEPTH,1788558605449901,1788558605450583,1788558605469996,309
2,DEPTH,1788558605483234,1788558605483916,1788558605503327,310
2,DEPTH,1788558605516572,1788558605517253,1788558605536772,311
2,DEPTH,1788558605549901,1788558605550584,1788558605569985,312
2,DEPTH,1788558605583237,1788558605583920,1788558605603313,313
2,DEPTH,1788558605616573,1788558605617256,1788558605636787,314
2,DEPTH,1788558605649907,1788558605650590,1788558605670118,315
2,DEPTH,1788558605683239,1788558605683924,1788558605703435,316
2,DEPTH,1788558605716575,1788558605717260,1788558605736627,317
2,DEPTH,1788558605749906,1788558605750592,1788558605769970,318
2,DEPTH,1788558605783240,1788558605783925,1788558605803298,319
2,DEPTH,1788558605816576,1788558605817262,1788558605836635,320
2,DEPTH,1788558605849908,1788558605850595,1788558605869974,321
2,DEPTH,1788558605883243,1788558605883930,1788558605903327,322
2,DEPTH,1788558605916576,1788558605917263,1788558605936651,323
2,DEPTH,1788558605949910,1788558605950598,1788558605969985,324
2,DEPTH,1788558605983241,1788558605983930,1788558606003293,325
2,DEPTH,1788558606016579,1788558606017268,1788558606036630,326
2,DEPTH,1788558606049909,1788558606050599,1788558606069963,327
2,DEPTH,1788558606083247,1788558606083937,1788558606103314,328
2,DEPTH,1788558606116581,1788558606117272,1788558606136645,329
2,DEPTH,1788558606149914,1788558606150604,1788558606169972,330
2,DEPTH,1788558606183249,1788558606183940,1788558606203438,331
2,DEPTH,1788558606216582,1788558606217273,1788558606236650,332
2,DEPTH,1788558606249914,1788558606250605,1788558606269953,333
2,DEPTH,1788558606283250,1788558606283943,1788558606303427,334
2,DEPTH,1788558606316583,1788558606317276,1788558606336643,335
2,DEPTH,1788558606349916,1788558606350609,1788558606369980,336
2,DEPTH,1788558606383251,1788558606383944,1788558606403470,337
2,DEPTH,1788558606416584,1788558606417278,1788558606436623,338
2,DEPTH,1788558606449918,1788558606450613,1788558606469971,339
2,DEPTH,1788558606483254,1788558606483949,1788558606503275,340
2,DEPTH,1788558606516588,1788558606517283,1788558606536636,341
2,DEPTH,1788558606549921,1788558606550617,1788558606570089,342
2,DEPTH,1788558606583254,1788558606583951,1788558606603293,343
2,DEPTH,1788558606616588,1788558606617285,1788558606636772,344
2,DEPTH,1788558606649920,1788558606650617,1788558606670118,345
2,DEPTH,1788558606683256,1788558606683954,1788558606703436,346
2,DEPTH,1788558606716589,1788558606717288,1788558606736630,347
2,DEPTH,1788558606749922,1788558606750621,1788558606770109,348
2,DEPTH,1788558606783257,1788558606783957,1788558606803441,349
2,DEPTH,1788558606816590,1788558606817290,1788558606836645,350
2,DEPTH,1788558606849925,1788558606850625,1788558606870095,351
2,DEPTH,1788558606883260,1788558606883961,1788558606903298,352
2,DEPTH,1788558606916592,1788558606917293,1788558606936632,353
2,DEPTH,1788558606949927,1788558606950629,1788558606970123,354
2,DEPTH,1788558606983261,1788558606983963,1788558607003352,355
2,DEPTH,1788558607016596,1788558607017298,1788558607036767,356
2,DEPTH,1788558607049927,1788558607050630,1788558607070119,357
2,DEPTH,1788558607083261,1788558607083963,1788558607103426,358
2,DEPTH,1788558607116595,1788558607117298,1788558607136749,359
2,DEPTH,1788558607149930,1788558607150633,1788558607170107,360
2,DEPTH,1788558607183266,1788558607183971,1788558607203438,361
2,DEPTH,1788558607216596,1788558607217300,1788558607236765,362
2,DEPTH,1788558607249931,1788558607250636,1788558607270219,363
2,DEPTH,1788558607283265,1788558607283971,1788558607303291,364
2,DEPTH,1788558607316598,1788558607317305,1788558607336613,365
2,DEPTH,1788558607349933,1788558607350640,1788558607369988,366
2,DEPTH,1788558607383268,1788558607383975,1788558607403309,367
2,DEPTH,1788558607416600,1788558607417307,1788558607436797,368
2,DEPTH,1788558607449935,1788558607450643,1788558607469972,369
2,DEPTH,1788558607483269,1788558607483977,1788558607503313,370
2,DEPTH,1788558607516603,1788558607517312,1788558607536642,371
2,DEPTH,1788558607549936,1788558607550645,1788558607569965,372
2,DEPTH,1788558607583271,1788558607583980,1788558607603316,373
2,DEPTH,1788558607616604,1788558607617314,1788558607636768,374
2,DEPTH,1788558607649938,1788558607650648,1788558607670107,375
2,DEPTH,1788558607683276,1788558607683987,1788558607703605,376
2,DEPTH,1788558607716608,1788558607717319,1788558607736645,377
2,DEPTH,1788558607749940,1788558607750652,1788558607769965,378
2,DEPTH,1788558607783275,1788558607785152,1788558607803296,379
2,DEPTH,1788558607816608,1788558607819644,1788558607836632,380
2,DEPTH,1788558607849943,1788558607854134,1788558607870104,381
2,DEPTH,1788558607883277,1788558607888607,1788558607903303,382
2,DEPTH,1788558607916607,1788558607923072,1788558607936623,383
2,DEPTH,1788558607949944,1788558607957543,1788558607970123,384
2,DEPTH,1788558607983278,1788558607991998,1788558608003434,385
2,DEPTH,1788558608016615,1788558608026444,1788558608036648,386
2,DEPTH,1788558608049947,1788558608060884,1788558608070095,387
2,DEPTH,1788558608083279,1788558608095317,1788558608103454,388
2,DEPTH,1788558608116613,1788558608129741,1788558608136754,389
2,DEPTH,1788558608149946,1788558608164159,1788558608170087,390
2,DEPTH,1788558608183280,1788558608198570,1788558608203442,391
2,DEPTH,1788558608216614,1788558608232968,1788558608236637,392
2,DEPTH,1788558608249946,1788558608267362,1788558608269955,393
2,DEPTH,1788558608283282,1788558608301755,1788558608303319,394
2,DEPTH,1788558608316616,1788558608336134,1788558608336620,395
2,DEPTH,1788558608349953,1788558608370513,1788558608369970,396
2,DEPTH,1788558608383286,1788558608404882,1788558608403335,397
2,DEPTH,1788558608416619,1788558608439241,1788558608436640,398
2,DEPTH,1788558608449951,1788558608473593,1788558608469959,399
2,DEPTH,1788558608483285,1788558608507945,1788558608503429,400
2,DEPTH,1788558608516619,1788558608542283,1788558608536645,401
2,DEPTH,1788558608549953,1788558608576617,1788558608569983,402
2,DEPTH,1788558608583288,1788558608610944,1788558608603291,403
2,DEPTH,1788558608616622,1788558608645270,1788558608636774,404
2,DEPTH,1788558608649955,1788558608679586,1788558608670113,405
2,DEPTH,1788558608683291,1788558608713890,1788558608703310,406
2,DEPTH,1788558608716622,1788558608748192,1788558608736732,407
2,DEPTH,1788558608749958,1788558608782491,1788558608770103,408
2,DEPTH,1788558608783291,1788558608816774,1788558608803298,409
2,DEPTH,1788558608816622,1788558608851053,1788558608836634,410
2,DEPTH,1788558608849959,1788558608885343,1788558608870282,411
2,DEPTH,1788558608883292,1788558608919607,1788558608903429,412
2,DEPTH,1788558608916622,1788558608953862,1788558608936638,413
2,DEPTH,1788558608949962,1788558608988126,1788558608969984,414
2,DEPTH,1788558608983293,1788558609022374,1788558609003302,415
2,DEPTH,1788558609016622,1788558609056615,1788558609036645,416
2,DEPTH,1788558609049964,1788558609090866,1788558609070120,417
2,DEPTH,1788558609083297,1788558609125092,1788558609103289,418
2,DEPTH,1788558609116622,1788558609159316,1788558609136757,419
2,DEPTH,1788558609149964,1788558609193540,1788558609169968,420
2,DEPTH,1788558609183298,1788558609227756,1788558609203289,421
2,DEPTH,1788558609216622,1788558609261953,1788558609236608,422
2,DEPTH,1788558609249964,1788558609296171,1788558609270103,423
2,DEPTH,1788558609283298,1788558609330368,1788558609303415,424
2,DEPTH,1788558609316633,1788558609364562,1788558609336746,425
2,DEPTH,1788558609349965,1788558609398748,1788558609370103,426
2,DEPTH,1788558609383300,1788558609432924,1788558609403305,427
2,DEPTH,1788558609416636,1788558609467107,1788558609436778,428
2,DEPTH,1788558609449969,1788558609501280,1788558609470278,429
2,DEPTH,1788558609483303,1788558609535446,1788558609503621,430
2,DEPTH,1788558609516637,1788558609569599,1788558609536723,431
2,DEPTH,1788558609549969,1788558609603752,1788558609570094,432
2,DEPTH,1788558609583306,1788558609637899,1788558609603295,433
2,DEPTH,1788558609616639,1788558609672040,1788558609636657,434
2,DEPTH,1788558609649974,1788558609706187,1788558609670291,435
2,DEPTH,1788558609683307,1788558609740313,1788558609703428,436
2,DEPTH,1788558609716642,1788558609774437,1788558609736607,437
2,DEPTH,1788558609749974,1788558609808559,1788558609770090,438
2,DEPTH,1788558609783308,1788558609842672,1788558609803294,439
2,DEPTH,1788558609816643,1788558609876781,1788558609836612,440
2,DEPTH,1788558609849976,1788558609910890,1788558609870121,441
2,DEPTH,1788558609883311,1788558609944988,1788558609903316,442
2,DEPTH,1788558609916645,1788558609979082,1788558609936638,443
2,DEPTH,1788558609949975,1788558610013173,1788558609970117,444
2,DEPTH,1788558609983311,1788558610047257,1788558610003399,445
2,DEPTH,1788558610016643,1788558610081334,1788558610036626,446
2,DEPTH,1788558610049980,1788558610115412,1788558610069993,447
2,DEPTH,1788558610083313,1788558610149487,1788558610103563,448
2,DEPTH,1788558610116647,1788558610183545,1788558610136630,449
2,DEPTH,1788558610149981,1788558610217609,1788558610170081,450
2,DEPTH,1788558610183316,1788558610251666,1788558610203416,451
2,DEPTH,1788558610216647,1788558610285710,1788558610236607,452
2,DEPTH,1788558610249984,1788558610319763,1788558610270081,453
2,DEPTH,1788558610283313,1788558610353796,1788558610303336,454
2,DEPTH,1788558610316650,1788558610387834,1788558610336617,455
2,DEPTH,1788558610349983,1788558610421865,1788558610369975,456
2,DEPTH,1788558610383320,1788558610455896,1788558610403305,457
2,DEPTH,1788558610416654,1788558610489921,1788558610436781,458
2,DEPTH,1788558610449987,1788558610523942,1788558610470222,459
2,DEPTH,1788558610483318,1788558610557950,1788558610503431,460
2,DEPTH,1788558610516529,1788558610591829,1788558610536512,461
2,DEPTH,1788558610549989,1788558610625966,1788558610570095,462
2,DEPTH,1788558610583324,1788558610659963,1788558610603287,463
2,DEPTH,1788558610616655,1788558610693957,1788558610636647,464
2,DEPTH,1788558610649989,1788558610727950,1788558610670094,465
2,DEPTH,1788558610683325,1788558610761944,1788558610703598,466
2,DEPTH,1788558610716658,1788558610795928,1788558610736950,467
2,DEPTH,1788558610749990,1788558610829897,1788558610769952,468
2,DEPTH,1788558610783325,1788558610863870,1788558610803294,469
2,DEPTH,1788558610816657,1788558610897839,1788558610836633,470
2,DEPTH,1788558610849992,1788558610931812,1788558610870279,471
2,DEPTH,1788558610883327,1788558610965768,1788558610903315,472
2,DEPTH,1788558610916660,1788558610999726,1788558610936756,473
2,DEPTH,1788558610949993,1788558611033678,1788558610970103,474
2,DEPTH,1788558610983327,1788558611067624,1788558611003282,475
2,DEPTH,1788558611016660,1788558611101570,1788558611036735,476
2,DEPTH,1788558611049994,1788558611135516,1788558611070268,477
2,DEPTH,1788558611083328,1788558611169449,1788558611103429,478
2,DEPTH,1788558611116663,1788558611203389,1788558611136946,479
2,DEPTH,1788558611149996,1788558611237312,1788558611170081,480
2,DEPTH,1788558611183330,1788558611271237,1788558611203398,481
2,DEPTH,1788558611216662,1788558611305160,1788558611236916,482
2,DEPTH,1788558611249996,1788558611339075,1788558611270081,483
2,DEPTH,1788558611283333,1788558611372992,1788558611303417,484
2,DEPTH,1788558611316662,1788558611406904,1788558611337124,485
2,DEPTH,1788558611349997,1788558611440802,1788558611369945,486
2,DEPTH,1788558611383330,1788558611474701,1788558611403279,487
2,DEPTH,1788558611416665,1788558611508603,1788558611436754,488
2,DEPTH,1788558611449999,1788558611542495,1788558611470078,489
2,DEPTH,1788558611483333,1788558611576387,1788558611503446,490
2,DEPTH,1788558611516667,1788558611610278,1788558611536925,491
2,DEPTH,1788558611550000,1788558611644157,1788558611570099,492
2,DEPTH,1788558611583336,1788558611678035,1788558611603284,493
2,DEPTH,1788558611616670,1788558611711913,1788558611636762,494
2,DEPTH,1788558611650004,1788558611745783,1788558611669956,495
2,DEPTH,1788558611683341,1788558611779652,1788558611703278,496
2,DEPTH,1788558611716670,1788558611813520,1788558611736927,497
2,DEPTH,1788558611750004,1788558611847377,1788558611770081,498
2,DEPTH,1788558611783342,1788558611881237,1788558611803301,499
2,DEPTH,1788558611816672,1788558611915086,1788558611836617,500
2,DEPTH,1788558611850005,1788558611948939,1788558611870109,501
2,DEPTH,1788558611883343,1788558611982788,1788558611903290,502
2,DEPTH,1788558611916677,1788558612016632,1788558611936637,503
2,DEPTH,1788558611950008,1788558612050471,1788558611970085,504
2,DEPTH,1788558611983344,1788558612084309,1788558612003301,505
2,DEPTH,1788558612016675,1788558612118137,1788558612036600,506
2,DEPTH,1788558612050010,1788558612151972,1788558612070084,507
2,DEPTH,1788558612083346,1788558612185802,1788558612103437,508
2,DEPTH,1788558612116676,1788558612219624,1788558612136914,509
2,DEPTH,1788558612150010,1788558612253445,1788558612170092,510
2,DEPTH,1788558612183346,1788558612287261,1788558612203281,511
2,DEPTH,1788558612216678,1788558612321076,1788558612236778,512
2,DEPTH,1788558612250013,1788558612354887,1788558612270081,513
2,DEPTH,1788558612283348,1788558612388693,1788558612303278,514
2,DEPTH,1788558612316682,1788558612422504,1788558612336952,515
2,DEPTH,1788558612350014,1788558612456302,1788558612370097,516
2,DEPTH,1788558612383351,1788558612490100,1788558612403277,517
2,DEPTH,1788558612416683,1788558612523893,1788558612436620,518
2,DEPTH,1788558612450017,1788558612557686,1788558612469962,519
2,DEPTH,1788558612483355,1788558612591477,1788558612503289,520
2,DEPTH,1788558612516686,1788558612625268,1788558612536974,521
2,DEPTH,1788558612550020,1788558612659046,1788558612569966,522
2,DEPTH,1788558612583354,1788558612692825,1788558612603322,523
2,DEPTH,1788558612616687,1788558612726603,1788558612636753,524
2,DEPTH,1788558612650023,1788558612760378,1788558612669962,525
2,DEPTH,1788558612683358,1788558612794152,1788558612703431,526
2,DEPTH,1788558612716691,1788558612827919,1788558612736741,527
2,DEPTH,1788558612750024,1788558612861683,1788558612769963,528
2,DEPTH,1788558612783357,1788558612895445,1788558612803393,529
2,DEPTH,1788558612816690,1788558612929202,1788558612836620,530
2,DEPTH,1788558612850024,1788558612962962,1788558612870101,531
2,DEPTH,1788558612883358,1788558612996712,1788558612903291,532
2,DEPTH,1788558612916689,1788558613030461,1788558612936596,533
2,DEPTH,1788558612950026,1788558613064212,1788558612969957,534
2,DEPTH,1788558612983360,1788558613097957,1788558613003288,535
2,DEPTH,1788558613016694,1788558613131704,1788558613036806,536
2,DEPTH,1788558613050027,1788558613165443,1788558613070120,537
2,DEPTH,1788558613083361,1788558613199184,1788558613103609,538
2,DEPTH,1788558613116695,1788558613232921,1788558613136947,539
2,DEPTH,1788558613150027,1788558613266649,1788558613170069,540
2,DEPTH,1788558613183364,1788558613300382,1788558613203414,541
2,DEPTH,1788558613216697,1788558613334109,1788558613236794,542
2,DEPTH,1788558613250028,1788558613367830,1788558613270076,543
2,DEPTH,1788558613283363,1788558613401557,1788558613303619,544
2,DEPTH,1788558613316699,1788558613435280,1788558613336948,545
2,DEPTH,1788558613350033,1788558613468994,1788558613370093,546
2,DEPTH,1788558613383364,1788558613502703,1788558613403278,547
2,DEPTH,1788558613416701,1788558613536421,1788558613436749,548
2,DEPTH,1788558613450035,1788558613570127,1788558613469957,549
2,DEPTH,1788558613483367,1788558613603831,1788558613503297,550
2,DEPTH,1788558613516705,1788558613637543,1788558613536874,551
2,DEPTH,1788558613550036,1788558613671239,1788558613569979,552
2,DEPTH,1788558613583371,1788558613704938,1788558613603300,553
2,DEPTH,1788558613616703,1788558613738635,1788558613636775,554
2,DEPTH,1788558613650041,1788558613772333,1788558613670109,555
2,DEPTH,1788558613683372,1788558613806021,1788558613703295,556
2,DEPTH,1788558613716705,1788558613839710,1788558613736737,557
2,DEPTH,1788558613750042,1788558613873400,1788558613770077,558
2,DEPTH,1788558613783371,1788558613907081,1788558613803427,559
2,DEPTH,1788558613816706,1788558613940765,1788558613836730,560
2,DEPTH,1788558613850045,1788558613974450,1788558613870103,561
2,DEPTH,1788558613883374,1788558614008122,1788558613903323,562
2,DEPTH,1788558613916709,1788558614041800,1788558613936758,563
2,DEPTH,1788558613950044,1788558614075474,1788558613970003,564
2,DEPTH,1788558613983376,1788558614109142,1788558614003297,565
2,DEPTH,1788558614016709,1788558614142811,1788558614036750,566
2,DEPTH,1788558614050044,1788558614176477,1788558614069959,567
2,DEPTH,1788558614083381,1788558614210146,1788558614103431,568
2,DEPTH,1788558614116715,1788558614243808,1788558614136745,569
2,DEPTH,1788558614150045,1788558614277461,1788558614169984,570
2,DEPTH,1788558614183383,1788558614311123,1788558614203297,571
2,DEPTH,1788558614216716,1788558614344778,1788558614236634,572
2,DEPTH,1788558614250047,1788558614378429,1788558614270093,573
2,DEPTH,1788558614283384,1788558614412083,1788558614303307,574
2,DEPTH,1788558614316716,1788558614445730,1788558614336640,575
2,DEPTH,1788558614350053,1788558614479380,1788558614369982,576
2,DEPTH,1788558614383384,1788558614513020,1788558614403283,577
2,DEPTH,1788558614416716,1788558614546663,1788558614436780,578
2,DEPTH,1788558614450050,1788558614580303,1788558614469978,579
2,DEPTH,1788558614483388,1788558614613946,1788558614503310,580
2,DEPTH,1788558614516718,1788558614647577,1788558614536625,581
2,DEPTH,1788558614550055,1788558614681215,1788558614569952,582
2,DEPTH,1788558614583386,1788558614714844,1788558614603274,583
2,DEPTH,1788558614616723,1788558614748479,1788558614636756,584
2,DEPTH,1788558614650057,1788558614782112,1788558614670273,585
2,DEPTH,1788558614683391,1788558614815736,1788558614703425,586
2,DEPTH,1788558614716725,1788558614849361,1788558614736624,587
2,DEPTH,1788558614750058,1788558614882984,1788558614770098,588
2,DEPTH,1788558614783392,1788558614916605,1788558614803405,589
2,DEPTH,1788558614816724,1788558614950223,1788558614836768,590
2,DEPTH,1788558614850057,1788558614983841,1788558614870096,591
2,DEPTH,1788558614883391,1788558615017454,1788558614903309,592
2,DEPTH,1788558614916725,1788558615051068,1788558614936742,593
2,DEPTH,1788558614950059,1788558615084680,1788558614970117,594
2,DEPTH,1788558614983396,1788558615118293,1788558615003307,595
2,DEPTH,1788558615016730,1788558615151902,1788558615036808,596
2,DEPTH,1788558615050062,1788558615185507,1788558615070112,597
2,DEPTH,1788558615083394,1788558615219113,1788558615103742,598
2,DEPTH,1788558615116730,1788558615252714,1788558615136759,599
2,DEPTH,1788558615150063,1788558615286314,1788558615170083,600
2,DEPTH,1788558615183396,1788558615319910,1788558615203442,601
2,DEPTH,1788558615216729,1788558615353504,1788558615236628,602
2,DEPTH,1788558615250063,1788558615387098,1788558615269944,603
2,DEPTH,1788558615283401,1788558615420696,1788558615303421,604
2,DEPTH,1788558615316732,1788558615454281,1788558615336610,605
2,DEPTH,1788558615350068,1788558615487873,1788558615369955,606
2,DEPTH,1788558615383398,1788558615521457,1788558615403400,607
2,DEPTH,1788558615416732,1788558615555044,1788558615436732,608
2,DEPTH,1788558615450070,1788558615588632,1788558615470082,609
2,DEPTH,1788558615483400,1788558615622211,1788558615503451,610
2,DEPTH,1788558615516734,1788558615655792,1788558615536728,611
2,DEPTH,1788558615550069,1788558615689373,1788558615570126,612
2,DEPTH,1788558615583401,1788558615722946,1788558615603321,613
2,DEPTH,1788558615616735,1788558615756523,1788558615636638,614
2,DEPTH,1788558615650074,1788558615790101,1788558615669972,615
2,DEPTH,1788558615683405,1788558615823670,1788558615703276,616
2,DEPTH,1788558615716738,1788558615857242,1788558615736773,617
2,DEPTH,1788558615750073,1788558615890813,1788558615770093,618
2,DEPTH,1788558615783406,1788558615924377,1788558615803280,619
2,DEPTH,1788558615816739,1788558615957945,1788558615836745,620
2,DEPTH,1788558615850073,1788558615991509,1788558615869970,621
2,DEPTH,1788558615883408,1788558616025072,1788558615903298,622
2,DEPTH,1788558615916740,1788558616058633,1788558615936758,623
2,DEPTH,1788558615950079,1788558616092200,1788558615970117,624
2,DEPTH,1788558615983409,1788558616125756,1788558616003577,625
2,DEPTH,1788558616016743,1788558616159313,1788558616036775,626
2,DEPTH,1788558616050080,1788558616192871,1788558616069972,627
2,DEPTH,1788558616083411,1788558616226423,1788558616103399,628
2,DEPTH,1788558616116744,1788558616259973,1788558616136610,629
2,DEPTH,1788558616150081,1788558616293527,1788558616169971,630
2,DEPTH,1788558616183412,1788558616327074,1788558616203308,631
2,DEPTH,1788558616216750,1788558616360627,1788558616236791,632
2,DEPTH,1788558616250083,1788558616394173,1788558616269956,633
2,DEPTH,1788558616283414,1788558616427715,1788558616303276,634
2,DEPTH,1788558616316751,1788558616461265,1788558616336919,635
2,DEPTH,1788558616350084,1788558616494805,1788558616369972,636
2,DEPTH,1788558616383417,1788558616528344,1788558616403281,637
2,DEPTH,1788558616416749,1788558616561882,1788558616436636,638
2,DEPTH,1788558616450083,1788558616595423,1788558616470134,639
2,DEPTH,1788558616483419,1788558616628962,1788558616503445,640
2,DEPTH,1788558616516752,1788558616662498,1788558616536777,641
2,DEPTH,1788558616550088,1788558616696033,1788558616569979,642
2,DEPTH,1788558616583422,1788558616729565,1788558616603316,643
2,DEPTH,1788558616616756,1788558616763097,1788558616636623,644
2,DEPTH,1788558616650088,1788558616796625,1788558616669980,645
2,DEPTH,1788558616683425,1788558616830157,1788558616703301,646
2,DEPTH,1788558616716758,1788558616863683,1788558616736612,647
2,DEPTH,1788558616750090,1788558616897210,1788558616770113,648
2,DEPTH,1788558616783424,1788558616930735,1788558616803426,649
2,DEPTH,1788558616816756,1788558616964256,1788558616836624,650
2,DEPTH,1788558616850091,1788558616997781,1788558616870096,651
2,DEPTH,1788558616883424,1788558617031303,1788558616903424,652
2,DEPTH,1788558616916761,1788558617064826,1788558616936762,653
2,DEPTH,1788558616950095,1788558617098346,1788558616970131,654
2,DEPTH,1788558616983426,1788558617131862,1788558617003463,655
2,DEPTH,1788558617016760,1788558617165379,1788558617036768,656
2,DEPTH,1788558617050093,1788558617198894,1788558617070096,657
2,DEPTH,1788558617083427,1788558617232408,1788558617103415,658
2,DEPTH,1788558617116761,1788558617265921,1788558617136610,659
2,DEPTH,1788558617150094,1788558617299430,1788558617169967,660
2,DEPTH,1788558617183429,1788558617332943,1788558617203300,661
2,DEPTH,1788558617216763,1788558617366451,1788558617236611,662
2,DEPTH,1788558617250096,1788558617399957,1788558617269949,663
2,DEPTH,1788558617283429,1788558617433464,1788558617303309,664
2,DEPTH,1788558617316761,1788558617466972,1788558617337126,665
2,DEPTH,1788558617350096,1788558617500478,1788558617370110,666
2,DEPTH,1788558617383432,1788558617533981,1788558617403286,667
2,DEPTH,1788558617416764,1788558617567487,1788558617437023,668
2,DEPTH,1788558617450097,1788558617600988,1788558617470266,669
2,DEPTH,1788558617483436,1788558617634492,1788558617503438,670
2,DEPTH,1788558617516766,1788558617667988,1788558617536741,671
2,DEPTH,1788558617550100,1788558617701486,1788558617570082,672
2,DEPTH,1788558617583436,1788558617734984,1788558617603317,673
2,DEPTH,1788558617616767,1788558617768480,1788558617636769,674
2,DEPTH,1788558617650104,1788558617801975,1788558617669975,675
2,DEPTH,1788558617683438,1788558617835469,1788558617703306,676
2,DEPTH,1788558617716769,1788558617868958,1788558617736608,677
2,DEPTH,1788558617750108,1788558617902456,1788558617770111,678
2,DEPTH,1788558617783436,1788558617935940,1788558617803277,679
2,DEPTH,1788558617816774,1788558617969434,1788558617836769,680
2,DEPTH,1788558617850109,1788558618002922,1788558617869946,681
2,DEPTH,1788558617883440,1788558618036407,1788558617903281,682
2,DEPTH,1788558617916776,1788558618069893,1788558617936623,683
2,DEPTH,1788558617950109,1788558618103379,1788558617970130,684
2,DEPTH,1788558617983442,1788558618136867,1788558618003687,685
2,DEPTH,1788558618016779,1788558618170355,1788558618036949,686
2,DEPTH,1788558618050110,1788558618203831,1788558618069985,687
2,DEPTH,1788558618083446,1788558618237316,1788558618103315,688
2,DEPTH,1788558618116779,1788558618270796,1788558618136769,689
2,DEPTH,1788558618150111,1788558618304271,1788558618169951,690
2,DEPTH,1788558618183448,1788558618337753,1788558618203284,691
2,DEPTH,1788558618216782,1788558618371232,1788558618236743,692
2,DEPTH,1788558618250113,1788558618404704,1788558618269950,693
2,DEPTH,1788558618283447,1788558618438180,1788558618303302,694
2,DEPTH,1788558618316783,1788558618471654,1788558618336609,695
2,DEPTH,1788558618350120,1788558618505132,1788558618370077,696
2,DEPTH,1788558618383454,1788558618538603,1788558618403297,697
2,DEPTH,1788558618416786,1788558618572074,1788558618436617,698
2,DEPTH,1788558618450121,1788558618605546,1788558618469966,699
2,DEPTH,1788558618483451,1788558618639011,1788558618503276,700
2,DEPTH,1788558618516785,1788558618672481,1788558618536778,701
2,DEPTH,1788558618550120,1788558618705951,1788558618570091,702
2,DEPTH,1788558618583457,1788558618739421,1788558618603452,703
2,DEPTH,1788558618616791,1788558618772887,1788558618636640,704
2,DEPTH,1788558618650123,1788558618806351,1788558618670114,705
2,DEPTH,1788558618683457,1788558618839817,1788558618703414,706
2,DEPTH,1788558618716792,1788558618873282,1788558618736746,707
2,DEPTH,1788558618750125,1788558618906744,1788558618770105,708
2,DEPTH,1788558618783460,1788558618940206,1788558618803321,709
2,DEPTH,1788558618816790,1788558618973663,1788558618836627,710
2,DEPTH,1788558618850123,1788558619007124,1788558618870090,711
2,DEPTH,1788558618883460,1788558619040584,1788558618903307,712
2,DEPTH,1788558618916795,1788558619074046,1788558618936759,713
2,DEPTH,1788558618950126,1788558619107500,1788558618969961,714
2,DEPTH,1788558618983460,1788558619140956,1788558619003281,715
2,DEPTH,1788558619016796,1788558619174413,1788558619036625,716
2,DEPTH,1788558619050131,1788558619207874,1788558619070278,717
2,DEPTH,1788558619083463,1788558619241326,1788558619103409,718
2,DEPTH,1788558619116794,1788558619274776,1788558619136735,719
2,DEPTH,1788558619150130,1788558619308231,1788558619170086,720
2,DEPTH,1788558619183463,1788558619341683,1788558619203300,721
2,DEPTH,1788558619216796,1788558619375132,1788558619236636,722
2,DEPTH,1788558619250130,1788558619408582,1788558619269982,723
2,DEPTH,1788558619283464,1788558619442031,1788558619303276,724
2,DEPTH,1788558619316796,1788558619475477,1788558619336598,725
2,DEPTH,1788558619350131,1788558619508927,1788558619369972,726
2,DEPTH,1788558619383463,1788558619542373,1788558619403402,727
2,DEPTH,1788558619416799,1788558619575820,1788558619436622,728
2,DEPTH,1788558619450135,1788558619609269,1788558619469951,729
2,DEPTH,1788558619483464,1788558619642709,1788558619503286,730
2,DEPTH,1788558619516798,1788558619676154,1788558619536788,731
2,DEPTH,1788558619550134,1788558619709598,1788558619569983,732
2,DEPTH,1788558619583468,1788558619743043,1788558619603294,733
2,DEPTH,1788558619616800,1788558619776482,1788558619636605,734
2,DEPTH,1788558619650140,1788558619809929,1788558619670127,735
2,DEPTH,1788558619683473,1788558619843371,1788558619703431,736
2,DEPTH,1788558619716804,1788558619876808,1788558619736751,737
2,DEPTH,1788558619750140,1788558619910250,1788558619770089,738
2,DEPTH,1788558619783471,1788558619943686,1788558619803441,739
2,DEPTH,1788558619816805,1788558619977126,1788558619836779,740
2,DEPTH,1788558619850141,1788558620010564,1788558619869951,741
2,DEPTH,1788558619883472,1788558620043997,1788558619903300,742
2,DEPTH,1788558619916807,1788558620077434,1788558619936616,743
2,DEPTH,1788558619950144,1788558620110870,1788558619969973,744
2,DEPTH,1788558619983474,1788558620144301,1788558620003288,745
2,DEPTH,1788558620016808,1788558620177736,1788558620036739,746
2,DEPTH,1788558620050142,1788558620211169,1788558620069964,747
2,DEPTH,1788558620083475,1788558620244600,1788558620103427,748
2,DEPTH,1788558620116810,1788558620278034,1788558620136754,749
2,DEPTH,1788558620150147,1788558620311470,1788558620170102,750
2,DEPTH,1788558620183479,1788558620344897,1788558620203283,751
2,DEPTH,1788558620216812,1788558620378325,1788558620236630,752
2,DEPTH,1788558620250150,1788558620411758,1788558620269991,753
2,DEPTH,1788558620283480,1788558620445183,1788558620303279,754
2,DEPTH,1788558620316817,1788558620478612,1788558620336618,755
2,DEPTH,1788558620350151,1788558620512040,1788558620369960,756
2,DEPTH,1788558620383486,1788558620545468,1788558620403279,757
2,DEPTH,1788558620416820,1788558620578894,1788558620436638,758
2,DEPTH,1788558620450155,1788558620612320,1788558620469960,759
2,DEPTH,1788558620483488,1788558620645744,1788558620503311,760
2,DEPTH,1788558620516823,1788558620679170,1788558620536771,761
2,DEPTH,1788558620550153,1788558620712589,1788558620569955,762
2,DEPTH,1788558620583490,1788558620746015,1788558620603281,763
2,DEPTH,1788558620616823,1788558620779435,1788558620636623,764
2,DEPTH,1788558620650155,1788558620812855,1788558620669993,765
2,DEPTH,1788558620683490,1788558620846279,1788558620703419,766
2,DEPTH,1788558620716823,1788558620879699,1788558620736731,767
2,DEPTH,1788558620750159,1788558620913121,1788558620769980,768
2,DEPTH,1788558620783491,1788558620946537,1788558620803294,769
2,DEPTH,1788558620816826,1788558620979957,1788558620836633,770
2,DEPTH,1788558620850157,1788558621013372,1788558620869953,771
2,DEPTH,1788558620883494,1788558621046793,1788558620903299,772
2,DEPTH,1788558620916825,1788558621080207,1788558620936630,773
2,DEPTH,1788558620950160,1788558621113624,1788558620969988,774
2,DEPTH,1788558620983496,1788558621147042,1788558621003292,775
2,DEPTH,1788558621016829,1788558621180456,1788558621036637,776
2,DEPTH,1788558621050162,1788558621213872,1788558621070079,777
2,DEPTH,1788558621083496,1788558621247287,1788558621103446,778
2,DEPTH,1788558621116831,1788558621280702,1788558621136627,779
2,DEPTH,1788558621150166,1788558621314116,1788558621169977,780
2,DEPTH,1788558621183498,1788558621347526,1788558621203318,781
2,DEPTH,1788558621216829,1788558621380936,1788558621236606,782
2,DEPTH,1788558621250167,1788558621414351,1788558621269973,783
2,DEPTH,1788558621283500,1788558621447761,1788558621303283,784
2,DEPTH,1788558621316835,1788558621481173,1788558621336641,785
2,DEPTH,1788558621350162,1788558621514577,1788558621370073,786
2,DEPTH,1788558621383499,1788558621547988,1788558621403287,787
2,DEPTH,1788558621416829,1788558621581394,1788558621436626,788
2,DEPTH,1788558621450164,1788558621614804,1788558621469977,789
2,DEPTH,1788558621483503,1788558621648219,1788558621503427,790
2,DEPTH,1788558621516835,1788558621681624,1788558621536615,791
2,DEPTH,1788558621550167,1788558621715029,1788558621570082,792
2,DEPTH,1788558621583504,1788558621748438,1788558621603400,793
2,DEPTH,1788558621616835,1788558621781844,1788558621636772,794
2,DEPTH,1788558621650169,1788558621815249,1788558621670092,795
2,DEPTH,1788558621683505,1788558621848656,1788558621703328,796
2,DEPTH,1788558621716837,1788558621882063,1788558621736927,797
2,DEPTH,1788558621750170,1788558621915467,1788558621770279,798
2,DEPTH,1788558621783506,1788558621948875,1788558621803559,799
2,DEPTH,1788558621816837,1788558621982274,1788558621836606,800
2,DEPTH,1788558621850172,1788558622015679,1788558621869973,801
2,DEPTH,1788558621883507,1788558622049082,1788558621903299,802
2,DEPTH,1788558621916838,1788558622082481,1788558621936771,803
2,DEPTH,1788558621950174,1788558622115885,1788558621969965,804
2,DEPTH,1788558621983510,1788558622149288,1788558622003438,805
2,DEPTH,1788558622016841,1788558622182684,1788558622036614,806
2,DEPTH,1788558622050174,1788558622216084,1788558622069971,807
2,DEPTH,1788558622083513,1788558622249488,1788558622103285,808
2,DEPTH,1788558622116842,1788558622282884,1788558622136760,809
2,DEPTH,1788558622150176,1788558622316283,1788558622170081,810
2,DEPTH,1788558622183511,1788558622349683,1788558622203287,811
2,DEPTH,1788558622216844,1788558622383079,1788558622236629,812
2,DEPTH,1788558622250177,1788558622416476,1788558622269949,813
2,DEPTH,1788558622283513,1788558622449874,1788558622303306,814
2,DEPTH,1788558622316845,1788558622483269,1788558622336617,815
2,DEPTH,1788558622350179,1788558622516664,1788558622369955,816
2,DEPTH,1788558622383515,1788558622550063,1788558622403296,817
2,DEPTH,1788558622416847,1788558622583457,1788558622436635,818
2,DEPTH,1788558622450185,1788558622616855,1788558622470079,819
2,DEPTH,1788558622483516,1788558622650246,1788558622503309,820
2,DEPTH,1788558622516853,1788558622683644,1788558622536633,821
2,DEPTH,1788558622550187,1788558622717038,1788558622570110,822
2,DEPTH,1788558622583520,1788558622750432,1788558622603299,823
2,DEPTH,1788558622616854,1788558622783824,1788558622636632,824
2,DEPTH,1788558622650189,1788558622817218,1788558622670090,825
2,DEPTH,1788558622683523,1788558622850610,1788558622703284,826
2,DEPTH,1788558622716856,1788558622884001,1788558622736628,827
2,DEPTH,1788558622750188,1788558622917390,1788558622769942,828
2,DEPTH,1788558622783521,1788558622950780,1788558622803276,829
2,DEPTH,1788558622816856,1788558622984172,1788558622836790,830
2,DEPTH,1788558622850188,1788558623017560,1788558622869941,831
2,DEPTH,1788558622883524,1788558623050952,1788558622903287,832
2,DEPTH,1788558622916858,1788558623084342,1788558622936617,833
2,DEPTH,1788558622950190,1788558623117728,1788558622969959,834
2,DEPTH,1788558622983526,1788558623151119,1788558623003283,835
2,DEPTH,1788558623016858,1788558623184506,1788558623036611,836
2,DEPTH,1788558623050193,1788558623217893,1788558623069962,837
2,DEPTH,1788558623083525,1788558623251280,1788558623103309,838
2,DEPTH,1788558623116860,1788558623284668,1788558623136754,839
2,DEPTH,1788558623150196,1788558623318058,1788558623170102,840
2,DEPTH,1788558623183530,1788558623351446,1788558623203416,841
2,DEPTH,1788558623216865,1788558623384832,1788558623236753,842
2,DEPTH,1788558623250199,1788558623418219,1788558623269983,843
2,DEPTH,1788558623283532,1788558623451604,1788558623303441,844
2,DEPTH,1788558623316866,1788558623484990,1788558623336737,845
2,DEPTH,1788558623350199,1788558623518375,1788558623369974,846
2,DEPTH,1788558623383530,1788558623551755,1788558623403289,847
2,DEPTH,1788558623416865,1788558623585139,1788558623436610,848
2,DEPTH,1788558623450201,1788558623618526,1788558623469981,849
2,DEPTH,1788558623483532,1788558623651906,1788558623503271,850
2,DEPTH,1788558623516868,1788558623685292,1788558623536749,851
2,DEPTH,1788558623550202,1788558623718676,1788558623569968,852
2,DEPTH,1788558623583532,1788558623752054,1788558623603299,853
2,DEPTH,1788558623616867,1788558623785436,1788558623636748,854
2,DEPTH,1788558623650204,1788558623818823,1788558623670112,855
2,DEPTH,1788558623683536,1788558623852203,1788558623703422,856
2,DEPTH,1788558623716873,1788558623885587,1788558623736759,857
2,DEPTH,1788558623750205,1788558623918968,1788558623770246,858
2,DEPTH,1788558623783538,1788558623952347,1788558623803280,859
2,DEPTH,1788558623816871,1788558623985727,1788558623836608,860
2,DEPTH,1788558623850207,1788558624019108,1788558623869988,861
2,DEPTH,1788558623883537,1788558624052484,1788558623903314,862
2,DEPTH,1788558623916871,1788558624085863,1788558623936604,863
2,DEPTH,1788558623950206,1788558624119243,1788558623969952,864
2,DEPTH,1788558623983538,1788558624152622,1788558624003582,865
2,DEPTH,1788558624016874,1788558624186003,1788558624036776,866
2,DEPTH,1788558624050211,1788558624219383,1788558624069980,867
2,DEPTH,1788558624083540,1788558624252757,1788558624103436,868
2,DEPTH,1788558624116876,1788558624286137,1788558624136735,869
2,DEPTH,1788558624150212,1788558624319518,1788558624170085,870
2,DEPTH,1788558624183541,1788558624352889,1788558624203279,871
2,DEPTH,1788558624216879,1788558624386270,1788558624236616,872
2,DEPTH,1788558624250214,1788558624419646,1788558624269982,873
2,DEPTH,1788558624283545,1788558624453019,1788558624303303,874
2,DEPTH,1788558624316882,1788558624486399,1788558624336768,875
2,DEPTH,1788558624350216,1788558624519775,1788558624369988,876
2,DEPTH,1788558624383551,1788558624553150,1788558624403281,877
2,DEPTH,1788558624416884,1788558624586525,1788558624436627,878
2,DEPTH,1788558624450219,1788558624619900,1788558624469977,879
2,DEPTH,1788558624483553,1788558624653274,1788558624503283,880
2,DEPTH,1788558624516885,1788558624686646,1788558624536604,881
2,DEPTH,1788558624550219,1788558624720020,1788558624569955,882
2,DEPTH,1788558624583553,1788558624753392,1788558624603313,883
2,DEPTH,1788558624616884,1788558624786764,1788558624636757,884
2,DEPTH,1788558624650221,1788558624820140,1788558624670098,885
2,DEPTH,1788558624683554,1788558624853512,1788558624703298,886
2,DEPTH,1788558624716891,1788558624886888,1788558624736742,887
2,DEPTH,1788558624750219,1788558624920254,1788558624769974,888
2,DEPTH,1788558624783553,1788558624953626,1788558624803290,889
2,DEPTH,1788558624816886,1788558624986997,1788558624836748,890
2,DEPTH,1788558624850226,1788558625020375,1788558624869956,891
2,DEPTH,1788558624883555,1788558625053741,1788558624903304,892
2,DEPTH,1788558624916892,1788558625087114,1788558624936599,893
2,DEPTH,1788558624950227,1788558625120487,1788558624969953,894
2,DEPTH,1788558624983562,1788558625153858,1788558625003314,895
2,DEPTH,1788558625016894,1788558625187225,1788558625036634,896
2,DEPTH,1788558625050226,1788558625220595,1788558625070105,897
2,DEPTH,1788558625083562,1788558625253970,1788558625103835,898
2,DEPTH,1788558625116894,1788558625287337,1788558625136731,899
2,DEPTH,1788558625150229,1788558625320708,1788558625169955,900
2,DEPTH,1788558625183560,1788558625354074,1788558625203281,901
2,DEPTH,1788558625216897,1788558625387444,1788558625236607,902
2,DEPTH,1788558625250229,1788558625420813,1788558625270102,903
2,DEPTH,1788558625283562,1788558625454179,1788558625303285,904
2,DEPTH,1788558625316897,1788558625487550,1788558625336745,905
2,DEPTH,1788558625350229,1788558625520915,1788558625369952,906
2,DEPTH,1788558625383565,1788558625554285,1788558625403280,907
2,DEPTH,1788558625416897,1788558625587650,1788558625436622,908
2,DEPTH,1788558625450233,1788558625621021,1788558625469964,909
2,DEPTH,1788558625483566,1788558625654386,1788558625503284,910
2,DEPTH,1788558625516898,1788558625687753,1788558625536936,911
2,DEPTH,1788558625550234,1788558625721120,1788558625569952,912
2,DEPTH,1788558625583569,1788558625754487,1788558625603312,913
2,DEPTH,1788558625616903,1788558625787855,1788558625636799,914
2,DEPTH,1788558625650235,1788558625821219,1788558625670126,915
2,DEPTH,1788558625683571,1788558625854588,1788558625703453,916
2,DEPTH,1788558625716902,1788558625887952,1788558625736756,917
2,DEPTH,1788558625750237,1788558625921319,1788558625769978,918
2,DEPTH,1788558625783570,1788558625954682,1788558625803282,919
2,DEPTH,1788558625816903,1788558625988046,1788558625836628,920
2,DEPTH,1788558625850241,1788558626021416,1788558625870123,921
2,DEPTH,1788558625883573,1788558626054778,1788558625903315,922
2,DEPTH,1788558625916906,1788558626088141,1788558625936735,923
2,DEPTH,1788558625950240,1788558626121507,1788558625970120,924
2,DEPTH,1788558625983578,1788558626154875,1788558626003468,925
2,DEPTH,1788558626016911,1788558626188240,1788558626036776,926
2,DEPTH,1788558626050243,1788558626221602,1788558626070309,927
2,DEPTH,1788558626083579,1788558626254967,1788558626103421,928
2,DEPTH,1788558626116908,1788558626288329,1788558626136918,929
2,DEPTH,1788558626150246,1788558626321696,1788558626170120,930
2,DEPTH,1788558626183579,1788558626355057,1788558626203303,931
2,DEPTH,1788558626216914,1788558626388422,1788558626236924,932
2,DEPTH,1788558626250248,1788558626421785,1788558626269951,933
2,DEPTH,1788558626283582,1788558626455145,1788558626303306,934
2,DEPTH,1788558626316915,1788558626488509,1788558626336762,935
2,DEPTH,1788558626350249,1788558626521869,1788558626369975,936
2,DEPTH,1788558626383579,1788558626555226,1788558626403288,937
2,DEPTH,1788558626416918,1788558626588592,1788558626436635,938
2,DEPTH,1788558626450252,1788558626621955,1788558626470010,939
2,DEPTH,1788558626483584,1788558626655313,1788558626503297,940
2,DEPTH,1788558626516917,1788558626688672,1788558626536610,941
2,DEPTH,1788558626550248,1788558626722031,1788558626570079,942
2,DEPTH,1788558626583582,1788558626755391,1788558626603276,943
2,DEPTH,1788558626616916,1788558626788751,1788558626636636,944
2,DEPTH,1788558626650254,1788558626822116,1788558626670116,945
2,DEPTH,1788558626683585,1788558626855472,1788558626703286,946
2,DEPTH,1788558626716922,1788558626888834,1788558626736638,947
2,DEPTH,1788558626750251,1788558626922190,1788558626770069,948
2,DEPTH,1788558626783587,1788558626955550,1788558626803304,949
2,DEPTH,1788558626816920,1788558626988908,1788558626836603,950
2,DEPTH,1788558626850258,1788558627022272,1788558626870080,951
2,DEPTH,1788558626883590,1788558627055629,1788558626903306,952
2,DEPTH,1788558626916921,1788558627088983,1788558626936636,953
2,DEPTH,1788558626950256,1788558627122344,1788558626969956,954
2,DEPTH,1788558626983590,1788558627155701,1788558627003285,955
2,DEPTH,1788558627016927,1788558627189063,1788558627036626,956
2,DEPTH,1788558627050259,1788558627222419,1788558627070092,957
2,DEPTH,1788558627083594,1788558627255777,1788558627103430,958
2,DEPTH,1788558627116926,1788558627289135,1788558627136723,959
2,DEPTH,1788558627150260,1788558627322491,1788558627169961,960
2,DEPTH,1788558627183594,1788558627355850,1788558627203310,961
2,DEPTH,1788558627216930,1788558627389208,1788558627236637,962
2,DEPTH,1788558627250261,1788558627422562,1788558627269966,963
2,DEPTH,1788558627283597,1788558627455921,1788558627303430,964
2,DEPTH,1788558627316931,1788558627489279,1788558627336634,965
2,DEPTH,1788558627350264,1788558627522633,1788558627369958,966
2,DEPTH,1788558627383598,1788558627555989,1788558627403287,967
2,DEPTH,1788558627416929,1788558627589342,1788558627436601,968
2,DEPTH,1788558627450263,1788558627622698,1788558627469956,969
2,DEPTH,1788558627483600,1788558627656057,1788558627503292,970
2,DEPTH,1788558627516934,1788558627689412,1788558627536757,971
2,DEPTH,1788558627550264,1788558627722765,1788558627569949,972
2,DEPTH,1788558627583603,1788558627756124,1788558627603312,973
2,COLOR,1788558595791468,1788558595783109,1788558595927287,1
2,COLOR,1788558595824799,1788558595816438,1788558595929212,2
2,COLOR,1788558595858133,1788558595849768,1788558595931153,3
2,COLOR,1788558595891465,1788558595883098,1788558595933063,4
2,COLOR,1788558595924802,1788558595916432,1788558595934985,5
2,COLOR,1788558595958139,1788558595949766,1788558595966849,6
2,COLOR,1788558595991471,1788558595983095,1788558596000230,7
2,COLOR,1788558596024804,1788558596016425,1788558596033437,8
2,COLOR,1788558596058140,1788558596049758,1788558596066880,9
2,COLOR,1788558596091473,1788558596083087,1788558596100111,10
2,COLOR,1788558596124807,1788558596116418,1788558596133444,11
2,COLOR,1788558596158141,1788558596149750,1788558596166960,12
2,COLOR,1788558596191475,1788558596183081,1788558596200405,13
2,COLOR,1788558596224809,1788558596216412,1788558596233545,14
2,COLOR,1788558596258145,1788558596249746,1788558596266889,15
2,COLOR,1788558596291475,1788558596283073,1788558596300455,16
2,COLOR,1788558596324809,1788558596316403,1788558596333549,17
2,COLOR,1788558596358143,1788558596349735,1788558596366886,18
2,COLOR,1788558596391479,1788558596383067,1788558596400422,19
2,COLOR,1788558596424812,1788558596416398,1788558596433516,20
2,COLOR,1788558596458148,1788558596449730,1788558596466803,21
2,COLOR,1788558596491481,1788558596483061,1788558596500097,22
2,COLOR,1788558596524816,1788558596516392,1788558596533423,23
2,COLOR,1788558596558149,1788558596549723,1788558596566760,24
2,COLOR,1788558596591483,1788558596583053,1788558596600067,25
2,COLOR,1788558596624816,1788558596616385,1788558596633437,26
2,COLOR,1788558596658151,1788558596649716,1788558596666793,27
2,COLOR,1788558596691485,1788558596683047,1788558596700494,28
2,COLOR,1788558596724818,1788558596716377,1788558596733557,29
2,COLOR,1788558596758150,1788558596749706,1788558596766733,30
2,COLOR,1788558596791483,1788558596783037,1788558596800346,31
2,COLOR,1788558596824819,1788558596816370,1788558596833552,32
2,COLOR,1788558596858153,1788558596849700,1788558596866798,33
2,COLOR,1788558596891488,1788558596883032,1788558596900103,34
2,COLOR,1788558596924818,1788558596916788,1788558596933398,35
2,COLOR,1788558596301069,1788558596293086,1788558596966923,36
2,COLOR,1788558596334403,1788558596326418,1788558597000398,37
2,COLOR,1788558596367735,1788558596359747,1788558597033564,38
2,COLOR,1788558596401069,1788558596393079,1788558597066781,39
2,COLOR,1788558596434400,1788558596426408,1788558597100076,40
2,COLOR,1788558596467737,1788558596459742,1788558597133439,41
2,COLOR,1788558596501072,1788558596493074,1788558597166748,42
2,COLOR,1788558596534696,1788558596526696,1788558597200504,43
2,COLOR,1788558596567756,1788558596559753,1788558597233585,44
2,COLOR,1788558596601093,1788558596593088,1788558597266801,45
2,COLOR,1788558596634261,1788558596626253,1788558597299959,46
2,COLOR,1788558596667576,1788558596659565,1788558597333667,47
2,COLOR,1788558596700928,1788558596692915,1788558597366759,48
2,COLOR,1788558596734117,1788558596726101,1788558597399957,49
2,COLOR,1788558596767760,1788558596759742,1788558597433562,50
2,COLOR,1788558596801094,1788558596793073,1788558597466922,51
2,COLOR,1788558596834428,1788558596826405,1788558597500094,52
2,COLOR,1788558596867763,1788558596859736,1788558597533802,53
2,COLOR,1788558596901095,1788558596893066,1788558597566880,54
2,COLOR,1788558596934430,1788558596926399,1788558597600122,55
2,COLOR,1788558597325578,1788558597317517,1788558597633619,56
2,COLOR,1788558597358911,1788558597350847,1788558597666797,57
2,COLOR,1788558598990265,1788558598982076,1788558597700316,58
2,COLOR,1788558597716465,1788558597708374,1788558597733622,59
2,COLOR,1788558597749794,1788558597741700,1788558597766934,60
2,COLOR,1788558597783130,1788558597775033,1788558597800228,61
2,COLOR,1788558597816461,1788558597808362,1788558597833460,62
2,COLOR,1788558597849798,1788558597841697,1788558597867105,63
2,COLOR,1788558597883131,1788558597875027,1788558597900135,64
2,COLOR,1788558597916463,1788558597908357,1788558597933436,65
2,COLOR,1788558597949796,1788558597941687,1788558597967171,66
2,COLOR,1788558597983133,1788558597983299,1788558598000130,67
2,COLOR,1788558598016465,1788558598016615,1788558598033454,68
2,COLOR,1788558598049801,1788558598049899,1788558598067119,69
2,COLOR,1788558598083132,1788558598083236,1788558598100235,70
2,COLOR,1788558598116470,1788558598116580,1788558598133473,71
2,COLOR,1788558598149802,1788558598149919,1788558598166940,72
2,COLOR,1788558598183136,1788558598183259,1788558598200223,73
2,COLOR,1788558598216472,1788558598216602,1788558598233669,74
2,COLOR,1788558598249803,1788558598249940,1788558598266931,75
2,COLOR,1788558598283138,1788558598283280,1788558598300293,76
2,COLOR,1788558598316470,1788558598316618,1788558598333567,77
2,COLOR,1788558598349805,1788558598349961,1788558598366918,78
2,COLOR,1788558598383139,1788558598383301,1788558598400218,79
2,COLOR,1788558598416474,1788558598416641,1788558598433459,80
2,COLOR,1788558598449807,1788558598449981,1788558598466932,81
2,COLOR,1788558598483141,1788558598483322,1788558598500138,82
2,COLOR,1788558598516475,1788558598516662,1788558598533551,83
2,COLOR,1788558598549808,1788558598550001,1788558598566800,84
2,COLOR,1788558598583143,1788558598583341,1788558598600109,85
2,COLOR,1788558598616478,1788558598616684,1788558598633586,86
2,COLOR,1788558598649811,1788558598650022,1788558598667085,87
2,COLOR,1788558598683145,1788558598683363,1788558598700232,88
2,COLOR,1788558598716480,1788558598716704,1788558598733771,89
2,COLOR,1788558598749812,1788558598750042,1788558598766807,90
2,COLOR,1788558598783147,1788558598783383,1788558598800105,91
2,COLOR,1788558598816480,1788558598816723,1788558598833435,92
2,COLOR,1788558598849814,1788558598850063,1788558598866956,93
2,COLOR,1788558598883149,1788558598883404,1788558598900140,94
2,COLOR,1788558598916483,1788558598916745,1788558598933607,95
2,COLOR,1788558598949817,1788558598950085,1788558598966811,96
2,COLOR,1788558598983150,1788558598983424,1788558599000135,97
2,COLOR,1788558599016485,1788558599016765,1788558599033579,98
2,COLOR,1788558599049817,1788558599050441,1788558599066913,99
2,COLOR,1788558599083150,1788558599083783,1788558599100372,100
2,COLOR,1788558599116484,1788558599117128,1788558599133601,101
2,COLOR,1788558599149819,1788558599150475,1788558599166828,102
2,COLOR,1788558599183153,1788558599183818,1788558599200406,103
2,COLOR,1788558599216488,1788558599217165,1788558599233707,104
2,COLOR,1788558599249821,1788558599250508,1788558599267109,105
2,COLOR,1788558599283156,1788558599283854,1788558599300382,106
2,COLOR,1788558599316490,1788558599317198,1788558599333735,107
2,COLOR,1788558599349823,1788558599350543,1788558599366952,108
2,COLOR,1788558599383159,1788558599383888,1788558599400239,109
2,COLOR,1788558599416492,1788558599417232,1788558599433763,110
2,COLOR,1788558599449826,1788558599450578,1788558599467063,111
2,COLOR,1788558599483159,1788558599483921,1788558599500266,112
2,COLOR,1788558599516493,1788558599517266,1788558599533780,113
2,COLOR,1788558599549828,1788558599550612,1788558599566936,114
2,COLOR,1788558599583160,1788558599583954,1788558599600110,115
2,COLOR,1788558599616496,1788558599617300,1788558599633612,116
2,COLOR,1788558599649830,1788558599650645,1788558599666926,117
2,COLOR,1788558599683162,1788558599683988,1788558599700254,118
2,COLOR,1788558599716497,1788558599717333,1788558599733801,119
2,COLOR,1788558599749830,1788558599750678,1788558599766948,120
2,COLOR,1788558599783167,1788558599784026,1788558599800225,121
2,COLOR,1788558599816497,1788558599817366,1788558599833474,122
2,COLOR,1788558599849833,1788558599850713,1788558599867067,123
2,COLOR,1788558599883167,1788558599884057,1788558599900146,124
2,COLOR,1788558599916496,1788558599917396,1788558599933427,125
2,COLOR,1788558599949836,1788558599950747,1788558599967122,126
2,COLOR,1788558599983167,1788558599984090,1788558600000123,127
2,COLOR,1788558600016501,1788558600017433,1788558600033462,128
2,COLOR,1788558600049832,1788558600049803,1788558600067064,129
2,COLOR,1788558600083167,1788558600083138,1788558600100257,130
2,COLOR,1788558600116500,1788558600116471,1788558600133455,131
2,COLOR,1788558600149835,1788558600149805,1788558600167117,132
2,COLOR,1788558600183170,1788558600183140,1788558600200107,133
2,COLOR,1788558600216503,1788558600216471,1788558600233459,134
2,COLOR,1788558600249836,1788558600249803,1788558600267107,135
2,COLOR,1788558600283173,1788558600283140,1788558600300310,136
2,COLOR,1788558600316510,1788558600316477,1788558600333594,137
2,COLOR,1788558600349842,1788558600349808,1788558600367136,138
2,COLOR,1788558600383174,1788558600383139,1788558600400279,139
2,COLOR,1788558600416508,1788558600416473,1788558600433594,140
2,COLOR,1788558600449840,1788558600449804,1788558600466902,141
2,COLOR,1788558600483176,1788558600483140,1788558600500123,142
2,COLOR,1788558600516510,1788558600516472,1788558600533766,143
2,COLOR,1788558600549844,1788558600549807,1788558600566815,144
2,COLOR,1788558600583176,1788558600583138,1788558600600267,145
2,COLOR,1788558600616510,1788558600616470,1788558600633558,146
2,COLOR,1788558600649844,1788558600649804,1788558600667100,147
2,COLOR,1788558600683178,1788558600683138,1788558600700269,148
2,COLOR,1788558600716514,1788558600716474,1788558600733468,149
2,COLOR,1788558600749848,1788558600749807,1788558600767095,150
2,COLOR,1788558600783181,1788558600783139,1788558600800105,151
2,COLOR,1788558600816515,1788558600816472,1788558600833471,152
2,COLOR,1788558600849849,1788558600849806,1788558600866829,153
2,COLOR,1788558600883183,1788558600883139,1788558600900270,154
2,COLOR,1788558600916518,1788558600916474,1788558600933588,155
2,COLOR,1788558600949852,1788558600949806,1788558600966923,156
2,COLOR,1788558600983185,1788558600983138,1788558601000439,157
2,COLOR,1788558601016520,1788558601016474,1788558601033632,158
2,COLOR,1788558601049851,1788558601049796,1788558601067071,159
2,COLOR,1788558601083184,1788558601083131,1788558601100292,160
2,COLOR,1788558601116519,1788558601116466,1788558601133622,161
2,COLOR,1788558601149851,1788558601149798,1788558601166945,162
2,COLOR,1788558601183187,1788558601183135,1788558601200436,163
2,COLOR,1788558601216521,1788558601216470,1788558601233438,164
2,COLOR,1788558601249853,1788558601249803,1788558601266786,165
2,COLOR,1788558601283188,1788558601283139,1788558601300253,166
2,COLOR,1788558601316521,1788558601316472,1788558601333609,167
2,COLOR,1788558601349857,1788558601349808,1788558601366943,168
2,COLOR,1788558601383189,1788558601383141,1788558601400428,169
2,COLOR,1788558601416524,1788558601416477,1788558601433698,170
2,COLOR,1788558601449858,1788558601449812,1788558601466931,171
2,COLOR,1788558601483192,1788558601483146,1788558601500293,172
2,COLOR,1788558601516526,1788558601516481,1788558601533586,173
2,COLOR,1788558601549861,1788558601549817,1788558601566909,174
2,COLOR,1788558601583194,1788558601583150,1788558601600237,175
2,COLOR,1788558601616529,1788558601616486,1788558601633472,176
2,COLOR,1788558601649864,1788558601649821,1788558601666758,177
2,COLOR,1788558601683199,1788558601683156,1788558601700097,178
2,COLOR,1788558601716534,1788558601716491,1788558601733791,179
2,COLOR,1788558601749867,1788558601749826,1788558601766952,180
2,COLOR,1788558601783202,1788558601783161,1788558601800225,181
2,COLOR,1788558601816535,1788558601816495,1788558601833686,182
2,COLOR,1788558601849866,1788558601849827,1788558601866966,183
2,COLOR,1788558601883202,1788558601883164,1788558601900119,184
2,COLOR,1788558601916533,1788558601916495,1788558601933545,185
2,COLOR,1788558601949870,1788558601949832,1788558601966946,186
2,COLOR,1788558601983201,1788558601983164,1788558602000268,187
2,COLOR,1788558602016535,1788558602016498,1788558602033557,188
2,COLOR,1788558602049868,1788558602050427,1788558602066929,189
2,COLOR,1788558602083202,1788558602083762,1788558602100348,190
2,COLOR,1788558602116535,1788558602117097,1788558602133846,191
2,COLOR,1788558602149871,1788558602150435,1788558602166923,192
2,COLOR,1788558602183205,1788558602183770,1788558602200268,193
2,COLOR,1788558602216539,1788558602217105,1788558602233614,194
2,COLOR,1788558602249873,1788558602250441,1788558602266775,195
2,COLOR,1788558602283207,1788558602283777,1788558602300094,196
2,COLOR,1788558602316542,1788558602317113,1788558602333786,197
2,COLOR,1788558602349876,1788558602350449,1788558602367087,198
2,COLOR,1788558602383209,1788558602383782,1788558602400241,199
2,COLOR,1788558602416543,1788558602417118,1788558602433588,200
2,COLOR,1788558602449878,1788558602450455,1788558602466941,201
2,COLOR,1788558602483210,1788558602483788,1788558602500285,202
2,COLOR,1788558602516544,1788558602517124,1788558602533617,203
2,COLOR,1788558602549877,1788558602550458,1788558602567117,204
2,COLOR,1788558602583213,1788558602583797,1788558602600095,205
2,COLOR,1788558602616547,1788558602617132,1788558602633598,206
2,COLOR,1788558602649879,1788558602650466,1788558602666794,207
2,COLOR,1788558602683215,1788558602683802,1788558602700122,208
2,COLOR,1788558602716548,1788558602717137,1788558602733569,209
2,COLOR,1788558602749884,1788558602750475,1788558602767089,210
2,COLOR,1788558602783218,1788558602783811,1788558602800276,211
2,COLOR,1788558602816551,1788558602817144,1788558602833791,212
2,COLOR,1788558602849885,1788558602850480,1788558602866971,213
2,COLOR,1788558602883219,1788558602883816,1788558602900136,214
2,COLOR,1788558602916553,1788558602917151,1788558602933470,215
2,COLOR,1788558602949887,1788558602950488,1788558602966932,216
2,COLOR,1788558602983221,1788558602983823,1788558603000248,217
2,COLOR,1788558603016552,1788558603017156,1788558603033559,218
2,COLOR,1788558603049888,1788558603050307,1788558603066889,219
2,COLOR,1788558603083220,1788558603083641,1788558603100117,220
2,COLOR,1788558603116555,1788558603116977,1788558603133627,221
2,COLOR,1788558603149890,1788558603150315,1788558603166924,222
2,COLOR,1788558603183220,1788558603183646,1788558603200224,223
2,COLOR,1788558603216558,1788558603216988,1788558603233761,224
2,COLOR,1788558603249890,1788558603250322,1788558603266818,225
2,COLOR,1788558603283222,1788558603283656,1788558603300241,226
2,COLOR,1788558603316556,1788558603316991,1788558603333616,227
2,COLOR,1788558603349892,1788558603350330,1788558603366939,228
2,COLOR,1788558603383224,1788558603383665,1788558603400229,229
2,COLOR,1788558603416555,1788558603416997,1788558603433681,230
2,COLOR,1788558603449892,1788558603450337,1788558603466913,231
2,COLOR,1788558603483226,1788558603483673,1788558603500244,232
2,COLOR,1788558603516556,1788558603517006,1788558603533737,233
2,COLOR,1788558603549893,1788558603550345,1788558603566944,234
2,COLOR,1788558603583227,1788558603583681,1788558603600238,235
2,COLOR,1788558603616559,1788558603617015,1788558603633475,236
2,COLOR,1788558603649898,1788558603650356,1788558603666932,237
2,COLOR,1788558603683231,1788558603683692,1788558603700401,238
2,COLOR,1788558603716562,1788558603717025,1788558603733696,239
2,COLOR,1788558603749898,1788558603750363,1788558603766962,240
2,COLOR,1788558603783232,1788558603783699,1788558603800099,241
2,COLOR,1788558603816563,1788558603817032,1788558603833776,242
2,COLOR,1788558603849898,1788558603850369,1788558603866918,243
2,COLOR,1788558603883232,1788558603883705,1788558603900292,244
2,COLOR,1788558603916567,1788558603917043,1788558603933429,245
2,COLOR,1788558603949902,1788558603950380,1788558603966912,246
2,COLOR,1788558603983236,1788558603983717,1788558604000253,247
2,COLOR,1788558604016568,1788558604017050,1788558604033598,248
2,COLOR,1788558604049904,1788558604050421,1788558604066953,249
2,COLOR,1788558604083236,1788558604083755,1788558604100227,250
2,COLOR,1788558604116567,1788558604117086,1788558604133588,251
2,COLOR,1788558604149903,1788558604150423,1788558604166939,252
2,COLOR,1788558604183240,1788558604183759,1788558604200213,253
2,COLOR,1788558604216571,1788558604217090,1788558604234030,254
2,COLOR,1788558604249905,1788558604250425,1788558604267312,255
2,COLOR,1788558604283242,1788558604283763,1788558604300146,256
2,COLOR,1788558604316575,1788558604317096,1788558604333683,257
2,COLOR,1788558604349907,1788558604350428,1788558604367080,258
2,COLOR,1788558604383243,1788558604383766,1788558604400247,259
2,COLOR,1788558604416578,1788558604417101,1788558604433987,260
2,COLOR,1788558604449911,1788558604450434,1788558604467085,261
2,COLOR,1788558604483244,1788558604483767,1788558604500397,262
2,COLOR,1788558604516579,1788558604517103,1788558604533814,263
2,COLOR,1788558604549913,1788558604550438,1788558604567138,264
2,COLOR,1788558604583246,1788558604583771,1788558604600074,265
2,COLOR,1788558604616581,1788558604617106,1788558604633808,266
2,COLOR,1788558604649916,1788558604650441,1788558604666988,267
2,COLOR,1788558604683249,1788558604683775,1788558604700502,268
2,COLOR,1788558604716583,1788558604717109,1788558604733807,269
2,COLOR,1788558604749916,1788558604750444,1788558604766912,270
2,COLOR,1788558604783251,1788558604783779,1788558604800254,271
2,COLOR,1788558604816584,1788558604817111,1788558604833991,272
2,COLOR,1788558604849919,1788558604850448,1788558604866927,273
2,COLOR,1788558604883252,1788558604883781,1788558604900282,274
2,COLOR,1788558604916583,1788558604917113,1788558604933451,275
2,COLOR,1788558604949921,1788558604950451,1788558604966817,276
2,COLOR,1788558604983251,1788558604983782,1788558605000222,277
2,COLOR,1788558605016587,1788558605017118,1788558605033542,278
2,COLOR,1788558605049921,1788558605050596,1788558605067141,279
2,COLOR,1788558605083400,1788558605084076,1788558605100629,280
2,COLOR,1788558605116754,1788558605117431,1788558605133726,281
2,COLOR,1788558605150087,1788558605150763,1788558605167283,282
2,COLOR,1788558605183436,1788558605184113,1788558605200420,283
2,COLOR,1788558605216575,1788558605217252,1788558605233731,284
2,COLOR,1788558605249906,1788558605250584,1788558605267047,285
2,COLOR,1788558605283385,1788558605284064,1788558605300537,286
2,COLOR,1788558605316592,1788558605317272,1788558605333595,287
2,COLOR,1788558605349924,1788558605350604,1788558605367073,288
2,COLOR,1788558605383257,1788558605383938,1788558605400264,289
2,COLOR,1788558605416594,1788558605417275,1788558605433743,290
2,COLOR,1788558605449926,1788558605450607,1788558605467096,291
2,COLOR,1788558605483258,1788558605483940,1788558605500428,292
2,COLOR,1788558605516596,1788558605517277,1788558605533717,293
2,COLOR,1788558605549926,1788558605550609,1788558605567091,294
2,COLOR,1788558605583262,1788558605583944,1788558605600248,295
2,COLOR,1788558605616597,1788558605617281,1788558605633560,296
2,COLOR,1788558605649932,1788558605650616,1788558605667076,297
2,COLOR,1788558605683264,1788558605683949,1788558605700272,298
2,COLOR,1788558605716599,1788558605717284,1788558605733769,299
2,COLOR,1788558605749930,1788558605750615,1788558605766898,300
2,COLOR,1788558605783264,1788558605783949,1788558605800234,301
2,COLOR,1788558605816601,1788558605817287,1788558605833767,302
2,COLOR,1788558605849933,1788558605850619,1788558605867101,303
2,COLOR,1788558605883267,1788558605883953,1788558605900396,304
2,COLOR,1788558605916600,1788558605917288,1788558605933555,305
2,COLOR,1788558605949934,1788558605950622,1788558605966940,306
2,COLOR,1788558605983266,1788558605983955,1788558606000243,307
2,COLOR,1788558606016604,1788558606017293,1788558606033723,308
2,COLOR,1788558606049934,1788558606050624,1788558606066900,309
2,COLOR,1788558606083271,1788558606083960,1788558606100417,310
2,COLOR,1788558606116606,1788558606117295,1788558606133734,311
2,COLOR,1788558606149938,1788558606150628,1788558606167053,312
2,COLOR,1788558606183274,1788558606183964,1788558606200509,313
2,COLOR,1788558606216606,1788558606217297,1788558606233761,314
2,COLOR,1788558606249938,1788558606250630,1788558606267091,315
2,COLOR,1788558606283274,1788558606283967,1788558606300441,316
2,COLOR,1788558606316607,1788558606317300,1788558606333455,317
2,COLOR,1788558606349941,1788558606350635,1788558606366919,318
2,COLOR,1788558606383275,1788558606383968,1788558606400237,319
2,COLOR,1788558606416609,1788558606417304,1788558606433537,320
2,COLOR,1788558606449943,1788558606450637,1788558606466794,321
2,COLOR,1788558606483278,1788558606483972,1788558606500259,322
2,COLOR,1788558606516613,1788558606517309,1788558606533623,323
2,COLOR,1788558606549945,1788558606550640,1788558606567053,324
2,COLOR,1788558606583279,1788558606583976,1788558606600144,325
2,COLOR,1788558606616613,1788558606617310,1788558606633625,326
2,COLOR,1788558606649945,1788558606650643,1788558606667116,327
2,COLOR,1788558606683280,1788558606683977,1788558606700503,328
2,COLOR,1788558606716614,1788558606717312,1788558606733779,329
2,COLOR,1788558606749947,1788558606750645,1788558606767057,330
2,COLOR,1788558606783281,1788558606783979,1788558606800298,331
2,COLOR,1788558606816615,1788558606817314,1788558606833595,332
2,COLOR,1788558606849949,1788558606850648,1788558606866919,333
2,COLOR,1788558606883284,1788558606883985,1788558606900401,334
2,COLOR,1788558606916617,1788558606917317,1788558606933584,335
2,COLOR,1788558606949952,1788558606950654,1788558606966910,336
2,COLOR,1788558606983286,1788558606983988,1788558607000253,337
2,COLOR,1788558607016620,1788558607017323,1788558607033581,338
2,COLOR,1788558607049951,1788558607050654,1788558607066972,339
2,COLOR,1788558607083286,1788558607083989,1788558607100471,340
2,COLOR,1788558607116619,1788558607117322,1788558607133748,341
2,COLOR,1788558607149954,1788558607150657,1788558607166955,342
2,COLOR,1788558607183290,1788558607183995,1788558607200261,343
2,COLOR,1788558607216621,1788558607217326,1788558607233795,344
2,COLOR,1788558607249955,1788558607250661,1788558607267081,345
2,COLOR,1788558607283289,1788558607283994,1788558607300445,346
2,COLOR,1788558607316623,1788558607317329,1788558607333770,347
2,COLOR,1788558607349957,1788558607350664,1788558607366926,348
2,COLOR,1788558607383292,1788558607383999,1788558607400219,349
2,COLOR,1788558607416625,1788558607417332,1788558607433735,350
2,COLOR,1788558607449960,1788558607450668,1788558607467089,351
2,COLOR,1788558607483293,1788558607484002,1788558607500376,352
2,COLOR,1788558607516628,1788558607517336,1788558607533757,353
2,COLOR,1788558607549961,1788558607550671,1788558607566931,354
2,COLOR,1788558607583295,1788558607584005,1788558607600254,355
2,COLOR,1788558607616629,1788558607617339,1788558607633461,356
2,COLOR,1788558607649963,1788558607650673,1788558607666914,357
2,COLOR,1788558607683300,1788558607684012,1788558607700501,358
2,COLOR,1788558607716632,1788558607717344,1788558607733751,359
2,COLOR,1788558607749964,1788558607750674,1788558607766748,360
2,COLOR,1788558607783299,1788558607784007,1788558607800251,361
2,COLOR,1788558607816633,1788558607817341,1788558607833757,362
2,COLOR,1788558607849967,1788558607850675,1788558607867099,363
2,COLOR,1788558607883302,1788558607884009,1788558607900401,364
2,COLOR,1788558607916631,1788558607917335,1788558607933441,365
2,COLOR,1788558607949968,1788558607950672,1788558607967071,366
2,COLOR,1788558607983302,1788558607984004,1788558608000265,367
2,COLOR,1788558608016639,1788558608017341,1788558608033764,368
2,COLOR,1788558608049972,1788558608050673,1788558608066958,369
2,COLOR,1788558608083304,1788558608084005,1788558608100478,370
2,COLOR,1788558608116637,1788558608117338,1788558608133792,371
2,COLOR,1788558608149971,1788558608150672,1788558608167066,372
2,COLOR,1788558608183305,1788558608184003,1788558608200260,373
2,COLOR,1788558608216639,1788558608217338,1788558608233625,374
2,COLOR,1788558608249971,1788558608250668,1788558608267160,375
2,COLOR,1788558608283306,1788558608284007,1788558608300748,376
2,COLOR,1788558608316640,1788558608317339,1788558608333741,377
2,COLOR,1788558608349977,1788558608350677,1788558608367099,378
2,COLOR,1788558608383311,1788558608384008,1788558608400259,379
2,COLOR,1788558608416643,1788558608417340,1788558608433787,380
2,COLOR,1788558608449975,1788558608450673,1788558608467169,381
2,COLOR,1788558608483310,1788558608484007,1788558608500433,382
2,COLOR,1788558608516644,1788558608517341,1788558608533838,383
2,COLOR,1788558608549978,1788558608550674,1788558608566928,384
2,COLOR,1788558608583312,1788558608584005,1788558608600083,385
2,COLOR,1788558608616647,1788558608617341,1788558608633807,386
2,COLOR,1788558608649980,1788558608650674,1788558608667078,387
2,COLOR,1788558608683315,1788558608684007,1788558608700274,388
2,COLOR,1788558608716647,1788558608717338,1788558608733774,389
2,COLOR,1788558608749983,1788558608750674,1788558608767084,390
2,COLOR,1788558608783316,1788558608784005,1788558608800116,391
2,COLOR,1788558608816647,1788558608817336,1788558608833776,392
2,COLOR,1788558608849984,1788558608850672,1788558608867131,393
2,COLOR,1788558608883316,1788558608884004,1788558608900405,394
2,COLOR,1788558608916647,1788558608917333,1788558608933555,395
2,COLOR,1788558608949987,1788558608950672,1788558608966941,396
2,COLOR,1788558608983318,1788558608984000,1788558609000116,397
2,COLOR,1788558609016647,1788558609017328,1788558609033532,398
2,COLOR,1788558609049988,1788558609050668,1788558609067127,399
2,COLOR,1788558609083321,1788558609084001,1788558609100464,400
2,COLOR,1788558609116647,1788558609117328,1788558609133771,401
2,COLOR,1788558609149988,1788558609150667,1788558609167075,402
2,COLOR,1788558609183323,1788558609184001,1788558609200106,403
2,COLOR,1788558609216647,1788558609217324,1788558609233566,404
2,COLOR,1788558609249988,1788558609250665,1788558609267096,405
2,COLOR,1788558609283323,1788558609283998,1788558609300406,406
2,COLOR,1788558609316657,1788558609317331,1788558609333583,407
2,COLOR,1788558609349990,1788558609350664,1788558609367096,408
2,COLOR,1788558609383324,1788558609383996,1788558609400226,409
2,COLOR,1788558609416660,1788558609417331,1788558609433565,410
2,COLOR,1788558609449994,1788558609450664,1788558609467101,411
2,COLOR,1788558609483327,1788558609483998,1788558609500425,412
2,COLOR,1788558609516662,1788558609517331,1788558609533573,413
2,COLOR,1788558609549994,1788558609550663,1788558609567084,414
2,COLOR,1788558609583330,1788558609583998,1788558609600264,415
2,COLOR,1788558609616664,1788558609617329,1788558609633460,416
2,COLOR,1788558609649998,1788558609650662,1788558609667051,417
2,COLOR,1788558609683331,1788558609683994,1788558609700262,418
2,COLOR,1788558609716667,1788558609717329,1788558609733595,419
2,COLOR,1788558609749999,1788558609750659,1788558609767053,420
2,COLOR,1788558609783333,1788558609783993,1788558609800272,421
2,COLOR,1788558609816668,1788558609817327,1788558609833570,422
2,COLOR,1788558609850001,1788558609850659,1788558609867121,423
2,COLOR,1788558609883335,1788558609883993,1788558609900346,424
2,COLOR,1788558609916669,1788558609917325,1788558609933602,425
2,COLOR,1788558609949999,1788558609950654,1788558609966789,426
2,COLOR,1788558609983336,1788558609983988,1788558610000267,427
2,COLOR,1788558610016668,1788558610017318,1788558610033417,428
2,COLOR,1788558610050004,1788558610050652,1788558610066767,429
2,COLOR,1788558610083338,1788558610083986,1788558610100452,430
2,COLOR,1788558610116671,1788558610117317,1788558610133596,431
2,COLOR,1788558610150006,1788558610150651,1788558610166966,432
2,COLOR,1788558610183340,1788558610183984,1788558610200251,433
2,COLOR,1788558610216672,1788558610217315,1788558610233565,434
2,COLOR,1788558610250008,1788558610250649,1788558610266808,435
2,COLOR,1788558610283192,1788558610283833,1788558610300125,436
2,COLOR,1788558610316658,1788558610317298,1788558610333732,437
2,COLOR,1788558610349991,1788558610350628,1788558610366902,438
2,COLOR,1788558610383328,1788558610383964,1788558610400059,439
2,COLOR,1788558610416662,1788558610417296,1788558610433569,440
2,COLOR,1788558610449995,1788558610450630,1788558610467090,441
2,COLOR,1788558610483326,1788558610483959,1788558610500414,442
2,COLOR,1788558610516665,1788558610517300,1788558610533752,443
2,COLOR,1788558610549998,1788558610550631,1788558610566920,444
2,COLOR,1788558610583332,1788558610583964,1788558610600199,445
2,COLOR,1788558610616663,1788558610617292,1788558610633447,446
2,COLOR,1788558610649997,1788558610650624,1788558610666925,447
2,COLOR,1788558610683334,1788558610683962,1788558610700384,448
2,COLOR,1788558610716667,1788558610717296,1788558610733945,449
2,COLOR,1788558610749999,1788558610750630,1788558610767267,450
2,COLOR,1788558610783315,1788558610783943,1788558610800067,451
2,COLOR,1788558610816519,1788558610817145,1788558610833429,452
2,COLOR,1788558610849671,1788558610850296,1788558610866588,453
2,COLOR,1788558610883005,1788558610883629,1788558610899877,454
2,COLOR,1788558610916667,1788558610917290,1788558610933566,455
2,COLOR,1788558610949709,1788558610950330,1788558610966689,456
2,COLOR,1788558610983042,1788558610983663,1788558611000000,457
2,COLOR,1788558611016684,1788558611017303,1788558611033616,458
2,COLOR,1788558611050018,1788558611050638,1788558611067068,459
2,COLOR,1788558611083352,1788558611083971,1788558611100414,460
2,COLOR,1788558611116687,1788558611117307,1788558611133806,461
2,COLOR,1788558611150020,1788558611150639,1788558611167102,462
2,COLOR,1788558611183354,1788558611183973,1788558611200305,463
2,COLOR,1788558611216687,1788558611217305,1788558611233796,464
2,COLOR,1788558611250020,1788558611250638,1788558611267111,465
2,COLOR,1788558611283357,1788558611283975,1788558611300280,466
2,COLOR,1788558611316687,1788558611317306,1788558611334010,467
2,COLOR,1788558611350021,1788558611350640,1788558611367081,468
2,COLOR,1788558611383354,1788558611383971,1788558611400098,469
2,COLOR,1788558611416689,1788558611417306,1788558611433743,470
2,COLOR,1788558611450023,1788558611450639,1788558611466898,471
2,COLOR,1788558611483357,1788558611483972,1788558611500413,472
2,COLOR,1788558611516692,1788558611517307,1788558611533748,473
2,COLOR,1788558611550024,1788558611550639,1788558611567065,474
2,COLOR,1788558611583361,1788558611583974,1788558611600071,475
2,COLOR,1788558611616695,1788558611617305,1788558611633557,476
2,COLOR,1788558611650028,1788558611650639,1788558611667071,477
2,COLOR,1788558611683365,1788558611683975,1788558611700247,478
2,COLOR,1788558611716695,1788558611717303,1788558611733568,479
2,COLOR,1788558611750029,1788558611750636,1788558611767104,480
2,COLOR,1788558611783366,1788558611783973,1788558611800233,481
2,COLOR,1788558611816696,1788558611817302,1788558611833612,482
2,COLOR,1788558611850029,1788558611850633,1788558611866932,483
2,COLOR,1788558611883367,1788558611883971,1788558611900364,484
2,COLOR,1788558611916702,1788558611917304,1788558611933578,485
2,COLOR,1788558611950033,1788558611950636,1788558611967141,486
2,COLOR,1788558611983368,1788558611983969,1788558612000244,487
2,COLOR,1788558612016699,1788558612017298,1788558612033438,488
2,COLOR,1788558612050035,1788558612050634,1788558612066975,489
2,COLOR,1788558612083371,1788558612083969,1788558612100394,490
2,COLOR,1788558612116701,1788558612117298,1788558612133762,491
2,COLOR,1788558612150034,1788558612150633,1788558612167123,492
2,COLOR,1788558612183371,1788558612183968,1788558612200240,493
2,COLOR,1788558612216703,1788558612217298,1788558612233675,494
2,COLOR,1788558612250037,1788558612250633,1788558612267108,495
2,COLOR,1788558612283372,1788558612283966,1788558612300231,496
2,COLOR,1788558612316707,1788558612317305,1788558612334052,497
2,COLOR,1788558612350038,1788558612350637,1788558612367377,498
2,COLOR,1788558612383375,1788558612383973,1788558612400212,499
2,COLOR,1788558612416707,1788558612417302,1788558612433603,500
2,COLOR,1788558612450042,1788558612450636,1788558612466780,501
2,COLOR,1788558612483379,1788558612483971,1788558612500257,502
2,COLOR,1788558612516710,1788558612517301,1788558612533738,503
2,COLOR,1788558612550044,1788558612550636,1788558612567109,504
2,COLOR,1788558612583379,1788558612583969,1788558612600106,505
2,COLOR,1788558612616712,1788558612617301,1788558612633448,506
2,COLOR,1788558612650048,1788558612650635,1788558612666916,507
2,COLOR,1788558612683383,1788558612683970,1788558612700415,508
2,COLOR,1788558612716716,1788558612717302,1788558612733588,509
2,COLOR,1788558612750049,1788558612750633,1788558612766786,510
2,COLOR,1788558612783382,1788558612783964,1788558612800230,511
2,COLOR,1788558612816714,1788558612817295,1788558612833579,512
2,COLOR,1788558612850048,1788558612850628,1788558612866927,513
2,COLOR,1788558612883383,1788558612883962,1788558612900323,514
2,COLOR,1788558612916714,1788558612917290,1788558612933433,515
2,COLOR,1788558612950050,1788558612950627,1788558612967104,516
2,COLOR,1788558612983384,1788558612983959,1788558613000112,517
2,COLOR,1788558613016718,1788558613017291,1788558613033615,518
2,COLOR,1788558613050051,1788558613050624,1788558613066927,519
2,COLOR,1788558613083386,1788558613083959,1788558613100420,520
2,COLOR,1788558613116719,1788558613117292,1788558613133806,521
2,COLOR,1788558613150051,1788558613150624,1788558613167106,522
2,COLOR,1788558613183389,1788558613183961,1788558613200233,523
2,COLOR,1788558613216721,1788558613217292,1788558613233605,524
2,COLOR,1788558613250053,1788558613250623,1788558613266961,525
2,COLOR,1788558613283388,1788558613283957,1788558613300414,526
2,COLOR,1788558613316723,1788558613317292,1788558613333801,527
2,COLOR,1788558613350057,1788558613350626,1788558613366984,528
2,COLOR,1788558613383389,1788558613383956,1788558613400249,529
2,COLOR,1788558613416725,1788558613417294,1788558613433813,530
2,COLOR,1788558613450059,1788558613450628,1788558613467073,531
2,COLOR,1788558613483392,1788558613483958,1788558613500139,532
2,COLOR,1788558613516729,1788558613517296,1788558613533764,533
2,COLOR,1788558613550061,1788558613550627,1788558613566961,534
2,COLOR,1788558613583395,1788558613583960,1788558613600240,535
2,COLOR,1788558613616728,1788558613617292,1788558613633775,536
2,COLOR,1788558613650065,1788558613650630,1788558613667151,537
2,COLOR,1788558613683397,1788558613683961,1788558613700259,538
2,COLOR,1788558613716730,1788558613717294,1788558613733761,539
2,COLOR,1788558613750067,1788558613750629,1788558613766957,540
2,COLOR,1788558613783396,1788558613783957,1788558613800235,541
2,COLOR,1788558613816731,1788558613817292,1788558613833581,542
2,COLOR,1788558613850069,1788558613850629,1788558613867067,543
2,COLOR,1788558613883399,1788558613883956,1788558613900114,544
2,COLOR,1788558613916733,1788558613917290,1788558613933583,545
2,COLOR,1788558613950069,1788558613950626,1788558613967155,546
2,COLOR,1788558613983401,1788558613983956,1788558614000207,547
2,COLOR,1788558614016734,1788558614017289,1788558614033575,548
2,COLOR,1788558614050069,1788558614050623,1788558614066949,549
2,COLOR,1788558614083405,1788558614083961,1788558614100629,550
2,COLOR,1788558614116740,1788558614117295,1788558614133903,551
2,COLOR,1788558614150070,1788558614150627,1788558614167102,552
2,COLOR,1788558614183408,1788558614183962,1788558614200279,553
2,COLOR,1788558614216741,1788558614217296,1788558614233744,554
2,COLOR,1788558614250071,1788558614250627,1788558614267144,555
2,COLOR,1788558614283408,1788558614283962,1788558614300403,556
2,COLOR,1788558614316740,1788558614317294,1788558614333590,557
2,COLOR,1788558614350078,1788558614350629,1788558614366779,558
2,COLOR,1788558614383408,1788558614383958,1788558614400248,559
2,COLOR,1788558614416741,1788558614417291,1788558614433773,560
2,COLOR,1788558614450074,1788558614450624,1788558614466956,561
2,COLOR,1788558614483412,1788558614483961,1788558614500284,562
2,COLOR,1788558614516743,1788558614517290,1788558614533462,563
2,COLOR,1788558614550080,1788558614550625,1788558614566937,564
2,COLOR,1788558614583411,1788558614583955,1788558614600121,565
2,COLOR,1788558614616748,1788558614617291,1788558614633579,566
2,COLOR,1788558614650081,1788558614650622,1788558614666948,567
2,COLOR,1788558614683416,1788558614683958,1788558614700411,568
2,COLOR,1788558614716749,1788558614717290,1788558614733611,569
2,COLOR,1788558614750083,1788558614750623,1788558614766984,570
2,COLOR,1788558614783416,1788558614783954,1788558614800249,571
2,COLOR,1788558614816749,1788558614817287,1788558614833762,572
2,COLOR,1788558614850081,1788558614850619,1788558614866908,573
2,COLOR,1788558614883416,1788558614883952,1788558614900339,574
2,COLOR,1788558614916749,1788558614917285,1788558614933563,575
2,COLOR,1788558614950083,1788558614950618,1788558614967023,576
2,COLOR,1788558614983420,1788558614983953,1788558615000209,577
2,COLOR,1788558615016754,1788558615017286,1788558615033572,578
2,COLOR,1788558615050087,1788558615050619,1788558615067041,579
2,COLOR,1788558615083418,1788558615083949,1788558615100601,580
2,COLOR,1788558615116755,1788558615117285,1788558615133758,581
2,COLOR,1788558615150087,1788558615150615,1788558615167069,582
2,COLOR,1788558615183421,1788558615183947,1788558615200253,583
2,COLOR,1788558615216753,1788558615217276,1788558615233573,584
2,COLOR,1788558615250087,1788558615250609,1788558615267032,585
2,COLOR,1788558615283426,1788558615283948,1788558615300447,586
2,COLOR,1788558615316757,1788558615317278,1788558615333771,587
2,COLOR,1788558615350092,1788558615350611,1788558615366920,588
2,COLOR,1788558615383423,1788558615383940,1788558615400209,589
2,COLOR,1788558615416757,1788558615417273,1788558615433891,590
2,COLOR,1788558615450094,1788558615450609,1788558615467061,591
2,COLOR,1788558615483425,1788558615483938,1788558615500376,592
2,COLOR,1788558615516759,1788558615517272,1788558615533779,593
2,COLOR,1788558615550094,1788558615550605,1788558615566937,594
2,COLOR,1788558615583425,1788558615583934,1788558615600255,595
2,COLOR,1788558615616760,1788558615617265,1788558615633423,596
2,COLOR,1788558615650098,1788558615650599,1788558615666794,597
2,COLOR,1788558615683430,1788558615683928,1788558615700112,598
2,COLOR,1788558615716763,1788558615717263,1788558615734056,599
2,COLOR,1788558615750098,1788558615750597,1788558615767086,600
2,COLOR,1788558615783430,1788558615783927,1788558615800243,601
2,COLOR,1788558615816763,1788558615817258,1788558615833721,602
2,COLOR,1788558615850098,1788558615850593,1788558615867098,603
2,COLOR,1788558615883432,1788558615883926,1788558615900396,604
2,COLOR,1788558615916765,1788558615917257,1788558615933599,605
2,COLOR,1788558615950103,1788558615950594,1788558615967062,606
2,COLOR,1788558615983433,1788558615983922,1788558616000498,607
2,COLOR,1788558616016767,1788558616017255,1788558616033596,608
2,COLOR,1788558616050105,1788558616050593,1788558616067110,609
2,COLOR,1788558616083435,1788558616083921,1788558616100270,610
2,COLOR,1788558616116769,1788558616117255,1788558616133767,611
2,COLOR,1788558616150106,1788558616150589,1788558616167102,612
2,COLOR,1788558616183437,1788558616183919,1788558616200333,613
2,COLOR,1788558616216774,1788558616217253,1788558616233576,614
2,COLOR,1788558616250108,1788558616250587,1788558616267082,615
2,COLOR,1788558616283439,1788558616283916,1788558616300246,616
2,COLOR,1788558616316776,1788558616317250,1788558616333553,617
2,COLOR,1788558616350109,1788558616350583,1788558616366918,618
2,COLOR,1788558616383441,1788558616383911,1788558616400124,619
2,COLOR,1788558616416774,1788558616417241,1788558616433571,620
2,COLOR,1788558616450107,1788558616450574,1788558616467083,621
2,COLOR,1788558616483444,1788558616483910,1788558616500465,622
2,COLOR,1788558616516777,1788558616517243,1788558616533752,623
2,COLOR,1788558616550113,1788558616550578,1788558616567078,624
2,COLOR,1788558616583447,1788558616583909,1788558616600126,625
2,COLOR,1788558616616780,1788558616617238,1788558616633462,626
2,COLOR,1788558616650113,1788558616650571,1788558616667069,627
2,COLOR,1788558616683449,1788558616683906,1788558616700344,628
2,COLOR,1788558616716783,1788558616717239,1788558616733778,629
2,COLOR,1788558616750115,1788558616750569,1788558616767078,630
2,COLOR,1788558616783448,1788558616783901,1788558616800282,631
2,COLOR,1788558616816781,1788558616817232,1788558616833454,632
2,COLOR,1788558616850116,1788558616850565,1788558616866903,633
2,COLOR,1788558616883448,1788558616883896,1788558616900345,634
2,COLOR,1788558616916785,1788558616917230,1788558616933573,635
2,COLOR,1788558616950119,1788558616950563,1788558616967115,636
2,COLOR,1788558616983450,1788558616983893,1788558617000238,637
2,COLOR,1788558617016784,1788558617017227,1788558617033777,638
2,COLOR,1788558617050117,1788558617050558,1788558617067095,639
2,COLOR,1788558617083452,1788558617083892,1788558617100383,640
2,COLOR,1788558617116785,1788558617117225,1788558617133791,641
2,COLOR,1788558617150118,1788558617150558,1788558617167076,642
2,COLOR,1788558617183454,1788558617183892,1788558617200280,643
2,COLOR,1788558617216787,1788558617217223,1788558617233731,644
2,COLOR,1788558617250121,1788558617250556,1788558617267057,645
2,COLOR,1788558617283453,1788558617283888,1788558617300412,646
2,COLOR,1788558617316786,1788558617317221,1788558617333768,647
2,COLOR,1788558617350120,1788558617350553,1788558617367054,648
2,COLOR,1788558617383457,1788558617383887,1788558617400115,649
2,COLOR,1788558617416789,1788558617417218,1788558617433430,650
2,COLOR,1788558617450121,1788558617450548,1788558617467094,651
2,COLOR,1788558617483461,1788558617483888,1788558617500420,652
2,COLOR,1788558617516790,1788558617517217,1788558617533773,653
2,COLOR,1788558617550124,1788558617550550,1788558617567048,654
2,COLOR,1788558617583460,1788558617583883,1788558617600129,655
2,COLOR,1788558617616791,1788558617617211,1788558617633452,656
2,COLOR,1788558617650129,1788558617650548,1788558617667104,657
2,COLOR,1788558617683463,1788558617683881,1788558617700221,658
2,COLOR,1788558617716794,1788558617717209,1788558617733571,659
2,COLOR,1788558617750132,1788558617750546,1788558617766901,660
2,COLOR,1788558617783461,1788558617783871,1788558617800102,661
2,COLOR,1788558617816798,1788558617817206,1788558617833586,662
2,COLOR,1788558617850133,1788558617850541,1788558617867081,663
2,COLOR,1788558617883465,1788558617883871,1788558617900242,664
2,COLOR,1788558617916800,1788558617917204,1788558617933456,665
2,COLOR,1788558617950133,1788558617950536,1788558617966917,666
2,COLOR,1788558617983467,1788558617983868,1788558618000216,667
2,COLOR,1788558618016803,1788558618017202,1788558618033620,668
2,COLOR,1788558618050134,1788558618050532,1788558618066956,669
2,COLOR,1788558618083471,1788558618083866,1788558618100241,670
2,COLOR,1788558618116803,1788558618117198,1788558618133764,671
2,COLOR,1788558618150135,1788558618150528,1788558618167047,672
2,COLOR,1788558618183472,1788558618183865,1788558618200328,673
2,COLOR,1788558618216807,1788558618217200,1788558618233780,674
2,COLOR,1788558618250138,1788558618250531,1788558618267093,675
2,COLOR,1788558618283472,1788558618283863,1788558618300209,676
2,COLOR,1788558618316808,1788558618317197,1788558618333536,677
2,COLOR,1788558618350144,1788558618350531,1788558618366964,678
2,COLOR,1788558618383478,1788558618383864,1788558618400281,679
2,COLOR,1788558618416811,1788558618417194,1788558618433448,680
2,COLOR,1788558618450146,1788558618450527,1788558618466926,681
2,COLOR,1788558618483476,1788558618483854,1788558618500091,682
2,COLOR,1788558618516809,1788558618517186,1788558618533581,683
2,COLOR,1788558618550145,1788558618550520,1788558618566956,684
2,COLOR,1788558618583482,1788558618583856,1788558618600257,685
2,COLOR,1788558618616816,1788558618617188,1788558618633473,686
2,COLOR,1788558618650148,1788558618650518,1788558618666929,687
2,COLOR,1788558618683482,1788558618683853,1788558618700681,688
2,COLOR,1788558618716816,1788558618717187,1788558618733615,689
2,COLOR,1788558618750150,1788558618750519,1788558618766902,690
2,COLOR,1788558618783484,1788558618783850,1788558618800253,691
2,COLOR,1788558618816815,1788558618817182,1788558618833710,692
2,COLOR,1788558618850148,1788558618850514,1788558618867063,693
2,COLOR,1788558618883484,1788558618883847,1788558618900291,694
2,COLOR,1788558618916819,1788558618917180,1788558618933582,695
2,COLOR,1788558618950151,1788558618950513,1788558618967090,696
2,COLOR,1788558618983484,1788558618983844,1788558619000242,697
2,COLOR,1788558619016821,1788558619017181,1788558619033745,698
2,COLOR,1788558619050155,1788558619050516,1788558619067313,699
2,COLOR,1788558619083487,1788558619083847,1788558619100481,700
2,COLOR,1788558619116819,1788558619117179,1788558619133737,701
2,COLOR,1788558619150155,1788558619150514,1788558619167079,702
2,COLOR,1788558619183488,1788558619183847,1788558619200349,703
2,COLOR,1788558619216821,1788558619217178,1788558619233763,704
2,COLOR,1788558619250154,1788558619250513,1788558619267113,705
2,COLOR,1788558619283488,1788558619283846,1788558619300401,706
2,COLOR,1788558619316820,1788558619317177,1788558619333795,707
2,COLOR,1788558619350156,1788558619350513,1788558619367068,708
2,COLOR,1788558619383488,1788558619383844,1788558619400279,709
2,COLOR,1788558619416824,1788558619417178,1788558619433753,710
2,COLOR,1788558619450159,1788558619450513,1788558619466883,711
2,COLOR,1788558619483488,1788558619483840,1788558619500250,712
2,COLOR,1788558619516823,1788558619517173,1788558619533615,713
2,COLOR,1788558619550158,1788558619550508,1788558619567073,714
2,COLOR,1788558619583492,1788558619583840,1788558619600119,715
2,COLOR,1788558619616824,1788558619617168,1788558619633433,716
2,COLOR,1788558619650165,1788558619650510,1788558619667110,717
2,COLOR,1788558619683497,1788558619683841,1788558619700457,718
2,COLOR,1788558619716829,1788558619717173,1788558619733814,719
2,COLOR,1788558619750165,1788558619750509,1788558619767089,720
2,COLOR,1788558619783496,1788558619783839,1788558619800297,721
2,COLOR,1788558619816830,1788558619817172,1788558619833602,722
2,COLOR,1788558619850165,1788558619850506,1788558619867132,723
2,COLOR,1788558619883497,1788558619883838,1788558619900427,724
2,COLOR,1788558619916832,1788558619917172,1788558619933589,725
2,COLOR,1788558619950169,1788558619950508,1788558619967060,726
2,COLOR,1788558619983499,1788558619983838,1788558620000505,727
2,COLOR,1788558620016832,1788558620017169,1788558620033544,728
2,COLOR,1788558620050167,1788558620050504,1788558620067072,729
2,COLOR,1788558620083500,1788558620083836,1788558620100418,730
2,COLOR,1788558620116835,1788558620117172,1788558620133767,731
2,COLOR,1788558620150172,1788558620150508,1788558620167098,732
2,COLOR,1788558620183503,1788558620183837,1788558620200337,733
2,COLOR,1788558620216836,1788558620217170,1788558620233550,734
2,COLOR,1788558620250175,1788558620250509,1788558620267110,735
2,COLOR,1788558620283504,1788558620283837,1788558620300457,736
2,COLOR,1788558620316841,1788558620317172,1788558620333543,737
2,COLOR,1788558620350175,1788558620350506,1788558620367048,738
2,COLOR,1788558620383511,1788558620383839,1788558620400278,739
2,COLOR,1788558620416844,1788558620417172,1788558620433855,740
2,COLOR,1788558620450179,1788558620450509,1788558620467074,741
2,COLOR,1788558620483513,1788558620483841,1788558620500261,742
2,COLOR,1788558620516847,1788558620517174,1788558620533771,743
2,COLOR,1788558620550178,1788558620550505,1788558620567078,744
2,COLOR,1788558620583514,1788558620583838,1788558620600222,745
2,COLOR,1788558620616848,1788558620617172,1788558620633639,746
2,COLOR,1788558620650180,1788558620650502,1788558620666927,747
2,COLOR,1788558620683514,1788558620683835,1788558620700283,748
2,COLOR,1788558620716848,1788558620717169,1788558620733832,749
2,COLOR,1788558620750183,1788558620750503,1788558620767077,750
2,COLOR,1788558620783515,1788558620783836,1788558620800381,751
2,COLOR,1788558620816851,1788558620817169,1788558620833625,752
2,COLOR,1788558620850182,1788558620850499,1788558620866948,753
2,COLOR,1788558620883518,1788558620883834,1788558620900234,754
2,COLOR,1788558620916849,1788558620917163,1788558620933560,755
2,COLOR,1788558620950185,1788558620950497,1788558620966976,756
2,COLOR,1788558620983520,1788558620983832,1788558621000242,757
2,COLOR,1788558621016854,1788558621017166,1788558621033744,758
2,COLOR,1788558621050186,1788558621050497,1788558621067104,759
2,COLOR,1788558621083520,1788558621083832,1788558621100577,760
2,COLOR,1788558621116856,1788558621117168,1788558621133816,761
2,COLOR,1788558621150190,1788558621150501,1788558621167083,762
2,COLOR,1788558621183523,1788558621183833,1788558621200292,763
2,COLOR,1788558621216853,1788558621217164,1788558621233758,764
2,COLOR,1788558621250192,1788558621250500,1788558621266964,765
2,COLOR,1788558621283525,1788558621283834,1788558621300373,766
2,COLOR,1788558621316859,1788558621317167,1788558621333736,767
2,COLOR,1788558621350186,1788558621350493,1788558621367048,768
2,COLOR,1788558621383524,1788558621383831,1788558621400292,769
2,COLOR,1788558621416854,1788558621417158,1788558621433616,770
2,COLOR,1788558621450188,1788558621450492,1788558621467079,771
2,COLOR,1788558621483527,1788558621483831,1788558621500368,772
2,COLOR,1788558621516859,1788558621517163,1788558621533769,773
2,COLOR,1788558621550192,1788558621550494,1788558621567048,774
2,COLOR,1788558621583529,1788558621583830,1788558621600088,775
2,COLOR,1788558621616860,1788558621617158,1788558621633458,776
2,COLOR,1788558621650194,1788558621650492,1788558621667102,777
2,COLOR,1788558621683530,1788558621683826,1788558621700105,778
2,COLOR,1788558621716861,1788558621717157,1788558621733815,779
2,COLOR,1788558621750195,1788558621750491,1788558621767078,780
2,COLOR,1788558621783530,1788558621783823,1788558621800262,781
2,COLOR,1788558621816861,1788558621817153,1788558621833579,782
2,COLOR,1788558621850196,1788558621850489,1788558621867091,783
2,COLOR,1788558621883531,1788558621883822,1788558621900258,784
2,COLOR,1788558621916862,1788558621917151,1788558621933619,785
2,COLOR,1788558621950198,1788558621950487,1788558621966943,786
2,COLOR,1788558621983534,1788558621983823,1788558622000501,787
2,COLOR,1788558622016865,1788558622017153,1788558622033614,788
2,COLOR,1788558622050199,1788558622050486,1788558622066929,789
2,COLOR,1788558622083537,1788558622083823,1788558622100432,790
2,COLOR,1788558622116866,1788558622117152,1788558622133805,791
2,COLOR,1788558622150200,1788558622150486,1788558622167084,792
2,COLOR,1788558622183536,1788558622183821,1788558622200324,793
2,COLOR,1788558622216868,1788558622217152,1788558622233590,794
2,COLOR,1788558622250202,1788558622250486,1788558622267060,795
2,COLOR,1788558622283537,1788558622283821,1788558622300459,796
2,COLOR,1788558622316870,1788558622317153,1788558622333747,797
2,COLOR,1788558622350204,1788558622350486,1788558622367061,798
2,COLOR,1788558622383539,1788558622383820,1788558622400232,799
2,COLOR,1788558622416872,1788558622417153,1788558622433743,800
2,COLOR,1788558622450210,1788558622450489,1788558622467090,801
2,COLOR,1788558622483541,1788558622483822,1788558622500453,802
2,COLOR,1788558622516878,1788558622517158,1788558622533735,803
2,COLOR,1788558622550212,1788558622550492,1788558622567301,804
2,COLOR,1788558622583545,1788558622583825,1788558622600257,805
2,COLOR,1788558622616879,1788558622617158,1788558622633572,806
2,COLOR,1788558622650214,1788558622650491,1788558622666925,807
2,COLOR,1788558622683547,1788558622683824,1788558622700456,808
2,COLOR,1788558622716881,1788558622717156,1788558622733572,809
2,COLOR,1788558622750212,1788558622750487,1788558622767014,810
2,COLOR,1788558622783546,1788558622783820,1788558622800226,811
2,COLOR,1788558622816880,1788558622817152,1788558622833586,812
2,COLOR,1788558622850213,1788558622850485,1788558622867097,813
2,COLOR,1788558622883549,1788558622883819,1788558622900245,814
2,COLOR,1788558622916882,1788558622917150,1788558622933555,815
2,COLOR,1788558622950215,1788558622950483,1788558622967070,816
2,COLOR,1788558622983550,1788558622983817,1788558623000238,817
2,COLOR,1788558623016883,1788558623017150,1788558623033778,818
2,COLOR,1788558623050218,1788558623050486,1788558623067290,819
2,COLOR,1788558623083549,1788558623083815,1788558623100409,820
2,COLOR,1788558623116884,1788558623117151,1788558623133763,821
2,COLOR,1788558623150220,1788558623150487,1788558623167076,822
2,COLOR,1788558623183554,1788558623183819,1788558623200271,823
2,COLOR,1788558623216889,1788558623217153,1788558623233429,824
2,COLOR,1788558623250223,1788558623250486,1788558623267132,825
2,COLOR,1788558623283556,1788558623283820,1788558623300530,826
2,COLOR,1788558623316890,1788558623317154,1788558623333802,827
2,COLOR,1788558623350224,1788558623350487,1788558623367073,828
2,COLOR,1788558623383555,1788558623383817,1788558623400224,829
2,COLOR,1788558623416889,1788558623417148,1788558623433569,830
2,COLOR,1788558623450226,1788558623450485,1788558623467068,831
2,COLOR,1788558623483556,1788558623483815,1788558623500401,832
2,COLOR,1788558623516892,1788558623517150,1788558623533676,833
2,COLOR,1788558623550227,1788558623550487,1788558623567108,834
2,COLOR,1788558623583556,1788558623583812,1788558623600084,835
2,COLOR,1788558623616892,1788558623617145,1788558623633486,836
2,COLOR,1788558623650228,1788558623650481,1788558623667116,837
2,COLOR,1788558623683561,1788558623683814,1788558623700369,838
2,COLOR,1788558623716897,1788558623717149,1788558623733655,839
2,COLOR,1788558623750229,1788558623750479,1788558623766927,840
2,COLOR,1788558623783562,1788558623783813,1788558623800272,841
2,COLOR,1788558623816896,1788558623817147,1788558623833781,842
2,COLOR,1788558623850231,1788558623850481,1788558623867266,843
2,COLOR,1788558623883562,1788558623883813,1788558623900399,844
2,COLOR,1788558623916896,1788558623917145,1788558623933614,845
2,COLOR,1788558623950231,1788558623950480,1788558623967086,846
2,COLOR,1788558623983563,1788558623983812,1788558624000462,847
2,COLOR,1788558624016899,1788558624017147,1788558624033618,848
2,COLOR,1788558624050235,1788558624050483,1788558624066977,849
2,COLOR,1788558624083565,1788558624083811,1788558624100283,850
2,COLOR,1788558624116901,1788558624117147,1788558624133799,851
2,COLOR,1788558624150237,1788558624150484,1788558624167097,852
2,COLOR,1788558624183566,1788558624183812,1788558624200255,853
2,COLOR,1788558624216903,1788558624217146,1788558624233538,854
2,COLOR,1788558624250239,1788558624250482,1788558624267097,855
2,COLOR,1788558624283570,1788558624283812,1788558624300494,856
2,COLOR,1788558624316907,1788558624317150,1788558624333820,857
2,COLOR,1788558624350241,1788558624350484,1788558624367142,858
2,COLOR,1788558624383575,1788558624383817,1788558624400295,859
2,COLOR,1788558624416908,1788558624417150,1788558624433794,860
2,COLOR,1788558624450243,1788558624450486,1788558624467083,861
2,COLOR,1788558624483578,1788558624483819,1788558624500406,862
2,COLOR,1788558624516909,1788558624517150,1788558624533634,863
2,COLOR,1788558624550244,1788558624550485,1788558624567085,864
2,COLOR,1788558624583577,1788558624583816,1788558624600368,865
2,COLOR,1788558624616908,1788558624617146,1788558624633464,866
2,COLOR,1788558624650245,1788558624650483,1788558624666983,867
2,COLOR,1788558624683579,1788558624683814,1788558624700201,868
2,COLOR,1788558624716915,1788558624717148,1788558624733599,869
2,COLOR,1788558624750244,1788558624750477,1788558624766924,870
2,COLOR,1788558624783577,1788558624783809,1788558624800221,871
2,COLOR,1788558624816910,1788558624817140,1788558624833542,872
2,COLOR,1788558624850250,1788558624850480,1788558624866979,873
2,COLOR,1788558624883579,1788558624883807,1788558624900426,874
2,COLOR,1788558624916917,1788558624917143,1788558624933550,875
2,COLOR,1788558624950251,1788558624950477,1788558624966933,876
2,COLOR,1788558624983586,1788558624983811,1788558625000420,877
2,COLOR,1788558625016919,1788558625017145,1788558625033744,878
2,COLOR,1788558625050251,1788558625050475,1788558625067130,879
2,COLOR,1788558625083587,1788558625083812,1788558625100454,880
2,COLOR,1788558625116919,1788558625117144,1788558625133823,881
2,COLOR,1788558625150254,1788558625150480,1788558625167104,882
2,COLOR,1788558625183584,1788558625183809,1788558625200407,883
2,COLOR,1788558625216922,1788558625217147,1788558625233585,884
2,COLOR,1788558625250254,1788558625250478,1788558625267118,885
2,COLOR,1788558625283586,1788558625283810,1788558625300370,886
2,COLOR,1788558625316922,1788558625317146,1788558625333587,887
2,COLOR,1788558625350254,1788558625350478,1788558625367082,888
2,COLOR,1788558625383590,1788558625383813,1788558625400367,889
2,COLOR,1788558625416921,1788558625417143,1788558625433671,890
2,COLOR,1788558625450258,1788558625450479,1788558625466873,891
2,COLOR,1788558625483591,1788558625483812,1788558625500389,892
2,COLOR,1788558625516923,1788558625517143,1788558625533611,893
2,COLOR,1788558625550258,1788558625550478,1788558625567113,894
2,COLOR,1788558625583594,1788558625583812,1788558625600107,895
2,COLOR,1788558625616928,1788558625617143,1788558625633558,896
2,COLOR,1788558625650259,1788558625650476,1788558625667064,897
2,COLOR,1788558625683596,1788558625683811,1788558625700281,898
2,COLOR,1788558625716927,1788558625717141,1788558625733604,899
2,COLOR,1788558625750261,1788558625750474,1788558625767096,900
2,COLOR,1788558625783594,1788558625783805,1788558625800091,901
2,COLOR,1788558625816927,1788558625817137,1788558625833555,902
2,COLOR,1788558625850266,1788558625850476,1788558625867104,903
2,COLOR,1788558625883597,1788558625883806,1788558625900246,904
2,COLOR,1788558625916930,1788558625917137,1788558625933430,905
2,COLOR,1788558625950265,1788558625950473,1788558625967110,906
2,COLOR,1788558625983602,1788558625983809,1788558626000348,907
2,COLOR,1788558626016935,1788558626017139,1788558626033571,908
2,COLOR,1788558626050267,1788558626050474,1788558626067206,909
2,COLOR,1788558626083603,1788558626083808,1788558626100248,910
2,COLOR,1788558626116933,1788558626117137,1788558626133582,911
2,COLOR,1788558626150271,1788558626150475,1788558626167108,912
2,COLOR,1788558626183604,1788558626183808,1788558626200392,913
2,COLOR,1788558626216939,1788558626217142,1788558626233578,914
2,COLOR,1788558626250272,1788558626250474,1788558626267099,915
2,COLOR,1788558626283607,1788558626283809,1788558626300381,916
2,COLOR,1788558626316940,1788558626317141,1788558626333430,917
2,COLOR,1788558626350274,1788558626350473,1788558626367097,918
2,COLOR,1788558626383603,1788558626383804,1788558626400421,919
2,COLOR,1788558626416942,1788558626417142,1788558626433686,920
2,COLOR,1788558626450276,1788558626450474,1788558626466920,921
2,COLOR,1788558626483608,1788558626483805,1788558626500244,922
2,COLOR,1788558626516942,1788558626517139,1788558626533714,923
2,COLOR,1788558626550272,1788558626550469,1788558626567084,924
2,COLOR,1788558626583607,1788558626583804,1788558626600369,925
2,COLOR,1788558626616940,1788558626617134,1788558626633457,926
2,COLOR,1788558626650278,1788558626650471,1788558626666798,927
2,COLOR,1788558626683610,1788558626683801,1788558626700248,928
2,COLOR,1788558626716946,1788558626717137,1788558626733581,929
2,COLOR,1788558626750275,1788558626750465,1788558626767042,930
2,COLOR,1788558626783612,1788558626783802,1788558626800400,931
2,COLOR,1788558626816945,1788558626817134,1788558626833470,932
2,COLOR,1788558626850282,1788558626850470,1788558626867075,933
2,COLOR,1788558626883614,1788558626883803,1788558626900500,934
2,COLOR,1788558626916945,1788558626917133,1788558626933575,935
2,COLOR,1788558626950281,1788558626950469,1788558626967077,936
2,COLOR,1788558626983614,1788558626983801,1788558627000391,937
2,COLOR,1788558627016951,1788558627017138,1788558627033787,938
2,COLOR,1788558627050283,1788558627050471,1788558627067149,939
2,COLOR,1788558627083619,1788558627083807,1788558627100374,940
2,COLOR,1788558627116951,1788558627117138,1788558627133603,941
2,COLOR,1788558627150285,1788558627150472,1788558627167100,942
2,COLOR,1788558627183618,1788558627183804,1788558627200416,943
2,COLOR,1788558627216954,1788558627217140,1788558627233784,944
2,COLOR,1788558627250286,1788558627250472,1788558627266950,945
2,COLOR,1788558627283621,1788558627283806,1788558627300468,946
2,COLOR,1788558627316955,1788558627317140,1788558627333542,947
2,COLOR,1788558627350288,1788558627350473,1788558627367076,948
2,COLOR,1788558627383622,1788558627383805,1788558627400393,949
2,COLOR,1788558627416954,1788558627417138,1788558627433709,950
2,COLOR,1788558627450288,1788558627450472,1788558627467067,951
2,COLOR,1788558627483625,1788558627483808,1788558627500419,952
2,COLOR,1788558627516958,1788558627517140,1788558627533621,953
2,COLOR,1788558627550289,1788558627550472,1788558627567064,954
2,COLOR,1788558627583627,1788558627583808,1788558627600348,955
