comparison_type,device_i,device_j,stream,hw_diff_us,global_diff_us,sys_diff_us,timestamp_us
cross_stream,0,0,depth+color,-1,-1,-154266,1788558594438469
cross_stream,0,0,depth+color,-1,0,-123771,1788558594471732
cross_stream,0,0,depth+color,0,0,-92360,1788558594505048
cross_stream,0,0,depth+color,-1,-1,-60883,1788558594538433
cross_stream,0,0,depth+color,0,0,-29475,1788558594571731
cross_stream,0,0,depth+color,0,-1,1715,1788558594604849
cross_stream,0,0,depth+color,-1,-1,4925,1788558594638207
cross_stream,0,0,depth+color,-1,0,4993,1788558594671606
cross_stream,0,0,depth+color,-1,0,4676,1788558594704821
cross_stream,0,0,depth+color,-1,-1,4835,1788558594738312
cross_stream,0,0,depth+color,-1,-1,4874,1788558594771491
cross_stream,0,0,depth+color,-1,0,4755,1788558594804955
cross_stream,0,0,depth+color,0,0,4852,1788558594838284
cross_stream,0,0,depth+color,-1,0,4459,1788558594871473
cross_stream,0,0,depth+color,-1,-3,5002,1788558594904805
cross_stream,0,0,depth+color,-1,-1,4873,1788558594938281
cross_stream,0,0,depth+color,0,-1,4901,1788558594971740
cross_stream,0,0,depth+color,0,-1,4814,1788558595005129
cross_stream,0,0,depth+color,-1,-1,4704,1788558595038280
cross_stream,0,0,depth+color,0,1,4988,1788558595071604
cross_stream,0,0,depth+color,-1,-1,4823,1788558595104960
cross_stream,0,0,depth+color,0,0,5047,1788558595138467
cross_stream,0,0,depth+color,-1,-2,4971,1788558595171739
cross_stream,0,0,depth+color,-1,-2,5037,1788558595205128
cross_stream,0,0,depth+color,-1,-1,5002,1788558595238477
cross_stream,0,0,depth+color,-1,-1,4694,1788558595271498
cross_stream,0,0,depth+color,0,0,4983,1788558595305067
cross_stream,0,0,depth+color,-1,-1,4743,1788558595338155
cross_stream,0,0,depth+color,-1,0,4854,1788558595371606
cross_stream,0,0,depth+color,-1,-1,4905,1788558595438165
cross_stream,0,0,depth+color,-1,-1,4955,1788558595471718
cross_stream,0,0,depth+color,-1,0,4991,1788558595505077
cross_stream,0,0,depth+color,0,1,4678,1788558595538153
cross_stream,0,0,depth+color,-1,0,4969,1788558595571599
cross_stream,0,0,depth+color,-1,0,4968,1788558595604938
cross_stream,0,0,depth+color,-1,0,5001,1788558595638497
cross_stream,0,0,depth+color,0,-1,4796,1788558595671630
cross_stream,0,0,depth+color,0,0,4833,1788558595704952
cross_stream,0,0,depth+color,0,1,4879,1788558595738305
cross_stream,0,0,depth+color,-1,-1,4849,1788558595771456
cross_stream,0,0,depth+color,-1,-2,4867,1788558595804929
cross_stream,0,0,depth+color,-1,-1,4998,1788558595838258
cross_stream,0,0,depth+color,-1,0,5014,1788558595871742
cross_stream,0,0,depth+color,0,0,4722,1788558595904781
cross_stream,0,0,depth+color,-1,-1,3948,1788558595938144
cross_stream,0,0,depth+color,-1,-1,4976,1788558595971655
cross_stream,0,0,depth+color,-1,-1,5075,1788558596004897
cross_stream,0,0,depth+color,0,0,5003,1788558596038388
cross_stream,0,0,depth+color,-1,-2,5046,1788558596071681
cross_stream,0,0,depth+color,-1,-1,4873,1788558596105007
cross_stream,0,0,depth+color,0,0,4759,1788558596138212
cross_stream,0,0,depth+color,-1,-1,4941,1788558596171708
cross_stream,0,0,depth+color,-1,-2,5330,1788558596205429
cross_stream,0,0,depth+color,0,0,5074,1788558596238452
cross_stream,0,0,depth+color,-1,-1,5086,1788558596271717
cross_stream,0,0,depth+color,-1,-1,4691,1788558596304890
cross_stream,0,0,depth+color,0,-1,4939,1788558596338224
cross_stream,0,0,depth+color,-1,-1,5040,1788558596371677
cross_stream,0,0,depth+color,-1,-1,4853,1788558596438126
cross_stream,0,0,depth+color,-1,-1,4681,1788558596471493
cross_stream,0,0,depth+color,-1,-2,4713,1788558596504805
cross_stream,0,0,depth+color,0,0,5340,1788558596538478
cross_stream,0,0,depth+color,-1,0,4874,1788558596571486
cross_stream,0,0,depth+color,-1,-1,4907,1788558596604814
cross_stream,0,0,depth+color,-1,-1,5151,1788558596638324
cross_stream,0,0,depth+color,0,1,5017,1788558596671800
cross_stream,0,0,depth+color,0,-1,4880,1788558596704924
cross_stream,0,0,depth+color,0,0,5038,1788558596738303
cross_stream,0,0,depth+color,0,-1,5042,1788558596771671
cross_stream,0,0,depth+color,-1,-2,4765,1788558596804993
cross_stream,0,0,depth+color,0,0,5072,1788558596838206
cross_stream,0,0,depth+color,0,-1,5007,1788558596871652
cross_stream,0,0,depth+color,-1,0,4918,1788558596904848
cross_stream,0,0,depth+color,0,0,5012,1788558596938163
cross_stream,0,0,depth+color,-1,-1,4935,1788558596971550
cross_stream,0,0,depth+color,-1,-2,4976,1788558597004935
cross_stream,0,0,depth+color,-1,0,5038,1788558597038317
cross_stream,0,0,depth+color,-1,-2,4869,1788558597104788
cross_stream,0,0,depth+color,0,-1,5001,1788558597138292
cross_stream,0,0,depth+color,-1,-2,4955,1788558597171582
cross_stream,0,0,depth+color,-1,-1,5155,1788558597205108
cross_stream,0,0,depth+color,-1,-2,4710,1788558597238178
cross_stream,0,0,depth+color,0,1,4757,1788558597271536
cross_stream,0,0,depth+color,-1,-2,4885,1788558597304822
cross_stream,0,0,depth+color,-1,-1,4794,1788558597338312
cross_stream,0,0,depth+color,-1,-1,4891,1788558597371518
cross_stream,0,0,depth+color,0,0,4817,1788558597404848
cross_stream,0,0,depth+color,-1,-1,4971,1788558597438343
cross_stream,0,0,depth+color,-1,-1,4711,1788558597471506
cross_stream,0,0,depth+color,-1,-2,4846,1788558597504870
cross_stream,0,0,depth+color,-1,-1,4826,1788558597538350
cross_stream,0,0,depth+color,0,0,4876,1788558597571548
cross_stream,0,0,depth+color,-1,-1,4948,1788558597604828
cross_stream,0,0,depth+color,0,0,4973,1788558597638193
cross_stream,0,0,depth+color,0,0,4842,1788558597671517
cross_stream,0,0,depth+color,0,1,4636,1788558597704862
cross_stream,0,0,depth+color,-1,0,4865,1788558597738218
cross_stream,0,0,depth+color,-1,-1,4822,1788558597771502
cross_stream,0,0,depth+color,-1,-1,4972,1788558597804844
cross_stream,0,0,depth+color,-1,-2,5039,1788558597838206
cross_stream,0,0,depth+color,-1,0,4831,1788558597871562
cross_stream,0,0,depth+color,-1,-1,4836,1788558597904831
cross_stream,0,0,depth+color,-1,-1,4993,1788558597938196
cross_stream,0,0,depth+color,-1,-1,4996,1788558597971518
cross_stream,0,0,depth+color,-1,-1,4986,1788558598004859
cross_stream,0,0,depth+color,-1,-2,4997,1788558598038178
cross_stream,0,0,depth+color,-1,0,5196,1788558598071880
cross_stream,0,0,depth+color,0,-1,4832,1788558598104867
cross_stream,0,0,depth+color,-1,-2,4963,1788558598138181
cross_stream,0,0,depth+color,0,-1,4998,1788558598171679
cross_stream,0,0,depth+color,0,0,5030,1788558598205022
cross_stream,0,0,depth+color,-1,-2,5006,1788558598238368
cross_stream,0,0,depth+color,-1,-1,5025,1788558598271699
cross_stream,0,0,depth+color,0,0,4853,1788558598304836
cross_stream,0,0,depth+color,-1,0,4869,1788558598338195
cross_stream,0,0,depth+color,-1,-2,4824,1788558598371511
cross_stream,0,0,depth+color,0,0,5169,1788558598405042
cross_stream,0,0,depth+color,0,-1,5005,1788558598438185
cross_stream,0,0,depth+color,0,0,4802,1788558598471520
cross_stream,0,0,depth+color,-1,-2,4834,1788558598504821
cross_stream,0,0,depth+color,-1,-2,5026,1788558598538364
cross_stream,0,0,depth+color,-1,-1,4856,1788558598571540
cross_stream,0,0,depth+color,0,0,4658,1788558598604833
cross_stream,0,0,depth+color,-1,-1,4874,1788558598638317
cross_stream,0,0,depth+color,0,1,4910,1788558598671624
cross_stream,0,0,depth+color,-1,-1,4950,1788558598704836
cross_stream,0,0,depth+color,-1,0,4866,1788558598738182
cross_stream,0,0,depth+color,-1,-1,4987,1788558598771502
cross_stream,0,0,depth+color,0,0,4862,1788558598804869
cross_stream,0,0,depth+color,0,-1,4980,1788558598838174
cross_stream,0,0,depth+color,0,1,4783,1788558598871521
cross_stream,0,0,depth+color,-1,0,5119,1788558598904965
cross_stream,0,0,depth+color,-1,-2,5011,1788558598938209
cross_stream,0,0,depth+color,-1,-1,4978,1788558598971505
cross_stream,0,0,depth+color,-1,-2,5349,1788558599005354
cross_stream,0,0,depth+color,-1,-2,4662,1788558599038171
cross_stream,0,0,depth+color,0,0,4818,1788558599071540
cross_stream,0,0,depth+color,0,-1,4672,1788558599105017
cross_stream,0,0,depth+color,-1,0,4947,1788558599138301
cross_stream,0,0,depth+color,-1,-1,5027,1788558599171546
cross_stream,0,0,depth+color,-1,-3,5211,1788558599205229
cross_stream,0,0,depth+color,0,0,4999,1788558599238337
cross_stream,0,0,depth+color,-1,0,4800,1788558599271490
cross_stream,0,0,depth+color,-1,-2,4948,1788558599304961
cross_stream,0,0,depth+color,-1,-1,4871,1788558599338215
cross_stream,0,0,depth+color,-1,0,4942,1788558599371482
cross_stream,0,0,depth+color,0,1,4843,1788558599404960
cross_stream,0,0,depth+color,-1,-1,5015,1788558599438375
cross_stream,0,0,depth+color,0,0,4830,1788558599471504
cross_stream,0,0,depth+color,-1,-1,4892,1788558599504999
cross_stream,0,0,depth+color,0,-1,4988,1788558599538344
cross_stream,0,0,depth+color,0,-1,4935,1788558599571489
cross_stream,0,0,depth+color,-1,1002,4804,1788558599604835
cross_stream,0,0,depth+color,-1,-1,4985,1788558599638195
cross_stream,0,0,depth+color,-1,-2,4956,1788558599671513
cross_stream,0,0,depth+color,-1,-2,5064,1788558599704959
cross_stream,0,0,depth+color,-1,0,4951,1788558599738302
cross_stream,0,0,depth+color,-1,-2,4946,1788558599771485
cross_stream,0,0,depth+color,-1,0,4989,1788558599804855
cross_stream,0,0,depth+color,-1,-1,4996,1788558599838168
cross_stream,0,0,depth+color,-1,-1,4784,1788558599871509
cross_stream,0,0,depth+color,0,0,4798,1788558599904822
cross_stream,0,0,depth+color,-1,-1,4955,1788558599938166
cross_stream,0,0,depth+color,0,1,5008,1788558599971557
cross_stream,0,0,depth+color,-1,0,4967,1788558600004976
cross_stream,0,0,depth+color,0,0,5194,1788558600038519
cross_stream,0,0,depth+color,-1,-1,4683,1788558600071502
cross_stream,0,0,depth+color,0,0,4835,1788558600104830
cross_stream,0,0,depth+color,-1,-1,5027,1788558600138198
cross_stream,0,0,depth+color,0,0,4973,1788558600171521
cross_stream,0,0,depth+color,-1,-1,4989,1788558600204995
cross_stream,0,0,depth+color,-1,-1,4881,1788558600238190
cross_stream,0,0,depth+color,-1,-1,4943,1788558600271643
cross_stream,0,0,depth+color,0,0,5251,1788558600305142
cross_stream,0,0,depth+color,-1,-1,4822,1788558600338182
cross_stream,0,0,depth+color,-1,-1,4945,1788558600371500
cross_stream,0,0,depth+color,0,0,4980,1788558600404819
cross_stream,0,0,depth+color,-1,0,4964,1788558600438153
cross_stream,0,0,depth+color,0,0,4865,1788558600471531
cross_stream,0,0,depth+color,-1,-2,5083,1788558600504970
cross_stream,0,0,depth+color,-1,-2,5086,1788558600538302
cross_stream,0,0,depth+color,-1,0,4726,1788558600571520
cross_stream,0,0,depth+color,-1,-1,5626,1788558600605484
cross_stream,0,0,depth+color,0,-1,5198,1788558600638411
cross_stream,0,0,depth+color,-1,-1,5060,1788558600671625
cross_stream,0,0,depth+color,-1,-1,5063,1788558600704904
cross_stream,0,0,depth+color,0,-1,5098,1788558600738272
cross_stream,0,0,depth+color,-1,-2,5033,1788558600771587
cross_stream,0,0,depth+color,-1,0,4898,1788558600804912
cross_stream,0,0,depth+color,-1,-1,4909,1788558600838268
cross_stream,0,0,depth+color,-1,-2,5051,1788558600871600
cross_stream,0,0,depth+color,0,-1,4874,1788558600904902
cross_stream,0,0,depth+color,-1,-2,4966,1788558600938293
cross_stream,0,0,depth+color,0,0,4906,1788558600971605
cross_stream,0,0,depth+color,0,0,5022,1788558601004890
cross_stream,0,0,depth+color,-1,0,5052,1788558601038265
cross_stream,0,0,depth+color,0,0,5217,1788558601071902
cross_stream,0,0,depth+color,-1,-1,5023,1788558601105045
cross_stream,0,0,depth+color,-1,0,4945,1788558601138267
cross_stream,0,0,depth+color,0,0,5205,1788558601171737
cross_stream,0,0,depth+color,0,0,5068,1788558601204909
cross_stream,0,0,depth+color,-1,-1,5029,1788558601238250
cross_stream,0,0,depth+color,-1,0,4944,1788558601271614
cross_stream,0,0,depth+color,-1,-2,4871,1788558601304891
cross_stream,0,0,depth+color,-1,-2,5079,1788558601338436
cross_stream,0,0,depth+color,-1,0,4914,1788558601371587
cross_stream,0,0,depth+color,-1,-2,5245,1788558601405230
cross_stream,0,0,depth+color,-1,-1,5046,1788558601438417
cross_stream,0,0,depth+color,-1,-1,5041,1788558601471593
cross_stream,0,0,depth+color,-1,0,5412,1788558601505249
cross_stream,0,0,depth+color,-1,0,4900,1788558601538264
cross_stream,0,0,depth+color,-1,-1,5001,1788558601571712
cross_stream,0,0,depth+color,-1,-1,5208,1788558601605095
cross_stream,0,0,depth+color,-1,-1,5109,1788558601638296
cross_stream,0,0,depth+color,-1,-2,5160,1788558601671717
cross_stream,0,0,depth+color,-1,0,5044,1788558601705066
cross_stream,0,0,depth+color,-1,0,5291,1788558601738510
cross_stream,0,0,depth+color,-1,-2,5047,1788558601771584
cross_stream,0,0,depth+color,-1,-1,4903,1788558601804940
cross_stream,0,0,depth+color,-1,-2,4882,1788558601838252
cross_stream,0,0,depth+color,0,0,4869,1788558601871573
cross_stream,0,0,depth+color,-1,1,5141,1788558601905041
cross_stream,0,0,depth+color,0,0,5194,1788558601938399
cross_stream,0,0,depth+color,-1,-1,4909,1788558601971580
cross_stream,0,0,depth+color,-1,-1,4905,1788558602004932
cross_stream,0,0,depth+color,-1,-1,5170,1788558602038397
cross_stream,0,0,depth+color,-1,-2,4941,1788558602071606
cross_stream,0,0,depth+color,-1,-1,5047,1788558602105222
cross_stream,0,0,depth+color,0,0,4904,1788558602138253
cross_stream,0,0,depth+color,-1,-1,5044,1788558602171603
cross_stream,0,0,depth+color,-1,-1,4925,1788558602204943
cross_stream,0,0,depth+color,-1,-2,5196,1788558602238389
cross_stream,0,0,depth+color,-1,0,4873,1788558602271579
cross_stream,0,0,depth+color,-1,-2,5029,1788558602305050
cross_stream,0,0,depth+color,0,1,5290,1788558602338631
cross_stream,0,0,depth+color,-1,-1,5058,1788558602371755
cross_stream,0,0,depth+color,-1,0,4930,1788558602404909
cross_stream,0,0,depth+color,-1,-1,4920,1788558602438289
cross_stream,0,0,depth+color,0,1,4936,1788558602471620
cross_stream,0,0,depth+color,-1,0,4892,1788558602504898
cross_stream,0,0,depth+color,0,1,5115,1788558602538440
cross_stream,0,0,depth+color,-1,-1,4940,1788558602571614
cross_stream,0,0,depth+color,-1,-2,4907,1788558602604930
cross_stream,0,0,depth+color,0,-1,5007,1788558602638248
cross_stream,0,0,depth+color,-1,-1,5083,1788558602671615
cross_stream,0,0,depth+color,-1,0,5197,1788558602705031
cross_stream,0,0,depth+color,0,1,4920,1788558602738269
cross_stream,0,0,depth+color,-1,-2,5030,1788558602771597
cross_stream,0,0,depth+color,-1,-1,5252,1788558602805095
cross_stream,0,0,depth+color,-1,-1,4936,1788558602838253
cross_stream,0,0,depth+color,-1,0,5031,1788558602871604
cross_stream,0,0,depth+color,0,1,5017,1788558602904920
cross_stream,0,0,depth+color,0,-1,5092,1788558602938258
cross_stream,0,0,depth+color,-1,-1,4929,1788558602971606
cross_stream,0,0,depth+color,0,-1,4905,1788558603004904
cross_stream,0,0,depth+color,-1,0,4901,1788558603038241
cross_stream,0,0,depth+color,-1,-1,5065,1788558603071765
cross_stream,0,0,depth+color,-1,-2,5234,1788558603105083
cross_stream,0,0,depth+color,-1,0,4983,1788558603138300
cross_stream,0,0,depth+color,-1,-1,4896,1788558603171587
cross_stream,0,0,depth+color,0,0,4937,1788558603204949
cross_stream,0,0,depth+color,-1,-2,4915,1788558603238271
cross_stream,0,0,depth+color,-1,0,5057,1788558603271759
cross_stream,0,0,depth+color,-1,-2,4962,1788558603304936
cross_stream,0,0,depth+color,0,-1,4898,1788558603338243
cross_stream,0,0,depth+color,-1,-2,5021,1788558603371721
cross_stream,0,0,depth+color,0,1,4916,1788558603404936
cross_stream,0,0,depth+color,-1,-1,4913,1788558603438263
cross_stream,0,0,depth+color,0,0,5043,1788558603471747
cross_stream,0,0,depth+color,-1,-2,4924,1788558603504935
cross_stream,0,0,depth+color,-1,-1,4891,1788558603538251
cross_stream,0,0,depth+color,0,0,5035,1788558603571699
cross_stream,0,0,depth+color,-1,0,4895,1788558603604887
cross_stream,0,0,depth+color,-1,-1,4887,1788558603638256
cross_stream,0,0,depth+color,0,-1,5157,1788558603671706
cross_stream,0,0,depth+color,0,-1,5029,1788558603704905
cross_stream,0,0,depth+color,-1,-2,5220,1788558603738388
cross_stream,0,0,depth+color,-1,-2,5042,1788558603771738
cross_stream,0,0,depth+color,-1,0,5217,1788558603805085
cross_stream,0,0,depth+color,-1,-1,5075,1788558603838280
cross_stream,0,0,depth+color,-1,0,5070,1788558603871613
cross_stream,0,0,depth+color,-1,-1,5056,1788558603904904
cross_stream,0,0,depth+color,-1,-2,5042,1788558603938249
cross_stream,0,0,depth+color,0,1,4920,1788558603971623
cross_stream,0,0,depth+color,-1,-1,4868,1788558604004903
cross_stream,0,0,depth+color,-1,0,5056,1788558604038383
cross_stream,0,0,depth+color,-1,0,5144,1788558604071719
cross_stream,0,0,depth+color,-1,0,5067,1788558604104924
cross_stream,0,0,depth+color,-1,0,5098,1788558604138413
cross_stream,0,0,depth+color,-1,-2,4897,1788558604171573
cross_stream,0,0,depth+color,0,0,4928,1788558604204930
cross_stream,0,0,depth+color,-1,-2,5232,1788558604238578
cross_stream,0,0,depth+color,0,-1,4920,1788558604271595
cross_stream,0,0,depth+color,0,1,5098,1788558604304935
cross_stream,0,0,depth+color,-1,0,4887,1788558604338239
cross_stream,0,0,depth+color,-1,-1,4989,1788558604371692
cross_stream,0,0,depth+color,-1,-3,5269,1788558604405247
cross_stream,0,0,depth+color,-1,0,4998,1788558604438541
cross_stream,0,0,depth+color,-1,-1,5070,1788558604471649
cross_stream,0,0,depth+color,0,0,5022,1788558604504886
cross_stream,0,0,depth+color,-1,-1,5090,1788558604538268
cross_stream,0,0,depth+color,-1,-2,4927,1788558604571617
cross_stream,0,0,depth+color,-1,-1,4908,1788558604604930
cross_stream,0,0,depth+color,0,1,5033,1788558604638402
cross_stream,0,0,depth+color,-1,-2,5057,1788558604671593
cross_stream,0,0,depth+color,-1,1,5043,1788558604704913
cross_stream,0,0,depth+color,0,-1,5249,1788558604738457
cross_stream,0,0,depth+color,-1,0,4904,1788558604771582
cross_stream,0,0,depth+color,-1,0,4966,1788558604804954
cross_stream,0,0,depth+color,-1,0,4907,1788558604838239
cross_stream,0,0,depth+color,-1,-1,5174,1788558604871718
cross_stream,0,0,depth+color,-1,0,5068,1788558604904933
cross_stream,0,0,depth+color,-1,-1,5064,1788558604938262
cross_stream,0,0,depth+color,-1,0,5032,1788558604971709
cross_stream,0,0,depth+color,-1,0,4882,1788558605004894
cross_stream,0,0,depth+color,-1,-2,4878,1788558605038244
cross_stream,0,0,depth+color,0,0,4912,1788558605071590
cross_stream,0,0,depth+color,-1,-1,5218,1788558605105062
cross_stream,0,0,depth+color,0,0,5064,1788558605138432
cross_stream,0,0,depth+color,-1,0,4904,1788558605171590
cross_stream,0,0,depth+color,-1,0,4820,1788558605204890
cross_stream,0,0,depth+color,-1,-1,4901,1788558605238250
cross_stream,0,0,depth+color,0,-1,5007,1788558605271566
cross_stream,0,0,depth+color,-1,-1,5192,1788558605305056
cross_stream,0,0,depth+color,-1,-1,4956,1788558605338269
cross_stream,0,0,depth+color,0,-1,4863,1788558605371569
cross_stream,0,0,depth+color,0,0,4999,1788558605405022
cross_stream,0,0,depth+color,-1,-1,4931,1788558605438296
cross_stream,0,0,depth+color,0,0,5036,1788558605471597
cross_stream,0,0,depth+color,-1,-2,5168,1788558605505033
cross_stream,0,0,depth+color,-1,-1,4949,1788558605538277
cross_stream,0,0,depth+color,-1,-1,4918,1788558605571587
cross_stream,0,0,depth+color,-1,-1,4950,1788558605604949
cross_stream,0,0,depth+color,-1,-1,5026,1788558605638253
cross_stream,0,0,depth+color,-1,-1,5152,1788558605671707
cross_stream,0,0,depth+color,-1,-2,5174,1788558605705026
cross_stream,0,0,depth+color,-1,0,4941,1788558605738287
cross_stream,0,0,depth+color,0,0,5022,1788558605771703
cross_stream,0,0,depth+color,-1,-2,4883,1788558605804902
cross_stream,0,0,depth+color,-1,-1,4880,1788558605838234
cross_stream,0,0,depth+color,0,-1,5211,1788558605871714
cross_stream,0,0,depth+color,0,0,5074,1788558605904943
cross_stream,0,0,depth+color,-1,-1,5054,1788558605938263
cross_stream,0,0,depth+color,-1,-2,4896,1788558605971587
cross_stream,0,0,depth+color,0,-1,5066,1788558606005062
cross_stream,0,0,depth+color,-1,-2,5057,1788558606038284
cross_stream,0,0,depth+color,-1,-2,5055,1788558606071608
cross_stream,0,0,depth+color,-1,0,5220,1788558606105071
cross_stream,0,0,depth+color,-1,1,4928,1788558606138285
cross_stream,0,0,depth+color,-1,0,5029,1788558606171576
cross_stream,0,0,depth+color,0,3,5013,1788558606205237
cross_stream,0,0,depth+color,0,1,5080,1788558606238276
cross_stream,0,0,depth+color,-1,0,4891,1788558606271563
cross_stream,0,0,depth+color,-1,0,5196,1788558606305063
cross_stream,0,0,depth+color,0,2,4947,1788558606338294
cross_stream,0,0,depth+color,-1,0,4905,1788558606371595
cross_stream,0,0,depth+color,-1,2,5242,1788558606405250
cross_stream,0,0,depth+color,-1,3,5258,1788558606438606
cross_stream,0,0,depth+color,-1,3,5044,1788558606471612
cross_stream,0,0,depth+color,-1,4,5092,1788558606504924
cross_stream,0,0,depth+color,0,5,4926,1788558606538257
cross_stream,0,0,depth+color,0,5,4879,1788558606571580
cross_stream,0,0,depth+color,0,3,4798,1788558606604904
cross_stream,0,0,depth+color,0,4,5074,1788558606638285
cross_stream,0,0,depth+color,-1,3,5058,1788558606671609
cross_stream,0,0,depth+color,0,5,5167,1788558606705038
cross_stream,0,0,depth+color,0,4,4926,1788558606738280
cross_stream,0,0,depth+color,-1,1,4871,1788558606771580
cross_stream,0,0,depth+color,-1,4,5213,1788558606805041
cross_stream,0,0,depth+color,0,3,4830,1788558606838281
cross_stream,0,0,depth+color,0,3,4928,1788558606871640
cross_stream,0,0,depth+color,-1,1,5072,1788558606904944
cross_stream,0,0,depth+color,-1,2,4958,1788558606938284
cross_stream,0,0,depth+color,0,3,5008,1788558606971724
cross_stream,0,0,depth+color,-1,2,4951,1788558607004944
cross_stream,0,0,depth+color,-1,2,4924,1788558607038263
cross_stream,0,0,depth+color,-1,2,4929,1788558607071620
cross_stream,0,0,depth+color,-1,3,5355,1788558607105236
cross_stream,0,0,depth+color,-1,2,4934,1788558607138286
cross_stream,0,0,depth+color,-1,4,4957,1788558607171620
cross_stream,0,0,depth+color,-1,4,5425,1788558607205285
cross_stream,0,0,depth+color,0,6,4938,1788558607238275
cross_stream,0,0,depth+color,-1,3,5023,1788558607271583
cross_stream,0,0,depth+color,-1,5,5164,1788558607305040
cross_stream,0,0,depth+color,-1,4,4977,1788558607338311
cross_stream,0,0,depth+color,0,7,4892,1788558607371594
cross_stream,0,0,depth+color,-1,4,4907,1788558607404919
cross_stream,0,0,depth+color,-1,3,5064,1788558607438420
cross_stream,0,0,depth+color,-1,6,5233,1788558607471764
cross_stream,0,0,depth+color,-1,6,5110,1788558607504947
cross_stream,0,0,depth+color,0,6,4760,1788558607538279
cross_stream,0,0,depth+color,-1,6,5022,1788558607571739
cross_stream,0,0,depth+color,-1,4,4932,1788558607604946
cross_stream,0,0,depth+color,-1,5,4967,1788558607638295
cross_stream,0,0,depth+color,-1,5,5271,1788558607671822
cross_stream,0,0,depth+color,-1,6,5066,1788558607704941
cross_stream,0,0,depth+color,-1,7,4930,1788558607738278
cross_stream,0,0,depth+color,-1,5,4901,1788558607771596
cross_stream,0,0,depth+color,-1,6,5073,1788558607805085
cross_stream,0,0,depth+color,0,8,5107,1788558607838429
cross_stream,0,0,depth+color,0,8,5085,1788558607871772
cross_stream,0,0,depth+color,-1,6,5071,1788558607904967
cross_stream,0,0,depth+color,-1,8,5077,1788558607938266
cross_stream,0,0,depth+color,0,10,5101,1788558607971784
cross_stream,0,0,depth+color,0,10,4896,1788558608004920
cross_stream,0,0,depth+color,-1,7,4917,1788558608038301
cross_stream,0,0,depth+color,0,8,5070,1788558608071762
cross_stream,0,0,depth+color,-1,8,5070,1788558608104933
cross_stream,0,0,depth+color,-1,6,4931,1788558608138285
cross_stream,0,0,depth+color,0,7,4984,1788558608171701
cross_stream,0,0,depth+color,-1,6,5230,1788558608205091
cross_stream,0,0,depth+color,-1,9,5087,1788558608238301
cross_stream,0,0,depth+color,0,9,4953,1788558608271624
cross_stream,0,0,depth+color,-1,8,4867,1788558608304922
cross_stream,0,0,depth+color,-1,6,4904,1788558608338267
cross_stream,0,0,depth+color,-1,9,5098,1788558608371615
cross_stream,0,0,depth+color,0,8,4970,1788558608404958
cross_stream,0,0,depth+color,-1,5,4919,1788558608438289
cross_stream,0,0,depth+color,-1,6,5223,1788558608471761
cross_stream,0,0,depth+color,-1,10,5188,1788558608505067
cross_stream,0,0,depth+color,0,11,5055,1788558608538409
cross_stream,0,0,depth+color,0,9,4908,1788558608571595
cross_stream,0,0,depth+color,-1,8,4865,1788558608604889
cross_stream,0,0,depth+color,-1,7,5077,1788558608638441
cross_stream,0,0,depth+color,-1,10,5083,1788558608671746
cross_stream,0,0,depth+color,-1,8,5028,1788558608704907
cross_stream,0,0,depth+color,-1,10,5043,1788558608738412
cross_stream,0,0,depth+color,-1,8,4928,1788558608771617
cross_stream,0,0,depth+color,-1,8,4914,1788558608804911
cross_stream,0,0,depth+color,0,8,5068,1788558608838382
cross_stream,0,0,depth+color,-1,7,5042,1788558608871625
cross_stream,0,0,depth+color,-1,9,5028,1788558608904896
cross_stream,0,0,depth+color,0,8,5079,1788558608938303
cross_stream,0,0,depth+color,-1,10,5020,1788558608971725
cross_stream,0,0,depth+color,-1,8,4906,1788558609004927
cross_stream,0,0,depth+color,-1,8,4922,1788558609038264
cross_stream,0,0,depth+color,-1,7,5074,1788558609071782
cross_stream,0,0,depth+color,-1,10,5091,1788558609104938
cross_stream,0,0,depth+color,-1,9,5038,1788558609138386
cross_stream,0,0,depth+color,-1,9,5013,1788558609171744
cross_stream,0,0,depth+color,-1,8,4961,1788558609204952
cross_stream,0,0,depth+color,-1,7,4968,1788558609238326
cross_stream,0,0,depth+color,-1,9,5254,1788558609271822
cross_stream,0,0,depth+color,-1,11,5046,1788558609304924
cross_stream,0,0,depth+color,-1,11,4963,1788558609338271
cross_stream,0,0,depth+color,0,11,4960,1788558609371642
cross_stream,0,0,depth+color,-1,10,4912,1788558609404918
cross_stream,0,0,depth+color,0,9,4952,1788558609438280
cross_stream,0,0,depth+color,-1,8,4977,1788558609471623
cross_stream,0,0,depth+color,-1,9,5041,1788558609504902
cross_stream,0,0,depth+color,-1,9,5095,1788558609538285
cross_stream,0,0,depth+color,-1,7,5052,1788558609571728
cross_stream,0,0,depth+color,-1,9,5116,1788558609604948
cross_stream,0,0,depth+color,-1,9,4901,1788558609638275
cross_stream,0,0,depth+color,0,10,5142,1788558609671693
cross_stream,0,0,depth+color,-1,10,5162,1788558609705036
cross_stream,0,0,depth+color,-1,10,4949,1788558609738294
cross_stream,0,0,depth+color,-1,9,4932,1788558609771604
cross_stream,0,0,depth+color,-1,11,4925,1788558609804923
cross_stream,0,0,depth+color,-1,9,4932,1788558609838247
cross_stream,0,0,depth+color,-1,9,5044,1788558609871751
cross_stream,0,0,depth+color,0,12,5066,1788558609904921
cross_stream,0,0,depth+color,-1,11,5100,1788558609938278
cross_stream,0,0,depth+color,-1,10,5089,1788558609971620
cross_stream,0,0,depth+color,-1,9,4927,1788558610004904
cross_stream,0,0,depth+color,-1,9,4940,1788558610038272
cross_stream,0,0,depth+color,-1,8,4945,1788558610071634
cross_stream,0,0,depth+color,-1,11,5096,1788558610104918
cross_stream,0,0,depth+color,-1,9,5020,1788558610138317
cross_stream,0,0,depth+color,-1,10,5080,1788558610171768
cross_stream,0,0,depth+color,-1,11,4926,1788558610204919
cross_stream,0,0,depth+color,0,10,5096,1788558610238297
cross_stream,0,0,depth+color,-1,12,5140,1788558610271827
cross_stream,0,0,depth+color,-1,12,5080,1788558610304944
cross_stream,0,0,depth+color,-1,11,4994,1788558610338297
cross_stream,0,0,depth+color,0,13,4944,1788558610371598
cross_stream,0,0,depth+color,0,10,4949,1788558610404963
cross_stream,0,0,depth+color,-1,10,4995,1788558610438342
cross_stream,0,0,depth+color,-1,10,5080,1788558610471601
cross_stream,0,0,depth+color,-1,10,5064,1788558610505052
cross_stream,0,0,depth+color,0,13,5137,1788558610538462
cross_stream,0,0,depth+color,-1,11,4873,1788558610571577
cross_stream,0,0,depth+color,-1,9,4919,1788558610604923
cross_stream,0,0,depth+color,-1,11,5007,1788558610638335
cross_stream,0,0,depth+color,0,13,5089,1788558610671606
cross_stream,0,0,depth+color,-1,10,5085,1788558610704967
cross_stream,0,0,depth+color,0,12,4937,1788558610738448
cross_stream,0,0,depth+color,-1,8,4742,1788558610771605
cross_stream,0,0,depth+color,0,9,5096,1788558610804914
cross_stream,0,0,depth+color,-1,10,4964,1788558610838299
cross_stream,0,0,depth+color,0,10,4975,1788558610871612
cross_stream,0,0,depth+color,0,12,5238,1788558610905095
cross_stream,0,0,depth+color,-1,11,5088,1788558610938268
cross_stream,0,0,depth+color,0,11,5034,1788558610971580
cross_stream,0,0,depth+color,0,14,5241,1788558611005099
cross_stream,0,0,depth+color,0,13,5074,1788558611038429
cross_stream,0,0,depth+color,-1,15,5210,1788558611071743
cross_stream,0,0,depth+color,-1,14,5068,1788558611104933
cross_stream,0,0,depth+color,-1,15,4985,1788558611138287
cross_stream,0,0,depth+color,0,16,4929,1788558611171611
cross_stream,0,0,depth+color,-1,16,5232,1788558611205230
cross_stream,0,0,depth+color,-1,15,5118,1788558611238303
cross_stream,0,0,depth+color,0,18,5053,1788558611271594
cross_stream,0,0,depth+color,-1,18,5394,1788558611305262
cross_stream,0,0,depth+color,-1,20,5242,1788558611338558
cross_stream,0,0,depth+color,0,22,5014,1788558611371646
cross_stream,0,0,depth+color,-1,21,5101,1788558611404932
cross_stream,0,0,depth+color,-1,21,5096,1788558611438289
cross_stream,0,0,depth+color,-1,21,5046,1788558611471604
cross_stream,0,0,depth+color,0,23,5119,1788558611504937
cross_stream,0,0,depth+color,0,23,4990,1788558611538293
cross_stream,0,0,depth+color,0,22,5039,1788558611571581
cross_stream,0,0,depth+color,-1,23,5094,1788558611604960
cross_stream,0,0,depth+color,0,22,5025,1788558611638387
cross_stream,0,0,depth+color,-1,23,5129,1788558611671639
cross_stream,0,0,depth+color,-1,25,5083,1788558611704913
cross_stream,0,0,depth+color,0,25,4973,1788558611738302
cross_stream,0,0,depth+color,0,23,4882,1788558611771581
cross_stream,0,0,depth+color,-1,21,4901,1788558611804896
cross_stream,0,0,depth+color,0,20,4772,1788558611838255
cross_stream,0,0,depth+color,-1,19,5057,1788558611871598
cross_stream,0,0,depth+color,-1,20,5216,1788558611905079
cross_stream,0,0,depth+color,-1,21,5101,1788558611938288
cross_stream,0,0,depth+color,0,23,4910,1788558611971588
cross_stream,0,0,depth+color,-1,22,5090,1788558612005060
cross_stream,0,0,depth+color,0,22,5117,1788558612038423
cross_stream,0,0,depth+color,-1,22,5218,1788558612071746
cross_stream,0,0,depth+color,0,24,5074,1788558612104933
cross_stream,0,0,depth+color,-1,23,4927,1788558612138250
cross_stream,0,0,depth+color,-1,23,5014,1788558612171570
cross_stream,0,0,depth+color,-1,24,5117,1788558612204954
cross_stream,0,0,depth+color,-1,24,4927,1788558612238268
cross_stream,0,0,depth+color,-1,24,5080,1788558612271617
cross_stream,0,0,depth+color,-1,22,5057,1788558612304919
cross_stream,0,0,depth+color,-1,24,5063,1788558612338585
cross_stream,0,0,depth+color,-1,21,4690,1788558612371570
cross_stream,0,0,depth+color,0,20,4909,1788558612404914
cross_stream,0,0,depth+color,-1,19,4922,1788558612438260
cross_stream,0,0,depth+color,-1,20,5231,1788558612471750
cross_stream,0,0,depth+color,-1,21,5024,1788558612504895
cross_stream,0,0,depth+color,-1,20,4965,1788558612538297
cross_stream,0,0,depth+color,0,21,5034,1788558612571713
cross_stream,0,0,depth+color,-1,20,4955,1788558612604911
cross_stream,0,0,depth+color,-1,20,4985,1788558612638313
cross_stream,0,0,depth+color,-1,20,5181,1788558612671730
cross_stream,0,0,depth+color,-1,21,5089,1788558612704954
cross_stream,0,0,depth+color,-1,20,4942,1788558612738259
cross_stream,0,0,depth+color,0,22,4903,1788558612771582
cross_stream,0,0,depth+color,-1,20,4899,1788558612804895
cross_stream,0,0,depth+color,0,22,5104,1788558612838443
cross_stream,0,0,depth+color,-1,21,5070,1788558612871613
cross_stream,0,0,depth+color,-1,20,5014,1788558612904889
cross_stream,0,0,depth+color,-1,22,5210,1788558612938402
cross_stream,0,0,depth+color,-1,21,5012,1788558612971702
cross_stream,0,0,depth+color,-1,20,4870,1788558613004886
cross_stream,0,0,depth+color,-1,18,4891,1788558613038244
cross_stream,0,0,depth+color,-1,19,4952,1788558613071632
cross_stream,0,0,depth+color,-1,18,5026,1788558613104897
cross_stream,0,0,depth+color,-1,19,4956,1788558613138286
cross_stream,0,0,depth+color,0,19,5136,1788558613171699
cross_stream,0,0,depth+color,0,20,5055,1788558613204935
cross_stream,0,0,depth+color,0,20,5004,1788558613238296
cross_stream,0,0,depth+color,-1,20,5054,1788558613271587
cross_stream,0,0,depth+color,-1,19,5047,1788558613304918
cross_stream,0,0,depth+color,-1,22,5077,1788558613338278
cross_stream,0,0,depth+color,-1,20,5040,1788558613371579
cross_stream,0,0,depth+color,-1,20,5087,1788558613404939
cross_stream,0,0,depth+color,-1,23,5335,1788558613438544
cross_stream,0,0,depth+color,0,25,5190,1788558613471725
cross_stream,0,0,depth+color,-1,23,5006,1788558613504888
cross_stream,0,0,depth+color,-1,23,4908,1788558613538253
cross_stream,0,0,depth+color,-1,24,5025,1788558613571571
cross_stream,0,0,depth+color,-1,23,5046,1788558613604906
cross_stream,0,0,depth+color,-1,24,5030,1788558613638385
cross_stream,0,0,depth+color,0,23,5099,1788558613671638
cross_stream,0,0,depth+color,-1,23,5083,1788558613704960
cross_stream,0,0,depth+color,-1,25,4924,1788558613738268
cross_stream,0,0,depth+color,0,24,4894,1788558613771567
cross_stream,0,0,depth+color,-1,24,5061,1788558613805021
cross_stream,0,0,depth+color,0,23,4912,1788558613838253
cross_stream,0,0,depth+color,-1,23,5047,1788558613871576
cross_stream,0,0,depth+color,0,23,5072,1788558613904916
cross_stream,0,0,depth+color,0,22,5058,1788558613938227
cross_stream,0,0,depth+color,0,24,5140,1788558613971823
cross_stream,0,0,depth+color,0,23,4919,1788558614004925
cross_stream,0,0,depth+color,-1,22,4955,1788558614038261
cross_stream,0,0,depth+color,0,24,5364,1788558614071890
cross_stream,0,0,depth+color,-1,27,5417,1788558614105417
cross_stream,0,0,depth+color,-1,25,4694,1788558614138258
cross_stream,0,0,depth+color,-1,23,4818,1788558614171600
cross_stream,0,0,depth+color,-1,24,5062,1788558614204891
cross_stream,0,0,depth+color,-1,24,5110,1788558614238440
cross_stream,0,0,depth+color,-1,23,4905,1788558614271583
cross_stream,0,0,depth+color,-1,24,5106,1788558614304943
cross_stream,0,0,depth+color,-1,24,5101,1788558614338297
cross_stream,0,0,depth+color,-1,22,4924,1788558614371599
cross_stream,0,0,depth+color,-1,25,4928,1788558614404914
cross_stream,0,0,depth+color,-1,24,4969,1788558614438283
cross_stream,0,0,depth+color,-1,24,5079,1788558614471627
cross_stream,0,0,depth+color,-1,23,5172,1788558614505061
cross_stream,0,0,depth+color,0,25,5097,1788558614538323
cross_stream,0,0,depth+color,-1,24,4937,1788558614571632
cross_stream,0,0,depth+color,-1,25,5051,1788558614605065
cross_stream,0,0,depth+color,-1,26,5194,1788558614638438
cross_stream,0,0,depth+color,-1,27,5215,1788558614671771
cross_stream,0,0,depth+color,-1,28,5197,1788558614705081
cross_stream,0,0,depth+color,-1,28,5070,1788558614738280
cross_stream,0,0,depth+color,0,29,4914,1788558614771604
cross_stream,0,0,depth+color,-1,28,5031,1788558614804901
cross_stream,0,0,depth+color,-1,26,4871,1788558614838205
cross_stream,0,0,depth+color,-1,25,4884,1788558614871526
cross_stream,0,0,depth+color,-1,24,4963,1788558614904828
cross_stream,0,0,depth+color,-1,25,5020,1788558614938219
cross_stream,0,0,depth+color,-1,23,4858,1788558614971511
cross_stream,0,0,depth+color,-1,23,4866,1788558615004871
cross_stream,0,0,depth+color,-1,21,4846,1788558615038183
cross_stream,0,0,depth+color,-1,22,5135,1788558615071665
cross_stream,0,0,depth+color,-1,21,4988,1788558615104996
cross_stream,0,0,depth+color,-1,22,4872,1788558615138212
cross_stream,0,0,depth+color,-1,22,4983,1788558615171506
cross_stream,0,0,depth+color,0,20,4829,1788558615204834
cross_stream,0,0,depth+color,0,18,4914,1788558615238225
cross_stream,0,0,depth+color,0,20,5003,1788558615271522
cross_stream,0,0,depth+color,-1,18,5104,1788558615304973
cross_stream,0,0,depth+color,-1,17,4876,1788558615338204
cross_stream,0,0,depth+color,-1,17,4972,1788558615371517
cross_stream,0,0,depth+color,0,18,4837,1788558615404827
cross_stream,0,0,depth+color,0,17,4711,1788558615438193
cross_stream,0,0,depth+color,-1,16,5040,1788558615471563
cross_stream,0,0,depth+color,0,15,5005,1788558615504849
cross_stream,0,0,depth+color,-1,12,4866,1788558615538190
cross_stream,0,0,depth+color,-1,14,4963,1788558615571524
cross_stream,0,0,depth+color,0,12,4995,1788558615604854
cross_stream,0,0,depth+color,-1,13,4953,1788558615638323
cross_stream,0,0,depth+color,0,13,5013,1788558615671535
cross_stream,0,0,depth+color,-1,12,4996,1788558615704842
cross_stream,0,0,depth+color,0,10,4681,1788558615738218
cross_stream,0,0,depth+color,0,11,4985,1788558615771528
cross_stream,0,0,depth+color,-1,10,4974,1788558615804831
cross_stream,0,0,depth+color,-1,9,4848,1788558615838185
cross_stream,0,0,depth+color,0,8,4986,1788558615871495
cross_stream,0,0,depth+color,0,9,4896,1788558615904865
cross_stream,0,0,depth+color,-1,7,5002,1788558615938192
cross_stream,0,0,depth+color,-1,5,4828,1788558615971517
cross_stream,0,0,depth+color,-1,7,4971,1788558616004969
cross_stream,0,0,depth+color,-1,5,4726,1788558616038197
cross_stream,0,0,depth+color,-1,4,5094,1788558616071631
cross_stream,0,0,depth+color,-1,5,5119,1788558616104965
cross_stream,0,0,depth+color,-1,5,4880,1788558616138174
cross_stream,0,0,depth+color,-1,4,4820,1788558616171504
cross_stream,0,0,depth+color,0,4,4959,1788558616204822
cross_stream,0,0,depth+color,0,3,4891,1788558616238190
cross_stream,0,0,depth+color,0,3,4981,1788558616271532
cross_stream,0,0,depth+color,0,3,4986,1788558616304841
cross_stream,0,0,depth+color,-1,1,4893,1788558616338202
cross_stream,0,0,depth+color,-1,2,4947,1788558616371499
cross_stream,0,0,depth+color,-1,2,4995,1788558616404861
cross_stream,0,0,depth+color,-1,1,4911,1788558616438215
cross_stream,0,0,depth+color,0,1,4837,1788558616471546
cross_stream,0,0,depth+color,-1,-1,4952,1788558616504824
cross_stream,0,0,depth+color,0,-2,4992,1788558616538303
cross_stream,0,0,depth+color,-1,-3,4705,1788558616571537
cross_stream,0,0,depth+color,-1,-5,4801,1788558616604824
cross_stream,0,0,depth+color,-1,-6,4950,1788558616638322
cross_stream,0,0,depth+color,0,-3,4934,1788558616671632
cross_stream,0,0,depth+color,0,-5,5007,1788558616704874
cross_stream,0,0,depth+color,0,-4,4865,1788558616738176
cross_stream,0,0,depth+color,-1,-7,4878,1788558616771525
cross_stream,0,0,depth+color,0,-7,4864,1788558616804852
cross_stream,0,0,depth+color,-1,-9,4837,1788558616838177
cross_stream,0,0,depth+color,-1,-9,4710,1788558616871508
cross_stream,0,0,depth+color,0,-9,4939,1788558616904808
cross_stream,0,0,depth+color,0,-9,5021,1788558616938192
cross_stream,0,0,depth+color,-1,-10,5010,1788558616971539
cross_stream,0,0,depth+color,-1,-12,4834,1788558617004834
cross_stream,0,0,depth+color,0,-12,4694,1788558617038179
cross_stream,0,0,depth+color,-1,-14,4962,1788558617071656
cross_stream,0,0,depth+color,0,-13,4982,1788558617104845
cross_stream,0,0,depth+color,0,-14,4899,1788558617138191
cross_stream,0,0,depth+color,-1,-16,4872,1788558617171526
cross_stream,0,0,depth+color,-1,-15,4986,1788558617204989
cross_stream,0,0,depth+color,0,-14,5109,1788558617238303
cross_stream,0,0,depth+color,-1,-16,4840,1788558617271510
cross_stream,0,0,depth+color,-1,-16,4871,1788558617304861
cross_stream,0,0,depth+color,0,-16,4971,1788558617338167
cross_stream,0,0,depth+color,0,-18,4833,1788558617371505
cross_stream,0,0,depth+color,0,-17,5045,1788558617404883
cross_stream,0,0,depth+color,-1,-16,5145,1788558617438323
cross_stream,0,0,depth+color,-1,-16,4956,1788558617471515
cross_stream,0,0,depth+color,0,-15,4990,1788558617504866
cross_stream,0,0,depth+color,-1,-16,4993,1788558617538323
cross_stream,0,0,depth+color,-1,-15,4961,1788558617571496
cross_stream,0,0,depth+color,-1,-16,4991,1788558617604823
cross_stream,0,0,depth+color,-1,-17,4868,1788558617638226
cross_stream,0,0,depth+color,0,-16,4869,1788558617671529
cross_stream,0,0,depth+color,-1,-18,4999,1788558617704988
cross_stream,0,0,depth+color,0,-17,4964,1788558617738297
cross_stream,0,0,depth+color,-1,-17,5110,1788558617771625
cross_stream,0,0,depth+color,-1,-16,5093,1788558617804945
cross_stream,0,0,depth+color,-1,-15,5044,1788558617838250
cross_stream,0,0,depth+color,-1,-17,4977,1788558617871635
cross_stream,0,0,depth+color,-1,-16,5065,1788558617904916
cross_stream,0,0,depth+color,-1,-15,5124,1788558617938304
cross_stream,0,0,depth+color,-1,-15,4888,1788558617971579
cross_stream,0,0,depth+color,-1,-15,5099,1788558618005242
cross_stream,0,0,depth+color,-1,-15,4952,1788558618038422
cross_stream,0,0,depth+color,-1,-15,4885,1788558618071586
cross_stream,0,0,depth+color,-1,-15,5054,1788558618104931
cross_stream,0,0,depth+color,0,-13,5118,1788558618138311
cross_stream,0,0,depth+color,0,-12,5071,1788558618171609
cross_stream,0,0,depth+color,-1,-15,4951,1788558618204946
cross_stream,0,0,depth+color,-1,-14,5103,1788558618238431
cross_stream,0,0,depth+color,-1,-13,4971,1788558618271618
cross_stream,0,0,depth+color,0,-11,4915,1788558618304927
cross_stream,0,0,depth+color,-1,-14,5098,1788558618338430
cross_stream,0,0,depth+color,-1,-14,4957,1788558618371619
cross_stream,0,0,depth+color,0,-11,4986,1788558618404959
cross_stream,0,0,depth+color,-1,-12,5162,1788558618438387
cross_stream,0,0,depth+color,-1,-12,4972,1788558618471627
cross_stream,0,0,depth+color,-1,-11,4922,1788558618504918
cross_stream,0,0,depth+color,-1,-12,5114,1788558618538445
cross_stream,0,0,depth+color,-1,-12,4904,1788558618571598
cross_stream,0,0,depth+color,0,-12,4861,1788558618604878
cross_stream,0,0,depth+color,0,-11,5082,1788558618638291
cross_stream,0,0,depth+color,-1,-13,4922,1788558618671601
cross_stream,0,0,depth+color,0,-13,5018,1788558618705024
cross_stream,0,0,depth+color,-1,-10,5271,1788558618738449
cross_stream,0,0,depth+color,-1,-10,4926,1788558618771606
cross_stream,0,0,depth+color,0,-11,4888,1788558618804887
cross_stream,0,0,depth+color,-1,-11,5108,1788558618838415
cross_stream,0,0,depth+color,-1,-11,5039,1788558618871720
cross_stream,0,0,depth+color,0,-10,5027,1788558618904919
cross_stream,0,0,depth+color,-1,-9,5160,1788558618938340
cross_stream,0,0,depth+color,-1,-10,4955,1788558618971634
cross_stream,0,0,depth+color,0,-9,4987,1788558619004954
cross_stream,0,0,depth+color,-1,-10,4947,1788558619038304
cross_stream,0,0,depth+color,0,-10,4853,1788558619071722
cross_stream,0,0,depth+color,0,-9,5029,1788558619104872
cross_stream,0,0,depth+color,-1,-11,4979,1788558619138314
cross_stream,0,0,depth+color,-1,-13,4783,1788558619171617
cross_stream,0,0,depth+color,0,-13,4895,1788558619204876
cross_stream,0,0,depth+color,-1,-14,5080,1788558619238278
cross_stream,0,0,depth+color,-1,-12,4950,1788558619271600
cross_stream,0,0,depth+color,0,-11,5054,1788558619304880
cross_stream,0,0,depth+color,0,-10,5094,1788558619338281
cross_stream,0,0,depth+color,-1,-12,4948,1788558619371593
cross_stream,0,0,depth+color,0,-9,5122,1788558619405087
cross_stream,0,0,depth+color,0,-10,4981,1788558619438269
cross_stream,0,0,depth+color,-1,-11,4958,1788558619471633
cross_stream,0,0,depth+color,0,-11,5066,1788558619504931
cross_stream,0,0,depth+color,0,-9,5052,1788558619538384
cross_stream,0,0,depth+color,0,-10,4923,1788558619571583
cross_stream,0,0,depth+color,0,-9,4898,1788558619604883
cross_stream,0,0,depth+color,-1,-10,5090,1788558619638438
cross_stream,0,0,depth+color,-1,-11,5105,1788558619671643
cross_stream,0,0,depth+color,0,-8,5113,1788558619704933
cross_stream,0,0,depth+color,-1,-8,4956,1788558619738282
cross_stream,0,0,depth+color,0,-9,4998,1788558619771636
cross_stream,0,0,depth+color,0,-9,4761,1788558619804866
cross_stream,0,0,depth+color,0,-12,4997,1788558619838303
cross_stream,0,0,depth+color,-1,-13,4949,1788558619871618
cross_stream,0,0,depth+color,0,-11,4913,1788558619904896
cross_stream,0,0,depth+color,-1,-11,5076,1788558619938266
cross_stream,0,0,depth+color,0,-11,5009,1788558619971711
cross_stream,0,0,depth+color,0,-11,4946,1788558620005073
cross_stream,0,0,depth+color,0,-11,4992,1788558620038315
cross_stream,0,0,depth+color,-1,-11,5082,1788558620071620
cross_stream,0,0,depth+color,0,-9,5205,1788558620105030
cross_stream,0,0,depth+color,-1,-10,5111,1788558620138410
cross_stream,0,0,depth+color,-1,-10,4916,1788558620171594
cross_stream,0,0,depth+color,-1,-7,5230,1788558620205094
cross_stream,0,0,depth+color,-1,-8,4982,1788558620238309
cross_stream,0,0,depth+color,-1,-6,5083,1788558620271609
cross_stream,0,0,depth+color,-1,-6,5201,1788558620305050
cross_stream,0,0,depth+color,-1,-5,4986,1788558620338319
cross_stream,0,0,depth+color,0,-6,4939,1788558620371613
cross_stream,0,0,depth+color,-1,-6,5073,1788558620405075
cross_stream,0,0,depth+color,-1,-6,4988,1788558620438288
cross_stream,0,0,depth+color,0,-7,4942,1788558620471586
cross_stream,0,0,depth+color,-1,-5,5217,1788558620505094
cross_stream,0,0,depth+color,-1,-6,4965,1788558620538296
cross_stream,0,0,depth+color,-1,-5,5088,1788558620571593
cross_stream,0,0,depth+color,-1,-4,5092,1788558620604947
cross_stream,0,0,depth+color,-1,-5,4958,1788558620638317
cross_stream,0,0,depth+color,0,-3,5044,1788558620671581
cross_stream,0,0,depth+color,-1,-2,5033,1788558620704907
cross_stream,0,0,depth+color,-1,-4,4874,1788558620738407
cross_stream,0,0,depth+color,-1,-6,4816,1788558620771635
cross_stream,0,0,depth+color,-1,-4,5163,1788558620805028
cross_stream,0,0,depth+color,-1,-4,4956,1788558620838257
cross_stream,0,0,depth+color,0,-4,5066,1788558620871625
cross_stream,0,0,depth+color,-1,-3,5182,1788558620905049
cross_stream,0,0,depth+color,-1,-3,5079,1788558620938283
cross_stream,0,0,depth+color,0,-2,4900,1788558620971597
cross_stream,0,0,depth+color,-1,-4,4931,1788558621004942
cross_stream,0,0,depth+color,-1,-2,5078,1788558621038296
cross_stream,0,0,depth+color,0,-3,5102,1788558621071629
cross_stream,0,0,depth+color,-1,-1,5082,1788558621105039
cross_stream,0,0,depth+color,-1,-3,4867,1788558621138307
cross_stream,0,0,depth+color,0,-2,4964,1788558621171618
cross_stream,0,0,depth+color,-1,-4,4963,1788558621204929
cross_stream,0,0,depth+color,-1,-3,4941,1788558621238271
cross_stream,0,0,depth+color,-1,-2,5062,1788558621271618
cross_stream,0,0,depth+color,-1,-4,5117,1788558621304954
cross_stream,0,0,depth+color,-1,-2,5120,1788558621338302
cross_stream,0,0,depth+color,-1,-1,5115,1788558621371632
cross_stream,0,0,depth+color,-1,-1,5100,1788558621404938
cross_stream,0,0,depth+color,0,2,5271,1788558621438429
cross_stream,0,0,depth+color,-1,2,5064,1788558621471598
cross_stream,0,0,depth+color,0,2,5074,1788558621504929
cross_stream,0,0,depth+color,-1,5,5138,1788558621538435
cross_stream,0,0,depth+color,-1,3,4928,1788558621571747
cross_stream,0,0,depth+color,-1,2,4903,1788558621604894
cross_stream,0,0,depth+color,-1,2,4958,1788558621638287
cross_stream,0,0,depth+color,-1,2,5207,1788558621671735
cross_stream,0,0,depth+color,-1,4,5032,1788558621704919
cross_stream,0,0,depth+color,-1,3,5081,1788558621738267
cross_stream,0,0,depth+color,0,4,4901,1788558621771567
cross_stream,0,0,depth+color,-1,4,5059,1788558621805065
cross_stream,0,0,depth+color,-1,4,4927,1788558621838264
cross_stream,0,0,depth+color,-1,3,5096,1788558621871762
cross_stream,0,0,depth+color,-1,4,5075,1788558621904906
cross_stream,0,0,depth+color,0,4,5070,1788558621938257
cross_stream,0,0,depth+color,-1,4,5031,1788558621971714
cross_stream,0,0,depth+color,-1,5,5032,1788558622005280
cross_stream,0,0,depth+color,0,5,4963,1788558622038276
cross_stream,0,0,depth+color,0,5,5075,1788558622071590
cross_stream,0,0,depth+color,-1,5,5089,1788558622104954
cross_stream,0,0,depth+color,-1,4,4948,1788558622138243
cross_stream,0,0,depth+color,0,6,4896,1788558622171586
cross_stream,0,0,depth+color,0,5,4948,1788558622204927
cross_stream,0,0,depth+color,-1,5,5042,1788558622238444
cross_stream,0,0,depth+color,-1,4,4932,1788558622271591
cross_stream,0,0,depth+color,-1,5,5203,1788558622305069
cross_stream,0,0,depth+color,-1,3,4944,1788558622338274
cross_stream,0,0,depth+color,-1,3,4889,1788558622371566
cross_stream,0,0,depth+color,-1,4,4952,1788558622404947
cross_stream,0,0,depth+color,0,5,4948,1788558622438270
cross_stream,0,0,depth+color,0,4,4930,1788558622471601
cross_stream,0,0,depth+color,-1,3,5071,1788558622504938
cross_stream,0,0,depth+color,-1,2,4946,1788558622538282
cross_stream,0,0,depth+color,0,2,5033,1788558622571706
cross_stream,0,0,depth+color,-1,5,5073,1788558622605051
cross_stream,0,0,depth+color,-1,3,5211,1788558622638454
cross_stream,0,0,depth+color,0,6,5091,1788558622671627
cross_stream,0,0,depth+color,0,6,5211,1788558622705064
cross_stream,0,0,depth+color,-1,6,4970,1788558622738298
cross_stream,0,0,depth+color,-1,5,4920,1788558622771600
cross_stream,0,0,depth+color,0,7,5060,1788558622804917
cross_stream,0,0,depth+color,-1,6,5135,1788558622838438
cross_stream,0,0,depth+color,-1,7,4868,1788558622871553
cross_stream,0,0,depth+color,0,7,5043,1788558622904911
cross_stream,0,0,depth+color,0,7,5219,1788558622938415
cross_stream,0,0,depth+color,0,9,5054,1788558622971747
cross_stream,0,0,depth+color,0,8,4886,1788558623004902
cross_stream,0,0,depth+color,-1,7,5219,1788558623038403
cross_stream,0,0,depth+color,-1,8,4955,1788558623071608
cross_stream,0,0,depth+color,-1,8,5068,1788558623104928
cross_stream,0,0,depth+color,-1,9,5078,1788558623138401
cross_stream,0,0,depth+color,-1,8,4940,1788558623171607
cross_stream,0,0,depth+color,-1,7,4953,1788558623204923
cross_stream,0,0,depth+color,-1,7,5095,1788558623238432
cross_stream,0,0,depth+color,-1,7,4948,1788558623271596
cross_stream,0,0,depth+color,-1,8,5070,1788558623305039
cross_stream,0,0,depth+color,-1,8,4982,1788558623338323
cross_stream,0,0,depth+color,-1,7,4938,1788558623371604
cross_stream,0,0,depth+color,0,8,4933,1788558623404932
cross_stream,0,0,depth+color,0,8,4936,1788558623438263
cross_stream,0,0,depth+color,-1,6,4940,1788558623471612
cross_stream,0,0,depth+color,0,9,5209,1788558623505040
cross_stream,0,0,depth+color,-1,7,5064,1788558623538261
cross_stream,0,0,depth+color,-1,10,5070,1788558623571614
cross_stream,0,0,depth+color,0,9,4938,1788558623604918
cross_stream,0,0,depth+color,-1,7,5048,1788558623638285
cross_stream,0,0,depth+color,-1,7,5069,1788558623671734
cross_stream,0,0,depth+color,-1,10,5198,1788558623705067
cross_stream,0,0,depth+color,-1,12,5195,1788558623738403
cross_stream,0,0,depth+color,-1,10,4931,1788558623771614
cross_stream,0,0,depth+color,-1,11,5050,1788558623804898
cross_stream,0,0,depth+color,-1,10,5108,1788558623838281
cross_stream,0,0,depth+color,0,11,4898,1788558623871768
cross_stream,0,0,depth+color,0,12,5055,1788558623904920
cross_stream,0,0,depth+color,-1,10,5104,1788558623938258
cross_stream,0,0,depth+color,-1,13,5046,1788558623971723
cross_stream,0,0,depth+color,-1,9,4858,1788558624005061
cross_stream,0,0,depth+color,0,11,4925,1788558624038258
cross_stream,0,0,depth+color,0,12,5189,1788558624071740
cross_stream,0,0,depth+color,-1,11,5047,1788558624104920
cross_stream,0,0,depth+color,0,13,5103,1788558624138297
cross_stream,0,0,depth+color,-1,12,4934,1788558624171609
cross_stream,0,0,depth+color,-1,11,4929,1788558624204924
cross_stream,0,0,depth+color,-1,10,5078,1788558624238283
cross_stream,0,0,depth+color,-1,10,4897,1788558624271594
cross_stream,0,0,depth+color,-1,12,5098,1788558624304932
cross_stream,0,0,depth+color,0,12,5093,1788558624338403
cross_stream,0,0,depth+color,0,14,5171,1788558624371715
cross_stream,0,0,depth+color,0,15,5097,1788558624405110
cross_stream,0,0,depth+color,0,14,5111,1788558624438312
cross_stream,0,0,depth+color,-1,15,4984,1788558624471629
cross_stream,0,0,depth+color,-1,15,5392,1788558624505257
cross_stream,0,0,depth+color,0,15,4823,1788558624538283
cross_stream,0,0,depth+color,0,15,5063,1788558624571612
cross_stream,0,0,depth+color,-1,17,5434,1788558624605264
cross_stream,0,0,depth+color,0,19,5081,1788558624638279
cross_stream,0,0,depth+color,-1,17,5054,1788558624671593
cross_stream,0,0,depth+color,-1,18,4933,1788558624704937
cross_stream,0,0,depth+color,0,20,5098,1788558624738277
cross_stream,0,0,depth+color,0,19,4884,1788558624771581
cross_stream,0,0,depth+color,-1,16,4844,1788558624804963
cross_stream,0,0,depth+color,-1,16,4911,1788558624838237
cross_stream,0,0,depth+color,0,16,4953,1788558624871615
cross_stream,0,0,depth+color,-1,15,5062,1788558624904921
cross_stream,0,0,depth+color,-1,15,5066,1788558624938266
cross_stream,0,0,depth+color,0,16,4915,1788558624971599
cross_stream,0,0,depth+color,-1,15,4953,1788558625004956
cross_stream,0,0,depth+color,0,15,4918,1788558625038259
cross_stream,0,0,depth+color,-1,13,4900,1788558625071590
cross_stream,0,0,depth+color,0,14,4920,1788558625105056
cross_stream,0,0,depth+color,-1,10,4762,1788558625138309
cross_stream,0,0,depth+color,-1,10,4934,1788558625171619
cross_stream,0,0,depth+color,-1,11,5003,1788558625204959
cross_stream,0,0,depth+color,0,11,4955,1788558625238277
cross_stream,0,0,depth+color,0,9,4912,1788558625271598
cross_stream,0,0,depth+color,0,10,4919,1788558625304912
cross_stream,0,0,depth+color,-1,7,4791,1788558625338268
cross_stream,0,0,depth+color,0,9,5114,1788558625371763
cross_stream,0,0,depth+color,-1,7,5133,1788558625405092
cross_stream,0,0,depth+color,-1,9,4910,1788558625438263
cross_stream,0,0,depth+color,0,9,4920,1788558625471593
cross_stream,0,0,depth+color,-1,8,5079,1788558625504922
cross_stream,0,0,depth+color,-1,10,5256,1788558625538426
cross_stream,0,0,depth+color,-1,8,4932,1788558625571616
cross_stream,0,0,depth+color,-1,10,5093,1788558625604940
cross_stream,0,0,depth+color,-1,10,4990,1788558625638376
cross_stream,0,0,depth+color,-1,9,4917,1788558625671563
cross_stream,0,0,depth+color,-1,9,4944,1788558625704957
cross_stream,0,0,depth+color,-1,9,5100,1788558625738434
cross_stream,0,0,depth+color,-1,8,4924,1788558625771609
cross_stream,0,0,depth+color,-1,8,5081,1788558625804948
cross_stream,0,0,depth+color,0,12,5238,1788558625838423
cross_stream,0,0,depth+color,-1,10,4972,1788558625871615
cross_stream,0,0,depth+color,-1,11,5058,1788558625904908
cross_stream,0,0,depth+color,-1,10,5226,1788558625938403
cross_stream,0,0,depth+color,-1,13,5089,1788558625971761
cross_stream,0,0,depth+color,0,13,5070,1788558626005090
cross_stream,0,0,depth+color,-1,11,4958,1788558626038290
cross_stream,0,0,depth+color,-1,11,4810,1788558626071708
cross_stream,0,0,depth+color,-1,11,4958,1788558626104967
cross_stream,0,0,depth+color,0,11,4945,1788558626138266
cross_stream,0,0,depth+color,0,11,5064,1788558626171704
cross_stream,0,0,depth+color,-1,9,4921,1788558626204916
cross_stream,0,0,depth+color,-1,10,4933,1788558626238264
cross_stream,0,0,depth+color,-1,10,5080,1788558626271730
cross_stream,0,0,depth+color,-1,11,5079,1788558626304942
cross_stream,0,0,depth+color,-1,10,5067,1788558626338254
cross_stream,0,0,depth+color,0,10,4931,1788558626371702
cross_stream,0,0,depth+color,-1,12,5255,1788558626405086
cross_stream,0,0,depth+color,-1,12,5226,1788558626438434
cross_stream,0,0,depth+color,-1,13,4942,1788558626471633
cross_stream,0,0,depth+color,-1,13,4904,1788558626504905
cross_stream,0,0,depth+color,-1,14,5105,1788558626538282
cross_stream,0,0,depth+color,0,15,5160,1788558626571716
cross_stream,0,0,depth+color,-1,15,5086,1788558626604952
cross_stream,0,0,depth+color,-1,14,4919,1788558626638284
cross_stream,0,0,depth+color,-1,15,5249,1788558626671778
cross_stream,0,0,depth+color,-1,15,5051,1788558626704921
cross_stream,0,0,depth+color,-1,14,4966,1788558626738303
cross_stream,0,0,depth+color,0,15,4864,1788558626771568
cross_stream,0,0,depth+color,-1,14,5062,1788558626804913
cross_stream,0,0,depth+color,-1,15,5115,1788558626838305
cross_stream,0,0,depth+color,0,16,4900,1788558626871591
cross_stream,0,0,depth+color,-1,13,4948,1788558626904955
cross_stream,0,0,depth+color,-1,14,5116,1788558626938282
cross_stream,0,0,depth+color,-1,14,4922,1788558626971599
cross_stream,0,0,depth+color,0,14,4909,1788558627004904
cross_stream,0,0,depth+color,-1,15,5150,1788558627038308
cross_stream,0,0,depth+color,-1,13,4993,1788558627071633
cross_stream,0,0,depth+color,-1,13,4910,1788558627104919
cross_stream,0,0,depth+color,0,15,4961,1788558627138289
cross_stream,0,0,depth+color,-1,10,4945,1788558627171600
cross_stream,0,0,depth+color,-1,12,5072,1788558627204948
cross_stream,0,0,depth+color,-1,12,5076,1788558627238270
cross_stream,0,0,depth+color,-1,14,5059,1788558627271589
cross_stream,0,0,depth+color,-1,14,5099,1788558627305253
cross_stream,0,0,depth+color,-1,13,5076,1788558627338292
cross_stream,0,0,depth+color,-1,13,4912,1788558627371591
cross_stream,0,0,depth+color,0,16,5193,1788558627405044
cross_stream,0,0,depth+color,-1,15,5110,1788558627438310
cross_stream,0,0,depth+color,-1,15,5084,1788558627471603
cross_stream,0,0,depth+color,-1,17,5194,1788558627505030
cross_stream,0,0,depth+color,0,17,4942,1788558627538269
cross_stream,0,0,depth+color,-1,15,4892,1788558627571574
cross_stream,0,0,depth+color,-1,16,5046,1788558627604922
cross_stream,1,1,depth+color,-1,-1,-156897,1788558597438349
cross_stream,1,1,depth+color,0,-1,-125700,1788558597471517
cross_stream,1,1,depth+color,-1,0,-94315,1788558597504882
cross_stream,1,1,depth+color,-1,-1,-62778,1788558597538341
cross_stream,1,1,depth+color,-1,-1,-31561,1788558597571536
cross_stream,1,1,depth+color,-1,0,1006,1788558597606184
cross_stream,1,1,depth+color,-1,-1,4923,1788558597638179
cross_stream,1,1,depth+color,-1,-1,4906,1788558597671653
cross_stream,1,1,depth+color,-1,-2,5050,1788558597705117
cross_stream,1,1,depth+color,-1,-1,4861,1788558597738203
cross_stream,1,1,depth+color,0,0,4801,1788558597771524
cross_stream,1,1,depth+color,-1,-1,4837,1788558597804871
cross_stream,1,1,depth+color,-1,0,4819,1788558597838182
cross_stream,1,1,depth+color,-1,-2,5030,1788558597871559
cross_stream,1,1,depth+color,-1,-1,4945,1788558597904860
cross_stream,1,1,depth+color,-1,-1,4990,1788558597938204
cross_stream,1,1,depth+color,-1,-1,4968,1788558597971547
cross_stream,1,1,depth+color,0,-1,4980,1788558598004841
cross_stream,1,1,depth+color,-1,-1,4989,1788558598038204
cross_stream,1,1,depth+color,-1,-1,5033,1788558598071725
cross_stream,1,1,depth+color,-1,-2,5137,1788558598105142
cross_stream,1,1,depth+color,0,-1,4902,1788558598138207
cross_stream,1,1,depth+color,0,0,4989,1788558598171513
cross_stream,1,1,depth+color,-1,-1,4955,1788558598204826
cross_stream,1,1,depth+color,-1,0,4832,1788558598238319
cross_stream,1,1,depth+color,-1,-2,5057,1788558598271726
cross_stream,1,1,depth+color,-1,-2,4963,1788558598304974
cross_stream,1,1,depth+color,-1,-2,4849,1788558598338189
cross_stream,1,1,depth+color,-1,-1,4838,1788558598371545
cross_stream,1,1,depth+color,-1,-3,4813,1788558598404873
cross_stream,1,1,depth+color,-1,-2,4835,1788558598438181
cross_stream,1,1,depth+color,0,0,4900,1788558598471552
cross_stream,1,1,depth+color,-1,-1,4845,1788558598504868
cross_stream,1,1,depth+color,-1,-1,4850,1788558598538177
cross_stream,1,1,depth+color,-1,-1,4845,1788558598571514
cross_stream,1,1,depth+color,-1,-2,4804,1788558598604831
cross_stream,1,1,depth+color,-1,0,4828,1788558598638189
cross_stream,1,1,depth+color,-1,-1,4847,1788558598671545
cross_stream,1,1,depth+color,0,0,4808,1788558598704856
cross_stream,1,1,depth+color,0,-1,4487,1788558598738165
cross_stream,1,1,depth+color,-1,0,4798,1788558598771512
cross_stream,1,1,depth+color,-1,0,4842,1788558598804853
cross_stream,1,1,depth+color,-1,-1,4831,1788558598838204
cross_stream,1,1,depth+color,-1,0,4777,1788558598871493
cross_stream,1,1,depth+color,0,-1,5110,1788558598905009
cross_stream,1,1,depth+color,0,1,4872,1788558598938190
cross_stream,1,1,depth+color,0,0,4950,1788558598971536
cross_stream,1,1,depth+color,0,0,5078,1788558599004949
cross_stream,1,1,depth+color,0,0,4792,1788558599038174
cross_stream,1,1,depth+color,-1,-1,4758,1788558599071521
cross_stream,1,1,depth+color,-1,-2,4835,1788558599104848
cross_stream,1,1,depth+color,-1,0,5001,1788558599138325
cross_stream,1,1,depth+color,0,1,4923,1788558599171513
cross_stream,1,1,depth+color,-1,-1,4933,1788558599204829
cross_stream,1,1,depth+color,0,0,4965,1788558599238316
cross_stream,1,1,depth+color,-1,-1,5029,1788558599271709
cross_stream,1,1,depth+color,-1,0,4831,1788558599304828
cross_stream,1,1,depth+color,0,0,4858,1788558599338201
cross_stream,1,1,depth+color,-1,-1,4982,1788558599371534
cross_stream,1,1,depth+color,-1,0,4706,1788558599404861
cross_stream,1,1,depth+color,-1,-1,4999,1788558599438184
cross_stream,1,1,depth+color,-1,-2,4935,1788558599471498
cross_stream,1,1,depth+color,-1,-1,4826,1788558599504861
cross_stream,1,1,depth+color,0,0,4857,1788558599538202
cross_stream,1,1,depth+color,0,0,4920,1788558599571490
cross_stream,1,1,depth+color,-1,-2,5012,1788558599604865
cross_stream,1,1,depth+color,-1,-1,4810,1788558599638193
cross_stream,1,1,depth+color,-1,-2,4802,1788558599671528
cross_stream,1,1,depth+color,-1,-1,4805,1788558599704829
cross_stream,1,1,depth+color,-1,-1,5109,1788558599738310
cross_stream,1,1,depth+color,-1,-1,4763,1788558599771515
cross_stream,1,1,depth+color,-1,-1,4954,1788558599804838
cross_stream,1,1,depth+color,0,0,4964,1788558599838187
cross_stream,1,1,depth+color,-1,-2,4998,1788558599871670
cross_stream,1,1,depth+color,-1,-2,4809,1788558599904829
cross_stream,1,1,depth+color,-1,0,4981,1788558599938192
cross_stream,1,1,depth+color,-1,-1,4836,1788558599971512
cross_stream,1,1,depth+color,0,1,4998,1788558600004850
cross_stream,1,1,depth+color,-1,-1,5108,1788558600038328
cross_stream,1,1,depth+color,0,0,4689,1788558600071517
cross_stream,1,1,depth+color,-1,-1,4968,1788558600104847
cross_stream,1,1,depth+color,-1,-1,4982,1788558600138201
cross_stream,1,1,depth+color,-1,-1,4984,1788558600171497
cross_stream,1,1,depth+color,0,1,4965,1788558600204841
cross_stream,1,1,depth+color,-1,-2,5001,1788558600238209
cross_stream,1,1,depth+color,-1,0,4947,1788558600271629
cross_stream,1,1,depth+color,0,0,4967,1788558600304960
cross_stream,1,1,depth+color,-1,-1,4928,1788558600338302
cross_stream,1,1,depth+color,0,1,4851,1788558600371540
cross_stream,1,1,depth+color,-1,-1,4856,1788558600404858
cross_stream,1,1,depth+color,-1,0,4812,1788558600438171
cross_stream,1,1,depth+color,-1,-2,4788,1788558600471505
cross_stream,1,1,depth+color,-1,-1,4824,1788558600504823
cross_stream,1,1,depth+color,-1,-2,4860,1788558600538213
cross_stream,1,1,depth+color,-1,-1,4643,1788558600571499
cross_stream,1,1,depth+color,-1,-1,4746,1788558600604830
cross_stream,1,1,depth+color,-1,-2,4930,1788558600638191
cross_stream,1,1,depth+color,0,1,4943,1788558600671523
cross_stream,1,1,depth+color,0,0,4788,1788558600704827
cross_stream,1,1,depth+color,-1,0,4800,1788558600738197
cross_stream,1,1,depth+color,0,0,4829,1788558600771539
cross_stream,1,1,depth+color,-1,-1,4867,1788558600804867
cross_stream,1,1,depth+color,0,-1,4867,1788558600838193
cross_stream,1,1,depth+color,-1,-1,4768,1788558600871502
cross_stream,1,1,depth+color,0,0,4851,1788558600904856
cross_stream,1,1,depth+color,-1,-2,4950,1788558600938176
cross_stream,1,1,depth+color,0,1,4801,1788558600971548
cross_stream,1,1,depth+color,-1,-1,4995,1788558601004869
cross_stream,1,1,depth+color,-1,0,4987,1788558601038182
cross_stream,1,1,depth+color,-1,-2,4710,1788558601071621
cross_stream,1,1,depth+color,-1,-2,4787,1788558601104819
cross_stream,1,1,depth+color,-1,-1,4972,1788558601138315
cross_stream,1,1,depth+color,-1,-1,4954,1788558601171521
cross_stream,1,1,depth+color,-1,-1,4959,1788558601204856
cross_stream,1,1,depth+color,-1,0,4834,1788558601238187
cross_stream,1,1,depth+color,-1,0,4820,1788558601271540
cross_stream,1,1,depth+color,-1,-1,4981,1788558601304979
cross_stream,1,1,depth+color,-1,-1,4907,1788558601338227
cross_stream,1,1,depth+color,-1,0,4827,1788558601371540
cross_stream,1,1,depth+color,-1,-1,4947,1788558601404827
cross_stream,1,1,depth+color,-1,-2,4935,1788558601438304
cross_stream,1,1,depth+color,-1,0,4934,1788558601471518
cross_stream,1,1,depth+color,0,-1,4960,1788558601504857
cross_stream,1,1,depth+color,-1,-1,4957,1788558601538304
cross_stream,1,1,depth+color,0,0,4951,1788558601571523
cross_stream,1,1,depth+color,-1,-1,4959,1788558601604830
cross_stream,1,1,depth+color,-1,-2,4857,1788558601638206
cross_stream,1,1,depth+color,-1,-2,4743,1788558601671682
cross_stream,1,1,depth+color,-1,-2,4681,1788558601704846
cross_stream,1,1,depth+color,0,0,4695,1788558601738215
cross_stream,1,1,depth+color,-1,-1,4682,1788558601771530
cross_stream,1,1,depth+color,-1,0,4668,1788558601804836
cross_stream,1,1,depth+color,-1,-1,4689,1788558601838184
cross_stream,1,1,depth+color,-1,-1,4723,1788558601871540
cross_stream,1,1,depth+color,-1,-2,4988,1788558601904839
cross_stream,1,1,depth+color,-1,0,5035,1788558601938224
cross_stream,1,1,depth+color,-1,-2,4819,1788558601971516
cross_stream,1,1,depth+color,-1,-1,4836,1788558602004836
cross_stream,1,1,depth+color,-1,-1,4968,1788558602038199
cross_stream,1,1,depth+color,-1,-1,4962,1788558602071516
cross_stream,1,1,depth+color,-1,-1,4793,1788558602105003
cross_stream,1,1,depth+color,-1,0,4704,1788558602138189
cross_stream,1,1,depth+color,-1,0,4842,1788558602171533
cross_stream,1,1,depth+color,0,1,4853,1788558602204839
cross_stream,1,1,depth+color,0,1,4983,1788558602238216
cross_stream,1,1,depth+color,-1,-2,4936,1788558602271498
cross_stream,1,1,depth+color,0,1,4824,1788558602304847
cross_stream,1,1,depth+color,0,-1,4908,1788558602338219
cross_stream,1,1,depth+color,-1,-1,4871,1788558602371518
cross_stream,1,1,depth+color,0,-1,4859,1788558602404853
cross_stream,1,1,depth+color,-1,-1,4858,1788558602438182
cross_stream,1,1,depth+color,-1,-1,4820,1788558602471506
cross_stream,1,1,depth+color,0,0,4825,1788558602504829
cross_stream,1,1,depth+color,-1,0,4662,1788558602538170
cross_stream,1,1,depth+color,-1,0,4778,1788558602571492
cross_stream,1,1,depth+color,0,0,4814,1788558602604842
cross_stream,1,1,depth+color,-1,-1,4649,1788558602638203
cross_stream,1,1,depth+color,-1,-1,4957,1788558602671516
cross_stream,1,1,depth+color,0,-1,4805,1788558602704832
cross_stream,1,1,depth+color,-1,-1,4654,1788558602738163
cross_stream,1,1,depth+color,-1,-1,4830,1788558602771519
cross_stream,1,1,depth+color,0,-1,4965,1788558602804984
cross_stream,1,1,depth+color,-1,0,4700,1788558602838194
cross_stream,1,1,depth+color,-1,-1,4667,1788558602871529
cross_stream,1,1,depth+color,0,0,4757,1788558602904873
cross_stream,1,1,depth+color,-1,0,5008,1788558602938203
cross_stream,1,1,depth+color,-1,-1,4832,1788558602971520
cross_stream,1,1,depth+color,-1,-1,5109,1788558603004984
cross_stream,1,1,depth+color,-1,-2,5001,1788558603038224
cross_stream,1,1,depth+color,-1,-1,4975,1788558603071529
cross_stream,1,1,depth+color,0,0,4525,1788558603104864
cross_stream,1,1,depth+color,-1,-1,4665,1788558603138235
cross_stream,1,1,depth+color,-1,-1,4947,1788558603171523
cross_stream,1,1,depth+color,0,-1,4800,1788558603204844
cross_stream,1,1,depth+color,0,-1,5006,1788558603238195
cross_stream,1,1,depth+color,-1,-1,4992,1788558603271541
cross_stream,1,1,depth+color,0,0,4947,1788558603304828
cross_stream,1,1,depth+color,0,1,4689,1788558603338231
cross_stream,1,1,depth+color,-1,-1,4978,1788558603371547
cross_stream,1,1,depth+color,0,-1,4791,1788558603404833
cross_stream,1,1,depth+color,0,1,4823,1788558603438178
cross_stream,1,1,depth+color,-1,0,4960,1788558603471484
cross_stream,1,1,depth+color,-1,-1,5009,1788558603504851
cross_stream,1,1,depth+color,0,0,4829,1788558603538172
cross_stream,1,1,depth+color,-1,-1,4998,1788558603571552
cross_stream,1,1,depth+color,-1,-1,4954,1788558603604826
cross_stream,1,1,depth+color,0,1,4725,1788558603638330
cross_stream,1,1,depth+color,-1,0,4653,1788558603671541
cross_stream,1,1,depth+color,0,-1,4785,1788558603704853
cross_stream,1,1,depth+color,-1,-1,4670,1788558603738172
cross_stream,1,1,depth+color,-1,-2,4775,1788558603771506
cross_stream,1,1,depth+color,0,1,4808,1788558603804850
cross_stream,1,1,depth+color,-1,-2,4848,1788558603838240
cross_stream,1,1,depth+color,0,0,4790,1788558603871512
cross_stream,1,1,depth+color,-1,-1,4820,1788558603904828
cross_stream,1,1,depth+color,-1,-2,5003,1788558603938230
cross_stream,1,1,depth+color,-1,0,4789,1788558603971492
cross_stream,1,1,depth+color,0,0,4863,1788558604004853
cross_stream,1,1,depth+color,-1,-1,4803,1788558604038183
cross_stream,1,1,depth+color,-1,-2,4634,1788558604071540
cross_stream,1,1,depth+color,-1,-1,4785,1788558604104826
cross_stream,1,1,depth+color,-1,-1,4974,1788558604138179
cross_stream,1,1,depth+color,0,0,4800,1788558604171509
cross_stream,1,1,depth+color,-1,-2,5124,1788558604205011
cross_stream,1,1,depth+color,-1,-1,4702,1788558604238304
cross_stream,1,1,depth+color,-1,-1,4316,1788558604271511
cross_stream,1,1,depth+color,-1,-1,4939,1788558604304818
cross_stream,1,1,depth+color,-1,-1,4993,1788558604338225
cross_stream,1,1,depth+color,-1,-1,4838,1788558604371531
cross_stream,1,1,depth+color,-1,0,4594,1788558604404834
cross_stream,1,1,depth+color,-1,0,4810,1788558604438293
cross_stream,1,1,depth+color,-1,-1,4704,1788558604471560
cross_stream,1,1,depth+color,-1,0,4711,1788558604504830
cross_stream,1,1,depth+color,-1,-1,4660,1788558604538174
cross_stream,1,1,depth+color,-1,0,4952,1788558604571506
cross_stream,1,1,depth+color,-1,0,4848,1788558604604859
cross_stream,1,1,depth+color,-1,0,4690,1788558604638180
cross_stream,1,1,depth+color,0,1,4941,1788558604671523
cross_stream,1,1,depth+color,-1,-1,4996,1788558604704832
cross_stream,1,1,depth+color,0,1,4717,1788558604738227
cross_stream,1,1,depth+color,-1,0,4845,1788558604771508
cross_stream,1,1,depth+color,-1,-2,4818,1788558604804836
cross_stream,1,1,depth+color,-1,-1,4837,1788558604838168
cross_stream,1,1,depth+color,-1,-1,4668,1788558604871547
cross_stream,1,1,depth+color,0,0,5001,1788558604904841
cross_stream,1,1,depth+color,0,1,5028,1788558604938204
cross_stream,1,1,depth+color,-1,-1,4853,1788558604971547
cross_stream,1,1,depth+color,0,0,4983,1788558605004855
cross_stream,1,1,depth+color,-1,-1,4987,1788558605038182
cross_stream,1,1,depth+color,-1,0,4704,1788558605071514
cross_stream,1,1,depth+color,-1,0,4939,1788558605104828
cross_stream,1,1,depth+color,0,-1,4998,1788558605138186
cross_stream,1,1,depth+color,-1,0,4822,1788558605171539
cross_stream,1,1,depth+color,-1,-1,4989,1788558605204831
cross_stream,1,1,depth+color,-1,0,5001,1788558605238176
cross_stream,1,1,depth+color,-1,-1,4832,1788558605271503
cross_stream,1,1,depth+color,-1,-1,4720,1788558605304864
cross_stream,1,1,depth+color,-1,-1,4980,1788558605338195
cross_stream,1,1,depth+color,-1,-2,4833,1788558605371513
cross_stream,1,1,depth+color,0,-1,4850,1788558605404869
cross_stream,1,1,depth+color,-1,0,4971,1788558605438180
cross_stream,1,1,depth+color,-1,-1,5026,1788558605471542
cross_stream,1,1,depth+color,-1,-1,5026,1788558605504862
cross_stream,1,1,depth+color,-1,-1,4822,1788558605538181
cross_stream,1,1,depth+color,-1,0,4958,1788558605571504
cross_stream,1,1,depth+color,-1,-1,4969,1788558605604837
cross_stream,1,1,depth+color,0,-1,4864,1788558605638218
cross_stream,1,1,depth+color,0,-1,4852,1788558605671540
cross_stream,1,1,depth+color,-1,-3,4599,1788558605704862
cross_stream,1,1,depth+color,-1,-2,5010,1788558605738185
cross_stream,1,1,depth+color,0,0,4970,1788558605771531
cross_stream,1,1,depth+color,-1,-1,4842,1788558605804846
cross_stream,1,1,depth+color,-1,-1,5020,1788558605838204
cross_stream,1,1,depth+color,0,-1,4966,1788558605871513
cross_stream,1,1,depth+color,-1,-1,4970,1788558605904825
cross_stream,1,1,depth+color,0,-1,4993,1788558605938196
cross_stream,1,1,depth+color,-1,-1,4946,1788558605971512
cross_stream,1,1,depth+color,-1,-1,4838,1788558606004861
cross_stream,1,1,depth+color,-1,-1,4786,1788558606038173
cross_stream,1,1,depth+color,-1,-2,4784,1788558606071504
cross_stream,1,1,depth+color,0,0,4698,1788558606104962
cross_stream,1,1,depth+color,-1,0,5018,1788558606138219
cross_stream,1,1,depth+color,-1,-1,4960,1788558606171529
cross_stream,1,1,depth+color,0,0,4733,1788558606204989
cross_stream,1,1,depth+color,-1,-1,4938,1788558606238323
cross_stream,1,1,depth+color,0,0,4975,1788558606271546
cross_stream,1,1,depth+color,-1,-1,4894,1788558606304864
cross_stream,1,1,depth+color,-1,0,4998,1788558606338214
cross_stream,1,1,depth+color,-1,-2,4982,1788558606371520
cross_stream,1,1,depth+color,-1,0,4867,1788558606404835
cross_stream,1,1,depth+color,-1,-1,4895,1788558606438212
cross_stream,1,1,depth+color,-1,-1,4620,1788558606471529
cross_stream,1,1,depth+color,-1,-2,4796,1788558606504811
cross_stream,1,1,depth+color,0,0,4643,1788558606538178
cross_stream,1,1,depth+color,-1,-1,5001,1788558606571567
cross_stream,1,1,depth+color,-1,1,4840,1788558606604984
cross_stream,1,1,depth+color,-1,-1,4954,1788558606638315
cross_stream,1,1,depth+color,0,0,5203,1788558606671738
cross_stream,1,1,depth+color,-1,-1,4871,1788558606705083
cross_stream,1,1,depth+color,-1,0,4808,1788558606738309
cross_stream,1,1,depth+color,-1,-1,4774,1788558606771598
cross_stream,1,1,depth+color,-1,-1,4899,1788558606804910
cross_stream,1,1,depth+color,0,0,4621,1788558606838281
cross_stream,1,1,depth+color,0,0,4932,1788558606871649
cross_stream,1,1,depth+color,0,-1,5042,1788558606905052
cross_stream,1,1,depth+color,-1,-1,4796,1788558606938299
cross_stream,1,1,depth+color,-1,-134,4742,1788558606971577
cross_stream,1,1,depth+color,-1,-265,4892,1788558607004943
cross_stream,1,1,depth+color,-1,-395,5064,1788558607038449
cross_stream,1,1,depth+color,-1,-526,5011,1788558607071705
cross_stream,1,1,depth+color,-1,-653,4846,1788558607105082
cross_stream,1,1,depth+color,-1,-781,5179,1788558607138416
cross_stream,1,1,depth+color,-1,-910,5039,1788558607171603
cross_stream,1,1,depth+color,0,-1035,4917,1788558607204931
cross_stream,1,1,depth+color,-1,-1161,5071,1788558607238406
cross_stream,1,1,depth+color,-1,-1287,5023,1788558607271589
cross_stream,1,1,depth+color,-1,-1409,4879,1788558607304946
cross_stream,1,1,depth+color,-1,-1534,4766,1788558607338291
cross_stream,1,1,depth+color,-1,-1655,5060,1788558607371598
cross_stream,1,1,depth+color,-1,-1778,5074,1788558607404955
cross_stream,1,1,depth+color,-1,-1898,4701,1788558607438281
cross_stream,1,1,depth+color,-1,-2019,5056,1788558607471618
cross_stream,1,1,depth+color,0,-2138,5036,1788558607504932
cross_stream,1,1,depth+color,0,-2256,4637,1788558607538306
cross_stream,1,1,depth+color,-1,-2375,4965,1788558607571701
cross_stream,1,1,depth+color,-1,-2491,5103,1788558607604958
cross_stream,1,1,depth+color,0,-2460,4696,1788558607638295
cross_stream,1,1,depth+color,0,-2433,4894,1788558607671623
cross_stream,1,1,depth+color,0,-2404,4928,1788558607704955
cross_stream,1,1,depth+color,0,-2373,5105,1788558607738309
cross_stream,1,1,depth+color,-1,-2343,4885,1788558607771624
cross_stream,1,1,depth+color,-1,-2316,4888,1788558607804923
cross_stream,1,1,depth+color,-1,-2290,4827,1788558607838311
cross_stream,1,1,depth+color,-1,-2260,5034,1788558607871578
cross_stream,1,1,depth+color,-1,-2231,4863,1788558607904928
cross_stream,1,1,depth+color,-1,-2202,5080,1788558607938264
cross_stream,1,1,depth+color,0,-2172,5084,1788558607971606
cross_stream,1,1,depth+color,-1,-2143,5056,1788558608004917
cross_stream,1,1,depth+color,0,-2114,4976,1788558608038320
cross_stream,1,1,depth+color,-1,-2088,4971,1788558608071622
cross_stream,1,1,depth+color,-1,-2060,5040,1788558608104917
cross_stream,1,1,depth+color,-1,-2032,4956,1788558608138407
cross_stream,1,1,depth+color,-1,-2006,5029,1788558608171585
cross_stream,1,1,depth+color,-1,-1978,5060,1788558608204929
cross_stream,1,1,depth+color,-1,-1951,4912,1788558608238457
cross_stream,1,1,depth+color,0,-1924,4896,1788558608271624
cross_stream,1,1,depth+color,-1,-1900,4710,1788558608304938
cross_stream,1,1,depth+color,0,-1873,4941,1788558608338315
cross_stream,1,1,depth+color,-1,-1848,4735,1788558608371586
cross_stream,1,1,depth+color,-1,-1825,4912,1788558608404923
cross_stream,1,1,depth+color,-1,-1799,4938,1788558608438265
cross_stream,1,1,depth+color,-1,-1774,4681,1788558608471597
cross_stream,1,1,depth+color,-1,-1751,4689,1788558608504937
cross_stream,1,1,depth+color,-1,-1728,4803,1788558608538306
cross_stream,1,1,depth+color,0,-1702,4848,1788558608571582
cross_stream,1,1,depth+color,-1,-1679,4778,1788558608604916
cross_stream,1,1,depth+color,-1,-1654,4977,1788558608638439
cross_stream,1,1,depth+color,-1,-1630,4765,1788558608671628
cross_stream,1,1,depth+color,-1,-1609,4728,1788558608704916
cross_stream,1,1,depth+color,0,-1584,4772,1788558608738301
cross_stream,1,1,depth+color,0,-1562,4794,1788558608771625
cross_stream,1,1,depth+color,0,-1538,4918,1788558608804942
cross_stream,1,1,depth+color,-1,-1515,5028,1788558608838270
cross_stream,1,1,depth+color,-1,-1492,4759,1788558608871586
cross_stream,1,1,depth+color,-1,-1469,4905,1788558608904962
cross_stream,1,1,depth+color,0,-1446,4937,1788558608938298
cross_stream,1,1,depth+color,-1,-1424,4907,1788558608971591
cross_stream,1,1,depth+color,-1,-1400,5059,1788558609004926
cross_stream,1,1,depth+color,0,-1375,5087,1788558609038303
cross_stream,1,1,depth+color,-1,-1354,4930,1788558609071618
cross_stream,1,1,depth+color,-1,-1331,4860,1788558609104910
cross_stream,1,1,depth+color,-1,-1309,4979,1788558609138298
cross_stream,1,1,depth+color,-1,-1287,5026,1788558609171756
cross_stream,1,1,depth+color,-1,-1264,5046,1788558609204914
cross_stream,1,1,depth+color,0,-1239,5122,1788558609238309
cross_stream,1,1,depth+color,-1,-1220,4687,1788558609271589
cross_stream,1,1,depth+color,-1,-1199,4769,1788558609304905
cross_stream,1,1,depth+color,0,-1177,5033,1788558609338259
cross_stream,1,1,depth+color,-1,-1155,5077,1788558609371642
cross_stream,1,1,depth+color,-1,-1133,5041,1788558609404918
cross_stream,1,1,depth+color,-1,-1114,4896,1788558609438283
cross_stream,1,1,depth+color,0,-1092,4795,1788558609471524
cross_stream,1,1,depth+color,-1,-1073,4973,1788558609504830
cross_stream,1,1,depth+color,-1,-1052,4796,1788558609538181
cross_stream,1,1,depth+color,0,-1031,4981,1788558609571513
cross_stream,1,1,depth+color,-1,-1011,5026,1788558609604869
cross_stream,1,1,depth+color,-1,-990,4829,1788558609638185
cross_stream,1,1,depth+color,0,-972,4861,1788558609671542
cross_stream,1,1,depth+color,-1,-951,5003,1788558609704865
cross_stream,1,1,depth+color,0,-931,5045,1788558609738227
cross_stream,1,1,depth+color,-1,-910,4878,1788558609771533
cross_stream,1,1,depth+color,-1,-893,4818,1788558609804833
cross_stream,1,1,depth+color,-1,-873,4997,1788558609838210
cross_stream,1,1,depth+color,-1,-854,4848,1788558609871514
cross_stream,1,1,depth+color,-1,-836,4949,1788558609904836
cross_stream,1,1,depth+color,-1,-815,5004,1788558609938188
cross_stream,1,1,depth+color,0,-797,4799,1788558609971517
cross_stream,1,1,depth+color,-1,-778,5092,1788558610004960
cross_stream,1,1,depth+color,-1,-759,5087,1788558610038294
cross_stream,1,1,depth+color,-1,-742,4593,1788558610071625
cross_stream,1,1,depth+color,-1,-723,5050,1788558610104924
cross_stream,1,1,depth+color,0,-703,5033,1788558610138409
cross_stream,1,1,depth+color,-1,-687,4969,1788558610171634
cross_stream,1,1,depth+color,-1,-668,4930,1788558610204943
cross_stream,1,1,depth+color,-1,-650,5071,1788558610238264
cross_stream,1,1,depth+color,-1,-630,5057,1788558610271731
cross_stream,1,1,depth+color,-1,-614,4732,1788558610304927
cross_stream,1,1,depth+color,-1,-597,5065,1788558610338297
cross_stream,1,1,depth+color,0,-578,5008,1788558610371727
cross_stream,1,1,depth+color,0,-562,4741,1788558610404963
cross_stream,1,1,depth+color,-1,-545,4930,1788558610438277
cross_stream,1,1,depth+color,-1,-527,5024,1788558610471707
cross_stream,1,1,depth+color,0,-511,4656,1788558610504961
cross_stream,1,1,depth+color,-1,-497,4887,1788558610538434
cross_stream,1,1,depth+color,-1,-480,4707,1788558610571580
cross_stream,1,1,depth+color,0,-464,4777,1788558610604924
cross_stream,1,1,depth+color,-1,-447,5093,1788558610638340
cross_stream,1,1,depth+color,-1,-431,5041,1788558610671606
cross_stream,1,1,depth+color,-1,-414,4909,1788558610704920
cross_stream,1,1,depth+color,-1,-399,4932,1788558610738614
cross_stream,1,1,depth+color,-1,-383,4571,1788558610771602
cross_stream,1,1,depth+color,-1,-368,5186,1788558610805076
cross_stream,1,1,depth+color,0,-350,4929,1788558610838257
cross_stream,1,1,depth+color,-1,-336,4872,1788558610871588
cross_stream,1,1,depth+color,-1,-320,4937,1788558610904960
cross_stream,1,1,depth+color,-1,-305,4924,1788558610938306
cross_stream,1,1,depth+color,-1,-291,4837,1788558610971748
cross_stream,1,1,depth+color,0,-274,4881,1788558611004943
cross_stream,1,1,depth+color,0,-260,4939,1788558611038275
cross_stream,1,1,depth+color,-1,-244,5069,1788558611071761
cross_stream,1,1,depth+color,-1,-229,4925,1788558611104930
cross_stream,1,1,depth+color,-1,-214,4945,1788558611138443
cross_stream,1,1,depth+color,-1,-199,4918,1788558611171601
cross_stream,1,1,depth+color,0,-184,4963,1788558611204945
cross_stream,1,1,depth+color,-1,-168,5256,1788558611238448
cross_stream,1,1,depth+color,-1,-152,5055,1788558611271725
cross_stream,1,1,depth+color,-1,-138,4921,1788558611304931
cross_stream,1,1,depth+color,-1,-124,4846,1788558611338379
cross_stream,1,1,depth+color,0,-109,4901,1788558611371603
cross_stream,1,1,depth+color,-1,-97,4868,1788558611404900
cross_stream,1,1,depth+color,-1,-83,4810,1788558611438391
cross_stream,1,1,depth+color,0,-68,5028,1788558611471578
cross_stream,1,1,depth+color,-1,-54,5072,1788558611504934
cross_stream,1,1,depth+color,-1,-39,4931,1788558611538270
cross_stream,1,1,depth+color,-1,-26,5209,1788558611571714
cross_stream,1,1,depth+color,-1,-11,5050,1788558611604910
cross_stream,1,1,depth+color,-1,3,4807,1788558611638284
cross_stream,1,1,depth+color,-1,17,4839,1788558611671648
cross_stream,1,1,depth+color,-1,29,4894,1788558611704933
cross_stream,1,1,depth+color,0,44,4966,1788558611738183
cross_stream,1,1,depth+color,0,57,5003,1788558611771545
cross_stream,1,1,depth+color,-1,69,5021,1788558611804878
cross_stream,1,1,depth+color,-1,81,4849,1788558611838170
cross_stream,1,1,depth+color,-1,95,4842,1788558611871505
cross_stream,1,1,depth+color,-1,107,4855,1788558611904870
cross_stream,1,1,depth+color,0,120,4815,1788558611938177
cross_stream,1,1,depth+color,-1,130,4706,1788558611971518
cross_stream,1,1,depth+color,-1,142,4953,1788558612004845
cross_stream,1,1,depth+color,-1,155,4976,1788558612038193
cross_stream,1,1,depth+color,-1,164,4602,1788558612071529
cross_stream,1,1,depth+color,0,177,4663,1788558612104837
cross_stream,1,1,depth+color,-1,186,5013,1788558612138183
cross_stream,1,1,depth+color,0,203,5033,1788558612171544
cross_stream,1,1,depth+color,-1,212,4974,1788558612204843
cross_stream,1,1,depth+color,-1,223,4664,1788558612238205
cross_stream,1,1,depth+color,-1,235,4960,1788558612271509
cross_stream,1,1,depth+color,-1,249,5031,1788558612304872
cross_stream,1,1,depth+color,-1,258,4351,1788558612338357
cross_stream,1,1,depth+color,-1,265,4488,1788558612371512
cross_stream,1,1,depth+color,-1,277,4797,1788558612404849
cross_stream,1,1,depth+color,-1,287,4890,1788558612438232
cross_stream,1,1,depth+color,-1,298,4689,1788558612471538
cross_stream,1,1,depth+color,-1,308,4861,1788558612504837
cross_stream,1,1,depth+color,-1,320,4966,1788558612538177
cross_stream,1,1,depth+color,-1,330,4870,1788558612571541
cross_stream,1,1,depth+color,-1,340,4680,1788558612604872
cross_stream,1,1,depth+color,-1,352,4955,1788558612638196
cross_stream,1,1,depth+color,-1,359,4935,1788558612671503
cross_stream,1,1,depth+color,0,372,4693,1788558612704859
cross_stream,1,1,depth+color,-1,383,4887,1788558612738233
cross_stream,1,1,depth+color,0,393,4979,1788558612771506
cross_stream,1,1,depth+color,-1,403,4867,1788558612804863
cross_stream,1,1,depth+color,-1,415,4716,1788558612838177
cross_stream,1,1,depth+color,-1,424,4846,1788558612871510
cross_stream,1,1,depth+color,0,433,4697,1788558612904828
cross_stream,1,1,depth+color,-1,442,5028,1788558612938203
cross_stream,1,1,depth+color,-1,453,4856,1788558612971528
cross_stream,1,1,depth+color,0,463,4798,1788558613004812
cross_stream,1,1,depth+color,-1,472,4830,1788558613038180
cross_stream,1,1,depth+color,-1,481,4548,1788558613071505
cross_stream,1,1,depth+color,-1,490,4821,1788558613104831
cross_stream,1,1,depth+color,-1,501,4993,1788558613138179
cross_stream,1,1,depth+color,0,511,4707,1788558613171525
cross_stream,1,1,depth+color,0,521,5019,1788558613204861
cross_stream,1,1,depth+color,-1,528,4999,1788558613238201
cross_stream,1,1,depth+color,0,538,4689,1788558613271500
cross_stream,1,1,depth+color,-1,548,5017,1788558613304848
cross_stream,1,1,depth+color,-1,557,4987,1788558613338169
cross_stream,1,1,depth+color,-1,566,4675,1788558613371504
cross_stream,1,1,depth+color,0,577,4827,1788558613404844
cross_stream,1,1,depth+color,0,583,4655,1788558613438209
cross_stream,1,1,depth+color,0,592,4855,1788558613471535
cross_stream,1,1,depth+color,-1,602,4814,1788558613504815
cross_stream,1,1,depth+color,-1,608,4845,1788558613538193
cross_stream,1,1,depth+color,0,620,4997,1788558613571540
cross_stream,1,1,depth+color,0,629,5014,1788558613604860
cross_stream,1,1,depth+color,-1,636,4667,1788558613638171
cross_stream,1,1,depth+color,-1,643,4728,1788558613671520
cross_stream,1,1,depth+color,-1,653,4874,1788558613704862
cross_stream,1,1,depth+color,0,663,4892,1788558613738204
cross_stream,1,1,depth+color,0,672,4968,1788558613771512
cross_stream,1,1,depth+color,-1,679,4969,1788558613804832
cross_stream,1,1,depth+color,0,689,4986,1788558613838198
cross_stream,1,1,depth+color,-1,698,4735,1788558613871547
cross_stream,1,1,depth+color,-1,705,4968,1788558613904851
cross_stream,1,1,depth+color,-1,715,4975,1788558613938175
cross_stream,1,1,depth+color,-1,722,4666,1788558613971523
cross_stream,1,1,depth+color,-1,731,5094,1788558614004974
cross_stream,1,1,depth+color,-1,740,4853,1788558614038228
cross_stream,1,1,depth+color,-1,746,4600,1788558614071549
cross_stream,1,1,depth+color,-1,750,4478,1788558614105002
cross_stream,1,1,depth+color,-1,756,4410,1788558614138189
cross_stream,1,1,depth+color,-1,761,4525,1788558614171517
cross_stream,1,1,depth+color,-1,770,4726,1788558614204879
cross_stream,1,1,depth+color,-1,778,4982,1788558614238206
cross_stream,1,1,depth+color,0,786,4692,1788558614271508
cross_stream,1,1,depth+color,0,794,4951,1788558614304836
cross_stream,1,1,depth+color,-1,801,4948,1788558614338294
cross_stream,1,1,depth+color,-1,809,5168,1788558614371719
cross_stream,1,1,depth+color,-1,819,4893,1788558614404924
cross_stream,1,1,depth+color,-1,826,4907,1788558614438255
cross_stream,1,1,depth+color,0,835,5133,1788558614471635
cross_stream,1,1,depth+color,-1,843,5032,1788558614505070
cross_stream,1,1,depth+color,0,853,5072,1788558614538279
cross_stream,1,1,depth+color,-1,860,5094,1788558614571617
cross_stream,1,1,depth+color,-1,869,4978,1788558614604967
cross_stream,1,1,depth+color,-1,878,4948,1788558614638425
cross_stream,1,1,depth+color,-1,884,4899,1788558614671607
cross_stream,1,1,depth+color,-1,890,4708,1788558614704912
cross_stream,1,1,depth+color,0,898,5059,1788558614738414
cross_stream,1,1,depth+color,-1,905,4768,1788558614771598
cross_stream,1,1,depth+color,0,914,4737,1788558614804911
cross_stream,1,1,depth+color,0,919,4800,1788558614838261
cross_stream,1,1,depth+color,-1,923,4761,1788558614871593
cross_stream,1,1,depth+color,-1,931,4896,1788558614904938
cross_stream,1,1,depth+color,0,940,4905,1788558614938242
cross_stream,1,1,depth+color,-1,943,4580,1788558614971554
cross_stream,1,1,depth+color,-1,951,5034,1788558615005079
cross_stream,1,1,depth+color,-1,958,5058,1788558615038402
cross_stream,1,1,depth+color,-1,964,4723,1788558615071626
cross_stream,1,1,depth+color,0,972,4874,1788558615105074
cross_stream,1,1,depth+color,-1,979,4919,1788558615138277
cross_stream,1,1,depth+color,-1,984,4769,1788558615171609
cross_stream,1,1,depth+color,-1,988,4891,1788558615204914
cross_stream,1,1,depth+color,0,999,5071,1788558615238276
cross_stream,1,1,depth+color,0,1005,4874,1788558615271568
cross_stream,1,1,depth+color,-1,1010,4730,1788558615304908
cross_stream,1,1,depth+color,-1,1018,5087,1788558615338439
cross_stream,1,1,depth+color,-1,1023,5052,1788558615371740
cross_stream,1,1,depth+color,-1,1030,4778,1788558615404957
cross_stream,1,1,depth+color,-1,1036,4691,1788558615438252
cross_stream,1,1,depth+color,-1,1043,4889,1788558615471605
cross_stream,1,1,depth+color,0,1048,4871,1788558615504906
cross_stream,1,1,depth+color,-1,1052,4785,1788558615538260
cross_stream,1,1,depth+color,-1,1060,5053,1788558615571581
cross_stream,1,1,depth+color,0,1069,5057,1788558615604930
cross_stream,1,1,depth+color,-1,1074,4886,1788558615638252
cross_stream,1,1,depth+color,-1,1079,4794,1788558615671614
cross_stream,1,1,depth+color,0,1083,4725,1788558615704895
cross_stream,1,1,depth+color,-1,1089,4844,1788558615738472
cross_stream,1,1,depth+color,-1,1094,4822,1788558615771702
cross_stream,1,1,depth+color,-1,1102,5014,1788558615805051
cross_stream,1,1,depth+color,-1,1108,5070,1788558615838285
cross_stream,1,1,depth+color,0,1114,4762,1788558615871610
cross_stream,1,1,depth+color,0,1118,4687,1788558615904919
cross_stream,1,1,depth+color,-1,1124,4944,1788558615938254
cross_stream,1,1,depth+color,-1,1128,4713,1788558615971614
cross_stream,1,1,depth+color,-1,1134,4917,1788558616005064
cross_stream,1,1,depth+color,0,1140,4920,1788558616038430
cross_stream,1,1,depth+color,-1,1145,4916,1788558616071623
cross_stream,1,1,depth+color,-1,1152,4708,1788558616104909
cross_stream,1,1,depth+color,-1,1155,4963,1788558616138425
cross_stream,1,1,depth+color,-1,1160,4895,1788558616171751
cross_stream,1,1,depth+color,-1,1168,5055,1788558616205049
cross_stream,1,1,depth+color,0,1175,5024,1788558616238407
cross_stream,1,1,depth+color,0,1180,4877,1788558616271606
cross_stream,1,1,depth+color,0,1186,4756,1788558616304902
cross_stream,1,1,depth+color,-1,1188,4747,1788558616338257
cross_stream,1,1,depth+color,-1,1193,4756,1788558616371588
cross_stream,1,1,depth+color,-1,1198,4888,1788558616404888
cross_stream,1,1,depth+color,0,1204,4934,1788558616438289
cross_stream,1,1,depth+color,-1,1207,5031,1788558616471605
cross_stream,1,1,depth+color,0,1214,4913,1788558616504900
cross_stream,1,1,depth+color,-1,1219,4950,1788558616538297
cross_stream,1,1,depth+color,-1,1224,4929,1788558616571751
cross_stream,1,1,depth+color,0,1230,4904,1788558616604896
cross_stream,1,1,depth+color,-1,1235,5092,1788558616638295
cross_stream,1,1,depth+color,0,1240,4661,1788558616671616
cross_stream,1,1,depth+color,-1,1244,4792,1788558616704937
cross_stream,1,1,depth+color,-1,1248,4918,1788558616738399
cross_stream,1,1,depth+color,0,1256,4912,1788558616771721
cross_stream,1,1,depth+color,-1,1258,4804,1788558616804949
cross_stream,1,1,depth+color,-1,1264,4937,1788558616838262
cross_stream,1,1,depth+color,-1,1267,4901,1788558616871599
cross_stream,1,1,depth+color,-1,1272,4897,1788558616905066
cross_stream,1,1,depth+color,-1,1277,4931,1788558616938280
cross_stream,1,1,depth+color,-1,1283,4735,1788558616971596
cross_stream,1,1,depth+color,-1,1287,4926,1788558617004920
cross_stream,1,1,depth+color,-1,1291,4849,1788558617038295
cross_stream,1,1,depth+color,-1,1295,5019,1788558617071720
cross_stream,1,1,depth+color,-1,1301,4911,1788558617105042
cross_stream,1,1,depth+color,-1,1305,4907,1788558617138378
cross_stream,1,1,depth+color,-1,1310,5007,1788558617171712
cross_stream,1,1,depth+color,-1,1315,4858,1788558617204885
cross_stream,1,1,depth+color,-1,1320,5076,1788558617238272
cross_stream,1,1,depth+color,-1,1323,4746,1788558617271625
cross_stream,1,1,depth+color,-1,1329,4684,1788558617304950
cross_stream,1,1,depth+color,0,1333,4959,1788558617338295
cross_stream,1,1,depth+color,-1,1336,5025,1788558617371581
cross_stream,1,1,depth+color,0,1341,4881,1788558617404920
cross_stream,1,1,depth+color,0,1343,4699,1788558617438278
cross_stream,1,1,depth+color,-1,1347,4893,1788558617471575
cross_stream,1,1,depth+color,-1,1352,4914,1788558617504918
cross_stream,1,1,depth+color,-1,1355,4946,1788558617538281
cross_stream,1,1,depth+color,0,1364,5055,1788558617571601
cross_stream,1,1,depth+color,-1,1367,5054,1788558617604929
cross_stream,1,1,depth+color,-1,1371,5047,1788558617638258
cross_stream,1,1,depth+color,0,1378,5009,1788558617671578
cross_stream,1,1,depth+color,-1,1382,5062,1788558617705078
cross_stream,1,1,depth+color,-1,1387,4940,1788558617738251
cross_stream,1,1,depth+color,-1,1391,5036,1788558617771596
cross_stream,1,1,depth+color,-1,1395,4942,1788558617804918
cross_stream,1,1,depth+color,0,1402,5103,1788558617838315
cross_stream,1,1,depth+color,0,1405,4923,1788558617871619
cross_stream,1,1,depth+color,-1,1409,4987,1788558617904917
cross_stream,1,1,depth+color,-1,1414,5045,1788558617938284
cross_stream,1,1,depth+color,-1,1417,5005,1788558617971591
cross_stream,1,1,depth+color,-1,1423,5004,1788558618005034
cross_stream,1,1,depth+color,0,1427,4963,1788558618038311
cross_stream,1,1,depth+color,-1,1432,5038,1788558618071598
cross_stream,1,1,depth+color,-1,1435,4916,1788558618104940
cross_stream,1,1,depth+color,-1,1441,5067,1788558618138317
cross_stream,1,1,depth+color,-1,1445,5058,1788558618171649
cross_stream,1,1,depth+color,0,1449,5030,1788558618205078
cross_stream,1,1,depth+color,-1,1455,5236,1788558618238442
cross_stream,1,1,depth+color,0,1461,5004,1788558618271594
cross_stream,1,1,depth+color,-1,1463,5040,1788558618305084
cross_stream,1,1,depth+color,-1,1467,4987,1788558618338392
cross_stream,1,1,depth+color,0,1472,5037,1788558618371760
cross_stream,1,1,depth+color,-1,1475,4909,1788558618404952
cross_stream,1,1,depth+color,0,1481,4930,1788558618438279
cross_stream,1,1,depth+color,0,1485,5056,1788558618471652
cross_stream,1,1,depth+color,-1,1487,5017,1788558618504920
cross_stream,1,1,depth+color,-1,1490,4939,1788558618538277
cross_stream,1,1,depth+color,0,1497,5056,1788558618571592
cross_stream,1,1,depth+color,-1,1499,4901,1788558618604930
cross_stream,1,1,depth+color,0,1504,5022,1788558618638295
cross_stream,1,1,depth+color,-1,1508,5032,1788558618671613
cross_stream,1,1,depth+color,-1,1510,4848,1788558618705181
cross_stream,1,1,depth+color,-1,1515,5038,1788558618738413
cross_stream,1,1,depth+color,0,1518,4903,1788558618771620
cross_stream,1,1,depth+color,-1,1521,4937,1788558618804934
cross_stream,1,1,depth+color,-1,1521,4880,1788558618838270
cross_stream,1,1,depth+color,-1,1525,4881,1788558618871639
cross_stream,1,1,depth+color,-1,1529,4872,1788558618904905
cross_stream,1,1,depth+color,-1,1532,5046,1788558618938292
cross_stream,1,1,depth+color,-1,1535,4902,1788558618971574
cross_stream,1,1,depth+color,0,1541,5047,1788558619004949
cross_stream,1,1,depth+color,-1,1544,5033,1788558619038284
cross_stream,1,1,depth+color,-1,1549,5091,1788558619072132
cross_stream,1,1,depth+color,-1,1553,5202,1788558619105277
cross_stream,1,1,depth+color,-1,1556,4882,1788558619138277
cross_stream,1,1,depth+color,-1,1557,4825,1788558619171632
cross_stream,1,1,depth+color,-1,1562,4998,1788558619205044
cross_stream,1,1,depth+color,-1,1565,5174,1788558619238418
cross_stream,1,1,depth+color,-1,1569,5049,1788558619271629
cross_stream,1,1,depth+color,0,1573,5050,1788558619304955
cross_stream,1,1,depth+color,-1,1577,5070,1788558619338267
cross_stream,1,1,depth+color,0,1584,5049,1788558619371601
cross_stream,1,1,depth+color,0,1586,5029,1788558619404921
cross_stream,1,1,depth+color,0,1588,5032,1788558619438263
cross_stream,1,1,depth+color,-1,1591,5070,1788558619471632
cross_stream,1,1,depth+color,0,1596,5008,1788558619504907
cross_stream,1,1,depth+color,-1,1599,5107,1788558619538296
cross_stream,1,1,depth+color,-1,1603,5079,1788558619571599
cross_stream,1,1,depth+color,-1,1608,5054,1788558619604933
cross_stream,1,1,depth+color,0,1612,5080,1788558619638321
cross_stream,1,1,depth+color,-1,1615,5032,1788558619671625
cross_stream,1,1,depth+color,-1,1617,5153,1788558619705044
cross_stream,1,1,depth+color,-1,1622,4963,1788558619738460
cross_stream,1,1,depth+color,0,1626,5186,1788558619771753
cross_stream,1,1,depth+color,-1,1627,4914,1788558619804947
cross_stream,1,1,depth+color,-1,1631,5033,1788558619838261
cross_stream,1,1,depth+color,0,1636,5190,1788558619871722
cross_stream,1,1,depth+color,-1,1639,4931,1788558619904970
cross_stream,1,1,depth+color,0,1642,5190,1788558619938424
cross_stream,1,1,depth+color,-1,1645,5205,1788558619971760
cross_stream,1,1,depth+color,-1,1646,4696,1788558620005059
cross_stream,1,1,depth+color,-1,1651,5025,1788558620038253
cross_stream,1,1,depth+color,-1,1653,5014,1788558620071598
cross_stream,1,1,depth+color,-1,1658,5121,1788558620105038
cross_stream,1,1,depth+color,-1,1659,5055,1788558620138411
cross_stream,1,1,depth+color,-1,1663,4956,1788558620171622
cross_stream,1,1,depth+color,-1,1665,4935,1788558620204938
cross_stream,1,1,depth+color,-1,1670,5206,1788558620238415
cross_stream,1,1,depth+color,0,1672,5026,1788558620271601
cross_stream,1,1,depth+color,-1,1674,4861,1788558620304909
cross_stream,1,1,depth+color,0,1677,5074,1788558620338320
cross_stream,1,1,depth+color,-1,1683,5198,1788558620371760
cross_stream,1,1,depth+color,0,1685,5055,1788558620404910
cross_stream,1,1,depth+color,-1,1686,4908,1788558620438289
cross_stream,1,1,depth+color,-1,1690,5078,1788558620471643
cross_stream,1,1,depth+color,-1,1691,5042,1788558620504930
cross_stream,1,1,depth+color,-1,1694,5083,1788558620538403
cross_stream,1,1,depth+color,0,1699,5022,1788558620571601
cross_stream,1,1,depth+color,0,1702,5052,1788558620604945
cross_stream,1,1,depth+color,-1,1703,4935,1788558620638396
cross_stream,1,1,depth+color,-1,1706,5017,1788558620671623
cross_stream,1,1,depth+color,0,1711,5068,1788558620704932
cross_stream,1,1,depth+color,-1,1713,5132,1788558620738769
cross_stream,1,1,depth+color,-1,1713,4763,1788558620771634
cross_stream,1,1,depth+color,-1,1715,4913,1788558620804935
cross_stream,1,1,depth+color,-1,1716,4925,1788558620838292
cross_stream,1,1,depth+color,-1,1719,5141,1788558620871706
cross_stream,1,1,depth+color,-1,1724,5016,1788558620904931
cross_stream,1,1,depth+color,0,1726,5084,1788558620938293
cross_stream,1,1,depth+color,-1,1728,4961,1788558620971632
cross_stream,1,1,depth+color,0,1732,5053,1788558621004910
cross_stream,1,1,depth+color,0,1734,5201,1788558621038422
cross_stream,1,1,depth+color,-1,1737,4924,1788558621071610
cross_stream,1,1,depth+color,0,1739,4726,1788558621105045
cross_stream,1,1,depth+color,-1,1739,5043,1788558621138558
cross_stream,1,1,depth+color,0,1743,5010,1788558621171587
cross_stream,1,1,depth+color,-1,1744,5057,1788558621204945
cross_stream,1,1,depth+color,-1,1747,5021,1788558621238386
cross_stream,1,1,depth+color,-1,1750,4943,1788558621271640
cross_stream,1,1,depth+color,-1,1750,4881,1788558621304922
cross_stream,1,1,depth+color,0,1752,5081,1788558621338316
cross_stream,1,1,depth+color,-1,1755,5136,1788558621371719
cross_stream,1,1,depth+color,-1,1757,5062,1788558621404963
cross_stream,1,1,depth+color,-1,1761,5205,1788558621438426
cross_stream,1,1,depth+color,-1,1765,5189,1788558621471767
cross_stream,1,1,depth+color,-1,1769,5063,1788558621504964
cross_stream,1,1,depth+color,-1,1769,5096,1788558621538313
cross_stream,1,1,depth+color,-1,1771,4916,1788558621571866
cross_stream,1,1,depth+color,0,1775,5032,1788558621604926
cross_stream,1,1,depth+color,-1,1777,5043,1788558621638295
cross_stream,1,1,depth+color,0,1780,5086,1788558621671826
cross_stream,1,1,depth+color,-1,1782,5031,1788558621704933
cross_stream,1,1,depth+color,-1,1784,5106,1788558621738307
cross_stream,1,1,depth+color,-1,1787,5115,1788558621771768
cross_stream,1,1,depth+color,0,1789,5070,1788558621805079
cross_stream,1,1,depth+color,0,1793,5023,1788558621838265
cross_stream,1,1,depth+color,-1,1794,5084,1788558621871614
cross_stream,1,1,depth+color,-1,1796,5005,1788558621904918
cross_stream,1,1,depth+color,-1,1797,5097,1788558621938286
cross_stream,1,1,depth+color,0,1801,4949,1788558621971626
cross_stream,1,1,depth+color,0,1804,4955,1788558622005352
cross_stream,1,1,depth+color,-1,1804,5040,1788558622038286
cross_stream,1,1,depth+color,-1,1806,5087,1788558622071798
cross_stream,1,1,depth+color,0,1810,5079,1788558622105092
cross_stream,1,1,depth+color,-1,1809,4922,1788558622138269
cross_stream,1,1,depth+color,0,1812,5027,1788558622171704
cross_stream,1,1,depth+color,0,1814,4921,1788558622204920
cross_stream,1,1,depth+color,-1,1817,4933,1788558622238304
cross_stream,1,1,depth+color,-1,1817,5029,1788558622271710
cross_stream,1,1,depth+color,-1,1818,4953,1788558622304927
cross_stream,1,1,depth+color,0,1822,5126,1788558622338307
cross_stream,1,1,depth+color,-1,1822,5098,1788558622371754
cross_stream,1,1,depth+color,-1,1825,5058,1788558622404921
cross_stream,1,1,depth+color,-1,1828,5061,1788558622438270
cross_stream,1,1,depth+color,-1,1829,5056,1788558622471715
cross_stream,1,1,depth+color,-1,1831,5090,1788558622504933
cross_stream,1,1,depth+color,0,1835,5022,1788558622538259
cross_stream,1,1,depth+color,0,1837,4999,1788558622571967
cross_stream,1,1,depth+color,-1,1836,4769,1788558622604954
cross_stream,1,1,depth+color,-1,1839,5075,1788558622638325
cross_stream,1,1,depth+color,-1,1839,5028,1788558622671619
cross_stream,1,1,depth+color,-1,1841,4916,1788558622704954
cross_stream,1,1,depth+color,-1,1844,5104,1788558622738310
cross_stream,1,1,depth+color,-1,1844,5168,1788558622771752
cross_stream,1,1,depth+color,-1,1849,5238,1788558622805278
cross_stream,1,1,depth+color,-1,1851,4889,1788558622838293
cross_stream,1,1,depth+color,-1,1853,5038,1788558622871607
cross_stream,1,1,depth+color,0,1855,5010,1788558622904917
cross_stream,1,1,depth+color,0,1857,5073,1788558622938314
cross_stream,1,1,depth+color,0,1858,5036,1788558622971697
cross_stream,1,1,depth+color,-1,1861,5047,1788558623004902
cross_stream,1,1,depth+color,0,1863,5283,1788558623038473
cross_stream,1,1,depth+color,0,1862,4805,1788558623071780
cross_stream,1,1,depth+color,-1,1865,5036,1788558623105087
cross_stream,1,1,depth+color,0,1866,4922,1788558623138282
cross_stream,1,1,depth+color,-1,1866,4944,1788558623171589
cross_stream,1,1,depth+color,-1,1867,4911,1788558623204940
cross_stream,1,1,depth+color,-1,1869,5213,1788558623238434
cross_stream,1,1,depth+color,-1,1872,5091,1788558623271642
cross_stream,1,1,depth+color,-1,1874,4926,1788558623305235
cross_stream,1,1,depth+color,-1,1871,4970,1788558623338315
cross_stream,1,1,depth+color,-1,1876,4981,1788558623371639
cross_stream,1,1,depth+color,0,1878,4921,1788558623404951
cross_stream,1,1,depth+color,-1,1879,5186,1788558623438398
cross_stream,1,1,depth+color,-1,1880,5109,1788558623471632
cross_stream,1,1,depth+color,-1,1882,5014,1788558623504906
cross_stream,1,1,depth+color,-1,1885,4994,1788558623538310
cross_stream,1,1,depth+color,-1,1883,4993,1788558623571580
cross_stream,1,1,depth+color,-1,1887,5073,1788558623604957
cross_stream,1,1,depth+color,-1,1890,5061,1788558623638289
cross_stream,1,1,depth+color,-1,1890,5060,1788558623671777
cross_stream,1,1,depth+color,0,1894,5318,1788558623705179
cross_stream,1,1,depth+color,-1,1897,5277,1788558623738476
cross_stream,1,1,depth+color,-1,1897,4873,1788558623771607
cross_stream,1,1,depth+color,-1,1900,5246,1788558623805099
cross_stream,1,1,depth+color,-1,1901,4955,1788558623838315
cross_stream,1,1,depth+color,-1,1900,4661,1788558623871646
cross_stream,1,1,depth+color,-1,1902,5072,1788558623904925
cross_stream,1,1,depth+color,-1,1903,5193,1788558623938414
cross_stream,1,1,depth+color,-1,1905,4959,1788558623971632
cross_stream,1,1,depth+color,-1,1906,4778,1788558624005078
cross_stream,1,1,depth+color,-1,1906,4907,1788558624038269
cross_stream,1,1,depth+color,-1,1907,5093,1788558624071797
cross_stream,1,1,depth+color,-1,1909,5075,1788558624104952
cross_stream,1,1,depth+color,-1,1909,5061,1788558624138259
cross_stream,1,1,depth+color,-1,1912,5043,1788558624171702
cross_stream,1,1,depth+color,-1,1914,5275,1788558624205260
cross_stream,1,1,depth+color,-1,1917,5055,1788558624238276
cross_stream,1,1,depth+color,-1,1918,4935,1788558624271626
cross_stream,1,1,depth+color,-1,1919,5057,1788558624305102
cross_stream,1,1,depth+color,0,1919,4773,1788558624338446
cross_stream,1,1,depth+color,0,1921,4927,1788558624371630
cross_stream,1,1,depth+color,-1,1920,4978,1788558624404969
cross_stream,1,1,depth+color,-1,1921,5058,1788558624438261
cross_stream,1,1,depth+color,-1,1922,5024,1788558624471595
cross_stream,1,1,depth+color,0,1926,5427,1788558624505271
cross_stream,1,1,depth+color,-1,1928,5052,1788558624538442
cross_stream,1,1,depth+color,0,1929,5039,1788558624571628
cross_stream,1,1,depth+color,0,1935,5384,1788558624605286
cross_stream,1,1,depth+color,0,1933,5014,1788558624638270
cross_stream,1,1,depth+color,-1,1935,5017,1788558624671596
cross_stream,1,1,depth+color,-1,1938,5215,1788558624705099
cross_stream,1,1,depth+color,-1,1940,5117,1788558624738456
cross_stream,1,1,depth+color,-1,1942,5201,1788558624771759
cross_stream,1,1,depth+color,-1,1941,4939,1788558624804942
cross_stream,1,1,depth+color,-1,1944,5072,1788558624838416
cross_stream,1,1,depth+color,-1,1942,4789,1788558624871601
cross_stream,1,1,depth+color,-1,1941,4696,1788558624904931
cross_stream,1,1,depth+color,-1,1942,5051,1788558624938263
cross_stream,1,1,depth+color,-1,1943,4796,1788558624971634
cross_stream,1,1,depth+color,-1,1944,5075,1788558625004948
cross_stream,1,1,depth+color,0,1945,4878,1788558625038257
cross_stream,1,1,depth+color,-1,1944,4802,1788558625071607
cross_stream,1,1,depth+color,-1,1946,5070,1788558625105058
cross_stream,1,1,depth+color,-1,1947,4913,1788558625138443
cross_stream,1,1,depth+color,-1,1947,4931,1788558625171596
cross_stream,1,1,depth+color,-1,1946,4941,1788558625204950
cross_stream,1,1,depth+color,-1,1949,5278,1788558625238594
cross_stream,1,1,depth+color,-1,1950,4781,1788558625271652
cross_stream,1,1,depth+color,-1,1948,4916,1788558625304921
cross_stream,1,1,depth+color,-1,1951,4958,1788558625338437
cross_stream,1,1,depth+color,0,1952,5044,1788558625371748
cross_stream,1,1,depth+color,0,1951,4757,1788558625404912
cross_stream,1,1,depth+color,-1,1953,5218,1788558625438574
cross_stream,1,1,depth+color,-1,1954,5042,1788558625471739
cross_stream,1,1,depth+color,0,1955,4938,1788558625504941
cross_stream,1,1,depth+color,0,1959,5160,1788558625538516
cross_stream,1,1,depth+color,-1,1958,4932,1788558625571613
cross_stream,1,1,depth+color,-1,1959,5074,1788558625604933
cross_stream,1,1,depth+color,-1,1957,4919,1788558625638300
cross_stream,1,1,depth+color,-1,1961,5194,1788558625671755
cross_stream,1,1,depth+color,-1,1963,5096,1788558625704958
cross_stream,1,1,depth+color,-1,1962,5082,1788558625738412
cross_stream,1,1,depth+color,0,1965,4922,1788558625771754
cross_stream,1,1,depth+color,-1,1964,5033,1788558625804909
cross_stream,1,1,depth+color,-1,1968,5222,1788558625838423
cross_stream,1,1,depth+color,-1,1968,5096,1788558625871784
cross_stream,1,1,depth+color,-1,1968,4935,1788558625904942
cross_stream,1,1,depth+color,-1,1969,5079,1788558625938269
cross_stream,1,1,depth+color,-1,1970,4752,1788558625971601
cross_stream,1,1,depth+color,-1,1969,4956,1788558626004951
cross_stream,1,1,depth+color,-1,1971,4946,1788558626038265
cross_stream,1,1,depth+color,-1,1969,4832,1788558626071904
cross_stream,1,1,depth+color,-1,1970,4831,1788558626105057
cross_stream,1,1,depth+color,-1,1969,4912,1788558626138413
cross_stream,1,1,depth+color,-1,1971,4943,1788558626171773
cross_stream,1,1,depth+color,-1,1970,4919,1788558626204927
cross_stream,1,1,depth+color,-1,1973,5138,1788558626238442
cross_stream,1,1,depth+color,0,1972,4840,1788558626271646
cross_stream,1,1,depth+color,-1,1971,4907,1788558626304917
cross_stream,1,1,depth+color,-1,1973,5059,1788558626338260
cross_stream,1,1,depth+color,-1,1972,4768,1788558626371598
cross_stream,1,1,depth+color,-1,1971,4837,1788558626404963
cross_stream,1,1,depth+color,-1,1971,4800,1788558626438291
cross_stream,1,1,depth+color,-1,1972,5028,1788558626471601
cross_stream,1,1,depth+color,-1,1974,5193,1788558626505044
cross_stream,1,1,depth+color,0,1976,4981,1788558626538319
cross_stream,1,1,depth+color,-1,1977,5079,1788558626571612
cross_stream,1,1,depth+color,-1,1976,4899,1788558626604916
cross_stream,1,1,depth+color,0,1979,5198,1788558626638413
cross_stream,1,1,depth+color,-1,1977,5043,1788558626671623
cross_stream,1,1,depth+color,-1,1979,5188,1788558626705091
cross_stream,1,1,depth+color,-1,1981,5099,1788558626738301
cross_stream,1,1,depth+color,0,1984,5045,1788558626771581
cross_stream,1,1,depth+color,-1,1983,4923,1788558626804932
cross_stream,1,1,depth+color,0,1984,4965,1788558626838277
cross_stream,1,1,depth+color,-1,1983,4916,1788558626871634
cross_stream,1,1,depth+color,-1,1983,4766,1788558626905062
cross_stream,1,1,depth+color,-1,1982,4919,1788558626938283
cross_stream,1,1,depth+color,-1,1983,4842,1788558626971711
cross_stream,1,1,depth+color,-1,1982,4822,1788558627004961
cross_stream,1,1,depth+color,-1,1982,4940,1788558627038280
cross_stream,1,1,depth+color,0,1984,4838,1788558627071717
cross_stream,1,1,depth+color,-1,1982,4846,1788558627105044
cross_stream,1,1,depth+color,-1,1981,4947,1788558627138246
cross_stream,1,1,depth+color,-1,1984,5055,1788558627171722
cross_stream,1,1,depth+color,-1,1984,4981,1788558627204947
cross_stream,1,1,depth+color,0,1985,5087,1788558627238273
cross_stream,1,1,depth+color,-1,1988,5228,1788558627271742
cross_stream,1,1,depth+color,-1,1988,4931,1788558627305077
cross_stream,1,1,depth+color,-1,1987,4894,1788558627338270
cross_stream,1,1,depth+color,-1,1988,5110,1788558627371749
cross_stream,1,1,depth+color,0,1989,4835,1788558627404972
cross_stream,1,1,depth+color,-1,1989,4960,1788558627438315
cross_stream,1,1,depth+color,-1,1989,5074,1788558627471763
cross_stream,1,1,depth+color,0,1991,5006,1788558627504929
cross_stream,1,1,depth+color,-1,1991,4998,1788558627538323
cross_stream,1,1,depth+color,-1,1992,5182,1788558627571741
cross_stream,1,1,depth+color,-1,1993,5067,1788558627604950
cross_stream,2,2,depth+color,2,2,3203,1788558595970052
cross_stream,2,2,depth+color,2,1,3197,1788558596003427
cross_stream,2,2,depth+color,2,1,3182,1788558596036619
cross_stream,2,2,depth+color,2,1,3230,1788558596070110
cross_stream,2,2,depth+color,2,2,3336,1788558596103447
cross_stream,2,2,depth+color,2,3,3359,1788558596136803
cross_stream,2,2,depth+color,2,3,3014,1788558596169974
cross_stream,2,2,depth+color,2,3,3038,1788558596203443
cross_stream,2,2,depth+color,2,3,3233,1788558596236778
cross_stream,2,2,depth+color,2,2,3083,1788558596269972
cross_stream,2,2,depth+color,2,1,2876,1788558596303331
cross_stream,2,2,depth+color,2,3,3086,1788558596336635
cross_stream,2,2,depth+color,2,1,3098,1788558596369984
cross_stream,2,2,depth+color,2,2,2920,1788558596403342
cross_stream,2,2,depth+color,2,1,3116,1788558596436632
cross_stream,2,2,depth+color,2,3,3315,1788558596470118
cross_stream,2,2,depth+color,1,1,3334,1788558596503431
cross_stream,2,2,depth+color,-6,-6,3193,1788558596536616
cross_stream,2,2,depth+color,-6,-6,3198,1788558596569958
cross_stream,2,2,depth+color,-6,-6,3221,1788558596603288
cross_stream,2,2,depth+color,-5,-5,3350,1788558596636787
cross_stream,2,2,depth+color,3,3,3478,1788558596670271
cross_stream,2,2,depth+color,4,4,2951,1788558596703445
cross_stream,2,2,depth+color,3,3,3079,1788558596736636
cross_stream,2,2,depth+color,3,3,3356,1788558596770089
cross_stream,2,2,depth+color,0,0,2954,1788558596803300
cross_stream,2,2,depth+color,0,-1,3074,1788558596836626
cross_stream,2,2,depth+color,0,1,3504,1788558596870302
cross_stream,2,2,depth+color,0,0,3203,1788558596903306
cross_stream,2,2,depth+color,0,-1,3245,1788558596936643
cross_stream,2,2,depth+color,0,1,3188,1788558596970111
cross_stream,2,2,depth+color,0,0,3049,1788558597003447
cross_stream,2,2,depth+color,0,1,3058,1788558597036622
cross_stream,2,2,depth+color,0,-1,3218,1788558597069999
cross_stream,2,2,depth+color,0,0,3222,1788558597103298
cross_stream,2,2,depth+color,0,0,3329,1788558597136768
cross_stream,2,2,depth+color,0,-1,3362,1788558597170110
cross_stream,2,2,depth+color,-291,-292,2930,1788558597203434
cross_stream,2,2,depth+color,-17,-17,3328,1788558597236913
cross_stream,2,2,depth+color,-17,-18,3178,1788558597269979
cross_stream,2,2,depth+color,147,147,3493,1788558597303452
cross_stream,2,2,depth+color,166,167,3115,1788558597336782
cross_stream,2,2,depth+color,147,146,3207,1788558597369966
cross_stream,2,2,depth+color,294,294,3354,1788558597403311
cross_stream,2,2,depth+color,-16,-16,3071,1788558597436633
cross_stream,2,2,depth+color,-17,-18,3057,1788558597469979
cross_stream,2,2,depth+color,-17,-17,3201,1788558597503295
cross_stream,2,2,depth+color,-17,-16,2843,1788558597536645
cross_stream,2,2,depth+color,-17,-16,3077,1788558597569957
cross_stream,2,2,depth+color,-17,-18,3208,1788558597603330
cross_stream,2,2,depth+color,-16,-16,3001,1788558597636620
cross_stream,2,2,depth+color,-17,-16,3171,1788558597669968
cross_stream,2,2,depth+color,-16,-15,3176,1788558597703492
cross_stream,2,2,depth+color,7100,-1372,-1296811,1788558597736768
cross_stream,2,2,depth+color,-16,-16,4518,1788558597771452
cross_stream,2,2,depth+color,-16,-15,3096,1788558597803324
cross_stream,2,2,depth+color,-16,-16,3164,1788558597836624
cross_stream,2,2,depth+color,-16,-17,2868,1788558597869973
cross_stream,2,2,depth+color,-16,-16,3204,1788558597903339
cross_stream,2,2,depth+color,-17,-18,3198,1788558597936634
cross_stream,2,2,depth+color,-16,-16,2840,1788558597970011
cross_stream,2,2,depth+color,-17,-18,3192,1788558598003322
cross_stream,2,2,depth+color,-16,-17,3177,1788558598036631
cross_stream,2,2,depth+color,-17,-17,2982,1788558598070101
cross_stream,2,2,depth+color,-16,-16,3060,1788558598103295
cross_stream,2,2,depth+color,-17,-15,3152,1788558598136625
cross_stream,2,2,depth+color,-16,-15,3067,1788558598170007
cross_stream,2,2,depth+color,-16,-16,3090,1788558598203313
cross_stream,2,2,depth+color,-16,-16,2961,1788558598236630
cross_stream,2,2,depth+color,-16,-18,3191,1788558598270122
cross_stream,2,2,depth+color,-16,-15,3047,1788558598303340
cross_stream,2,2,depth+color,-16,-16,3070,1788558598336637
cross_stream,2,2,depth+color,-16,-18,3059,1788558598369977
cross_stream,2,2,depth+color,-16,-16,3097,1788558598403315
cross_stream,2,2,depth+color,-16,-16,3176,1788558598436635
cross_stream,2,2,depth+color,-17,-17,3057,1788558598469989
cross_stream,2,2,depth+color,-17,-18,3161,1788558598503299
cross_stream,2,2,depth+color,-17,-18,3062,1788558598536613
cross_stream,2,2,depth+color,-16,-17,3183,1788558598569983
cross_stream,2,2,depth+color,-16,-15,3349,1788558598603458
cross_stream,2,2,depth+color,-17,-18,3047,1788558598636633
cross_stream,2,2,depth+color,-17,-16,3018,1788558598670103
cross_stream,2,2,depth+color,-16,-16,3230,1788558598703462
cross_stream,2,2,depth+color,-17,-16,2883,1788558598736654
cross_stream,2,2,depth+color,-16,-16,3177,1788558598769984
cross_stream,2,2,depth+color,-17,-17,3213,1788558598803318
cross_stream,2,2,depth+color,-16,-17,3324,1788558598836759
cross_stream,2,2,depth+color,-16,-16,3010,1788558598869966
cross_stream,2,2,depth+color,-17,-17,3165,1788558598903305
cross_stream,2,2,depth+color,-17,-17,3019,1788558598936626
cross_stream,2,2,depth+color,-16,-15,3189,1788558598970000
cross_stream,2,2,depth+color,-16,-15,3339,1788558599003474
cross_stream,2,2,depth+color,-17,-16,3210,1788558599036789
cross_stream,2,2,depth+color,-16,-16,3319,1788558599070232
cross_stream,2,2,depth+color,-17,-17,2929,1788558599103301
cross_stream,2,2,depth+color,-16,-16,3030,1788558599136631
cross_stream,2,2,depth+color,-16,-16,3150,1788558599169978
cross_stream,2,2,depth+color,96,97,3144,1788558599203550
cross_stream,2,2,depth+color,-14,-14,3073,1788558599236780
cross_stream,2,2,depth+color,-14,-14,2859,1788558599269968
cross_stream,2,2,depth+color,-14,-14,2981,1788558599303363
cross_stream,2,2,depth+color,-13,-12,2906,1788558599336641
cross_stream,2,2,depth+color,-13,-13,3016,1788558599369968
cross_stream,2,2,depth+color,-14,-13,3245,1788558599403484
cross_stream,2,2,depth+color,-14,-14,3035,1788558599436798
cross_stream,2,2,depth+color,-14,-15,2912,1788558599469975
cross_stream,2,2,depth+color,-14,-14,3047,1788558599503313
cross_stream,2,2,depth+color,-14,-14,3006,1788558599536786
cross_stream,2,2,depth+color,-14,-14,3048,1788558599569984
cross_stream,2,2,depth+color,-13,-14,3187,1788558599603297
cross_stream,2,2,depth+color,-14,-13,3182,1788558599636794
cross_stream,2,2,depth+color,-13,-13,3061,1788558599669987
cross_stream,2,2,depth+color,-13,-13,3248,1788558599703502
cross_stream,2,2,depth+color,-14,-13,3034,1788558599736835
cross_stream,2,2,depth+color,-14,-14,3028,1788558599769976
cross_stream,2,2,depth+color,-14,-16,3229,1788558599803454
cross_stream,2,2,depth+color,-14,-15,3161,1788558599836635
cross_stream,2,2,depth+color,-13,-13,3056,1788558599870123
cross_stream,2,2,depth+color,-14,-14,3186,1788558599903332
cross_stream,2,2,depth+color,-14,-14,3350,1788558599936777
cross_stream,2,2,depth+color,-14,-14,2883,1788558599970005
cross_stream,2,2,depth+color,-14,-15,3219,1788558600003342
cross_stream,2,2,depth+color,-13,-12,3201,1788558600036663
cross_stream,2,2,depth+color,-14,-14,3056,1788558600070120
cross_stream,2,2,depth+color,-14,-15,3217,1788558600103474
cross_stream,2,2,depth+color,-14,-14,3184,1788558600136639
cross_stream,2,2,depth+color,-14,-14,3002,1788558600170119
cross_stream,2,2,depth+color,-14,-15,3197,1788558600203304
cross_stream,2,2,depth+color,-14,-13,3170,1788558600236629
cross_stream,2,2,depth+color,-14,-13,2981,1788558600270088
cross_stream,2,2,depth+color,-14,-13,3332,1788558600303642
cross_stream,2,2,depth+color,-14,-15,3181,1788558600336775
cross_stream,2,2,depth+color,-14,-15,3139,1788558600370275
cross_stream,2,2,depth+color,-14,-13,3158,1788558600403437
cross_stream,2,2,depth+color,-14,-14,3053,1788558600436647
cross_stream,2,2,depth+color,-13,-12,3082,1788558600469984
cross_stream,2,2,depth+color,-13,-13,3189,1788558600503312
cross_stream,2,2,depth+color,-14,-13,2984,1788558600536750
cross_stream,2,2,depth+color,-14,-16,3164,1788558600569979
cross_stream,2,2,depth+color,-14,-15,3195,1788558600603462
cross_stream,2,2,depth+color,-14,-13,3099,1788558600636657
cross_stream,2,2,depth+color,-14,-14,3033,1788558600670133
cross_stream,2,2,depth+color,-14,-14,3045,1788558600703314
cross_stream,2,2,depth+color,-14,-15,3179,1788558600736647
cross_stream,2,2,depth+color,-14,-14,3021,1788558600770116
cross_stream,2,2,depth+color,-14,-15,3210,1788558600803315
cross_stream,2,2,depth+color,-14,-13,3155,1788558600836626
cross_stream,2,2,depth+color,-14,-14,3322,1788558600870151
cross_stream,2,2,depth+color,-13,-13,3171,1788558600903441
cross_stream,2,2,depth+color,-13,-13,3183,1788558600936771
cross_stream,2,2,depth+color,-14,-13,3200,1788558600970123
cross_stream,2,2,depth+color,-13,-12,3041,1788558601003480
cross_stream,2,2,depth+color,-14,-15,3021,1788558601036653
cross_stream,2,2,depth+color,-25,-24,3038,1788558601070109
cross_stream,2,2,depth+color,-24,-25,3150,1788558601103442
cross_stream,2,2,depth+color,-24,-24,2991,1788558601136613
cross_stream,2,2,depth+color,-25,-24,3037,1788558601169982
cross_stream,2,2,depth+color,-25,-25,2856,1788558601203292
cross_stream,2,2,depth+color,-24,-24,3204,1788558601236642
cross_stream,2,2,depth+color,-25,-25,3175,1788558601269961
cross_stream,2,2,depth+color,-24,-25,3173,1788558601303426
cross_stream,2,2,depth+color,-25,-26,3008,1788558601336617
cross_stream,2,2,depth+color,-25,-25,3035,1788558601369978
cross_stream,2,2,depth+color,-24,-24,3005,1788558601403433
cross_stream,2,2,depth+color,-25,-25,2924,1788558601436622
cross_stream,2,2,depth+color,-24,-24,3044,1788558601469975
cross_stream,2,2,depth+color,-24,-24,3133,1788558601503426
cross_stream,2,2,depth+color,-24,-25,3047,1788558601536633
cross_stream,2,2,depth+color,-25,-26,3049,1788558601569958
cross_stream,2,2,depth+color,-24,-24,3180,1788558601603417
cross_stream,2,2,depth+color,-24,-24,3303,1788558601636775
cross_stream,2,2,depth+color,-25,-26,3364,1788558601670122
cross_stream,2,2,depth+color,-24,-23,3232,1788558601703329
cross_stream,2,2,depth+color,-25,-23,2960,1788558601736751
cross_stream,2,2,depth+color,-24,-24,3008,1788558601769960
cross_stream,2,2,depth+color,-25,-25,3063,1788558601803288
cross_stream,2,2,depth+color,-24,-24,2961,1788558601836647
cross_stream,2,2,depth+color,-24,-25,2991,1788558601869957
cross_stream,2,2,depth+color,-24,-24,3542,1788558601903661
cross_stream,2,2,depth+color,-25,-26,3232,1788558601936777
cross_stream,2,2,depth+color,-24,-23,3018,1788558601969964
cross_stream,2,2,depth+color,-25,-25,3041,1788558602003309
cross_stream,2,2,depth+color,-24,-23,3075,1788558602036632
cross_stream,2,2,depth+color,-24,-25,3043,1788558602069972
cross_stream,2,2,depth+color,-25,-26,3281,1788558602103629
cross_stream,2,2,depth+color,-25,-26,2800,1788558602136646
cross_stream,2,2,depth+color,-25,-27,3041,1788558602169964
cross_stream,2,2,depth+color,-24,-24,3044,1788558602203312
cross_stream,2,2,depth+color,-25,-24,3192,1788558602236806
cross_stream,2,2,depth+color,-25,-26,3186,1788558602269961
cross_stream,2,2,depth+color,-25,-26,3346,1788558602303440
cross_stream,2,2,depth+color,-25,-25,2969,1788558602336755
cross_stream,2,2,depth+color,-25,-25,2875,1788558602369962
cross_stream,2,2,depth+color,-25,-25,3045,1788558602403286
cross_stream,2,2,depth+color,-25,-25,3027,1788558602436615
cross_stream,2,2,depth+color,-25,-26,3035,1788558602469976
cross_stream,2,2,depth+color,-24,-23,3291,1788558602503576
cross_stream,2,2,depth+color,-24,-25,3004,1788558602536621
cross_stream,2,2,depth+color,-24,-23,2977,1788558602570094
cross_stream,2,2,depth+color,-24,-24,3196,1788558602603291
cross_stream,2,2,depth+color,-24,-24,3029,1788558602636627
cross_stream,2,2,depth+color,-25,-26,3194,1788558602669988
cross_stream,2,2,depth+color,-24,-24,3325,1788558602703447
cross_stream,2,2,depth+color,-24,-24,3183,1788558602736752
cross_stream,2,2,depth+color,-25,-25,3013,1788558602770102
cross_stream,2,2,depth+color,-25,-26,3044,1788558602803320
cross_stream,2,2,depth+color,-24,-22,2986,1788558602836777
cross_stream,2,2,depth+color,-25,-25,3030,1788558602870001
cross_stream,2,2,depth+color,-25,-24,3166,1788558602903302
cross_stream,2,2,depth+color,-24,-24,3284,1788558602936754
cross_stream,2,2,depth+color,-25,-26,3075,1788558602970007
cross_stream,2,2,depth+color,-25,-26,3046,1788558603003294
cross_stream,2,2,depth+color,-24,-24,3077,1788558603036636
cross_stream,2,2,depth+color,-25,-26,3092,1788558603069981
cross_stream,2,2,depth+color,-24,-24,3197,1788558603103314
cross_stream,2,2,depth+color,-25,-25,2978,1788558603136605
cross_stream,2,2,depth+color,-25,-25,3059,1788558603169983
cross_stream,2,2,depth+color,-24,-23,3067,1788558603203291
cross_stream,2,2,depth+color,-24,-25,2984,1788558603236745
cross_stream,2,2,depth+color,-25,-26,3165,1788558603269983
cross_stream,2,2,depth+color,-25,-25,3179,1788558603303420
cross_stream,2,2,depth+color,-25,-25,3132,1788558603336748
cross_stream,2,2,depth+color,-25,-25,3151,1788558603370090
cross_stream,2,2,depth+color,-24,-25,3204,1788558603403433
cross_stream,2,2,depth+color,-24,-23,2934,1788558603436615
cross_stream,2,2,depth+color,-25,-26,3058,1788558603469971
cross_stream,2,2,depth+color,-25,-25,3223,1788558603503467
cross_stream,2,2,depth+color,-24,-25,2996,1788558603536733
cross_stream,2,2,depth+color,-25,-26,3163,1788558603570107
cross_stream,2,2,depth+color,-24,-25,3194,1788558603603432
cross_stream,2,2,depth+color,-25,-26,3166,1788558603636641
cross_stream,2,2,depth+color,-25,-25,3026,1788558603669958
cross_stream,2,2,depth+color,-24,-25,2943,1788558603703344
cross_stream,2,2,depth+color,-25,-25,3086,1788558603736782
cross_stream,2,2,depth+color,-25,-25,3159,1788558603770121
cross_stream,2,2,depth+color,-25,-26,3329,1788558603803428
cross_stream,2,2,depth+color,-25,-25,2840,1788558603836616
cross_stream,2,2,depth+color,-24,-23,3035,1788558603869953
cross_stream,2,2,depth+color,-24,-24,3025,1788558603903317
cross_stream,2,2,depth+color,-25,-26,3189,1788558603936618
cross_stream,2,2,depth+color,-24,-25,3212,1788558603970124
cross_stream,2,2,depth+color,-24,-26,3191,1788558604003444
cross_stream,2,2,depth+color,-25,-25,3026,1788558604036624
cross_stream,2,2,depth+color,-24,-24,3019,1788558604069972
cross_stream,2,2,depth+color,-24,-26,3204,1788558604103431
cross_stream,2,2,depth+color,-24,-25,3157,1788558604136745
cross_stream,2,2,depth+color,-24,-24,3159,1788558604170098
cross_stream,2,2,depth+color,-25,-25,3101,1788558604203314
cross_stream,2,2,depth+color,-25,-24,2727,1788558604236757
cross_stream,2,2,depth+color,-24,-23,2807,1788558604270119
cross_stream,2,2,depth+color,-25,-25,3146,1788558604303292
cross_stream,2,2,depth+color,-25,-24,2936,1788558604336619
cross_stream,2,2,depth+color,-25,-25,3040,1788558604370120
cross_stream,2,2,depth+color,-24,-25,3052,1788558604403299
cross_stream,2,2,depth+color,-25,-25,2776,1788558604436763
cross_stream,2,2,depth+color,-25,-24,2898,1788558604469983
cross_stream,2,2,depth+color,-24,-24,2916,1788558604503313
cross_stream,2,2,depth+color,-25,-26,2931,1788558604536745
cross_stream,2,2,depth+color,-25,-25,2821,1788558604569959
cross_stream,2,2,depth+color,-24,-25,3242,1788558604603316
cross_stream,2,2,depth+color,-25,-24,2982,1788558604636790
cross_stream,2,2,depth+color,-24,-24,3001,1788558604669989
cross_stream,2,2,depth+color,-25,-25,2950,1788558604703452
cross_stream,2,2,depth+color,-25,-24,2934,1788558604736741
cross_stream,2,2,depth+color,-24,-25,3076,1788558604769988
cross_stream,2,2,depth+color,-25,-25,3080,1788558604803334
cross_stream,2,2,depth+color,-25,-23,2641,1788558604836632
cross_stream,2,2,depth+color,-25,-25,3076,1788558604870003
cross_stream,2,2,depth+color,-25,-25,3006,1788558604903288
cross_stream,2,2,depth+color,-25,-25,3161,1788558604936612
cross_stream,2,2,depth+color,-25,-26,3166,1788558604969983
cross_stream,2,2,depth+color,-24,-24,3077,1788558605003299
cross_stream,2,2,depth+color,-25,-25,3073,1788558605036615
cross_stream,2,2,depth+color,-24,-24,3166,1788558605070307
cross_stream,2,2,depth+color,-170,-169,2798,1788558605103427
cross_stream,2,2,depth+color,-188,-189,3032,1788558605136758
cross_stream,2,2,depth+color,-188,-187,2818,1788558605170101
cross_stream,2,2,depth+color,-206,-206,3022,1788558605203442
cross_stream,2,2,depth+color,-8,-7,2925,1788558605236656
cross_stream,2,2,depth+color,-8,-8,2909,1788558605269956
cross_stream,2,2,depth+color,-154,-155,2775,1788558605303312
cross_stream,2,2,depth+color,-25,-25,3041,1788558605336636
cross_stream,2,2,depth+color,-24,-24,2928,1788558605370001
cross_stream,2,2,depth+color,-25,-25,3178,1788558605403442
cross_stream,2,2,depth+color,-24,-24,2894,1788558605436637
cross_stream,2,2,depth+color,-25,-24,2900,1788558605469996
cross_stream,2,2,depth+color,-24,-24,2899,1788558605503327
cross_stream,2,2,depth+color,-24,-24,3055,1788558605536772
cross_stream,2,2,depth+color,-25,-25,2894,1788558605569985
cross_stream,2,2,depth+color,-25,-24,3065,1788558605603313
cross_stream,2,2,depth+color,-24,-25,3227,1788558605636787
cross_stream,2,2,depth+color,-25,-26,3042,1788558605670118
cross_stream,2,2,depth+color,-25,-25,3163,1788558605703435
cross_stream,2,2,depth+color,-24,-24,2858,1788558605736627
cross_stream,2,2,depth+color,-24,-23,3072,1788558605769970
cross_stream,2,2,depth+color,-24,-24,3064,1788558605803298
cross_stream,2,2,depth+color,-25,-25,2868,1788558605836635
cross_stream,2,2,depth+color,-25,-24,2873,1788558605869974
cross_stream,2,2,depth+color,-24,-23,2931,1788558605903327
cross_stream,2,2,depth+color,-24,-25,3096,1788558605936651
cross_stream,2,2,depth+color,-24,-24,3045,1788558605969985
cross_stream,2,2,depth+color,-25,-25,3050,1788558606003293
cross_stream,2,2,depth+color,-25,-25,2907,1788558606036630
cross_stream,2,2,depth+color,-25,-25,3063,1788558606069963
cross_stream,2,2,depth+color,-24,-23,2897,1788558606103314
cross_stream,2,2,depth+color,-25,-23,2911,1788558606136645
cross_stream,2,2,depth+color,-24,-24,2919,1788558606169972
cross_stream,2,2,depth+color,-25,-24,2929,1788558606203438
cross_stream,2,2,depth+color,-24,-24,2889,1788558606236650
cross_stream,2,2,depth+color,-24,-25,2862,1788558606269953
cross_stream,2,2,depth+color,-24,-24,2986,1788558606303427
cross_stream,2,2,depth+color,-24,-24,3188,1788558606336643
cross_stream,2,2,depth+color,-25,-26,3061,1788558606369980
cross_stream,2,2,depth+color,-24,-24,3233,1788558606403470
cross_stream,2,2,depth+color,-25,-26,3086,1788558606436623
cross_stream,2,2,depth+color,-25,-24,3177,1788558606469971
cross_stream,2,2,depth+color,-24,-23,3016,1788558606503275
cross_stream,2,2,depth+color,-25,-26,3013,1788558606536636
cross_stream,2,2,depth+color,-24,-23,3036,1788558606570089
cross_stream,2,2,depth+color,-25,-25,3149,1788558606603293
cross_stream,2,2,depth+color,-25,-25,3147,1788558606636772
cross_stream,2,2,depth+color,-25,-26,3002,1788558606670118
cross_stream,2,2,depth+color,-24,-23,2933,1788558606703436
cross_stream,2,2,depth+color,-25,-24,2851,1788558606736630
cross_stream,2,2,depth+color,-25,-24,3052,1788558606770109
cross_stream,2,2,depth+color,-24,-22,3143,1788558606803441
cross_stream,2,2,depth+color,-25,-24,3050,1788558606836645
cross_stream,2,2,depth+color,-24,-23,3176,1788558606870095
cross_stream,2,2,depth+color,-24,-24,2897,1788558606903298
cross_stream,2,2,depth+color,-25,-24,3048,1788558606936632
cross_stream,2,2,depth+color,-25,-25,3213,1788558606970123
cross_stream,2,2,depth+color,-25,-25,3099,1788558607003352
cross_stream,2,2,depth+color,-24,-25,3186,1788558607036767
cross_stream,2,2,depth+color,-24,-24,3147,1788558607070119
cross_stream,2,2,depth+color,-25,-26,2955,1788558607103426
cross_stream,2,2,depth+color,-24,-24,3001,1788558607136749
cross_stream,2,2,depth+color,-24,-24,3152,1788558607170107
cross_stream,2,2,depth+color,-24,-24,3177,1788558607203438
cross_stream,2,2,depth+color,-25,-26,2970,1788558607236765
cross_stream,2,2,depth+color,-24,-25,3138,1788558607270219
cross_stream,2,2,depth+color,-24,-23,2846,1788558607303291
cross_stream,2,2,depth+color,-25,-24,2843,1788558607336613
cross_stream,2,2,depth+color,-24,-24,3062,1788558607369988
cross_stream,2,2,depth+color,-24,-24,3090,1788558607403309
cross_stream,2,2,depth+color,-25,-25,3062,1788558607436797
cross_stream,2,2,depth+color,-25,-25,2883,1788558607469972
cross_stream,2,2,depth+color,-24,-25,2937,1788558607503313
cross_stream,2,2,depth+color,-25,-24,2885,1788558607536642
cross_stream,2,2,depth+color,-25,-26,3034,1788558607569965
cross_stream,2,2,depth+color,-24,-25,3062,1788558607603316
cross_stream,2,2,depth+color,-25,-25,3307,1788558607636768
cross_stream,2,2,depth+color,-25,-25,3193,1788558607670107
cross_stream,2,2,depth+color,-24,-25,3104,1788558607703605
cross_stream,2,2,depth+color,-24,-25,2894,1788558607736645
cross_stream,2,2,depth+color,-24,-22,3217,1788558607769965
cross_stream,2,2,depth+color,-24,1145,3045,1788558607803296
cross_stream,2,2,depth+color,-25,2303,2875,1788558607836632
cross_stream,2,2,depth+color,-24,3459,3005,1788558607870104
cross_stream,2,2,depth+color,-25,4598,2902,1788558607903303
cross_stream,2,2,depth+color,-33360,-4421,-30161,1788558608670113
cross_stream,2,2,depth+color,-33356,-3448,-30464,1788558608703310
cross_stream,2,2,depth+color,-33361,-2482,-30352,1788558608736732
cross_stream,2,2,depth+color,-33358,-1514,-30013,1788558608770103
cross_stream,2,2,depth+color,-33356,-562,-30478,1788558608803298
cross_stream,2,2,depth+color,-33362,381,-30497,1788558608836634
cross_stream,2,2,depth+color,-33357,1339,-30123,1788558608870282
cross_stream,2,2,depth+color,-33355,2274,-30126,1788558608903429
cross_stream,2,2,depth+color,-33365,3190,-30303,1788558608936638
cross_stream,2,2,depth+color,-33356,4126,-30132,1788558608969984
cross_stream,2,2,depth+color,-66691,-4906,-63629,1788558609936638
cross_stream,2,2,depth+color,-66693,-4145,-63300,1788558609970117
cross_stream,2,2,depth+color,-66693,-3395,-63368,1788558610003399
cross_stream,2,2,depth+color,-66695,-2652,-63826,1788558610036626
cross_stream,2,2,depth+color,-66691,-1905,-63603,1788558610069993
cross_stream,2,2,depth+color,-66693,-1164,-63403,1788558610103563
cross_stream,2,2,depth+color,-66693,-439,-63621,1788558610136630
cross_stream,2,2,depth+color,-66691,294,-63484,1788558610170081
cross_stream,2,2,depth+color,-66692,1017,-63392,1788558610203416
cross_stream,2,2,depth+color,-66545,1877,-63518,1788558610236607
cross_stream,2,2,depth+color,-66674,2465,-63651,1788558610270081
cross_stream,2,2,depth+color,-66678,3168,-63566,1788558610303336
cross_stream,2,2,depth+color,-66678,3870,-63442,1788558610336617
cross_stream,2,2,depth+color,-66679,4569,-63594,1788558610369975
cross_stream,2,2,depth+color,-100025,-4853,-97148,1788558611669956
cross_stream,2,2,depth+color,-100025,-4321,-96955,1788558611703278
cross_stream,2,2,depth+color,-100026,-3782,-96685,1788558611736927
cross_stream,2,2,depth+color,-100025,-3256,-96851,1788558611770081
cross_stream,2,2,depth+color,-100025,-2734,-97063,1788558611803301
cross_stream,2,2,depth+color,-100030,-2218,-96961,1788558611836617
cross_stream,2,2,depth+color,-100028,-1697,-97032,1788558611870109
cross_stream,2,2,depth+color,-100025,-1181,-96954,1788558611903290
cross_stream,2,2,depth+color,-100022,-666,-96801,1788558611936637
cross_stream,2,2,depth+color,-100027,-163,-96890,1788558611970085
cross_stream,2,2,depth+color,-100027,340,-97093,1788558612003301
cross_stream,2,2,depth+color,-100026,839,-97162,1788558612036600
cross_stream,2,2,depth+color,-100024,1339,-97039,1788558612070084
cross_stream,2,2,depth+color,-100025,1834,-96803,1788558612103437
cross_stream,2,2,depth+color,-100027,2326,-96761,1788558612136914
cross_stream,2,2,depth+color,-100027,2812,-97016,1788558612170092
cross_stream,2,2,depth+color,-100026,3295,-96950,1788558612203281
cross_stream,2,2,depth+color,-100029,3771,-97274,1788558612236778
cross_stream,2,2,depth+color,-100025,4250,-97296,1788558612270081
cross_stream,2,2,depth+color,-100027,4720,-96934,1788558612303278
cross_stream,2,2,depth+color,-133358,-4894,-130316,1788558614336640
cross_stream,2,2,depth+color,-133359,-4581,-130302,1788558614369982
cross_stream,2,2,depth+color,-133359,-4270,-130179,1788558614403283
cross_stream,2,2,depth+color,-133364,-3962,-130157,1788558614436780
cross_stream,2,2,depth+color,-133361,-3652,-130143,1788558614469978
cross_stream,2,2,depth+color,-133360,-3345,-130269,1788558614503310
cross_stream,2,2,depth+color,-133363,-3045,-130323,1788558614536625
cross_stream,2,2,depth+color,-133361,-2743,-130459,1788558614569952
cross_stream,2,2,depth+color,-133363,-2446,-130337,1788558614603274
cross_stream,2,2,depth+color,-133360,-2144,-130228,1788558614636756
cross_stream,2,2,depth+color,-133359,-1842,-129976,1788558614670273
cross_stream,2,2,depth+color,-133358,-1551,-130337,1788558614703425
cross_stream,2,2,depth+color,-133356,-1258,-130284,1788558614736624
cross_stream,2,2,depth+color,-133358,-968,-130241,1788558614770098
cross_stream,2,2,depth+color,-133357,-680,-130158,1788558614803405
cross_stream,2,2,depth+color,-133359,-395,-130255,1788558614836768
cross_stream,2,2,depth+color,-133363,-112,-130113,1788558614870096
cross_stream,2,2,depth+color,-133363,168,-130263,1788558614903309
cross_stream,2,2,depth+color,-133362,449,-130299,1788558614936742
cross_stream,2,2,depth+color,-133359,731,-130484,1788558614970117
cross_stream,2,2,depth+color,-133359,1008,-130451,1788558615003307
cross_stream,2,2,depth+color,-133357,1287,-130261,1788558615036808
cross_stream,2,2,depth+color,-133359,1560,-130141,1788558615070112
cross_stream,2,2,depth+color,-133359,1837,-129831,1788558615103742
cross_stream,2,2,depth+color,-133357,2105,-130273,1788558615136759
cross_stream,2,2,depth+color,-133363,2366,-130364,1788558615170083
cross_stream,2,2,depth+color,-133361,2632,-130329,1788558615203442
cross_stream,2,2,depth+color,-133363,2893,-130292,1788558615236628
cross_stream,2,2,depth+color,-133360,3158,-130265,1788558615269944
cross_stream,2,2,depth+color,-133356,3423,-130470,1788558615303421
cross_stream,2,2,depth+color,-133362,3672,-130451,1788558615336610
cross_stream,2,2,depth+color,-133357,3935,-130421,1788558615369955
cross_stream,2,2,depth+color,-133361,4185,-130379,1788558615403400
cross_stream,2,2,depth+color,-133362,4439,-130205,1788558615436732
cross_stream,2,2,depth+color,-133355,4698,-130173,1788558615470082
cross_stream,2,2,depth+color,-133360,4946,-129972,1788558615503451
cross_stream,2,2,depth+color,-166694,-4944,-163584,1788558620436638
cross_stream,2,2,depth+color,-166693,-4852,-163679,1788558620469960
cross_stream,2,2,depth+color,-166692,-4758,-163616,1788558620503311
cross_stream,2,2,depth+color,-166691,-4665,-163512,1788558620536771
cross_stream,2,2,depth+color,-166695,-4580,-163877,1788558620569955
cross_stream,2,2,depth+color,-166693,-4488,-163796,1788558620603281
cross_stream,2,2,depth+color,-166692,-4401,-163758,1788558620636623
cross_stream,2,2,depth+color,-166696,-4314,-163632,1788558620669993
cross_stream,2,2,depth+color,-166692,-4220,-163529,1788558620703419
cross_stream,2,2,depth+color,-166695,-4135,-163503,1788558620736731
cross_stream,2,2,depth+color,-166690,-4042,-163580,1788558620769980
cross_stream,2,2,depth+color,-166694,-3960,-163682,1788558620803294
cross_stream,2,2,depth+color,-166694,-3875,-163609,1788558620836633
cross_stream,2,2,depth+color,-166697,-3794,-163791,1788558620869953
cross_stream,2,2,depth+color,-166692,-3704,-163805,1788558620903299
cross_stream,2,2,depth+color,-166695,-3625,-163947,1788558620936630
cross_stream,2,2,depth+color,-166696,-3544,-163828,1788558620969988
cross_stream,2,2,depth+color,-166694,-3459,-163791,1788558621003292
cross_stream,2,2,depth+color,-166694,-3377,-163655,1788558621036637
cross_stream,2,2,depth+color,-166691,-3292,-163679,1788558621070079
cross_stream,2,2,depth+color,-166696,-3213,-163518,1788558621103446
cross_stream,2,2,depth+color,-166694,-3132,-163746,1788558621136627
cross_stream,2,2,depth+color,-166693,-3051,-163759,1788558621169977
cross_stream,2,2,depth+color,-166688,-2967,-163730,1788558621203318
cross_stream,2,2,depth+color,-166695,-2895,-163686,1788558621236606
cross_stream,2,2,depth+color,-166687,-2807,-163643,1788558621269973
cross_stream,2,2,depth+color,-166688,-2731,-163796,1788558621303283
cross_stream,2,2,depth+color,-166692,-2658,-163727,1788558621336641
cross_stream,2,2,depth+color,-166697,-2586,-163696,1788558621370073
cross_stream,2,2,depth+color,-166693,-2506,-163761,1788558621403287
cross_stream,2,2,depth+color,-166700,-2436,-163462,1788558621436626
cross_stream,2,2,depth+color,-166696,-2354,-163481,1788558621469977
cross_stream,2,2,depth+color,-166691,-2273,-163675,1788558621503427
cross_stream,2,2,depth+color,-166695,-2202,-163490,1788558621536615
cross_stream,2,2,depth+color,-166694,-2128,-163733,1788558621570082
cross_stream,2,2,depth+color,-166691,-2053,-163678,1788558621603400
cross_stream,2,2,depth+color,-166695,-1979,-163490,1788558621636772
cross_stream,2,2,depth+color,-166692,-1904,-163487,1788558621670092
cross_stream,2,2,depth+color,-166691,-1833,-163763,1788558621703328
cross_stream,2,2,depth+color,-166694,-1759,-163331,1788558621736927
cross_stream,2,2,depth+color,-166692,-1684,-163340,1788558621770279
cross_stream,2,2,depth+color,-166692,-1612,-163384,1788558621803559
cross_stream,2,2,depth+color,-166697,-1549,-163895,1788558621836606
cross_stream,2,2,depth+color,-166693,-1474,-163641,1788558621869973
cross_stream,2,2,depth+color,-166692,-1404,-163630,1788558621903299
cross_stream,2,2,depth+color,-166699,-1342,-163661,1788558621936771
cross_stream,2,2,depth+color,-166692,-1267,-163840,1788558621969965
cross_stream,2,2,depth+color,-166690,-1198,-163646,1788558622003438
cross_stream,2,2,depth+color,-166695,-1137,-163710,1788558622036614
cross_stream,2,2,depth+color,-166694,-1068,-163619,1788558622069971
cross_stream,2,2,depth+color,-166689,-998,-163775,1788558622103285
cross_stream,2,2,depth+color,-166695,-937,-163699,1788558622136760
cross_stream,2,2,depth+color,-166694,-870,-163666,1788558622170081
cross_stream,2,2,depth+color,-166693,-803,-163774,1788558622203287
cross_stream,2,2,depth+color,-166695,-741,-163603,1788558622236629
cross_stream,2,2,depth+color,-166695,-677,-163794,1788558622269949
cross_stream,2,2,depth+color,-166697,-615,-163784,1788558622303306
cross_stream,2,2,depth+color,-166696,-553,-163836,1788558622336617
cross_stream,2,2,depth+color,-166699,-494,-163780,1788558622369955
cross_stream,2,2,depth+color,-166697,-429,-164005,1788558622403296
cross_stream,2,2,depth+color,-166698,-368,-163622,1788558622436635
cross_stream,2,2,depth+color,-166694,-303,-163493,1788558622470079
cross_stream,2,2,depth+color,-166698,-245,-163616,1788558622503309
cross_stream,2,2,depth+color,-166694,-180,-163823,1788558622536633
cross_stream,2,2,depth+color,-166694,-118,-163462,1788558622570110
cross_stream,2,2,depth+color,-166692,-55,-163715,1788558622603299
cross_stream,2,2,depth+color,-166692,4,-163594,1788558622636632
cross_stream,2,2,depth+color,-166691,66,-163496,1788558622670090
cross_stream,2,2,depth+color,-166690,125,-163813,1788558622703284
cross_stream,2,2,depth+color,-166693,182,-163617,1788558622736628
cross_stream,2,2,depth+color,-166694,240,-163613,1788558622769942
cross_stream,2,2,depth+color,-166694,297,-163794,1788558622803276
cross_stream,2,2,depth+color,-166694,355,-163448,1788558622836790
cross_stream,2,2,depth+color,-166695,410,-163837,1788558622869941
cross_stream,2,2,depth+color,-166694,466,-164003,1788558622903287
cross_stream,2,2,depth+color,-166691,527,-163792,1788558622936617
cross_stream,2,2,depth+color,-166694,577,-163804,1788558622969959
cross_stream,2,2,depth+color,-166694,632,-163793,1788558623003283
cross_stream,2,2,depth+color,-166696,687,-163660,1788558623036611
cross_stream,2,2,depth+color,-166696,740,-163467,1788558623069962
cross_stream,2,2,depth+color,-166698,794,-163823,1788558623103309
cross_stream,2,2,depth+color,-166696,848,-163776,1788558623136754
cross_stream,2,2,depth+color,-166694,904,-163700,1788558623170102
cross_stream,2,2,depth+color,-166694,959,-163657,1788558623203416
cross_stream,2,2,depth+color,-166690,1015,-163471,1788558623236753
cross_stream,2,2,depth+color,-166690,1071,-163586,1788558623269983
cross_stream,2,2,depth+color,-166694,1119,-163627,1788558623303441
cross_stream,2,2,depth+color,-166690,1175,-163664,1788558623336737
cross_stream,2,2,depth+color,-166693,1225,-163702,1788558623369974
cross_stream,2,2,depth+color,-166697,1268,-163819,1788558623403289
cross_stream,2,2,depth+color,-166691,1327,-163474,1788558623436610
cross_stream,2,2,depth+color,-166691,1381,-163505,1788558623469981
cross_stream,2,2,depth+color,-166696,1425,-163845,1788558623503271
cross_stream,2,2,depth+color,-166693,1478,-163620,1788558623536749
cross_stream,2,2,depth+color,-166695,1527,-163687,1788558623569968
cross_stream,2,2,depth+color,-166697,1575,-163628,1788558623603299
cross_stream,2,2,depth+color,-166695,1623,-163524,1788558623636748
cross_stream,2,2,depth+color,-166692,1676,-163669,1788558623670112
cross_stream,2,2,depth+color,-166695,1722,-163844,1788558623703422
cross_stream,2,2,depth+color,-166689,1774,-163640,1788558623736759
cross_stream,2,2,depth+color,-166691,1823,-163368,1788558623770246
cross_stream,2,2,depth+color,-166693,1867,-163806,1788558623803280
cross_stream,2,2,depth+color,-166692,1915,-163854,1788558623836608
cross_stream,2,2,depth+color,-166692,1961,-163630,1788558623869988
cross_stream,2,2,depth+color,-166698,2001,-163663,1788558623903314
cross_stream,2,2,depth+color,-166694,2052,-163679,1788558623936604
cross_stream,2,2,depth+color,-166695,2096,-163847,1788558623969952
cross_stream,2,2,depth+color,-166699,2138,-163515,1788558624003582
cross_stream,2,2,depth+color,-166692,2191,-163479,1788558624036776
cross_stream,2,2,depth+color,-166692,2237,-163558,1788558624069980
cross_stream,2,2,depth+color,-166699,2275,-163661,1788558624103436
cross_stream,2,2,depth+color,-166694,2325,-163759,1788558624136735
cross_stream,2,2,depth+color,-166695,2368,-163735,1788558624170085
cross_stream,2,2,depth+color,-166700,2405,-163863,1788558624203279
cross_stream,2,2,depth+color,-166696,2453,-163679,1788558624236616
cross_stream,2,2,depth+color,-166694,2496,-163812,1788558624269982
cross_stream,2,2,depth+color,-166698,2533,-163780,1788558624303303
cross_stream,2,2,depth+color,-166696,2580,-163638,1788558624336768
cross_stream,2,2,depth+color,-166693,2625,-163646,1788558624369988
cross_stream,2,2,depth+color,-166693,2665,-163804,1788558624403281
cross_stream,2,2,depth+color,-166693,2709,-163741,1788558624436627
cross_stream,2,2,depth+color,-166689,2754,-163487,1788558624469977
cross_stream,2,2,depth+color,-166692,2791,-163700,1788558624503283
cross_stream,2,2,depth+color,-166694,2832,-163597,1788558624536604
cross_stream,2,2,depth+color,-166696,2872,-163644,1788558624569955
cross_stream,2,2,depth+color,-166691,2915,-163611,1788558624603313
cross_stream,2,2,depth+color,-166693,2955,-163464,1788558624636757
cross_stream,2,2,depth+color,-166689,3000,-163444,1788558624670098
cross_stream,2,2,depth+color,-166696,3032,-163681,1788558624703298
cross_stream,2,2,depth+color,-166688,3081,-163684,1788558624736742
cross_stream,2,2,depth+color,-166698,3111,-163576,1788558624769974
cross_stream,2,2,depth+color,-166698,3149,-163643,1788558624803290
cross_stream,2,2,depth+color,-166700,3186,-163672,1788558624836748
cross_stream,2,2,depth+color,-166693,3230,-163788,1788558624869956
cross_stream,2,2,depth+color,-166696,3266,-163826,1788558624903304
cross_stream,2,2,depth+color,-166695,3302,-163855,1788558624936599
cross_stream,2,2,depth+color,-166692,3343,-163870,1788558624969953
cross_stream,2,2,depth+color,-166692,3378,-163790,1788558625003314
cross_stream,2,2,depth+color,-166690,3416,-163773,1788558625036634
cross_stream,2,2,depth+color,-166696,3448,-163480,1788558625070105
cross_stream,2,2,depth+color,-166692,3492,-163283,1788558625103835
cross_stream,2,2,depth+color,-166692,3527,-163639,1788558625136731
cross_stream,2,2,depth+color,-166693,3562,-163632,1788558625169955
cross_stream,2,2,depth+color,-166694,3596,-163801,1788558625203281
cross_stream,2,2,depth+color,-166693,3631,-163760,1788558625236607
cross_stream,2,2,depth+color,-166692,3670,-163569,1788558625270102
cross_stream,2,2,depth+color,-166696,3700,-163588,1788558625303285
cross_stream,2,2,depth+color,-166694,3738,-163644,1788558625336745
cross_stream,2,2,depth+color,-166694,3772,-163659,1788558625369952
cross_stream,2,2,depth+color,-166693,3807,-163833,1788558625403280
cross_stream,2,2,depth+color,-166697,3838,-163485,1788558625436622
cross_stream,2,2,depth+color,-166695,3878,-163594,1788558625469964
cross_stream,2,2,depth+color,-166693,3910,-163780,1788558625503284
cross_stream,2,2,depth+color,-166698,3942,-163345,1788558625536936
cross_stream,2,2,depth+color,-166693,3979,-163652,1788558625569952
cross_stream,2,2,depth+color,-166692,4013,-163784,1788558625603312
cross_stream,2,2,depth+color,-166691,4050,-163292,1788558625636799
cross_stream,2,2,depth+color,-166692,4082,-163429,1788558625670126
cross_stream,2,2,depth+color,-166695,4112,-163651,1788558625703453
cross_stream,2,2,depth+color,-166695,4146,-163490,1788558625736756
cross_stream,2,2,depth+color,-166693,4182,-163452,1788558625769978
cross_stream,2,2,depth+color,-166695,4209,-163828,1788558625803282
cross_stream,2,2,depth+color,-166699,4237,-163720,1788558625836628
cross_stream,2,2,depth+color,-166694,4277,-163448,1788558625870123
cross_stream,2,2,depth+color,-166694,4304,-163891,1788558625903315
cross_stream,2,2,depth+color,-166697,4333,-163513,1788558625936735
cross_stream,2,2,depth+color,-166693,4370,-163462,1788558625970120
cross_stream,2,2,depth+color,-166693,4400,-163640,1788558626003468
cross_stream,2,2,depth+color,-166693,4432,-163616,1788558626036776
cross_stream,2,2,depth+color,-166696,4460,-163269,1788558626070309
cross_stream,2,2,depth+color,-166693,4493,-163678,1788558626103421
cross_stream,2,2,depth+color,-166699,4520,-163463,1788558626136918
cross_stream,2,2,depth+color,-166694,4555,-163310,1788558626170120
cross_stream,2,2,depth+color,-166695,4584,-163794,1788558626203303
cross_stream,2,2,depth+color,-166689,4618,-163497,1788558626236924
cross_stream,2,2,depth+color,-166694,4643,-163735,1788558626269951
cross_stream,2,2,depth+color,-166694,4671,-163614,1788558626303306
cross_stream,2,2,depth+color,-166693,4704,-163482,1788558626336762
cross_stream,2,2,depth+color,-166693,4730,-163739,1788558626369975
cross_stream,2,2,depth+color,-166693,4757,-163796,1788558626403288
cross_stream,2,2,depth+color,-166689,4788,-163734,1788558626436635
cross_stream,2,2,depth+color,-166688,4821,-163447,1788558626470010
cross_stream,2,2,depth+color,-166694,4842,-163501,1788558626503297
cross_stream,2,2,depth+color,-166693,4871,-163638,1788558626536610
cross_stream,2,2,depth+color,-166698,4894,-163502,1788558626570079
cross_stream,2,2,depth+color,-166693,4926,-163766,1788558626603276
cross_stream,2,2,depth+color,-166696,4949,-163764,1788558626636636
cross_stream,2,2,depth+color,-166691,4982,-163354,1788558626670116
cross_device,0,1,depth,406,871,-147507,1788558596771671
cross_device,0,1,depth,406,957,-116104,1788558596804993
cross_device,0,1,depth,406,1043,-84770,1788558596838206
cross_device,0,1,depth,406,1131,-53197,1788558596871652
cross_device,0,1,depth,405,1217,-24270,1788558596904848
cross_device,0,1,depth,404,-602,-5795,1788558596938163
cross_device,0,1,depth,404,-616,9,1788558596971550
cross_device,0,1,depth,402,-741,-57,1788558597238178
cross_device,0,1,depth,403,-754,-16,1788558597271536
cross_device,0,1,depth,402,-772,-221,1788558597304822
cross_device,0,1,depth,402,-785,81,1788558597338312
cross_device,0,1,depth,403,-800,-42,1788558597371518
cross_device,0,1,depth,403,-817,-34,1788558597404848
cross_device,0,1,depth,402,-832,-6,1788558597438343
cross_device,0,1,depth,402,-846,-11,1788558597471506
cross_device,0,1,depth,402,-864,-12,1788558597504870
cross_device,0,1,depth,402,-876,9,1788558597538350
cross_device,0,1,depth,402,-893,12,1788558597571548
cross_device,0,1,depth,401,-1514,-1356,1788558597604828
cross_device,0,1,depth,402,-1525,14,1788558597638193
cross_device,0,1,depth,402,-1537,-136,1788558597671517
cross_device,0,1,depth,402,-1546,-255,1788558597704862
cross_device,0,1,depth,401,-1560,15,1788558597738218
cross_device,0,1,depth,401,-1571,-22,1788558597771502
cross_device,0,1,depth,401,-1583,-27,1788558597804844
cross_device,0,1,depth,401,-1597,24,1788558597838206
cross_device,0,1,depth,401,-1606,3,1788558597871562
cross_device,0,1,depth,401,-1618,-29,1788558597904831
cross_device,0,1,depth,401,-1630,-8,1788558597938196
cross_device,0,1,depth,401,-1642,-29,1788558597971518
cross_device,0,1,depth,400,-1655,18,1788558598004859
cross_device,0,1,depth,400,-1667,-26,1788558598038178
cross_device,0,1,depth,400,-1678,155,1788558598071880
cross_device,0,1,depth,401,-1689,-275,1788558598104867
cross_device,0,1,depth,400,-1703,-26,1788558598138181
cross_device,0,1,depth,400,-1714,166,1788558598171679
cross_device,0,1,depth,400,-1725,196,1788558598205022
cross_device,0,1,depth,400,-1739,49,1788558598238368
cross_device,0,1,depth,400,-1749,-27,1788558598271699
cross_device,0,1,depth,400,-1761,-138,1788558598304836
cross_device,0,1,depth,399,-1773,6,1788558598338195
cross_device,0,1,depth,400,-1786,-34,1788558598371511
cross_device,0,1,depth,400,-1795,169,1788558598405042
cross_device,0,1,depth,400,-1808,4,1788558598438185
cross_device,0,1,depth,399,-1822,-32,1788558598471520
cross_device,0,1,depth,399,-1834,-47,1788558598504821
cross_device,0,1,depth,399,-1845,187,1788558598538364
cross_device,0,1,depth,399,-1856,26,1788558598571540
cross_device,0,1,depth,399,-1370,2,1788558598604833
cross_device,0,1,depth,399,-417,128,1788558598638317
cross_device,0,1,depth,399,-418,79,1788558598671624
cross_device,0,1,depth,398,-422,-20,1788558598704836
cross_device,0,1,depth,398,-424,17,1788558598738182
cross_device,0,1,depth,398,-429,-10,1788558598771502
cross_device,0,1,depth,399,-431,16,1788558598804869
cross_device,0,1,depth,399,-431,-30,1788558598838174
cross_device,0,1,depth,399,-434,28,1788558598871521
cross_device,0,1,depth,397,-438,-44,1788558598904965
cross_device,0,1,depth,397,-442,19,1788558598938209
cross_device,0,1,depth,397,-444,-31,1788558598971505
cross_device,0,1,depth,397,-448,405,1788558599005354
cross_device,0,1,depth,397,-450,-3,1788558599038171
cross_device,0,1,depth,398,-449,19,1788558599071540
cross_device,0,1,depth,398,-453,169,1788558599105017
cross_device,0,1,depth,397,-457,-24,1788558599138301
cross_device,0,1,depth,397,-460,33,1788558599171546
cross_device,0,1,depth,397,-462,400,1788558599205229
cross_device,0,1,depth,397,-465,21,1788558599238337
cross_device,0,1,depth,397,-465,-219,1788558599271490
cross_device,0,1,depth,397,-470,133,1788558599304961
cross_device,0,1,depth,396,-473,14,1788558599338215
cross_device,0,1,depth,397,-474,-52,1788558599371482
cross_device,0,1,depth,397,-477,99,1788558599404960
cross_device,0,1,depth,396,-481,191,1788558599438375
cross_device,0,1,depth,397,-481,6,1788558599471504
cross_device,0,1,depth,396,-486,138,1788558599504999
cross_device,0,1,depth,396,-489,142,1788558599538344
cross_device,0,1,depth,396,-490,-1,1788558599571489
cross_device,0,1,depth,396,510,-30,1788558599604835
cross_device,0,1,depth,396,150,2,1788558599638195
cross_device,0,1,depth,396,152,-15,1788558599671513
cross_device,0,1,depth,396,151,130,1788558599704959
cross_device,0,1,depth,396,154,-8,1788558599738302
cross_device,0,1,depth,395,152,-30,1788558599771485
cross_device,0,1,depth,395,154,17,1788558599804855
cross_device,0,1,depth,395,155,-19,1788558599838168
cross_device,0,1,depth,395,156,-161,1788558599871509
cross_device,0,1,depth,396,158,-7,1788558599904822
cross_device,0,1,depth,395,156,-26,1788558599938166
cross_device,0,1,depth,395,160,45,1788558599971557
cross_device,0,1,depth,394,158,126,1788558600004976
cross_device,0,1,depth,395,160,191,1788558600038519
cross_device,0,1,depth,394,159,-15,1788558600071502
cross_device,0,1,depth,395,162,-17,1788558600104830
cross_device,0,1,depth,394,161,-3,1788558600138198
cross_device,0,1,depth,395,163,24,1788558600171521
cross_device,0,1,depth,394,163,154,1788558600204995
cross_device,0,1,depth,394,165,-19,1788558600238190
cross_device,0,1,depth,394,164,14,1788558600271643
cross_device,0,1,depth,394,165,182,1788558600305142
cross_device,0,1,depth,394,167,-120,1788558600338182
cross_device,0,1,depth,393,167,-40,1788558600371500
cross_device,0,1,depth,394,169,-39,1788558600404819
cross_device,0,1,depth,394,169,-18,1788558600438153
cross_device,0,1,depth,394,171,26,1788558600471531
cross_device,0,1,depth,393,170,147,1788558600504970
cross_device,0,1,depth,393,171,89,1788558600538302
cross_device,0,1,depth,393,172,21,1788558600571520
cross_device,0,1,depth,393,172,654,1788558600605484
cross_device,0,1,depth,393,219,220,1788558600638411
cross_device,0,1,depth,392,215,102,1788558600671625
cross_device,0,1,depth,392,215,77,1788558600704904
cross_device,0,1,depth,393,214,75,1788558600738272
cross_device,0,1,depth,392,212,48,1788558600771587
cross_device,0,1,depth,392,211,45,1788558600804912
cross_device,0,1,depth,392,210,75,1788558600838268
cross_device,0,1,depth,393,208,98,1788558600871600
cross_device,0,1,depth,392,205,46,1788558600904902
cross_device,0,1,depth,392,205,117,1788558600938293
cross_device,0,1,depth,392,204,57,1788558600971605
cross_device,0,1,depth,392,203,21,1788558601004890
cross_device,0,1,depth,392,201,83,1788558601038265
cross_device,0,1,depth,392,199,281,1788558601071902
cross_device,0,1,depth,392,198,226,1788558601105045
cross_device,0,1,depth,391,196,-48,1788558601138267
cross_device,0,1,depth,392,196,216,1788558601171737
cross_device,0,1,depth,392,194,53,1788558601204909
cross_device,0,1,depth,391,192,63,1788558601238250
cross_device,0,1,depth,391,190,74,1788558601271614
cross_device,0,1,depth,391,189,-88,1788558601304891
cross_device,0,1,depth,391,186,209,1788558601338436
cross_device,0,1,depth,391,185,47,1788558601371587
cross_device,0,1,depth,391,183,403,1788558601405230
cross_device,0,1,depth,391,183,113,1788558601438417
cross_device,0,1,depth,390,181,75,1788558601471593
cross_device,0,1,depth,390,180,392,1788558601505249
cross_device,0,1,depth,391,180,-40,1788558601538264
cross_device,0,1,depth,390,177,189,1788558601571712
cross_device,0,1,depth,390,175,265,1788558601605095
cross_device,0,1,depth,390,-933,90,1788558601638296
cross_device,0,1,depth,390,-937,35,1788558601671717
cross_device,0,1,depth,390,-937,220,1788558601705066
cross_device,0,1,depth,389,-941,295,1788558601738510
cross_device,0,1,depth,389,-942,54,1788558601771584
cross_device,0,1,depth,390,-944,104,1788558601804940
cross_device,0,1,depth,389,-948,68,1788558601838252
cross_device,0,1,depth,390,-947,33,1788558601871573
cross_device,0,1,depth,389,-949,202,1788558601905041
cross_device,0,1,depth,390,-953,175,1788558601938399
cross_device,0,1,depth,389,-954,64,1788558601971580
cross_device,0,1,depth,389,-955,96,1788558602004932
cross_device,0,1,depth,389,-959,198,1788558602038397
cross_device,0,1,depth,389,-961,90,1788558602071606
cross_device,0,1,depth,389,-962,219,1788558602105222
cross_device,0,1,depth,389,-965,64,1788558602138253
cross_device,0,1,depth,388,-967,70,1788558602171603
cross_device,0,1,depth,388,-970,104,1788558602204943
cross_device,0,1,depth,388,-973,173,1788558602238389
cross_device,0,1,depth,388,-972,81,1788558602271579
cross_device,0,1,depth,389,-975,203,1788558602305050
cross_device,0,1,depth,388,-976,412,1788558602338631
cross_device,0,1,depth,388,-980,237,1788558602371755
cross_device,0,1,depth,390,-978,56,1788558602404909
cross_device,0,1,depth,388,-984,107,1788558602438289
cross_device,0,1,depth,388,-984,114,1788558602471620
cross_device,0,1,depth,391,-983,69,1788558602504898
cross_device,0,1,depth,388,-988,270,1788558602538440
cross_device,0,1,depth,387,-992,122,1788558602571614
cross_device,0,1,depth,393,-989,88,1788558602604930
cross_device,0,1,depth,388,20,45,1788558602638248
cross_device,0,1,depth,387,17,99,1788558602671615
cross_device,0,1,depth,394,24,199,1788558602705031
cross_device,0,1,depth,387,16,106,1788558602738269
cross_device,0,1,depth,387,15,78,1788558602771597
cross_device,0,1,depth,396,23,111,1788558602805095
cross_device,0,1,depth,387,13,59,1788558602838253
cross_device,0,1,depth,387,12,75,1788558602871604
cross_device,0,1,depth,396,20,47,1788558602904920
cross_device,0,1,depth,387,9,55,1788558602938258
cross_device,0,1,depth,386,8,86,1788558602971606
cross_device,0,1,depth,387,6,-80,1788558603004904
cross_device,0,1,depth,386,6,17,1788558603038241
cross_device,0,1,depth,386,5,236,1788558603071765
cross_device,0,1,depth,395,12,219,1788558603105083
cross_device,0,1,depth,385,2,65,1788558603138300
cross_device,0,1,depth,386,2,64,1788558603171587
cross_device,0,1,depth,395,11,105,1788558603204949
cross_device,0,1,depth,385,-2,76,1788558603238271
cross_device,0,1,depth,385,-2,218,1788558603271759
cross_device,0,1,depth,385,-4,108,1788558603304936
cross_device,0,1,depth,385,-5,12,1788558603338243
cross_device,0,1,depth,385,-5,174,1788558603371721
cross_device,0,1,depth,385,-5,103,1788558603404936
cross_device,0,1,depth,384,-9,85,1788558603438263
cross_device,0,1,depth,385,-9,263,1788558603471747
cross_device,0,1,depth,385,-10,84,1788558603504935
cross_device,0,1,depth,384,-11,79,1788558603538251
cross_device,0,1,depth,385,-10,147,1788558603571699
cross_device,0,1,depth,385,-12,61,1788558603604887
cross_device,0,1,depth,384,300,-74,1788558603638256
cross_device,0,1,depth,385,299,165,1788558603671706
cross_device,0,1,depth,384,298,52,1788558603704905
cross_device,0,1,depth,384,297,216,1788558603738388
cross_device,0,1,depth,384,295,232,1788558603771738
cross_device,0,1,depth,383,293,235,1788558603805085
cross_device,0,1,depth,384,293,40,1788558603838280
cross_device,0,1,depth,383,290,101,1788558603871613
cross_device,0,1,depth,384,290,76,1788558603904904
cross_device,0,1,depth,383,286,19,1788558603938249
cross_device,0,1,depth,384,286,131,1788558603971623
cross_device,0,1,depth,383,283,50,1788558604004903
cross_device,0,1,depth,383,283,200,1788558604038383
cross_device,0,1,depth,383,282,179,1788558604071719
cross_device,0,1,depth,383,280,98,1788558604104924
cross_device,0,1,depth,383,279,234,1788558604138413
cross_device,0,1,depth,382,274,64,1788558604171573
cross_device,0,1,depth,383,276,-81,1788558604204930
cross_device,0,1,depth,382,271,274,1788558604238578
cross_device,0,1,depth,383,272,84,1788558604271595
cross_device,0,1,depth,383,271,117,1788558604304935
cross_device,0,1,depth,382,268,14,1788558604338239
cross_device,0,1,depth,382,267,161,1788558604371692
cross_device,0,1,depth,382,264,413,1788558604405247
cross_device,0,1,depth,382,264,248,1788558604438541
cross_device,0,1,depth,382,261,89,1788558604471649
cross_device,0,1,depth,382,261,56,1788558604504886
cross_device,0,1,depth,382,259,94,1788558604538268
cross_device,0,1,depth,381,256,111,1788558604571617
cross_device,0,1,depth,381,256,71,1788558604604930
cross_device,0,1,depth,382,517,222,1788558604638402
cross_device,0,1,depth,381,514,70,1788558604671593
cross_device,0,1,depth,381,516,81,1788558604704913
cross_device,0,1,depth,381,512,230,1788558604738457
cross_device,0,1,depth,381,512,74,1788558604771582
cross_device,0,1,depth,381,512,118,1788558604804954
cross_device,0,1,depth,381,510,71,1788558604838239
cross_device,0,1,depth,381,509,171,1788558604871718
cross_device,0,1,depth,380,508,92,1788558604904933
cross_device,0,1,depth,380,507,58,1788558604938262
cross_device,0,1,depth,380,506,162,1788558604971709
cross_device,0,1,depth,380,506,39,1788558605004894
cross_device,0,1,depth,380,503,62,1788558605038244
cross_device,0,1,depth,381,504,76,1788558605071590
cross_device,0,1,depth,380,502,234,1788558605105062
cross_device,0,1,depth,380,501,246,1788558605138432
cross_device,0,1,depth,380,500,51,1788558605171590
cross_device,0,1,depth,380,501,59,1788558605204890
cross_device,0,1,depth,380,498,74,1788558605238250
cross_device,0,1,depth,380,497,63,1788558605271566
cross_device,0,1,depth,380,497,192,1788558605305056
cross_device,0,1,depth,379,494,74,1788558605338269
cross_device,0,1,depth,380,495,56,1788558605371569
cross_device,0,1,depth,379,493,153,1788558605405022
cross_device,0,1,depth,379,492,116,1788558605438296
cross_device,0,1,depth,380,492,55,1788558605471597
cross_device,0,1,depth,379,491,171,1788558605505033
cross_device,0,1,depth,379,489,96,1788558605538277
cross_device,0,1,depth,379,488,83,1788558605571587
cross_device,0,1,depth,379,488,112,1788558605604949
cross_device,0,1,depth,378,488,35,1788558605638253
cross_device,0,1,depth,378,485,167,1788558605671707
cross_device,0,1,depth,378,485,164,1788558605705026
cross_device,0,1,depth,378,484,102,1788558605738287
cross_device,0,1,depth,378,481,172,1788558605771703
cross_device,0,1,depth,378,481,56,1788558605804902
cross_device,0,1,depth,378,480,30,1788558605838234
cross_device,0,1,depth,378,480,201,1788558605871714
cross_device,0,1,depth,378,479,118,1788558605904943
cross_device,0,1,depth,377,478,67,1788558605938263
cross_device,0,1,depth,377,476,75,1788558605971587
cross_device,0,1,depth,378,476,201,1788558606005062
cross_device,0,1,depth,378,475,111,1788558606038284
cross_device,0,1,depth,378,474,104,1788558606071608
cross_device,0,1,depth,377,443,109,1788558606105071
cross_device,0,1,depth,377,412,66,1788558606138285
cross_device,0,1,depth,377,380,47,1788558606171576
cross_device,0,1,depth,377,353,248,1788558606205237
cross_device,0,1,depth,377,321,-47,1788558606238276
cross_device,0,1,depth,376,290,17,1788558606271563
cross_device,0,1,depth,377,259,199,1788558606305063
cross_device,0,1,depth,377,230,80,1788558606338294
cross_device,0,1,depth,376,200,75,1788558606371595
cross_device,0,1,depth,376,171,415,1788558606405250
cross_device,0,1,depth,376,144,394,1788558606438606
cross_device,0,1,depth,376,114,83,1788558606471612
cross_device,0,1,depth,376,87,113,1788558606504924
cross_device,0,1,depth,376,59,79,1788558606538257
cross_device,0,1,depth,376,29,13,1788558606571580
cross_device,0,1,depth,376,-2,-80,1788558606604904
cross_device,0,1,depth,376,-30,-30,1788558606638285
cross_device,0,1,depth,375,-58,-129,1788558606671609
cross_device,0,1,depth,376,-84,-45,1788558606705038
cross_device,0,1,depth,376,-114,-29,1788558606738280
cross_device,0,1,depth,375,-143,-18,1788558606771580
cross_device,0,1,depth,375,-169,131,1788558606805041
cross_device,0,1,depth,375,-196,0,1788558606838281
cross_device,0,1,depth,375,-224,-9,1788558606871640
cross_device,0,1,depth,374,-251,-108,1788558606904944
cross_device,0,1,depth,375,-277,-15,1788558606938284
cross_device,0,1,depth,375,-170,147,1788558606971724
cross_device,0,1,depth,374,-65,1,1788558607004944
cross_device,0,1,depth,374,39,-186,1788558607038263
cross_device,0,1,depth,374,143,-85,1788558607071620
cross_device,0,1,depth,374,246,154,1788558607105236
cross_device,0,1,depth,374,348,-130,1788558607138286
cross_device,0,1,depth,374,453,17,1788558607171620
cross_device,0,1,depth,374,554,354,1788558607205285
cross_device,0,1,depth,374,654,-131,1788558607238275
cross_device,0,1,depth,374,753,-6,1788558607271583
cross_device,0,1,depth,374,854,94,1788558607305040
cross_device,0,1,depth,374,952,20,1788558607338311
cross_device,0,1,depth,374,1051,-4,1788558607371594
cross_device,0,1,depth,373,1146,-36,1788558607404919
cross_device,0,1,depth,373,1242,139,1788558607438420
cross_device,0,1,depth,373,1340,146,1788558607471764
cross_device,0,1,depth,373,1437,15,1788558607504947
cross_device,0,1,depth,373,1532,-27,1788558607538279
cross_device,0,1,depth,373,1627,38,1788558607571739
cross_device,0,1,depth,373,1719,-12,1788558607604946
cross_device,0,1,depth,372,1812,0,1788558607638295
cross_device,0,1,depth,372,1905,199,1788558607671822
cross_device,0,1,depth,372,1997,-14,1788558607704941
cross_device,0,1,depth,372,2088,-31,1788558607738278
cross_device,0,1,depth,373,2180,-28,1788558607771596
cross_device,0,1,depth,372,2269,162,1788558607805085
cross_device,0,1,depth,373,2362,118,1788558607838429
cross_device,0,1,depth,373,2450,194,1788558607871772
cross_device,0,1,depth,372,2538,39,1788558607904967
cross_device,0,1,depth,372,2626,2,1788558607938266
cross_device,0,1,depth,372,2715,178,1788558607971784
cross_device,0,1,depth,372,2800,3,1788558608004920
cross_device,0,1,depth,371,2884,-19,1788558608038301
cross_device,0,1,depth,372,2972,140,1788558608071762
cross_device,0,1,depth,371,3055,16,1788558608104933
cross_device,0,1,depth,371,3138,-122,1788558608138285
cross_device,0,1,depth,372,3222,116,1788558608171701
cross_device,0,1,depth,371,3305,162,1788558608205091
cross_device,0,1,depth,371,3389,-156,1788558608238301
cross_device,0,1,depth,371,3470,0,1788558608271624
cross_device,0,1,depth,371,3551,-16,1788558608304922
cross_device,0,1,depth,370,3630,-48,1788558608338267
cross_device,0,1,depth,371,3712,29,1788558608371615
cross_device,0,1,depth,371,3791,35,1788558608404958
cross_device,0,1,depth,370,3869,24,1788558608438289
cross_device,0,1,depth,370,3949,164,1788558608471761
cross_device,0,1,depth,370,4029,130,1788558608505067
cross_device,0,1,depth,371,4110,103,1788558608538409
cross_device,0,1,depth,370,4185,13,1788558608571595
cross_device,0,1,depth,370,4262,-27,1788558608604889
cross_device,0,1,depth,370,4338,2,1788558608638441
cross_device,0,1,depth,370,4414,118,1788558608671746
cross_device,0,1,depth,370,4490,-9,1788558608704907
cross_device,0,1,depth,369,4564,111,1788558608738412
cross_device,0,1,depth,369,4637,-8,1788558608771617
cross_device,0,1,depth,369,4711,-31,1788558608804911
cross_device,0,1,depth,370,4786,112,1788558608838382
cross_device,0,1,depth,369,4856,39,1788558608871625
cross_device,0,1,depth,369,4928,-66,1788558608904896
cross_device,0,2,depth,-430930,626,201541,1788558595738305
cross_device,0,2,depth,-430930,4660,201380,1788558595771456
cross_device,0,2,depth,-543511,-548,-531570,1788558596038388
cross_device,0,2,depth,-543510,3488,-531607,1788558596071681
cross_device,0,2,depth,-553108,-2502,-1198445,1788558596105007
cross_device,0,2,depth,-553108,1531,-1198570,1788558596138212
cross_device,0,2,depth,-10177,570,1559,1788558596304890
cross_device,0,2,depth,-10177,664,1589,1788558596338224
cross_device,0,2,depth,-10177,762,1693,1788558596371677
cross_device,0,2,depth,-10179,955,1494,1788558596438126
cross_device,0,2,depth,-10179,1051,1375,1788558596471493
cross_device,0,2,depth,-10178,1147,1374,1788558596504805
cross_device,0,2,depth,-10171,1253,1862,1788558596538478
cross_device,0,2,depth,-10172,1348,1528,1788558596571486
cross_device,0,2,depth,-10172,1446,1526,1788558596604814
cross_device,0,2,depth,-10173,1540,1537,1788558596638324
cross_device,0,2,depth,-10181,1629,1529,1788558596671800
cross_device,0,2,depth,-10182,1724,1479,1788558596704924
cross_device,0,2,depth,-10182,1821,1667,1788558596738303
cross_device,0,2,depth,-10182,1918,1582,1788558596771671
cross_device,0,2,depth,-10180,2015,1693,1788558596804993
cross_device,0,2,depth,-10180,2113,1580,1788558596838206
cross_device,0,2,depth,-10180,2209,1350,1788558596871652
cross_device,0,2,depth,-10181,2306,1542,1788558596904848
cross_device,0,2,depth,-10180,71,1520,1788558596938163
cross_device,0,2,depth,-10918,-740,-298308,1788558597338312
cross_device,0,2,depth,-10916,-745,-298450,1788558597371518
cross_device,0,2,depth,-1800,-617,1537,1788558598004859
cross_device,0,2,depth,-1801,-608,1547,1788558598038178
cross_device,0,2,depth,-1801,-563,1779,1788558598071880
cross_device,0,2,depth,-1801,-576,1572,1788558598104867
cross_device,0,2,depth,-1801,-591,1556,1788558598138181
cross_device,0,2,depth,-1802,-604,1672,1788558598171679
cross_device,0,2,depth,-1802,-615,1709,1788558598205022
cross_device,0,2,depth,-1803,-630,1738,1788558598238368
cross_device,0,2,depth,-1803,-641,1577,1788558598271699
cross_device,0,2,depth,-1803,-655,1496,1788558598304836
cross_device,0,2,depth,-1804,-667,1558,1788558598338195
cross_device,0,2,depth,-1804,-681,1534,1788558598371511
cross_device,0,2,depth,-1804,-694,1727,1788558598405042
cross_device,0,2,depth,-1804,-706,1550,1788558598438185
cross_device,0,2,depth,-1804,-720,1531,1788558598471520
cross_device,0,2,depth,-1805,-733,1522,1788558598504821
cross_device,0,2,depth,-1805,-745,1751,1788558598538364
cross_device,0,2,depth,-1806,-758,1557,1788558598571540
cross_device,0,2,depth,-1806,-275,1375,1788558598604833
cross_device,0,2,depth,-1806,-282,1684,1788558598638317
cross_device,0,2,depth,-1806,-289,1521,1788558598671624
cross_device,0,2,depth,-1807,-297,1374,1788558598704836
cross_device,0,2,depth,-1807,-305,1528,1788558598738182
cross_device,0,2,depth,-1808,-313,1518,1788558598771502
cross_device,0,2,depth,-1807,-319,1551,1788558598804869
cross_device,0,2,depth,-1808,-326,1415,1788558598838174
cross_device,0,2,depth,-1808,-333,1555,1788558598871521
cross_device,0,2,depth,-1809,-341,1660,1788558598904965
cross_device,0,2,depth,-1809,-350,1583,1788558598938209
cross_device,0,2,depth,-1810,-358,1505,1788558598971505
cross_device,0,2,depth,-1810,-366,1880,1788558599005354
cross_device,0,2,depth,-1810,-372,1382,1788558599038171
cross_device,0,2,depth,-1810,-715,1308,1788558599071540
cross_device,0,2,depth,-1810,-726,1716,1788558599105017
cross_device,0,2,depth,-1811,-738,1670,1788558599138301
cross_device,0,2,depth,-1811,-752,1568,1788558599171546
cross_device,0,2,depth,-1924,-876,1679,1788558599205229
cross_device,0,2,depth,-1814,-777,1557,1788558599238337
cross_device,0,2,depth,-1815,-788,1522,1788558599271490
cross_device,0,2,depth,-1815,-801,1598,1788558599304961
cross_device,0,2,depth,-1816,-813,1574,1788558599338215
cross_device,0,2,depth,-1816,-825,1514,1788558599371482
cross_device,0,2,depth,-1816,-836,1476,1788558599404960
cross_device,0,2,depth,-1817,-848,1577,1788558599438375
cross_device,0,2,depth,-1816,-858,1529,1788558599471504
cross_device,0,2,depth,-1817,-872,1686,1788558599504999
cross_device,0,2,depth,-1817,-884,1558,1788558599538344
cross_device,0,2,depth,-1817,-896,1505,1788558599571489
cross_device,0,2,depth,-1818,96,1538,1788558599604835
cross_device,0,2,depth,-1818,85,1401,1788558599638195
cross_device,0,2,depth,-1819,75,1526,1788558599671513
cross_device,0,2,depth,-1819,65,1457,1788558599704959
cross_device,0,2,depth,-1819,57,1467,1788558599738302
cross_device,0,2,depth,-1820,45,1509,1788558599771485
cross_device,0,2,depth,-1820,39,1401,1788558599804855
cross_device,0,2,depth,-1820,29,1533,1788558599838168
cross_device,0,2,depth,-1821,17,1386,1788558599871509
cross_device,0,2,depth,-1820,9,1490,1788558599904822
cross_device,0,2,depth,-1821,-1,1389,1788558599938166
cross_device,0,2,depth,-1821,-9,1552,1788558599971557
cross_device,0,2,depth,-1822,-20,1634,1788558600004976
cross_device,0,2,depth,-1822,-31,1856,1788558600038519
cross_device,0,2,depth,-1822,933,1382,1788558600071502
cross_device,0,2,depth,-1822,936,1356,1788558600104830
cross_device,0,2,depth,-1823,935,1559,1788558600138198
cross_device,0,2,depth,-1823,938,1402,1788558600171521
cross_device,0,2,depth,-1823,940,1691,1788558600204995
cross_device,0,2,depth,-1824,941,1561,1788558600238190
cross_device,0,2,depth,-1824,942,1555,1788558600271643
cross_device,0,2,depth,-1824,944,1500,1788558600305142
cross_device,0,2,depth,-1825,947,1407,1788558600338182
cross_device,0,2,depth,-1825,950,1225,1788558600371500
cross_device,0,2,depth,-1825,950,1382,1788558600404819
cross_device,0,2,depth,-1825,952,1506,1788558600438153
cross_device,0,2,depth,-1826,953,1547,1788558600471531
cross_device,0,2,depth,-1827,953,1658,1788558600504970
cross_device,0,2,depth,-1827,956,1552,1788558600538302
cross_device,0,2,depth,-1827,960,1541,1788558600571520
cross_device,0,2,depth,-1827,961,2022,1788558600605484
cross_device,0,2,depth,-1827,117,1754,1788558600638411
cross_device,0,2,depth,-1828,116,1492,1788558600671625
cross_device,0,2,depth,-1828,116,1590,1788558600704904
cross_device,0,2,depth,-1828,115,1625,1788558600738272
cross_device,0,2,depth,-1829,113,1471,1788558600771587
cross_device,0,2,depth,-1829,115,1597,1788558600804912
cross_device,0,2,depth,-1829,112,1642,1788558600838268
cross_device,0,2,depth,-1829,111,1449,1788558600871600
cross_device,0,2,depth,-1830,110,1461,1788558600904902
cross_device,0,2,depth,-1831,108,1522,1788558600938293
cross_device,0,2,depth,-1830,110,1482,1788558600971605
cross_device,0,2,depth,-1831,108,1410,1788558601004890
cross_device,0,2,depth,-1831,109,1612,1788558601038265
cross_device,0,2,depth,-1820,124,1793,1788558601071902
cross_device,0,2,depth,-1821,122,1603,1788558601105045
cross_device,0,2,depth,-1822,120,1654,1788558601138267
cross_device,0,2,depth,-1821,119,1755,1788558601171737
cross_device,0,2,depth,-1821,118,1617,1788558601204909
cross_device,0,2,depth,-1823,114,1608,1788558601238250
cross_device,0,2,depth,-1822,113,1653,1788558601271614
cross_device,0,2,depth,-1823,110,1465,1788558601304891
cross_device,0,2,depth,-1823,108,1819,1788558601338436
cross_device,0,2,depth,-1823,107,1609,1788558601371587
cross_device,0,2,depth,-1824,103,1797,1788558601405230
cross_device,0,2,depth,-1824,101,1795,1788558601438417
cross_device,0,2,depth,-1825,99,1618,1788558601471593
cross_device,0,2,depth,-1825,98,1823,1788558601505249
cross_device,0,2,depth,-1825,97,1631,1788558601538264
cross_device,0,2,depth,-1825,95,1754,1788558601571712
cross_device,0,2,depth,-1826,90,1678,1788558601605095
cross_device,0,2,depth,-1826,-298,1521,1788558601638296
cross_device,0,2,depth,-1826,-300,1595,1788558601671717
cross_device,0,2,depth,-1827,-303,1737,1788558601705066
cross_device,0,2,depth,-1827,-305,1759,1788558601738510
cross_device,0,2,depth,-1828,-308,1624,1788558601771584
cross_device,0,2,depth,-1827,-308,1652,1788558601804940
cross_device,0,2,depth,-1828,-312,1605,1788558601838252
cross_device,0,2,depth,-1828,-312,1616,1788558601871573
cross_device,0,2,depth,-1829,-316,1380,1788558601905041
cross_device,0,2,depth,-1828,-317,1622,1788558601938399
cross_device,0,2,depth,-1829,-321,1616,1788558601971580
cross_device,0,2,depth,-1829,-321,1623,1788558602004932
cross_device,0,2,depth,-1830,-326,1765,1788558602038397
cross_device,0,2,depth,-1830,-921,1634,1788558602071606
cross_device,0,2,depth,-1830,-923,1593,1788558602105222
cross_device,0,2,depth,-1830,-926,1607,1788558602138253
cross_device,0,2,depth,-1831,-929,1639,1788558602171603
cross_device,0,2,depth,-1832,-935,1631,1788558602204943
cross_device,0,2,depth,-1831,-938,1583,1788558602238389
cross_device,0,2,depth,-1832,-939,1618,1788558602271579
cross_device,0,2,depth,-1832,-943,1610,1788558602305050
cross_device,0,2,depth,-1832,-945,1876,1788558602338631
cross_device,0,2,depth,-1832,-950,1793,1788558602371755
cross_device,0,2,depth,-1833,-951,1623,1788558602404909
cross_device,0,2,depth,-1833,-955,1674,1788558602438289
cross_device,0,2,depth,-1833,-956,1644,1788558602471620
cross_device,0,2,depth,-1834,-962,1322,1788558602504898
cross_device,0,2,depth,-1834,-963,1819,1788558602538440
cross_device,0,2,depth,-1835,-969,1520,1788558602571614
cross_device,0,2,depth,-1835,-973,1639,1788558602604930
cross_device,0,2,depth,-1835,-596,1621,1788558602638248
cross_device,0,2,depth,-1835,-598,1627,1788558602671615
cross_device,0,2,depth,-1836,-600,1584,1788558602705031
cross_device,0,2,depth,-1836,-603,1517,1788558602738269
cross_device,0,2,depth,-1836,-606,1495,1788558602771597
cross_device,0,2,depth,-1836,-608,1775,1788558602805095
cross_device,0,2,depth,-1837,-612,1476,1788558602838253
cross_device,0,2,depth,-1837,-613,1603,1788558602871604
cross_device,0,2,depth,-1837,-617,1618,1788558602904920
cross_device,0,2,depth,-1838,-620,1504,1788558602938258
cross_device,0,2,depth,-1838,-622,1599,1788558602971606
cross_device,0,2,depth,-1838,-625,1610,1788558603004904
cross_device,0,2,depth,-1839,-629,1605,1788558603038241
cross_device,0,2,depth,-1839,-444,1784,1788558603071765
cross_device,0,2,depth,-1840,-449,1769,1788558603105083
cross_device,0,2,depth,-1840,-450,1695,1788558603138300
cross_device,0,2,depth,-1840,-454,1604,1788558603171587
cross_device,0,2,depth,-1840,-457,1658,1788558603204949
cross_device,0,2,depth,-1841,-462,1526,1788558603238271
cross_device,0,2,depth,-1841,-463,1776,1788558603271759
cross_device,0,2,depth,-1841,-469,1516,1788558603304936
cross_device,0,2,depth,-1841,-470,1495,1788558603338243
cross_device,0,2,depth,-1842,-475,1631,1788558603371721
cross_device,0,2,depth,-1842,-477,1503,1788558603404936
cross_device,0,2,depth,-1843,-483,1648,1788558603438263
cross_device,0,2,depth,-1842,-484,1776,1788558603471747
cross_device,0,2,depth,-1843,-489,1468,1788558603504935
cross_device,0,2,depth,-1844,-493,1518,1788558603538251
cross_device,0,2,depth,-1843,-493,1592,1788558603571699
cross_device,0,2,depth,-1844,-497,1455,1788558603604887
cross_device,0,2,depth,-1844,-186,1615,1788558603638256
cross_device,0,2,depth,-1844,-191,1748,1788558603671706
cross_device,0,2,depth,-1845,-195,1561,1788558603704905
cross_device,0,2,depth,-1845,-199,1606,1788558603738388
cross_device,0,2,depth,-1845,-203,1617,1788558603771738
cross_device,0,2,depth,-1846,-205,1657,1788558603805085
cross_device,0,2,depth,-1846,-209,1664,1788558603838280
cross_device,0,2,depth,-1847,-215,1660,1788558603871613
cross_device,0,2,depth,-1847,-217,1587,1788558603904904
cross_device,0,2,depth,-1847,-222,1631,1788558603938249
cross_device,0,2,depth,-1847,-224,1499,1788558603971623
cross_device,0,2,depth,-1848,-229,1459,1788558604004903
cross_device,0,2,depth,-1848,-233,1759,1788558604038383
cross_device,0,2,depth,-1849,-270,1747,1788558604071719
cross_device,0,2,depth,-1849,-271,1493,1788558604104924
cross_device,0,2,depth,-1849,-274,1668,1788558604138413
cross_device,0,2,depth,-1850,-279,1475,1788558604171573
cross_device,0,2,depth,-1849,-277,1616,1788558604204930
cross_device,0,2,depth,-1850,-282,1821,1788558604238578
cross_device,0,2,depth,-1850,-284,1476,1788558604271595
cross_device,0,2,depth,-1850,-284,1643,1788558604304935
cross_device,0,2,depth,-1851,-288,1620,1788558604338239
cross_device,0,2,depth,-1851,-289,1572,1788558604371692
cross_device,0,2,depth,-1852,-293,1948,1788558604405247
cross_device,0,2,depth,-1852,-294,1778,1788558604438541
cross_device,0,2,depth,-1852,-297,1666,1788558604471649
cross_device,0,2,depth,-1852,-296,1573,1788558604504886
cross_device,0,2,depth,-1852,-298,1523,1788558604538268
cross_device,0,2,depth,-1853,-303,1658,1788558604571617
cross_device,0,2,depth,-1854,-303,1614,1788558604604930
cross_device,0,2,depth,-1853,-44,1612,1788558604638402
cross_device,0,2,depth,-1854,-46,1604,1788558604671593
cross_device,0,2,depth,-1854,-46,1461,1788558604704913
cross_device,0,2,depth,-1854,-50,1716,1788558604738457
cross_device,0,2,depth,-1855,-50,1594,1788558604771582
cross_device,0,2,depth,-1855,-52,1620,1788558604804954
cross_device,0,2,depth,-1855,-54,1607,1788558604838239
cross_device,0,2,depth,-1855,-55,1715,1788558604871718
cross_device,0,2,depth,-1856,-56,1645,1788558604904933
cross_device,0,2,depth,-1856,-58,1650,1788558604938262
cross_device,0,2,depth,-1857,-59,1726,1788558604971709
cross_device,0,2,depth,-1857,-61,1595,1788558605004894
cross_device,0,2,depth,-1857,-64,1629,1788558605038244
cross_device,0,2,depth,-1857,-208,1283,1788558605071590
cross_device,0,2,depth,-1858,-211,1635,1788558605105062
cross_device,0,2,depth,-1858,-212,1674,1788558605138432
cross_device,0,2,depth,-1858,-213,1489,1788558605171590
cross_device,0,2,depth,-1858,-213,1448,1788558605204890
cross_device,0,2,depth,-1859,-217,1594,1788558605238250
cross_device,0,2,depth,-1859,-218,1610,1788558605271566
cross_device,0,2,depth,-1859,-218,1744,1788558605305056
cross_device,0,2,depth,-1860,-222,1633,1788558605338269
cross_device,0,2,depth,-1860,-223,1568,1788558605371569
cross_device,0,2,depth,-1860,-225,1580,1788558605405022
cross_device,0,2,depth,-1861,-226,1659,1788558605438296
cross_device,0,2,depth,-1860,-227,1601,1788558605471597
cross_device,0,2,depth,-1862,-230,1706,1788558605505033
cross_device,0,2,depth,-1862,-230,1505,1788558605538277
cross_device,0,2,depth,-1862,-233,1602,1788558605571587
cross_device,0,2,depth,-1862,-233,1636,1788558605604949
cross_device,0,2,depth,-1863,-234,1466,1788558605638253
cross_device,0,2,depth,-1863,-236,1589,1788558605671707
cross_device,0,2,depth,-1863,-239,1591,1788558605705026
cross_device,0,2,depth,-1864,-240,1660,1788558605738287
cross_device,0,2,depth,-1864,-243,1733,1788558605771703
cross_device,0,2,depth,-1864,-242,1604,1788558605804902
cross_device,0,2,depth,-1864,-244,1599,1788558605838234
cross_device,0,2,depth,-1864,-246,1740,1788558605871714
cross_device,0,2,depth,-1865,-247,1616,1788558605904943
cross_device,0,2,depth,-1866,-249,1612,1788558605938263
cross_device,0,2,depth,-1866,-251,1602,1788558605971587
cross_device,0,2,depth,-1865,-252,1769,1788558606005062
cross_device,0,2,depth,-1866,-254,1654,1788558606038284
cross_device,0,2,depth,-1866,-256,1645,1788558606071608
cross_device,0,2,depth,-1867,-286,1757,1788558606105071
cross_device,0,2,depth,-1867,-318,1640,1788558606138285
cross_device,0,2,depth,-1868,-350,1604,1788558606171576
cross_device,0,2,depth,-1867,-378,1799,1788558606205237
cross_device,0,2,depth,-1868,-410,1626,1788558606238276
cross_device,0,2,depth,-1869,-442,1610,1788558606271563
cross_device,0,2,depth,-1869,-474,1636,1788558606305063
cross_device,0,2,depth,-1869,-503,1651,1788558606338294
cross_device,0,2,depth,-1869,-533,1615,1788558606371595
cross_device,0,2,depth,-1870,-562,1780,1788558606405250
cross_device,0,2,depth,-1870,-590,1983,1788558606438606
cross_device,0,2,depth,-1870,-621,1641,1788558606471612
cross_device,0,2,depth,-1871,-650,1649,1788558606504924
cross_device,0,2,depth,-1870,-677,1621,1788558606538257
cross_device,0,2,depth,-1871,-708,1491,1788558606571580
cross_device,0,2,depth,-1871,-739,1611,1788558606604904
cross_device,0,2,depth,-1871,-767,1513,1788558606638285
cross_device,0,2,depth,-1872,-795,1491,1788558606671609
cross_device,0,2,depth,-1872,-824,1602,1788558606705038
cross_device,0,2,depth,-1872,-854,1650,1788558606738280
cross_device,0,2,depth,-1873,-883,1471,1788558606771580
cross_device,0,2,depth,-1874,-911,1600,1788558606805041
cross_device,0,2,depth,-1873,-937,1636,1788558606838281
cross_device,0,2,depth,-1874,-965,1545,1788558606871640
cross_device,0,2,depth,-1875,-994,1646,1788558606904944
cross_device,0,2,depth,-1874,-1019,1652,1788558606938284
cross_device,0,2,depth,-1874,-1046,1601,1788558606971724
cross_device,0,2,depth,-1875,-1073,1592,1788558607004944
cross_device,0,2,depth,-1876,-1100,1496,1788558607038263
cross_device,0,2,depth,-1876,-1127,1501,1788558607071620
cross_device,0,2,depth,-1876,-1151,1810,1788558607105236
cross_device,0,2,depth,-1877,-1178,1537,1788558607138286
cross_device,0,2,depth,-1877,-1202,1513,1788558607171620
cross_device,0,2,depth,-1877,-1229,1847,1788558607205285
cross_device,0,2,depth,-1877,-1252,1510,1788558607238275
cross_device,0,2,depth,-1878,-1281,1364,1788558607271583
cross_device,0,2,depth,-1878,-1304,1749,1788558607305040
cross_device,0,2,depth,-1878,-1331,1698,1788558607338311
cross_device,0,2,depth,-1878,-1354,1606,1788558607371594
cross_device,0,2,depth,-1879,-1381,1610,1788558607404919
cross_device,0,2,depth,-1879,-1405,1623,1788558607438420
cross_device,0,2,depth,-1879,-1428,1792,1788558607471764
cross_device,0,2,depth,-1880,-1452,1634,1788558607504947
cross_device,0,2,depth,-1879,-1476,1637,1788558607538279
cross_device,0,2,depth,-1880,-1499,1774,1788558607571739
cross_device,0,2,depth,-1881,-1525,1630,1788558607604946
cross_device,0,2,depth,-1881,-1548,1527,1788558607638295
cross_device,0,2,depth,-1881,-1571,1715,1788558607671822
cross_device,0,2,depth,-1882,-1596,1336,1788558607704941
cross_device,0,2,depth,-1882,-1618,1633,1788558607738278
cross_device,0,2,depth,-1882,-1641,1631,1788558607771596
cross_device,0,2,depth,-1883,-2829,1789,1788558607805085
cross_device,0,2,depth,-1882,-4009,1797,1788558607838429
cross_device,0,2,depth,31446,4211,35150,1788558608638441
cross_device,0,2,depth,31443,3199,34972,1788558608671746
cross_device,0,2,depth,31445,2198,34794,1788558608704907
cross_device,0,2,depth,31443,1211,35102,1788558608738412
cross_device,0,2,depth,31445,222,34885,1788558608771617
cross_device,0,2,depth,31442,-761,34808,1788558608804911
cross_device,0,2,depth,31441,-1731,35084,1788558608838382
cross_device,0,2,depth,31445,-2694,34991,1788558608871625
cross_device,0,2,depth,31440,-3670,34614,1788558608904896
cross_device,0,2,depth,31442,-4617,34874,1788558608938303
cross_device,0,2,depth,64767,4417,68309,1788558609904921
cross_device,0,2,depth,64767,3625,68157,1788558609938278
cross_device,0,2,depth,64762,2842,68304,1788558609971620
cross_device,0,2,depth,64764,2068,68266,1788558610004904
cross_device,0,2,depth,64765,1294,68155,1788558610038272
cross_device,0,2,depth,64766,533,68235,1788558610071634
cross_device,0,2,depth,64767,-225,68292,1788558610104918
cross_device,0,2,depth,64763,-985,68324,1788558610138317
cross_device,0,2,depth,64764,-1738,68205,1788558610171768
cross_device,0,2,depth,64765,-2475,68289,1788558610204919
cross_device,0,2,depth,64762,-3223,68216,1788558610238297
cross_device,0,2,depth,64763,-3956,68411,1788558610271827
cross_device,0,2,depth,64761,-4685,68337,1788558610304944
cross_device,0,2,depth,98085,4753,101503,1788558611571581
cross_device,0,2,depth,98087,4186,101514,1788558611604960
cross_device,0,2,depth,98087,3618,101462,1788558611638387
cross_device,0,2,depth,98087,3062,101540,1788558611671639
cross_device,0,2,depth,98087,2510,101629,1788558611704913
cross_device,0,2,depth,98083,1952,101540,1788558611738302
cross_device,0,2,depth,98083,1404,101625,1788558611771581
cross_device,0,2,depth,98083,861,101618,1788558611804896
cross_device,0,2,depth,98084,313,101328,1788558611838255
cross_device,0,2,depth,98082,-223,101517,1788558611871598
cross_device,0,2,depth,98082,-754,101778,1788558611905079
cross_device,0,2,depth,98086,-1279,101671,1788558611938288
cross_device,0,2,depth,98084,-1810,101479,1788558611971588
cross_device,0,2,depth,98081,-2334,101770,1788558612005060
cross_device,0,2,depth,98078,-2857,101786,1788558612038423
cross_device,0,2,depth,98082,-3370,101661,1788558612071746
cross_device,0,2,depth,98082,-3881,101632,1788558612104933
cross_device,0,2,depth,98080,-4390,101650,1788558612138250
cross_device,0,2,depth,98078,-4901,101486,1788558612171570
cross_device,0,2,depth,131397,4833,135132,1788558614071890
cross_device,0,2,depth,131398,4493,135414,1788558614105417
cross_device,0,2,depth,131400,4151,134961,1788558614138258
cross_device,0,2,depth,131397,3806,134850,1788558614171600
cross_device,0,2,depth,131399,3469,134932,1788558614204891
cross_device,0,2,depth,131395,3129,135009,1788558614238440
cross_device,0,2,depth,131391,2789,134838,1788558614271583
cross_device,0,2,depth,131398,2467,134959,1788558614304943
cross_device,0,2,depth,131392,2130,135000,1788558614338297
cross_device,0,2,depth,131396,1805,134965,1788558614371599
cross_device,0,2,depth,131395,1480,134821,1788558614404914
cross_device,0,2,depth,131390,1151,134976,1788558614438283
cross_device,0,2,depth,131392,832,134987,1788558614471627
cross_device,0,2,depth,131392,512,135079,1788558614505061
cross_device,0,2,depth,131392,198,135040,1788558614538323
cross_device,0,2,depth,131396,-116,134852,1788558614571632
cross_device,0,2,depth,131393,-429,135087,1788558614605065
cross_device,0,2,depth,131392,-740,135128,1788558614638438
cross_device,0,2,depth,131395,-1044,135146,1788558614671771
cross_device,0,2,depth,131392,-1353,135129,1788558614705081
cross_device,0,2,depth,131394,-1655,135006,1788558614738280
cross_device,0,2,depth,131391,-1962,134848,1788558614771604
cross_device,0,2,depth,131390,-2269,134628,1788558614804901
cross_device,0,2,depth,131388,-2568,134780,1788558614838205
cross_device,0,2,depth,131386,-2867,134902,1788558614871526
cross_device,0,2,depth,131387,-3164,134730,1788558614904828
cross_device,0,2,depth,131386,-3458,134814,1788558614938219
cross_device,0,2,depth,131388,-3750,134743,1788558614971511
cross_device,0,2,depth,131392,-4036,134775,1788558615004871
cross_device,0,2,depth,131391,-4323,134874,1788558615038183
cross_device,0,2,depth,131390,-4610,134923,1788558615071665
cross_device,0,2,depth,131387,-4896,134879,1788558615104996
cross_device,0,2,depth,164679,4891,168251,1788558619204876
cross_device,0,2,depth,164680,4763,168000,1788558619238278
cross_device,0,2,depth,164681,4643,168191,1788558619271600
cross_device,0,2,depth,164681,4521,168145,1788558619304880
cross_device,0,2,depth,164680,4398,168195,1788558619338281
cross_device,0,2,depth,164682,4279,168293,1788558619371593
cross_device,0,2,depth,164679,4158,168451,1788558619405087
cross_device,0,2,depth,164683,4044,168287,1788558619438269
cross_device,0,2,depth,164684,3927,168357,1788558619471633
cross_device,0,2,depth,164679,3805,168333,1788558619504931
cross_device,0,2,depth,164680,3689,168412,1788558619538384
cross_device,0,2,depth,164683,3577,168181,1788558619571583
cross_device,0,2,depth,164676,3456,168261,1788558619604883
cross_device,0,2,depth,164676,3340,168487,1788558619638438
cross_device,0,2,depth,164687,3238,168357,1788558619671643
cross_device,0,2,depth,164677,3116,168145,1788558619704933
cross_device,0,2,depth,164681,3009,168299,1788558619738282
cross_device,0,2,depth,164683,2896,168342,1788558619771636
cross_device,0,2,depth,164675,2780,168261,1788558619804866
cross_device,0,2,depth,164675,2669,168176,1788558619838303
cross_device,0,2,depth,164677,2560,168187,1788558619871618
cross_device,0,2,depth,164671,2447,168145,1788558619904896
cross_device,0,2,depth,164676,2343,168177,1788558619938266
cross_device,0,2,depth,164682,2242,168270,1788558619971711
cross_device,0,2,depth,164670,2123,168294,1788558620005073
cross_device,0,2,depth,164675,2024,168364,1788558620038315
cross_device,0,2,depth,164678,1923,168320,1788558620071620
cross_device,0,2,depth,164668,1809,168414,1788558620105030
cross_device,0,2,depth,164673,1713,168437,1788558620138410
cross_device,0,2,depth,164680,1617,168306,1788558620171594
cross_device,0,2,depth,164677,1512,168355,1788558620205094
cross_device,0,2,depth,164676,1411,168345,1788558620238309
cross_device,0,2,depth,164681,1316,168182,1788558620271609
cross_device,0,2,depth,164675,1209,168296,1788558620305050
cross_device,0,2,depth,164675,1108,168217,1788558620338319
cross_device,0,2,depth,164677,1012,168330,1788558620371613
cross_device,0,2,depth,164680,919,168445,1788558620405075
cross_device,0,2,depth,164674,816,168297,1788558620438288
cross_device,0,2,depth,164679,723,168307,1788558620471586
cross_device,0,2,depth,164675,625,168476,1788558620505094
cross_device,0,2,depth,164675,529,168336,1788558620538296
cross_device,0,2,depth,164670,429,168314,1788558620571593
cross_device,0,2,depth,164672,338,168309,1788558620604947
cross_device,0,2,depth,164671,243,168357,1788558620638317
cross_device,0,2,depth,164670,149,168270,1788558620671581
cross_device,0,2,depth,164669,56,168136,1788558620704907
cross_device,0,2,depth,164672,-32,168452,1788558620738407
cross_device,0,2,depth,164670,-125,168354,1788558620771635
cross_device,0,2,depth,164669,-214,168405,1788558620805028
cross_device,0,2,depth,164672,-301,168264,1788558620838257
cross_device,0,2,depth,164668,-397,168206,1788558620871625
cross_device,0,2,depth,164671,-482,168318,1788558620905049
cross_device,0,2,depth,164665,-576,168303,1788558620938283
cross_device,0,2,depth,164669,-658,168303,1788558620971597
cross_device,0,2,depth,164669,-745,168309,1788558621004942
cross_device,0,2,depth,164671,-828,168343,1788558621038296
cross_device,0,2,depth,164667,-919,168330,1788558621071629
cross_device,0,2,depth,164669,-1000,168409,1788558621105039
cross_device,0,2,depth,164669,-1085,168319,1788558621138307
cross_device,0,2,depth,164668,-1169,168326,1788558621171618
cross_device,0,2,depth,164667,-1253,168292,1788558621204929
cross_device,0,2,depth,164664,-1341,168192,1788558621238271
cross_device,0,2,depth,164668,-1419,168172,1788558621271618
cross_device,0,2,depth,164666,-1504,168327,1788558621304954
cross_device,0,2,depth,164665,-1586,168325,1788558621338302
cross_device,0,2,depth,164659,-1671,168314,1788558621371632
cross_device,0,2,depth,164666,-1745,168332,1788558621404938
cross_device,0,2,depth,164658,-1832,168456,1788558621438429
cross_device,0,2,depth,164659,-1910,168315,1788558621471598
cross_device,0,2,depth,164663,-1984,168288,1788558621504929
cross_device,0,2,depth,164667,-2056,168362,1788558621538435
cross_device,0,2,depth,164662,-2136,168460,1788558621571747
cross_device,0,2,depth,164669,-2209,168268,1788558621604894
cross_device,0,2,depth,164665,-2289,168310,1788558621638287
cross_device,0,2,depth,164659,-2373,168308,1788558621671735
cross_device,0,2,depth,164663,-2443,168304,1788558621704919
cross_device,0,2,depth,164662,-2520,168185,1788558621738267
cross_device,0,2,depth,164659,-2597,168167,1788558621771567
cross_device,0,2,depth,164663,-2668,168293,1788558621805065
cross_device,0,2,depth,164660,-2743,168172,1788558621838264
cross_device,0,2,depth,164658,-2817,168434,1788558621871762
cross_device,0,2,depth,164661,-2892,167979,1788558621904906
cross_device,0,2,depth,164659,-2967,167978,1788558621938257
cross_device,0,2,depth,164658,-3040,168155,1788558621971714
cross_device,0,2,depth,164663,-3103,168674,1788558622005280
cross_device,0,2,depth,164659,-3179,168303,1788558622038276
cross_device,0,2,depth,164657,-3250,168291,1788558622071590
cross_device,0,2,depth,164664,-3312,168183,1788558622104954
cross_device,0,2,depth,164657,-3390,168278,1788558622138243
cross_device,0,2,depth,164655,-3460,168148,1788558622171586
cross_device,0,2,depth,164659,-3522,168313,1788558622204927
cross_device,0,2,depth,164658,-3591,168473,1788558622238444
cross_device,0,2,depth,164652,-3664,168306,1788558622271591
cross_device,0,2,depth,164658,-3725,168309,1788558622305069
cross_device,0,2,depth,164656,-3796,168193,1788558622338274
cross_device,0,2,depth,164655,-3863,168279,1788558622371566
cross_device,0,2,depth,164657,-3925,168318,1788558622404947
cross_device,0,2,depth,164657,-3991,168321,1788558622438270
cross_device,0,2,depth,164659,-4052,168295,1788558622471601
cross_device,0,2,depth,164657,-4120,168321,1788558622504938
cross_device,0,2,depth,164660,-4180,168327,1788558622538282
cross_device,0,2,depth,164658,-4246,168410,1788558622571706
cross_device,0,2,depth,164658,-4307,168416,1788558622605051
cross_device,0,2,depth,164654,-4373,168375,1788558622638454
cross_device,0,2,depth,164658,-4430,168318,1788558622671627
cross_device,0,2,depth,164654,-4496,168431,1788558622705064
cross_device,0,2,depth,164653,-4558,168188,1788558622738298
cross_device,0,2,depth,164651,-4622,168301,1788558622771600
cross_device,0,2,depth,164651,-4681,168285,1788558622804917
cross_device,0,2,depth,164649,-4744,168348,1788558622838438
cross_device,0,2,depth,164648,-4804,168269,1788558622871553
cross_device,0,2,depth,164652,-4860,168283,1788558622904911
cross_device,0,2,depth,164652,-4918,168473,1788558622938415
cross_device,0,2,depth,164651,-4975,168471,1788558622971747
cross_device,1,2,depth,-10588,1047,149089,1788558596919178
cross_device,1,2,depth,-10586,1058,117797,1788558596921097
cross_device,1,2,depth,-10586,1070,86350,1788558596922976
cross_device,1,2,depth,-10586,1078,54547,1788558596924849
cross_device,1,2,depth,-10586,1089,25812,1788558596929118
cross_device,1,2,depth,-10584,673,7315,1788558596943958
cross_device,1,2,depth,-11320,45,-298389,1788558597338231
cross_device,1,2,depth,-11319,55,-298408,1788558597371560
cross_device,1,2,depth,-2200,1038,1519,1788558598004841
cross_device,1,2,depth,-2201,1059,1573,1788558598038204
cross_device,1,2,depth,-2201,1115,1624,1788558598071725
cross_device,1,2,depth,-2202,1113,1847,1788558598105142
cross_device,1,2,depth,-2201,1112,1582,1788558598138207
cross_device,1,2,depth,-2202,1110,1506,1788558598171513
cross_device,1,2,depth,-2202,1110,1513,1788558598204826
cross_device,1,2,depth,-2203,1109,1689,1788558598238319
cross_device,1,2,depth,-2203,1108,1604,1788558598271726
cross_device,1,2,depth,-2203,1106,1634,1788558598304974
cross_device,1,2,depth,-2203,1106,1552,1788558598338189
cross_device,1,2,depth,-2204,1105,1568,1788558598371545
cross_device,1,2,depth,-2204,1101,1558,1788558598404873
cross_device,1,2,depth,-2204,1102,1546,1788558598438181
cross_device,1,2,depth,-2203,1102,1563,1788558598471552
cross_device,1,2,depth,-2204,1101,1569,1788558598504868
cross_device,1,2,depth,-2204,1100,1564,1788558598538177
cross_device,1,2,depth,-2205,1098,1531,1788558598571514
cross_device,1,2,depth,-2205,1095,1373,1788558598604831
cross_device,1,2,depth,-2205,135,1556,1788558598638189
cross_device,1,2,depth,-2205,129,1442,1788558598671545
cross_device,1,2,depth,-2205,125,1394,1788558598704856
cross_device,1,2,depth,-2205,119,1511,1788558598738165
cross_device,1,2,depth,-2206,116,1528,1788558598771512
cross_device,1,2,depth,-2206,112,1535,1788558598804853
cross_device,1,2,depth,-2207,105,1445,1788558598838204
cross_device,1,2,depth,-2207,101,1527,1788558598871493
cross_device,1,2,depth,-2206,97,1704,1788558598905009
cross_device,1,2,depth,-2206,92,1564,1788558598938190
cross_device,1,2,depth,-2207,86,1536,1788558598971536
cross_device,1,2,depth,-2207,82,1475,1788558599004949
cross_device,1,2,depth,-2207,78,1385,1788558599038174
cross_device,1,2,depth,-2208,-266,1289,1788558599071521
cross_device,1,2,depth,-2208,-273,1547,1788558599104848
cross_device,1,2,depth,-2208,-281,1694,1788558599138325
cross_device,1,2,depth,-2208,-292,1535,1788558599171513
cross_device,1,2,depth,-2321,-414,1279,1788558599204829
cross_device,1,2,depth,-2211,-312,1536,1788558599238316
cross_device,1,2,depth,-2212,-323,1741,1788558599271709
cross_device,1,2,depth,-2212,-331,1465,1788558599304828
cross_device,1,2,depth,-2212,-340,1560,1788558599338201
cross_device,1,2,depth,-2213,-351,1566,1788558599371534
cross_device,1,2,depth,-2213,-359,1377,1788558599404861
cross_device,1,2,depth,-2213,-367,1386,1788558599438184
cross_device,1,2,depth,-2213,-377,1523,1788558599471498
cross_device,1,2,depth,-2213,-386,1548,1788558599504861
cross_device,1,2,depth,-2213,-395,1416,1788558599538202
cross_device,1,2,depth,-2213,-406,1506,1788558599571490
cross_device,1,2,depth,-2214,-414,1568,1788558599604865
cross_device,1,2,depth,-2214,-65,1399,1788558599638193
cross_device,1,2,depth,-2215,-77,1541,1788558599671528
cross_device,1,2,depth,-2215,-86,1327,1788558599704829
cross_device,1,2,depth,-2215,-97,1475,1788558599738310
cross_device,1,2,depth,-2215,-107,1539,1788558599771515
cross_device,1,2,depth,-2215,-115,1384,1788558599804838
cross_device,1,2,depth,-2215,-126,1552,1788558599838187
cross_device,1,2,depth,-2216,-139,1547,1788558599871670
cross_device,1,2,depth,-2216,-149,1497,1788558599904829
cross_device,1,2,depth,-2216,-157,1415,1788558599938192
cross_device,1,2,depth,-2216,-169,1507,1788558599971512
cross_device,1,2,depth,-2216,-178,1508,1788558600004850
cross_device,1,2,depth,-2217,-191,1665,1788558600038328
cross_device,1,2,depth,-2216,774,1397,1788558600071517
cross_device,1,2,depth,-2217,774,1373,1788558600104847
cross_device,1,2,depth,-2217,774,1562,1788558600138201
cross_device,1,2,depth,-2218,775,1378,1788558600171497
cross_device,1,2,depth,-2217,777,1537,1788558600204841
cross_device,1,2,depth,-2218,776,1580,1788558600238209
cross_device,1,2,depth,-2218,778,1541,1788558600271629
cross_device,1,2,depth,-2218,779,1318,1788558600304960
cross_device,1,2,depth,-2219,780,1527,1788558600338302
cross_device,1,2,depth,-2218,783,1265,1788558600371540
cross_device,1,2,depth,-2219,781,1421,1788558600404858
cross_device,1,2,depth,-2219,783,1524,1788558600438171
cross_device,1,2,depth,-2220,782,1521,1788558600471505
cross_device,1,2,depth,-2220,783,1511,1788558600504823
cross_device,1,2,depth,-2220,785,1463,1788558600538213
cross_device,1,2,depth,-2220,788,1520,1788558600571499
cross_device,1,2,depth,-2220,789,1368,1788558600604830
cross_device,1,2,depth,-2220,-102,1534,1788558600638191
cross_device,1,2,depth,-2220,-99,1390,1788558600671523
cross_device,1,2,depth,-2220,-99,1513,1788558600704827
cross_device,1,2,depth,-2221,-99,1550,1788558600738197
cross_device,1,2,depth,-2221,-99,1423,1788558600771539
cross_device,1,2,depth,-2221,-96,1552,1788558600804867
cross_device,1,2,depth,-2221,-98,1567,1788558600838193
cross_device,1,2,depth,-2222,-97,1351,1788558600871502
cross_device,1,2,depth,-2222,-95,1415,1788558600904856
cross_device,1,2,depth,-2223,-97,1405,1788558600938176
cross_device,1,2,depth,-2222,-94,1425,1788558600971548
cross_device,1,2,depth,-2223,-95,1389,1788558601004869
cross_device,1,2,depth,-2223,-92,1529,1788558601038182
cross_device,1,2,depth,-2212,-75,1512,1788558601071621
cross_device,1,2,depth,-2213,-76,1377,1788558601104819
cross_device,1,2,depth,-2213,-76,1702,1788558601138315
cross_device,1,2,depth,-2213,-77,1539,1788558601171521
cross_device,1,2,depth,-2213,-76,1564,1788558601204856
cross_device,1,2,depth,-2214,-78,1545,1788558601238187
cross_device,1,2,depth,-2213,-77,1579,1788558601271540
cross_device,1,2,depth,-2214,-79,1553,1788558601304979
cross_device,1,2,depth,-2214,-78,1610,1788558601338227
cross_device,1,2,depth,-2214,-78,1562,1788558601371540
cross_device,1,2,depth,-2215,-80,1394,1788558601404827
cross_device,1,2,depth,-2215,-82,1682,1788558601438304
cross_device,1,2,depth,-2215,-82,1543,1788558601471518
cross_device,1,2,depth,-2215,-82,1431,1788558601504857
cross_device,1,2,depth,-2216,-83,1671,1788558601538304
cross_device,1,2,depth,-2215,-82,1565,1788558601571523
cross_device,1,2,depth,-2216,-85,1413,1788558601604830
cross_device,1,2,depth,-2216,635,1431,1788558601638206
cross_device,1,2,depth,-2216,637,1560,1788558601671682
cross_device,1,2,depth,-2217,634,1517,1788558601704846
cross_device,1,2,depth,-2216,636,1464,1788558601738215
cross_device,1,2,depth,-2217,634,1570,1788558601771530
cross_device,1,2,depth,-2217,636,1548,1788558601804836
cross_device,1,2,depth,-2217,636,1537,1788558601838184
cross_device,1,2,depth,-2218,635,1583,1788558601871540
cross_device,1,2,depth,-2218,633,1178,1788558601904839
cross_device,1,2,depth,-2218,636,1447,1788558601938224
cross_device,1,2,depth,-2218,633,1552,1788558601971516
cross_device,1,2,depth,-2218,634,1527,1788558602004836
cross_device,1,2,depth,-2219,633,1567,1788558602038199
cross_device,1,2,depth,-2219,40,1544,1788558602071516
cross_device,1,2,depth,-2219,39,1374,1788558602105003
cross_device,1,2,depth,-2219,39,1543,1788558602138189
cross_device,1,2,depth,-2219,38,1569,1788558602171533
cross_device,1,2,depth,-2220,35,1527,1788558602204839
cross_device,1,2,depth,-2219,35,1410,1788558602238216
cross_device,1,2,depth,-2220,33,1537,1788558602271498
cross_device,1,2,depth,-2221,32,1407,1788558602304847
cross_device,1,2,depth,-2220,31,1464,1788558602338219
cross_device,1,2,depth,-2220,30,1556,1788558602371518
cross_device,1,2,depth,-2223,27,1567,1788558602404853
cross_device,1,2,depth,-2221,29,1567,1788558602438182
cross_device,1,2,depth,-2221,28,1530,1788558602471506
cross_device,1,2,depth,-2225,21,1253,1788558602504829
cross_device,1,2,depth,-2222,25,1549,1788558602538170
cross_device,1,2,depth,-2222,23,1398,1788558602571492
cross_device,1,2,depth,-2228,16,1551,1788558602604842
cross_device,1,2,depth,-2223,-616,1576,1788558602638203
cross_device,1,2,depth,-2222,-615,1528,1788558602671516
cross_device,1,2,depth,-2230,-624,1385,1788558602704832
cross_device,1,2,depth,-2223,-619,1411,1788558602738163
cross_device,1,2,depth,-2223,-621,1417,1788558602771519
cross_device,1,2,depth,-2232,-631,1664,1788558602804984
cross_device,1,2,depth,-2224,-625,1417,1788558602838194
cross_device,1,2,depth,-2224,-625,1528,1788558602871529
cross_device,1,2,depth,-2233,-637,1571,1788558602904873
cross_device,1,2,depth,-2225,-629,1449,1788558602938203
cross_device,1,2,depth,-2224,-630,1513,1788558602971520
cross_device,1,2,depth,-2225,-631,1690,1788558603004984
cross_device,1,2,depth,-2225,-635,1588,1788558603038224
cross_device,1,2,depth,-2225,-449,1548,1788558603071529
cross_device,1,2,depth,-2235,-461,1550,1788558603104864
cross_device,1,2,depth,-2225,-452,1630,1788558603138235
cross_device,1,2,depth,-2226,-456,1540,1788558603171523
cross_device,1,2,depth,-2235,-468,1553,1788558603204844
cross_device,1,2,depth,-2226,-460,1450,1788558603238195
cross_device,1,2,depth,-2226,-461,1558,1788558603271541
cross_device,1,2,depth,-2226,-465,1408,1788558603304828
cross_device,1,2,depth,-2226,-465,1483,1788558603338231
cross_device,1,2,depth,-2227,-470,1457,1788558603371547
cross_device,1,2,depth,-2227,-472,1400,1788558603404833
cross_device,1,2,depth,-2227,-474,1563,1788558603438178
cross_device,1,2,depth,-2227,-475,1513,1788558603471484
cross_device,1,2,depth,-2228,-479,1384,1788558603504851
cross_device,1,2,depth,-2228,-482,1439,1788558603538172
cross_device,1,2,depth,-2228,-483,1445,1788558603571552
cross_device,1,2,depth,-2229,-485,1394,1788558603604826
cross_device,1,2,depth,-2228,-486,1689,1788558603638330
cross_device,1,2,depth,-2229,-490,1583,1788558603671541
cross_device,1,2,depth,-2229,-493,1509,1788558603704853
cross_device,1,2,depth,-2229,-496,1390,1788558603738172
cross_device,1,2,depth,-2229,-498,1385,1788558603771506
cross_device,1,2,depth,-2229,-498,1422,1788558603804850
cross_device,1,2,depth,-2230,-502,1624,1788558603838240
cross_device,1,2,depth,-2230,-505,1559,1788558603871512
cross_device,1,2,depth,-2231,-507,1511,1788558603904828
cross_device,1,2,depth,-2230,-508,1612,1788558603938230
cross_device,1,2,depth,-2231,-510,1368,1788558603971492
cross_device,1,2,depth,-2231,-512,1409,1788558604004853
cross_device,1,2,depth,-2231,-516,1559,1788558604038183
cross_device,1,2,depth,-2232,-552,1568,1788558604071540
cross_device,1,2,depth,-2232,-551,1395,1788558604104826
cross_device,1,2,depth,-2232,-553,1434,1788558604138179
cross_device,1,2,depth,-2232,-553,1411,1788558604171509
cross_device,1,2,depth,-2232,-553,1697,1788558604205011
cross_device,1,2,depth,-2232,-553,1547,1788558604238304
cross_device,1,2,depth,-2233,-556,1392,1788558604271511
cross_device,1,2,depth,-2233,-555,1526,1788558604304818
cross_device,1,2,depth,-2233,-556,1606,1788558604338225
cross_device,1,2,depth,-2233,-556,1411,1788558604371531
cross_device,1,2,depth,-2234,-557,1535,1788558604404834
cross_device,1,2,depth,-2234,-558,1530,1788558604438293
cross_device,1,2,depth,-2234,-558,1577,1788558604471560
cross_device,1,2,depth,-2234,-557,1517,1788558604504830
cross_device,1,2,depth,-2234,-557,1429,1788558604538174
cross_device,1,2,depth,-2234,-559,1547,1788558604571506
cross_device,1,2,depth,-2235,-559,1543,1788558604604859
cross_device,1,2,depth,-2235,-561,1390,1788558604638180
cross_device,1,2,depth,-2235,-560,1534,1788558604671523
cross_device,1,2,depth,-2235,-562,1380,1788558604704832
cross_device,1,2,depth,-2235,-562,1486,1788558604738227
cross_device,1,2,depth,-2236,-562,1520,1788558604771508
cross_device,1,2,depth,-2236,-564,1502,1788558604804836
cross_device,1,2,depth,-2236,-564,1536,1788558604838168
cross_device,1,2,depth,-2236,-564,1544,1788558604871547
cross_device,1,2,depth,-2236,-564,1553,1788558604904841
cross_device,1,2,depth,-2236,-565,1592,1788558604938204
cross_device,1,2,depth,-2237,-565,1564,1788558604971547
cross_device,1,2,depth,-2237,-567,1556,1788558605004855
cross_device,1,2,depth,-2237,-567,1567,1788558605038182
cross_device,1,2,depth,-2238,-712,1207,1788558605071514
cross_device,1,2,depth,-2238,-713,1401,1788558605104828
cross_device,1,2,depth,-2238,-713,1428,1788558605138186
cross_device,1,2,depth,-2238,-713,1438,1788558605171539
cross_device,1,2,depth,-2238,-714,1389,1788558605204831
cross_device,1,2,depth,-2239,-715,1520,1788558605238176
cross_device,1,2,depth,-2239,-715,1547,1788558605271503
cross_device,1,2,depth,-2239,-715,1552,1788558605304864
cross_device,1,2,depth,-2239,-716,1559,1788558605338195
cross_device,1,2,depth,-2240,-718,1512,1788558605371513
cross_device,1,2,depth,-2239,-718,1427,1788558605404869
cross_device,1,2,depth,-2240,-718,1543,1788558605438180
cross_device,1,2,depth,-2240,-719,1546,1788558605471542
cross_device,1,2,depth,-2241,-721,1535,1788558605504862
cross_device,1,2,depth,-2241,-719,1409,1788558605538181
cross_device,1,2,depth,-2241,-721,1519,1788558605571504
cross_device,1,2,depth,-2241,-721,1524,1788558605604837
cross_device,1,2,depth,-2241,-722,1431,1788558605638218
cross_device,1,2,depth,-2241,-721,1422,1788558605671540
cross_device,1,2,depth,-2241,-724,1427,1788558605704862
cross_device,1,2,depth,-2242,-724,1558,1788558605738185
cross_device,1,2,depth,-2242,-724,1561,1788558605771531
cross_device,1,2,depth,-2242,-723,1548,1788558605804846
cross_device,1,2,depth,-2242,-724,1569,1788558605838204
cross_device,1,2,depth,-2242,-726,1539,1788558605871513
cross_device,1,2,depth,-2243,-726,1498,1788558605904825
cross_device,1,2,depth,-2243,-727,1545,1788558605938196
cross_device,1,2,depth,-2243,-727,1527,1788558605971512
cross_device,1,2,depth,-2243,-728,1568,1788558606004861
cross_device,1,2,depth,-2244,-729,1543,1788558606038173
cross_device,1,2,depth,-2244,-730,1541,1788558606071504
cross_device,1,2,depth,-2244,-729,1648,1788558606104962
cross_device,1,2,depth,-2244,-730,1574,1788558606138219
cross_device,1,2,depth,-2245,-730,1557,1788558606171529
cross_device,1,2,depth,-2244,-731,1551,1788558606204989
cross_device,1,2,depth,-2245,-731,1673,1788558606238323
cross_device,1,2,depth,-2245,-732,1593,1788558606271546
cross_device,1,2,depth,-2246,-733,1437,1788558606304864
cross_device,1,2,depth,-2246,-733,1571,1788558606338214
cross_device,1,2,depth,-2245,-733,1540,1788558606371520
cross_device,1,2,depth,-2246,-733,1365,1788558606404835
cross_device,1,2,depth,-2246,-734,1589,1788558606438212
cross_device,1,2,depth,-2246,-735,1558,1788558606471529
cross_device,1,2,depth,-2247,-737,1536,1788558606504811
cross_device,1,2,depth,-2246,-736,1542,1788558606538178
cross_device,1,2,depth,-2247,-737,1478,1788558606571567
cross_device,1,2,depth,-2247,-737,1691,1788558606604984
cross_device,1,2,depth,-2247,-737,1543,1788558606638315
cross_device,1,2,depth,-2247,-737,1620,1788558606671738
cross_device,1,2,depth,-2248,-740,1647,1788558606705083
cross_device,1,2,depth,-2248,-740,1679,1788558606738309
cross_device,1,2,depth,-2248,-740,1489,1788558606771598
cross_device,1,2,depth,-2249,-742,1469,1788558606804910
cross_device,1,2,depth,-2248,-741,1636,1788558606838281
cross_device,1,2,depth,-2249,-741,1554,1788558606871649
cross_device,1,2,depth,-2249,-743,1754,1788558606905052
cross_device,1,2,depth,-2249,-742,1667,1788558606938299
cross_device,1,2,depth,-2249,-876,1454,1788558606971577
cross_device,1,2,depth,-2249,-1008,1591,1788558607004943
cross_device,1,2,depth,-2250,-1139,1682,1788558607038449
cross_device,1,2,depth,-2250,-1270,1586,1788558607071705
cross_device,1,2,depth,-2250,-1397,1656,1788558607105082
cross_device,1,2,depth,-2251,-1526,1667,1788558607138416
cross_device,1,2,depth,-2251,-1655,1496,1788558607171603
cross_device,1,2,depth,-2251,-1783,1493,1788558607204931
cross_device,1,2,depth,-2251,-1906,1641,1788558607238406
cross_device,1,2,depth,-2252,-2034,1370,1788558607271589
cross_device,1,2,depth,-2252,-2158,1655,1788558607304946
cross_device,1,2,depth,-2252,-2283,1678,1788558607338291
cross_device,1,2,depth,-2252,-2405,1610,1788558607371598
cross_device,1,2,depth,-2252,-2527,1646,1788558607404955
cross_device,1,2,depth,-2252,-2647,1484,1788558607438281
cross_device,1,2,depth,-2252,-2768,1646,1788558607471618
cross_device,1,2,depth,-2253,-2889,1619,1788558607504932
cross_device,1,2,depth,-2252,-3008,1664,1788558607538306
cross_device,1,2,depth,-2253,-3126,1736,1788558607571701
cross_device,1,2,depth,-2254,-3244,1642,1788558607604958
cross_device,1,2,depth,-2253,-3360,1527,1788558607638295
cross_device,1,2,depth,-2253,-3476,1516,1788558607671623
cross_device,1,2,depth,-2254,-3593,1350,1788558607704955
cross_device,1,2,depth,-2254,-3706,1664,1788558607738309
cross_device,1,2,depth,-2255,-3821,1659,1788558607771624
cross_device,1,2,depth,31075,4271,34978,1788558608504937
cross_device,1,2,depth,31075,3155,34877,1788558608538306
cross_device,1,2,depth,31075,2055,34937,1788558608571582
cross_device,1,2,depth,31075,959,34933,1788558608604916
cross_device,1,2,depth,31076,-127,35148,1788558608638439
cross_device,1,2,depth,31073,-1215,34854,1788558608671628
cross_device,1,2,depth,31075,-2292,34803,1788558608704916
cross_device,1,2,depth,31074,-3353,34991,1788558608738301
cross_device,1,2,depth,31076,-4415,34893,1788558608771625
cross_device,1,2,depth,64404,4490,68091,1788558609638185
cross_device,1,2,depth,64402,3600,68247,1788558609671542
cross_device,1,2,depth,64401,2714,68208,1788558609704865
cross_device,1,2,depth,64402,1825,67936,1788558609738227
cross_device,1,2,depth,64400,955,68105,1788558609771533
cross_device,1,2,depth,64399,88,68226,1788558609804833
cross_device,1,2,depth,64402,-775,68120,1788558609838210
cross_device,1,2,depth,64401,-1629,68220,1788558609871514
cross_device,1,2,depth,64400,-2479,68224,1788558609904836
cross_device,1,2,depth,64401,-3327,68067,1788558609938188
cross_device,1,2,depth,64396,-4169,68201,1788558609971517
cross_device,1,2,depth,97726,4334,101648,1788558611104930
cross_device,1,2,depth,97728,3667,101708,1788558611138443
cross_device,1,2,depth,97727,2997,101333,1788558611171601
cross_device,1,2,depth,97727,2340,101516,1788558611204945
cross_device,1,2,depth,97724,1677,101502,1788558611238448
cross_device,1,2,depth,97724,1031,101644,1788558611271725
cross_device,1,2,depth,97727,386,101533,1788558611304931
cross_device,1,2,depth,97724,-263,101463,1788558611338379
cross_device,1,2,depth,97725,-898,101522,1788558611371603
cross_device,1,2,depth,97720,-1539,101483,1788558611404900
cross_device,1,2,depth,97726,-2168,101267,1788558611438391
cross_device,1,2,depth,97725,-2787,101633,1788558611471578
cross_device,1,2,depth,97726,-3405,101655,1788558611504934
cross_device,1,2,depth,97725,-4027,101516,1788558611538270
cross_device,1,2,depth,97723,-4641,101636,1788558611571714
cross_device,1,2,depth,131048,4875,134874,1788558613104831
cross_device,1,2,depth,131048,4424,134891,1788558613138179
cross_device,1,2,depth,131046,3970,134719,1788558613171525
cross_device,1,2,depth,131050,3530,134741,1788558613204861
cross_device,1,2,depth,131048,3081,134592,1788558613238201
cross_device,1,2,depth,131046,2637,134553,1788558613271500
cross_device,1,2,depth,131048,2205,134779,1788558613304848
cross_device,1,2,depth,131046,1769,134755,1788558613338169
cross_device,1,2,depth,131047,1339,134710,1788558613371504
cross_device,1,2,depth,131048,914,134768,1788558613404844
cross_device,1,2,depth,131049,484,134590,1788558613438209
cross_device,1,2,depth,131047,59,134587,1788558613471535
cross_device,1,2,depth,131045,-359,134722,1788558613504815
cross_device,1,2,depth,131051,-768,134915,1788558613538193
cross_device,1,2,depth,131046,-1189,134791,1788558613571540
cross_device,1,2,depth,131046,-1598,134903,1788558613604860
cross_device,1,2,depth,131046,-2006,134874,1788558613638171
cross_device,1,2,depth,131045,-2417,134646,1788558613671520
cross_device,1,2,depth,131046,-2815,134883,1788558613704862
cross_device,1,2,depth,131044,-3215,134904,1788558613738204
cross_device,1,2,depth,131049,-3611,134737,1788558613771512
cross_device,1,2,depth,131039,-4016,134723,1788558613804832
cross_device,1,2,depth,131043,-4403,134903,1788558613838198
cross_device,1,2,depth,131048,-4787,134810,1788558613871547
cross_device,1,2,depth,164361,4970,167981,1788558616504900
cross_device,1,2,depth,164360,4743,168325,1788558616538297
cross_device,1,2,depth,164363,4521,168470,1788558616571751
cross_device,1,2,depth,164365,4296,168260,1788558616604896
cross_device,1,2,depth,164364,4070,168161,1788558616638295
cross_device,1,2,depth,164361,3845,168171,1788558616671616
cross_device,1,2,depth,164364,3625,168160,1788558616704937
cross_device,1,2,depth,164361,3404,168420,1788558616738399
cross_device,1,2,depth,164359,3187,168405,1788558616771721
cross_device,1,2,depth,164358,2969,168326,1788558616804949
cross_device,1,2,depth,164358,2755,168282,1788558616838262
cross_device,1,2,depth,164356,2538,168298,1788558616871599
cross_device,1,2,depth,164355,2326,168454,1788558616905066
cross_device,1,2,depth,164360,2119,168167,1788558616938280
cross_device,1,2,depth,164360,1911,168170,1788558616971596
cross_device,1,2,depth,164359,1702,168296,1788558617004920
cross_device,1,2,depth,164358,1493,168199,1788558617038295
cross_device,1,2,depth,164357,1285,168296,1788558617071720
cross_device,1,2,depth,164355,1080,168280,1788558617105042
cross_device,1,2,depth,164354,876,168247,1788558617138378
cross_device,1,2,depth,164356,677,168249,1788558617171712
cross_device,1,2,depth,164357,477,168117,1788558617204885
cross_device,1,2,depth,164357,278,168176,1788558617238272
cross_device,1,2,depth,164357,80,168210,1788558617271625
cross_device,1,2,depth,164355,-116,168340,1788558617304950
cross_device,1,2,depth,164355,-310,168328,1788558617338295
cross_device,1,2,depth,164354,-506,168281,1788558617371581
cross_device,1,2,depth,164356,-695,168309,1788558617404920
cross_device,1,2,depth,164355,-887,168329,1788558617438278
cross_device,1,2,depth,164354,-1078,168266,1788558617471575
cross_device,1,2,depth,164361,-1263,167792,1788558617504918
cross_device,1,2,depth,164356,-1456,168171,1788558617538281
cross_device,1,2,depth,164354,-1640,168315,1788558617571601
cross_device,1,2,depth,164357,-1828,167906,1788558617604929
cross_device,1,2,depth,164355,-2015,167992,1788558617638258
cross_device,1,2,depth,164354,-2196,168140,1788558617671578
cross_device,1,2,depth,164357,-2373,168337,1788558617705078
cross_device,1,2,depth,164354,-2556,168169,1788558617738251
cross_device,1,2,depth,164356,-2732,168279,1788558617771596
cross_device,1,2,depth,164353,-2916,168149,1788558617804918
cross_device,1,2,depth,164354,-3087,168340,1788558617838315
cross_device,1,2,depth,164355,-3262,168313,1788558617871619
cross_device,1,2,depth,164355,-3435,168309,1788558617904917
cross_device,1,2,depth,164351,-3614,168173,1788558617938284
cross_device,1,2,depth,164356,-3781,168314,1788558617971591
cross_device,1,2,depth,164351,-3954,168265,1788558618005034
cross_device,1,2,depth,164353,-4121,168365,1788558618038311
cross_device,1,2,depth,164352,-4290,168317,1788558618071598
cross_device,1,2,depth,164352,-4455,168317,1788558618104940
cross_device,1,2,depth,164352,-4622,168187,1788558618138317
cross_device,1,2,depth,164351,-4792,167962,1788558618171649
cross_device,1,2,depth,164351,-4957,168129,1788558618205078
cross_device,0,1,color,402,-832,-161874,1788558597433372
cross_device,0,1,color,403,-846,-130422,1788558597466795
cross_device,0,1,color,402,-862,-99173,1788558597500024
cross_device,0,1,color,402,-876,-67595,1788558597533524
cross_device,0,1,color,401,-894,-36425,1788558597566672
cross_device,0,1,color,401,-1513,-5298,1788558597599880
cross_device,0,1,color,401,-1526,-36,1788558597633220
cross_device,0,1,color,401,-1538,-72,1788558597666675
cross_device,0,1,color,401,-1549,159,1788558597700226
cross_device,0,1,color,401,-1561,11,1788558597733353
cross_device,0,1,color,402,-1570,-43,1788558597766680
cross_device,0,1,color,401,-1583,-162,1788558597799872
cross_device,0,1,color,401,-1595,-196,1788558597833167
cross_device,0,1,color,401,-1608,202,1788558597866731
cross_device,0,1,color,401,-1618,80,1788558597899995
cross_device,0,1,color,401,-1630,-11,1788558597933203
cross_device,0,1,color,401,-1642,-57,1788558597966522
cross_device,0,1,color,401,-1655,12,1788558597999873
cross_device,0,1,color,400,-1666,-34,1788558598033181
cross_device,0,1,color,400,-1679,-8,1788558598066684
cross_device,0,1,color,400,-1690,30,1788558598100035
cross_device,0,1,color,401,-1702,-87,1788558598133218
cross_device,0,1,color,400,-1713,157,1788558598166681
cross_device,0,1,color,399,-1726,121,1788558598199992
cross_device,0,1,color,400,-1737,-125,1788558598233362
cross_device,0,1,color,400,-1750,5,1788558598266674
cross_device,0,1,color,399,-1763,-28,1788558598299983
cross_device,0,1,color,399,-1775,-14,1788558598333326
cross_device,0,1,color,400,-1785,-20,1788558598366687
cross_device,0,1,color,399,-1798,-187,1788558598399873
cross_device,0,1,color,399,-1809,-166,1788558598433180
cross_device,0,1,color,399,-1822,66,1788558598466718
cross_device,0,1,color,399,-1833,-36,1788558598499987
cross_device,0,1,color,399,-1844,11,1788558598533338
cross_device,0,1,color,399,-1856,15,1788558598566684
cross_device,0,1,color,398,-1372,148,1788558598600175
cross_device,0,1,color,399,-416,82,1788558598633443
cross_device,0,1,color,398,-420,16,1788558598666714
cross_device,0,1,color,399,-421,-162,1788558598699886
cross_device,0,1,color,399,-425,-362,1788558598733316
cross_device,0,1,color,398,-428,-199,1788558598766515
cross_device,0,1,color,398,-431,-4,1788558598800007
cross_device,0,1,color,398,-431,-179,1788558598833194
cross_device,0,1,color,398,-435,22,1788558598866738
cross_device,0,1,color,398,-439,-53,1788558598899846
cross_device,0,1,color,398,-439,-120,1788558598933198
cross_device,0,1,color,398,-443,-59,1788558598966527
cross_device,0,1,color,398,-446,134,1788558599000005
cross_device,0,1,color,398,-448,127,1788558599033509
cross_device,0,1,color,397,-450,-41,1788558599066722
cross_device,0,1,color,397,-454,332,1788558599100345
cross_device,0,1,color,397,-457,30,1788558599133354
cross_device,0,1,color,398,-458,-71,1788558599166519
cross_device,0,1,color,397,-460,122,1788558599200018
cross_device,0,1,color,397,-465,-13,1788558599233338
cross_device,0,1,color,397,-466,10,1788558599266690
cross_device,0,1,color,397,-468,16,1788558599300013
cross_device,0,1,color,397,-472,1,1788558599333344
cross_device,0,1,color,397,-475,-12,1788558599366540
cross_device,0,1,color,396,-478,-38,1788558599400117
cross_device,0,1,color,396,-481,175,1788558599433360
cross_device,0,1,color,396,-483,111,1788558599466674
cross_device,0,1,color,396,-486,72,1788558599500107
cross_device,0,1,color,396,-488,11,1788558599533356
cross_device,0,1,color,396,-489,-16,1788558599566554
cross_device,0,1,color,396,-494,178,1788558599600031
cross_device,0,1,color,396,150,-173,1788558599633210
cross_device,0,1,color,396,152,-169,1788558599666557
cross_device,0,1,color,396,152,-129,1788558599699895
cross_device,0,1,color,396,153,150,1788558599733351
cross_device,0,1,color,395,153,-213,1788558599766539
cross_device,0,1,color,395,153,-18,1788558599799866
cross_device,0,1,color,396,156,-51,1788558599833172
cross_device,0,1,color,395,155,53,1788558599866725
cross_device,0,1,color,395,156,4,1788558599900024
cross_device,0,1,color,395,157,0,1788558599933211
cross_device,0,1,color,394,158,-127,1788558599966549
cross_device,0,1,color,395,159,157,1788558600000009
cross_device,0,1,color,394,159,105,1788558600033325
cross_device,0,1,color,395,160,-9,1788558600066819
cross_device,0,1,color,394,161,116,1788558600099995
cross_device,0,1,color,394,161,-48,1788558600133171
cross_device,0,1,color,394,162,35,1788558600166548
cross_device,0,1,color,395,165,130,1788558600200006
cross_device,0,1,color,394,164,101,1788558600233309
cross_device,0,1,color,394,165,18,1788558600266700
cross_device,0,1,color,394,165,-102,1788558600299891
cross_device,0,1,color,394,167,-14,1788558600333360
cross_device,0,1,color,394,169,-134,1788558600366555
cross_device,0,1,color,393,168,-163,1788558600399839
cross_device,0,1,color,394,169,-170,1788558600433189
cross_device,0,1,color,393,169,-51,1788558600466666
cross_device,0,1,color,393,171,-112,1788558600499887
cross_device,0,1,color,393,171,-137,1788558600533216
cross_device,0,1,color,393,171,-62,1788558600566794
cross_device,0,1,color,393,172,-226,1788558600599858
cross_device,0,1,color,392,218,-48,1788558600633213
cross_device,0,1,color,393,217,-15,1788558600666565
cross_device,0,1,color,393,216,-198,1788558600699841
cross_device,0,1,color,392,215,-223,1788558600733174
cross_device,0,1,color,393,214,-156,1788558600766554
cross_device,0,1,color,392,210,14,1788558600800014
cross_device,0,1,color,393,210,33,1788558600833359
cross_device,0,1,color,393,209,-185,1788558600866549
cross_device,0,1,color,392,206,23,1788558600900028
cross_device,0,1,color,392,205,101,1788558600933327
cross_device,0,1,color,392,205,-48,1788558600966699
cross_device,0,1,color,391,202,-6,1788558600999868
cross_device,0,1,color,392,201,18,1788558601033213
cross_device,0,1,color,391,197,-226,1788558601066685
cross_device,0,1,color,392,197,-10,1788558601100022
cross_device,0,1,color,391,195,-21,1788558601133322
cross_device,0,1,color,391,195,-35,1788558601166532
cross_device,0,1,color,391,193,-56,1788558601199841
cross_device,0,1,color,391,193,-132,1788558601233221
cross_device,0,1,color,391,190,-50,1788558601266670
cross_device,0,1,color,391,190,22,1788558601300020
cross_device,0,1,color,391,187,37,1788558601333357
cross_device,0,1,color,391,185,-40,1788558601366673
cross_device,0,1,color,391,184,105,1788558601399985
cross_device,0,1,color,391,182,2,1788558601433371
cross_device,0,1,color,390,182,-32,1788558601466552
cross_device,0,1,color,391,179,-60,1788558601499837
cross_device,0,1,color,391,179,17,1788558601533364
cross_device,0,1,color,391,178,139,1788558601566711
cross_device,0,1,color,390,175,16,1788558601599887
cross_device,0,1,color,390,-934,-162,1788558601633187
cross_device,0,1,color,390,-937,-382,1788558601666557
cross_device,0,1,color,390,-939,-143,1788558601700022
cross_device,0,1,color,390,-941,-301,1788558601733219
cross_device,0,1,color,389,-941,-311,1788558601766537
cross_device,0,1,color,390,-943,-131,1788558601800037
cross_device,0,1,color,389,-947,-125,1788558601833370
cross_device,0,1,color,389,-948,-113,1788558601866704
cross_device,0,1,color,389,-952,49,1788558601899900
cross_device,0,1,color,389,-953,16,1788558601933205
cross_device,0,1,color,389,-955,-26,1788558601966671
cross_device,0,1,color,389,-955,27,1788558602000027
cross_device,0,1,color,389,-959,-4,1788558602033227
cross_device,0,1,color,389,-960,111,1788558602066665
cross_device,0,1,color,389,-962,-35,1788558602100175
cross_device,0,1,color,388,-965,-136,1788558602133349
cross_device,0,1,color,388,-966,-132,1788558602166559
cross_device,0,1,color,389,-968,32,1788558602200018
cross_device,0,1,color,389,-970,-40,1788558602233193
cross_device,0,1,color,388,-974,144,1788558602266706
cross_device,0,1,color,390,-972,-2,1788558602300021
cross_device,0,1,color,388,-978,30,1788558602333341
cross_device,0,1,color,388,-980,50,1788558602366697
cross_device,0,1,color,391,-979,-15,1788558602399979
cross_device,0,1,color,388,-984,45,1788558602433369
cross_device,0,1,color,387,-986,-2,1788558602466684
cross_device,0,1,color,392,-983,2,1788558602500006
cross_device,0,1,color,387,-989,-183,1788558602533325
cross_device,0,1,color,387,-991,-40,1788558602566674
cross_device,0,1,color,394,-987,-5,1788558602600023
cross_device,0,1,color,387,20,-313,1788558602633241
cross_device,0,1,color,387,17,-27,1788558602666532
cross_device,0,1,color,395,23,-193,1788558602699834
cross_device,0,1,color,386,14,-160,1788558602733349
cross_device,0,1,color,387,16,-122,1788558602766567
cross_device,0,1,color,397,23,-176,1788558602799843
cross_device,0,1,color,387,14,-177,1788558602833317
cross_device,0,1,color,387,11,-289,1788558602866573
cross_device,0,1,color,396,19,-213,1788558602899903
cross_device,0,1,color,386,10,-29,1788558602933166
cross_device,0,1,color,386,8,-11,1788558602966677
cross_device,0,1,color,386,6,124,1788558602999999
cross_device,0,1,color,386,4,117,1788558603033340
cross_device,0,1,color,386,5,146,1788558603066700
cross_device,0,1,color,396,14,-490,1788558603099849
cross_device,0,1,color,385,1,-253,1788558603133317
cross_device,0,1,color,386,2,115,1788558603166691
cross_device,0,1,color,395,10,-32,1788558603200012
cross_device,0,1,color,386,-1,167,1788558603233356
cross_device,0,1,color,385,-3,153,1788558603266702
cross_device,0,1,color,386,-2,93,1788558603299974
cross_device,0,1,color,385,-3,-197,1788558603333345
cross_device,0,1,color,385,-4,131,1788558603366700
cross_device,0,1,color,385,-7,-22,1788558603400020
cross_device,0,1,color,385,-7,-5,1788558603433350
cross_device,0,1,color,384,-9,180,1788558603466704
cross_device,0,1,color,385,-9,169,1788558603500011
cross_device,0,1,color,385,-10,17,1788558603533360
cross_device,0,1,color,384,-11,110,1788558603566664
cross_device,0,1,color,385,-13,120,1788558603599992
cross_device,0,1,color,385,302,-236,1788558603633369
cross_device,0,1,color,384,300,-339,1788558603666549
cross_device,0,1,color,384,298,-192,1788558603699876
cross_device,0,1,color,384,298,-334,1788558603733168
cross_device,0,1,color,384,295,-35,1788558603766696
cross_device,0,1,color,384,294,-174,1788558603799868
cross_device,0,1,color,384,292,-187,1788558603833205
cross_device,0,1,color,384,290,-179,1788558603866543
cross_device,0,1,color,384,290,-160,1788558603899848
cross_device,0,1,color,383,286,-20,1788558603933207
cross_device,0,1,color,383,285,0,1788558603966703
cross_device,0,1,color,384,284,45,1788558604000035
cross_device,0,1,color,383,282,-53,1788558604033327
cross_device,0,1,color,383,280,-331,1788558604066575
cross_device,0,1,color,383,279,-184,1788558604099857
cross_device,0,1,color,383,278,110,1788558604133315
cross_device,0,1,color,383,276,-33,1788558604166676
cross_device,0,1,color,382,274,115,1788558604200002
cross_device,0,1,color,382,272,-256,1788558604233346
cross_device,0,1,color,382,272,-520,1788558604266675
cross_device,0,1,color,382,269,-42,1788558604299837
cross_device,0,1,color,382,267,120,1788558604333352
cross_device,0,1,color,382,267,10,1788558604366703
cross_device,0,1,color,382,267,-262,1788558604399978
cross_device,0,1,color,382,264,60,1788558604433543
cross_device,0,1,color,382,261,-277,1788558604466579
cross_device,0,1,color,381,261,-255,1788558604499864
cross_device,0,1,color,382,259,-336,1788558604533178
cross_device,0,1,color,381,258,136,1788558604566690
cross_device,0,1,color,381,257,11,1788558604600022
cross_device,0,1,color,381,516,-121,1788558604633369
cross_device,0,1,color,382,517,-46,1788558604666536
cross_device,0,1,color,381,514,34,1788558604699870
cross_device,0,1,color,381,514,-302,1788558604733208
cross_device,0,1,color,381,512,15,1788558604766678
cross_device,0,1,color,381,510,-30,1788558604799988
cross_device,0,1,color,381,509,1,1788558604833332
cross_device,0,1,color,381,509,-335,1788558604866544
cross_device,0,1,color,381,508,25,1788558604899865
cross_device,0,1,color,381,509,22,1788558604933198
cross_device,0,1,color,380,505,-17,1788558604966677
cross_device,0,1,color,381,506,140,1788558605000012
cross_device,0,1,color,380,504,171,1788558605033366
cross_device,0,1,color,380,504,-132,1788558605066678
cross_device,0,1,color,380,503,-45,1788558605099844
cross_device,0,1,color,380,500,180,1788558605133368
cross_device,0,1,color,380,500,-31,1788558605166686
cross_device,0,1,color,380,500,228,1788558605200070
cross_device,0,1,color,380,499,174,1788558605233349
cross_device,0,1,color,379,497,-112,1788558605266559
cross_device,0,1,color,380,497,-280,1788558605299864
cross_device,0,1,color,379,494,98,1788558605333313
cross_device,0,1,color,379,494,26,1788558605366706
cross_device,0,1,color,379,492,4,1788558605400023
cross_device,0,1,color,379,493,156,1788558605433365
cross_device,0,1,color,379,491,45,1788558605466561
cross_device,0,1,color,379,492,29,1788558605499865
cross_device,0,1,color,379,489,-31,1788558605533328
cross_device,0,1,color,379,489,123,1788558605566669
cross_device,0,1,color,379,488,131,1788558605599999
cross_device,0,1,color,379,488,-127,1788558605633227
cross_device,0,1,color,379,485,-133,1788558605666555
cross_device,0,1,color,378,484,-411,1788558605699852
cross_device,0,1,color,378,482,171,1788558605733346
cross_device,0,1,color,378,481,120,1788558605766681
cross_device,0,1,color,378,482,15,1788558605800019
cross_device,0,1,color,378,480,170,1788558605833354
cross_device,0,1,color,378,480,-44,1788558605866503
cross_device,0,1,color,377,478,14,1788558605899869
cross_device,0,1,color,378,478,6,1788558605933209
cross_device,0,1,color,377,477,125,1788558605966691
cross_device,0,1,color,377,476,-27,1788558605999996
cross_device,0,1,color,378,476,-160,1788558606033227
cross_device,0,1,color,378,474,-167,1788558606066553
cross_device,0,1,color,378,443,-413,1788558606099851
cross_device,0,1,color,377,411,156,1788558606133357
cross_device,0,1,color,377,379,-22,1788558606166547
cross_device,0,1,color,377,350,-32,1788558606200224
cross_device,0,1,color,376,319,-189,1788558606233196
cross_device,0,1,color,377,290,101,1788558606266672
cross_device,0,1,color,377,258,-103,1788558606299867
cross_device,0,1,color,376,228,131,1788558606333347
cross_device,0,1,color,376,198,152,1788558606366690
cross_device,0,1,color,376,169,40,1788558606400008
cross_device,0,1,color,376,140,31,1788558606433348
cross_device,0,1,color,376,110,-341,1788558606466568
cross_device,0,1,color,376,81,-183,1788558606499832
cross_device,0,1,color,376,54,-204,1788558606533331
cross_device,0,1,color,375,23,135,1788558606566701
cross_device,0,1,color,375,-4,-38,1788558606600106
cross_device,0,1,color,375,-35,-150,1788558606633211
cross_device,0,1,color,376,-61,16,1788558606666551
cross_device,0,1,color,375,-90,-341,1788558606699871
cross_device,0,1,color,375,-118,-147,1788558606733354
cross_device,0,1,color,375,-145,-115,1788558606766709
cross_device,0,1,color,375,-174,-183,1788558606799828
cross_device,0,1,color,375,-199,-209,1788558606833451
cross_device,0,1,color,375,-227,-5,1788558606866712
cross_device,0,1,color,375,-253,-138,1788558606899872
cross_device,0,1,color,375,-280,-177,1788558606933326
cross_device,0,1,color,374,-307,-119,1788558606966716
cross_device,0,1,color,374,-332,-58,1788558606999993
cross_device,0,1,color,374,-358,-46,1788558607033339
cross_device,0,1,color,374,-385,-3,1788558607066691
cross_device,0,1,color,374,-410,-355,1788558607099881
cross_device,0,1,color,374,-435,115,1788558607133352
cross_device,0,1,color,374,-461,99,1788558607166663
cross_device,0,1,color,375,-485,-154,1788558607199860
cross_device,0,1,color,373,-513,2,1788558607233337
cross_device,0,1,color,374,-537,-6,1788558607266560
cross_device,0,1,color,374,-560,-191,1788558607299876
cross_device,0,1,color,374,-586,-191,1788558607333334
cross_device,0,1,color,373,-611,164,1788558607366702
cross_device,0,1,color,373,-636,131,1788558607400012
cross_device,0,1,color,373,-659,-224,1788558607433356
cross_device,0,1,color,373,-685,-31,1788558607466531
cross_device,0,1,color,374,-707,-59,1788558607499837
cross_device,0,1,color,373,-730,-150,1788558607533519
cross_device,0,1,color,373,-754,-19,1788558607566717
cross_device,0,1,color,373,-776,159,1788558607600014
cross_device,0,1,color,373,-653,-271,1788558607633328
cross_device,0,1,color,373,-533,-178,1788558607666551
cross_device,0,1,color,373,-413,-152,1788558607699875
cross_device,0,1,color,373,-292,144,1788558607733348
cross_device,0,1,color,373,-168,-44,1788558607766695
cross_device,0,1,color,372,-53,-23,1788558607800012
cross_device,0,1,color,372,64,-162,1788558607833322
cross_device,0,1,color,372,182,143,1788558607866687
cross_device,0,1,color,372,301,-169,1788558607899896
cross_device,0,1,color,372,416,5,1788558607933189
cross_device,0,1,color,372,533,161,1788558607966683
cross_device,0,1,color,371,647,163,1788558608000024
cross_device,0,1,color,372,763,40,1788558608033384
cross_device,0,1,color,371,876,41,1788558608066692
cross_device,0,1,color,371,987,-14,1788558608099863
cross_device,0,1,color,371,1100,-97,1788558608133354
cross_device,0,1,color,371,1209,161,1788558608166717
cross_device,0,1,color,371,1321,-8,1788558608199861
cross_device,0,1,color,371,1429,-331,1788558608233214
cross_device,0,1,color,371,1537,-57,1788558608266671
cross_device,0,1,color,371,1643,-173,1788558608300055
cross_device,0,1,color,371,1751,-11,1788558608333363
cross_device,0,1,color,371,1855,-334,1788558608366517
cross_device,0,1,color,370,1958,-23,1788558608399988
cross_device,0,1,color,370,2065,43,1788558608433370
cross_device,0,1,color,370,2169,-378,1788558608466538
cross_device,0,1,color,370,2268,-369,1788558608499879
cross_device,0,1,color,370,2371,-149,1788558608533354
cross_device,0,1,color,370,2474,-47,1788558608566687
cross_device,0,1,color,370,2575,-114,1788558608600024
cross_device,0,1,color,370,2677,-98,1788558608633364
cross_device,0,1,color,370,2774,-200,1788558608666663
cross_device,0,1,color,370,2873,-309,1788558608699879
cross_device,0,1,color,370,2970,-160,1788558608733369
cross_device,0,1,color,370,3067,-142,1788558608766689
cross_device,0,1,color,370,3165,-27,1788558608799997
cross_device,0,1,color,369,3263,72,1788558608833314
cross_device,0,1,color,369,3357,-244,1788558608866583
cross_device,0,1,color,369,3450,-189,1788558608899868
cross_device,0,1,color,369,3547,-137,1788558608933224
cross_device,0,1,color,369,3640,21,1788558608966705
cross_device,0,1,color,369,3735,154,1788558609000021
cross_device,0,1,color,369,3828,126,1788558609033342
cross_device,0,1,color,369,3922,20,1788558609066708
cross_device,0,1,color,368,4012,-203,1788558609099847
cross_device,0,1,color,368,4105,29,1788558609133348
cross_device,0,1,color,368,4195,1,1788558609166731
cross_device,0,1,color,368,4286,123,1788558609199991
cross_device,0,1,color,369,4379,171,1788558609233358
cross_device,0,1,color,368,4466,-334,1788558609266568
cross_device,0,1,color,368,4553,-258,1788558609299878
cross_device,0,1,color,368,4638,82,1788558609333308
cross_device,0,1,color,367,4725,117,1788558609366682
cross_device,0,1,color,368,4814,129,1788558609400006
cross_device,0,1,color,367,4901,-59,1788558609433328
cross_device,0,1,color,368,4987,-83,1788558609466646
cross_device,0,2,color,-543517,-554,-533375,1788558596033385
cross_device,0,2,color,-543515,3484,-533432,1788558596066635
cross_device,0,2,color,-552960,-2354,-1199825,1788558596100134
cross_device,0,2,color,-552942,1698,-1200214,1788558596133453
cross_device,0,2,color,-10174,572,-256,1788558596300199
cross_device,0,2,color,-10175,668,-264,1788558596333285
cross_device,0,2,color,-10174,764,-249,1788558596366637
cross_device,0,2,color,-10176,957,-243,1788558596433273
cross_device,0,2,color,-10176,1055,9,1788558596466812
cross_device,0,2,color,-10176,1150,-5,1788558596500092
cross_device,0,2,color,-10177,1247,-285,1788558596533138
cross_device,0,2,color,-10177,1342,-148,1788558596566612
cross_device,0,2,color,-10177,1441,-160,1788558596599907
cross_device,0,2,color,-10177,1536,-264,1788558596633173
cross_device,0,2,color,-10178,1631,-10,1788558596666783
cross_device,0,2,color,-10178,1729,-450,1788558596700044
cross_device,0,2,color,-10179,1824,-292,1788558596733265
cross_device,0,2,color,-10179,1922,-104,1788558596766629
cross_device,0,2,color,-10179,2017,-118,1788558596800228
cross_device,0,2,color,-10180,2112,-418,1788558596833134
cross_device,0,2,color,-10180,2211,-153,1788558596866645
cross_device,0,2,color,-10180,2306,-173,1788558596899930
cross_device,0,2,color,-10180,70,-247,1788558596933151
cross_device,0,2,color,-10933,-755,-300101,1788558597333518
cross_device,0,2,color,-10932,-760,-300170,1788558597366627
cross_device,0,2,color,-1816,-634,-257,1788558597999873
cross_device,0,2,color,-1816,-623,-273,1788558598033181
cross_device,0,2,color,-1817,-580,-435,1788558598066684
cross_device,0,2,color,-1817,-591,-200,1788558598100035
cross_device,0,2,color,-1817,-604,-255,1788558598133218
cross_device,0,2,color,-1818,-618,-259,1788558598166681
cross_device,0,2,color,-1818,-631,-231,1788558598199992
cross_device,0,2,color,-1818,-644,-307,1788558598233362
cross_device,0,2,color,-1818,-658,-257,1788558598266674
cross_device,0,2,color,-1819,-670,-310,1788558598299983
cross_device,0,2,color,-1819,-683,-241,1788558598333326
cross_device,0,2,color,-1819,-697,-231,1788558598366687
cross_device,0,2,color,-1820,-710,-345,1788558598399873
cross_device,0,2,color,-1820,-721,-279,1788558598433180
cross_device,0,2,color,-1821,-737,-214,1788558598466718
cross_device,0,2,color,-1821,-749,-151,1788558598499987
cross_device,0,2,color,-1821,-761,-213,1788558598533338
cross_device,0,2,color,-1821,-774,-116,1788558598566684
cross_device,0,2,color,-1822,-290,66,1788558598600175
cross_device,0,2,color,-1822,-299,-143,1788558598633443
cross_device,0,2,color,-1823,-306,-371,1788558598666714
cross_device,0,2,color,-1822,-312,-346,1788558598699886
cross_device,0,2,color,-1823,-321,-455,1788558598733316
cross_device,0,2,color,-1823,-328,-292,1788558598766515
cross_device,0,2,color,-1824,-336,-98,1788558598800007
cross_device,0,2,color,-1824,-342,-241,1788558598833194
cross_device,0,2,color,-1824,-350,-218,1788558598866738
cross_device,0,2,color,-1825,-358,-294,1788558598899846
cross_device,0,2,color,-1825,-365,-409,1788558598933198
cross_device,0,2,color,-1825,-372,-284,1788558598966527
cross_device,0,2,color,-1825,-379,-130,1788558599000005
cross_device,0,2,color,-1826,-386,-70,1788558599033509
cross_device,0,2,color,-1826,-731,-191,1788558599066722
cross_device,0,2,color,-1827,-742,-27,1788558599100345
cross_device,0,2,color,-1826,-754,-247,1788558599133354
cross_device,0,2,color,-1826,-767,-309,1788558599166519
cross_device,0,2,color,-1827,-776,-388,1788558599200018
cross_device,0,2,color,-1828,-791,-369,1788558599233338
cross_device,0,2,color,-1828,-802,-419,1788558599266690
cross_device,0,2,color,-1828,-813,-369,1788558599300013
cross_device,0,2,color,-1828,-824,-391,1788558599333344
cross_device,0,2,color,-1828,-838,-412,1788558599366540
cross_device,0,2,color,-1830,-850,-122,1788558599400117
cross_device,0,2,color,-1830,-861,-403,1788558599433360
cross_device,0,2,color,-1830,-873,-389,1788558599466674
cross_device,0,2,color,-1830,-885,-159,1788558599500107
cross_device,0,2,color,-1831,-897,-424,1788558599533356
cross_device,0,2,color,-1831,-909,-382,1788558599566554
cross_device,0,2,color,-1830,-920,-79,1788558599600031
cross_device,0,2,color,-1831,73,-402,1788558599633210
cross_device,0,2,color,-1831,64,-369,1788558599666557
cross_device,0,2,color,-1831,54,-359,1788558599699895
cross_device,0,2,color,-1832,44,-450,1788558599733351
cross_device,0,2,color,-1833,33,-409,1788558599766539
cross_device,0,2,color,-1833,23,-359,1788558599799866
cross_device,0,2,color,-1833,15,-302,1788558599833172
cross_device,0,2,color,-1833,5,-342,1788558599866725
cross_device,0,2,color,-1834,-5,-122,1788558599900024
cross_device,0,2,color,-1834,-14,-216,1788558599933211
cross_device,0,2,color,-1835,-24,-573,1788558599966549
cross_device,0,2,color,-1835,-35,-114,1788558600000009
cross_device,0,2,color,-1835,-43,-137,1788558600033325
cross_device,0,2,color,-1835,920,-245,1788558600066819
cross_device,0,2,color,-1836,921,-262,1788558600099995
cross_device,0,2,color,-1836,922,-284,1788558600133171
cross_device,0,2,color,-1837,924,-569,1788558600166548
cross_device,0,2,color,-1836,926,-101,1788558600200006
cross_device,0,2,color,-1837,929,-150,1788558600233309
cross_device,0,2,color,-1837,930,-407,1788558600266700
cross_device,0,2,color,-1838,931,-419,1788558600299891
cross_device,0,2,color,-1838,933,-234,1788558600333360
cross_device,0,2,color,-1838,936,-581,1788558600366555
cross_device,0,2,color,-1839,937,-440,1788558600399839
cross_device,0,2,color,-1838,938,-405,1788558600433189
cross_device,0,2,color,-1839,941,-236,1788558600466666
cross_device,0,2,color,-1839,942,-236,1788558600499887
cross_device,0,2,color,-1840,945,-550,1788558600533216
cross_device,0,2,color,-1840,944,-21,1788558600566794
cross_device,0,2,color,-1840,947,-409,1788558600599858
cross_device,0,2,color,-1841,105,-345,1788558600633213
cross_device,0,2,color,-1841,103,-535,1788558600666565
cross_device,0,2,color,-1841,103,-428,1788558600699841
cross_device,0,2,color,-1842,101,-294,1788558600733174
cross_device,0,2,color,-1842,101,-541,1788558600766554
cross_device,0,2,color,-1842,100,-91,1788558600800014
cross_device,0,2,color,-1842,100,-112,1788558600833359
cross_device,0,2,color,-1842,99,-280,1788558600866549
cross_device,0,2,color,-1843,98,-242,1788558600900028
cross_device,0,2,color,-1843,97,-261,1788558600933327
cross_device,0,2,color,-1844,97,-224,1788558600966699
cross_device,0,2,color,-1844,96,-571,1788558600999868
cross_device,0,2,color,-1844,94,-419,1788558601033213
cross_device,0,2,color,-1845,100,-386,1788558601066685
cross_device,0,2,color,-1844,98,-270,1788558601100022
cross_device,0,2,color,-1845,96,-300,1788558601133322
cross_device,0,2,color,-1846,95,-413,1788558601166532
cross_device,0,2,color,-1846,93,-595,1788558601199841
cross_device,0,2,color,-1846,91,-217,1788558601233221
cross_device,0,2,color,-1846,88,-116,1788558601266670
cross_device,0,2,color,-1846,87,-233,1788558601300020
cross_device,0,2,color,-1847,84,-252,1788558601333357
cross_device,0,2,color,-1847,82,-270,1788558601366673
cross_device,0,2,color,-1847,81,-443,1788558601399985
cross_device,0,2,color,-1848,77,-327,1788558601433371
cross_device,0,2,color,-1848,76,-379,1788558601466552
cross_device,0,2,color,-1848,74,-456,1788558601499837
cross_device,0,2,color,-1848,72,-222,1788558601533364
cross_device,0,2,color,-1849,70,-198,1788558601566711
cross_device,0,2,color,-1849,67,-350,1788558601599887
cross_device,0,2,color,-1849,-321,-285,1788558601633187
cross_device,0,2,color,-1850,-324,-201,1788558601666557
cross_device,0,2,color,-1850,-326,-75,1788558601700022
cross_device,0,2,color,-1851,-328,-572,1788558601733219
cross_device,0,2,color,-1851,-330,-415,1788558601766537
cross_device,0,2,color,-1851,-332,-188,1788558601800037
cross_device,0,2,color,-1851,-334,-316,1788558601833370
cross_device,0,2,color,-1852,-337,-262,1788558601866704
cross_device,0,2,color,-1852,-341,-219,1788558601899900
cross_device,0,2,color,-1853,-343,-340,1788558601933205
cross_device,0,2,color,-1852,-343,-275,1788558601966671
cross_device,0,2,color,-1853,-345,-241,1788558602000027
cross_device,0,2,color,-1853,-348,-330,1788558602033227
cross_device,0,2,color,-1853,-944,-264,1788558602066665
cross_device,0,2,color,-1854,-948,-173,1788558602100175
cross_device,0,2,color,-1855,-952,-497,1788558602133349
cross_device,0,2,color,-1855,-955,-364,1788558602166559
cross_device,0,2,color,-1855,-958,-250,1788558602200018
cross_device,0,2,color,-1855,-960,-421,1788558602233193
cross_device,0,2,color,-1856,-965,-69,1788558602266706
cross_device,0,2,color,-1856,-967,-73,1788558602300021
cross_device,0,2,color,-1857,-971,-445,1788558602333341
cross_device,0,2,color,-1856,-974,-390,1788558602366697
cross_device,0,2,color,-1857,-976,-262,1788558602399979
cross_device,0,2,color,-1857,-979,-219,1788558602433369
cross_device,0,2,color,-1858,-983,-257,1788558602466684
cross_device,0,2,color,-1857,-985,-279,1788558602500006
cross_device,0,2,color,-1858,-989,-292,1788558602533325
cross_device,0,2,color,-1858,-991,-443,1788558602566674
cross_device,0,2,color,-1858,-995,-72,1788558602600023
cross_device,0,2,color,-1859,-619,-357,1788558602633241
cross_device,0,2,color,-1859,-623,-262,1788558602666532
cross_device,0,2,color,-1859,-624,-288,1788558602699834
cross_device,0,2,color,-1860,-628,-220,1788558602733349
cross_device,0,2,color,-1860,-629,-522,1788558602766567
cross_device,0,2,color,-1860,-633,-433,1788558602799843
cross_device,0,2,color,-1860,-633,-474,1788558602833317
cross_device,0,2,color,-1861,-638,-398,1788558602866573
cross_device,0,2,color,-1862,-642,-233,1788558602899903
cross_device,0,2,color,-1862,-643,-304,1788558602933166
cross_device,0,2,color,-1862,-647,-255,1788558602966677
cross_device,0,2,color,-1863,-650,-249,1788558602999999
cross_device,0,2,color,-1862,-653,-219,1788558603033340
cross_device,0,2,color,-1863,-469,-189,1788558603066700
cross_device,0,2,color,-1863,-471,-268,1788558603099849
cross_device,0,2,color,-1864,-475,-310,1788558603133317
cross_device,0,2,color,-1864,-478,-233,1788558603166691
cross_device,0,2,color,-1864,-480,-212,1788558603200012
cross_device,0,2,color,-1864,-485,-405,1788558603233356
cross_device,0,2,color,-1865,-489,-116,1788558603266702
cross_device,0,2,color,-1865,-492,-267,1788558603299974
cross_device,0,2,color,-1866,-494,-271,1788558603333345
cross_device,0,2,color,-1866,-498,-239,1788558603366700
cross_device,0,2,color,-1866,-503,-209,1788558603400020
cross_device,0,2,color,-1866,-505,-331,1788558603433350
cross_device,0,2,color,-1867,-510,-209,1788558603466704
cross_device,0,2,color,-1867,-512,-233,1788558603500011
cross_device,0,2,color,-1867,-517,-377,1788558603533360
cross_device,0,2,color,-1868,-519,-280,1788558603566664
cross_device,0,2,color,-1867,-522,-246,1788558603599992
cross_device,0,2,color,-1868,-211,-106,1788558603633369
cross_device,0,2,color,-1869,-215,-383,1788558603666549
cross_device,0,2,color,-1869,-219,-525,1788558603699876
cross_device,0,2,color,-1869,-222,-528,1788558603733168
cross_device,0,2,color,-1869,-226,-266,1788558603766696
cross_device,0,2,color,-1870,-231,-231,1788558603799868
cross_device,0,2,color,-1870,-233,-571,1788558603833205
cross_device,0,2,color,-1870,-238,-375,1788558603866543
cross_device,0,2,color,-1870,-240,-444,1788558603899848
cross_device,0,2,color,-1871,-246,-222,1788558603933207
cross_device,0,2,color,-1871,-250,-209,1788558603966703
cross_device,0,2,color,-1871,-254,-218,1788558604000035
cross_device,0,2,color,-1872,-258,-271,1788558604033327
cross_device,0,2,color,-1872,-294,-378,1788558604066575
cross_device,0,2,color,-1872,-297,-370,1788558604099857
cross_device,0,2,color,-1872,-299,-273,1788558604133315
cross_device,0,2,color,-1873,-301,-263,1788558604166676
cross_device,0,2,color,-1874,-302,-211,1788558604200002
cross_device,0,2,color,-1874,-304,-684,1788558604233346
cross_device,0,2,color,-1874,-306,-637,1788558604266675
cross_device,0,2,color,-1875,-310,-309,1788558604299837
cross_device,0,2,color,-1875,-312,-331,1788558604333352
cross_device,0,2,color,-1875,-313,-377,1788558604366703
cross_device,0,2,color,-1875,-315,-269,1788558604399978
cross_device,0,2,color,-1876,-319,-444,1788558604433543
cross_device,0,2,color,-1876,-320,-506,1788558604466579
cross_device,0,2,color,-1876,-320,-533,1788558604499864
cross_device,0,2,color,-1876,-323,-636,1788558604533178
cross_device,0,2,color,-1877,-326,-448,1788558604566690
cross_device,0,2,color,-1877,-327,-52,1788558604600022
cross_device,0,2,color,-1878,-69,-439,1788558604633369
cross_device,0,2,color,-1877,-68,-452,1788558604666536
cross_device,0,2,color,-1878,-72,-632,1788558604699870
cross_device,0,2,color,-1879,-73,-599,1788558604733208
cross_device,0,2,color,-1878,-75,-234,1788558604766678
cross_device,0,2,color,-1879,-77,-266,1788558604799988
cross_device,0,2,color,-1879,-77,-659,1788558604833332
cross_device,0,2,color,-1879,-79,-383,1788558604866544
cross_device,0,2,color,-1880,-81,-417,1788558604899865
cross_device,0,2,color,-1880,-82,-253,1788558604933198
cross_device,0,2,color,-1881,-85,-140,1788558604966677
cross_device,0,2,color,-1880,-85,-210,1788558605000012
cross_device,0,2,color,-1881,-87,-176,1788558605033366
cross_device,0,2,color,-1881,-232,-463,1788558605066678
cross_device,0,2,color,-2027,-379,-785,1788558605099844
cross_device,0,2,color,-2046,-401,-358,1788558605133368
cross_device,0,2,color,-2045,-400,-597,1788558605166686
cross_device,0,2,color,-2063,-419,-350,1788558605200070
cross_device,0,2,color,-1866,-223,-382,1788558605233349
cross_device,0,2,color,-1867,-225,-488,1788558605266559
cross_device,0,2,color,-2012,-372,-673,1788558605299864
cross_device,0,2,color,-1884,-246,-282,1788558605333313
cross_device,0,2,color,-1884,-246,-367,1788558605366706
cross_device,0,2,color,-1885,-250,-241,1788558605400023
cross_device,0,2,color,-1884,-249,-378,1788558605433365
cross_device,0,2,color,-1885,-251,-535,1788558605466561
cross_device,0,2,color,-1885,-252,-563,1788558605499865
cross_device,0,2,color,-1885,-253,-389,1788558605533328
cross_device,0,2,color,-1886,-257,-422,1788558605566669
cross_device,0,2,color,-1886,-256,-249,1788558605599999
cross_device,0,2,color,-1886,-258,-333,1788558605633227
cross_device,0,2,color,-1887,-261,-521,1788558605666555
cross_device,0,2,color,-1887,-262,-420,1788558605699852
cross_device,0,2,color,-1887,-264,-423,1788558605733346
cross_device,0,2,color,-1888,-266,-217,1788558605766681
cross_device,0,2,color,-1887,-264,-215,1788558605800019
cross_device,0,2,color,-1888,-268,-413,1788558605833354
cross_device,0,2,color,-1889,-269,-598,1788558605866503
cross_device,0,2,color,-1889,-270,-527,1788558605899869
cross_device,0,2,color,-1889,-273,-346,1788558605933209
cross_device,0,2,color,-1889,-273,-249,1788558605966691
cross_device,0,2,color,-1890,-276,-247,1788558605999996
cross_device,0,2,color,-1890,-277,-496,1788558606033227
cross_device,0,2,color,-1890,-279,-347,1788558606066553
cross_device,0,2,color,-1890,-309,-566,1788558606099851
cross_device,0,2,color,-1891,-342,-377,1788558606133357
cross_device,0,2,color,-1891,-374,-506,1788558606166547
cross_device,0,2,color,-1892,-405,-285,1788558606200224
cross_device,0,2,color,-1892,-435,-565,1788558606233196
cross_device,0,2,color,-1892,-467,-419,1788558606266672
cross_device,0,2,color,-1892,-498,-574,1788558606299867
cross_device,0,2,color,-1893,-529,-108,1788558606333347
cross_device,0,2,color,-1893,-559,-229,1788558606366690
cross_device,0,2,color,-1893,-588,-229,1788558606400008
cross_device,0,2,color,-1894,-619,-189,1788558606433348
cross_device,0,2,color,-1894,-648,-226,1788558606466568
cross_device,0,2,color,-1894,-677,-427,1788558606499832
cross_device,0,2,color,-1895,-708,-292,1788558606533331
cross_device,0,2,color,-1895,-736,-352,1788558606566701
cross_device,0,2,color,-1896,-767,-38,1788558606600106
cross_device,0,2,color,-1896,-796,-414,1788558606633211
cross_device,0,2,color,-1896,-824,-565,1788558606666551
cross_device,0,2,color,-1896,-852,-632,1788558606699871
cross_device,0,2,color,-1897,-882,-425,1788558606733354
cross_device,0,2,color,-1897,-908,-348,1788558606766709
cross_device,0,2,color,-1897,-937,-470,1788558606799828
cross_device,0,2,color,-1898,-964,-144,1788558606833451
cross_device,0,2,color,-1898,-991,-207,1788558606866712
cross_device,0,2,color,-1898,-1019,-529,1788558606899872
cross_device,0,2,color,-1898,-1045,-258,1788558606933326
cross_device,0,2,color,-1899,-1074,-194,1788558606966716
cross_device,0,2,color,-1899,-1100,-260,1788558606999993
cross_device,0,2,color,-1899,-1127,-242,1788558607033339
cross_device,0,2,color,-1899,-1153,-281,1788558607066691
cross_device,0,2,color,-1900,-1180,-590,1788558607099881
cross_device,0,2,color,-1900,-1204,-396,1788558607133352
cross_device,0,2,color,-1900,-1230,-292,1788558607166663
cross_device,0,2,color,-1900,-1257,-401,1788558607199860
cross_device,0,2,color,-1902,-1284,-458,1788558607233337
cross_device,0,2,color,-1901,-1309,-521,1788558607266560
cross_device,0,2,color,-1901,-1332,-569,1788558607299876
cross_device,0,2,color,-1902,-1359,-436,1788558607333334
cross_device,0,2,color,-1902,-1385,-224,1788558607366702
cross_device,0,2,color,-1902,-1409,-207,1788558607400012
cross_device,0,2,color,-1903,-1433,-379,1788558607433356
cross_device,0,2,color,-1903,-1459,-558,1788558607466531
cross_device,0,2,color,-1903,-1483,-539,1788558607499837
cross_device,0,2,color,-1904,-1506,-238,1788558607533519
cross_device,0,2,color,-1904,-1531,-214,1788558607566717
cross_device,0,2,color,-1904,-1554,-240,1788558607600014
cross_device,0,2,color,-1905,-1578,-133,1788558607633328
cross_device,0,2,color,-1905,-1601,-363,1788558607666551
cross_device,0,2,color,-1905,-1627,-626,1788558607699875
cross_device,0,2,color,-1905,-1650,-403,1788558607733348
cross_device,0,2,color,-1905,-1668,-53,1788558607766695
cross_device,0,2,color,-1906,-1690,-239,1788558607800012
cross_device,0,2,color,-1907,-1714,-435,1788558607833322
cross_device,0,2,color,-1907,-1736,-412,1788558607866687
cross_device,0,2,color,-1907,-1755,-505,1788558607899896
cross_device,0,2,color,-1907,-1775,-252,1788558607933189
cross_device,0,2,color,-1908,-1798,-388,1788558607966683
cross_device,0,2,color,-1908,-1818,-241,1788558608000024
cross_device,0,2,color,-1908,-1838,-380,1788558608033384
cross_device,0,2,color,-1909,-1858,-266,1788558608066692
cross_device,0,2,color,-1909,-1880,-615,1788558608099863
cross_device,0,2,color,-1909,-1900,-438,1788558608133354
cross_device,0,2,color,-1910,-1922,-349,1788558608166717
cross_device,0,2,color,-1910,-1939,-399,1788558608199861
cross_device,0,2,color,-1910,-1962,-411,1788558608233214
cross_device,0,2,color,-1911,-1981,-489,1788558608266671
cross_device,0,2,color,-1910,-2005,-693,1788558608300055
cross_device,0,2,color,-1911,-2023,-378,1788558608333363
cross_device,0,2,color,-1911,-2045,-582,1788558608366517
cross_device,0,2,color,-1912,-2063,-271,1788558608399988
cross_device,0,2,color,-1912,-2081,-417,1788558608433370
cross_device,0,2,color,-1912,-2102,-631,1788558608466538
cross_device,0,2,color,-1913,-2124,-554,1788558608499879
cross_device,0,2,color,-1913,-2142,-484,1788558608533354
cross_device,0,2,color,-1914,-2160,-241,1788558608566687
cross_device,0,2,color,-1913,-2175,-59,1788558608600024
cross_device,0,2,color,-1912,-2193,-443,1788558608633364
cross_device,0,2,color,-1914,-2215,-415,1788558608666663
cross_device,0,2,color,-1914,-2231,-395,1788558608699879
cross_device,0,2,color,-1912,-2247,-405,1788558608733369
cross_device,0,2,color,-1915,-2268,-395,1788558608766689
cross_device,0,2,color,-1915,-2283,-119,1788558608799997
cross_device,0,2,color,-1915,-2301,-462,1788558608833314
cross_device,0,2,color,-1916,-2320,-548,1788558608866583
cross_device,0,2,color,-1916,-2340,-537,1788558608899868
cross_device,0,2,color,-1913,-2351,-331,1788558608933224
cross_device,0,2,color,-1917,-2373,-236,1788558608966705
cross_device,0,2,color,-1917,-2387,-95,1788558609000021
cross_device,0,2,color,-1914,-2401,-190,1788558609033342
cross_device,0,2,color,-1917,-2419,-419,1788558609066708
cross_device,0,2,color,-1918,-2439,-617,1788558609099847
cross_device,0,2,color,-1911,-2449,-423,1788558609133348
cross_device,0,2,color,-1918,-2471,-344,1788558609166731
cross_device,0,2,color,-1919,-2487,-115,1788558609199991
cross_device,0,2,color,-1909,-2493,-208,1788558609233358
cross_device,0,2,color,-1919,-2519,-528,1788558609266568
cross_device,0,2,color,-1920,-2536,-528,1788558609299878
cross_device,0,2,color,-1920,-2552,-275,1788558609333308
cross_device,0,2,color,-1921,-2570,-414,1788558609366682
cross_device,0,2,color,-1920,-2583,-220,1788558609400006
cross_device,0,2,color,-1921,-2597,-237,1788558609433328
cross_device,0,2,color,-1921,-2612,-455,1788558609466646
cross_device,0,2,color,-1921,-2631,-564,1788558609499861
cross_device,0,2,color,-1922,-2646,-383,1788558609533190
cross_device,0,2,color,-1922,-2661,-408,1788558609566676
cross_device,0,2,color,-1922,-2677,-432,1788558609599832
cross_device,0,2,color,-1923,-2690,-86,1788558609633374
cross_device,0,2,color,-1923,-2705,-500,1788558609666551
cross_device,0,2,color,-1923,-2720,-388,1788558609699874
cross_device,0,2,color,-1924,-2734,-250,1788558609733345
cross_device,0,2,color,-1924,-2747,-381,1788558609766672
cross_device,0,2,color,-1924,-2764,-274,1788558609799998
cross_device,0,2,color,-1925,-2779,-255,1788558609833315
cross_device,0,2,color,-1925,-2791,-414,1788558609866707
cross_device,0,2,color,-1925,-2807,-491,1788558609899855
cross_device,0,2,color,-1925,-2821,-424,1788558609933178
cross_device,0,2,color,-1925,-2834,-258,1788558609966531
cross_device,0,2,color,-1926,-2847,-290,1788558609999977
cross_device,0,2,color,-1927,-2860,-85,1788558610033332
cross_device,0,2,color,-1926,-2870,-78,1788558610066689
cross_device,0,2,color,-1927,-2888,-630,1788558610099822
cross_device,0,2,color,-1927,-2899,-299,1788558610133297
cross_device,0,2,color,-1928,-2912,-278,1788558610166688
cross_device,0,2,color,-1927,-2925,-258,1788558610199993
cross_device,0,2,color,-1929,-2939,-364,1788558610233201
cross_device,0,2,color,-1928,-2951,-121,1788558610266687
cross_device,0,2,color,-1783,-2820,-261,1788558610299864
cross_device,0,2,color,-1912,-2960,-429,1788558610333303
cross_device,0,2,color,-1913,-2973,-248,1788558610366654
cross_device,0,2,color,-1913,-2984,-45,1788558610400014
cross_device,0,2,color,-1913,-2996,-222,1788558610433347
cross_device,0,2,color,-1914,-3011,-569,1788558610466521
cross_device,0,2,color,-1914,-3022,-426,1788558610499988
cross_device,0,2,color,-1915,-3038,-427,1788558610533325
cross_device,0,2,color,-1915,-3049,-216,1788558610566704
cross_device,0,2,color,-1914,-3059,-195,1788558610600004
cross_device,0,2,color,-1915,-3071,-119,1788558610633328
cross_device,0,2,color,-1916,-3083,-408,1788558610666517
cross_device,0,2,color,-1916,-3096,-502,1788558610699882
cross_device,0,2,color,-1917,-3111,-434,1788558610733511
cross_device,0,2,color,-1917,-3122,-404,1788558610766863
cross_device,0,2,color,-1899,-3114,-249,1788558610799818
cross_device,0,2,color,-1770,-2997,-94,1788558610833335
cross_device,0,2,color,-1588,-2825,49,1788558610866637
cross_device,0,2,color,-1588,-2838,-20,1788558610899857
cross_device,0,2,color,-1916,-3177,-386,1788558610933180
cross_device,0,2,color,-1626,-2897,-143,1788558610966546
cross_device,0,2,color,-1626,-2911,-142,1788558610999858
cross_device,0,2,color,-1935,-3228,-261,1788558611033355
cross_device,0,2,color,-1935,-3243,-535,1788558611066533
cross_device,0,2,color,-1935,-3252,-549,1788558611099865
cross_device,0,2,color,-1935,-3266,-504,1788558611133302
cross_device,0,2,color,-1936,-3278,-420,1788558611166682
cross_device,0,2,color,-1936,-3289,-307,1788558611199998
cross_device,0,2,color,-1937,-3299,-611,1788558611233185
cross_device,0,2,color,-1937,-3312,-570,1788558611266541
cross_device,0,2,color,-1937,-3324,-412,1788558611299868
cross_device,0,2,color,-1938,-3338,-694,1788558611333316
cross_device,0,2,color,-1938,-3349,-449,1788558611366632
cross_device,0,2,color,-1938,-3358,-267,1788558611399831
cross_device,0,2,color,-1938,-3370,-550,1788558611433193
cross_device,0,2,color,-1939,-3381,-340,1788558611466558
cross_device,0,2,color,-1939,-3391,-595,1788558611499818
cross_device,0,2,color,-1940,-3403,-445,1788558611533303
cross_device,0,2,color,-1940,-3413,-523,1788558611566542
cross_device,0,2,color,-1940,-3424,-205,1788558611599866
cross_device,0,2,color,-1941,-3431,-195,1788558611633362
cross_device,0,2,color,-1940,-3443,-561,1788558611666510
cross_device,0,2,color,-1941,-3455,-417,1788558611699830
cross_device,0,2,color,-1942,-3463,-239,1788558611733329
cross_device,0,2,color,-1942,-3472,-405,1788558611766699
cross_device,0,2,color,-1941,-3481,-238,1788558611799995
cross_device,0,2,color,-1942,-3489,-129,1788558611833483
cross_device,0,2,color,-1942,-3498,-391,1788558611866541
cross_device,0,2,color,-1942,-3508,-501,1788558611899863
cross_device,0,2,color,-1943,-3518,-391,1788558611933187
cross_device,0,2,color,-1944,-3530,-463,1788558611966678
cross_device,0,2,color,-1943,-3537,-274,1788558611999970
cross_device,0,2,color,-1944,-3545,-132,1788558612033306
cross_device,0,2,color,-1944,-3555,-447,1788558612066528
cross_device,0,2,color,-1945,-3565,-535,1788558612099859
cross_device,0,2,color,-1945,-3574,-439,1788558612133323
cross_device,0,2,color,-1945,-3585,-567,1788558612166556
cross_device,0,2,color,-1945,-3594,-403,1788558612199837
cross_device,0,2,color,-1946,-3603,-334,1788558612233341
cross_device,0,2,color,-1946,-3614,-571,1788558612266537
cross_device,0,2,color,-1946,-3620,-369,1788558612299862
cross_device,0,2,color,-1947,-3634,-530,1788558612333522
cross_device,0,2,color,-1947,-3642,-497,1788558612366880
cross_device,0,2,color,-1947,-3649,-207,1788558612400005
cross_device,0,2,color,-1947,-3654,-265,1788558612433338
cross_device,0,2,color,-1948,-3664,-261,1788558612466519
cross_device,0,2,color,-1948,-3672,-386,1788558612499871
cross_device,0,2,color,-1948,-3679,-406,1788558612533332
cross_device,0,2,color,-1949,-3690,-430,1788558612566679
cross_device,0,2,color,-1949,-3696,-150,1788558612599956
cross_device,0,2,color,-1950,-3704,-120,1788558612633328
cross_device,0,2,color,-1950,-3712,-367,1788558612666549
cross_device,0,2,color,-1950,-3722,-550,1788558612699865
cross_device,0,2,color,-1950,-3728,-271,1788558612733317
cross_device,0,2,color,-1951,-3736,-107,1788558612766679
cross_device,0,2,color,-1951,-3742,-234,1788558612799996
cross_device,0,2,color,-1951,-3750,-240,1788558612833339
cross_device,0,2,color,-1951,-3757,-384,1788558612866543
cross_device,0,2,color,-1952,-3765,-448,1788558612899875
cross_device,0,2,color,-1952,-3772,-241,1788558612933192
cross_device,0,2,color,-1952,-3780,-414,1788558612966690
cross_device,0,2,color,-1952,-3786,-96,1788558613000016
cross_device,0,2,color,-1953,-3791,-262,1788558613033353
cross_device,0,2,color,-1953,-3800,-247,1788558613066680
cross_device,0,2,color,-1954,-3809,-549,1788558613099871
cross_device,0,2,color,-1953,-3816,-476,1788558613133330
cross_device,0,2,color,-1954,-3825,-543,1788558613166563
cross_device,0,2,color,-1955,-3832,-353,1788558613199880
cross_device,0,2,color,-1955,-3839,-313,1788558613233292
cross_device,0,2,color,-1955,-3848,-428,1788558613266533
cross_device,0,2,color,-1955,-3854,-543,1788558613299871
cross_device,0,2,color,-1955,-3863,-600,1788558613333201
cross_device,0,2,color,-1956,-3871,-445,1788558613366539
cross_device,0,2,color,-1956,-3877,-397,1788558613399852
cross_device,0,2,color,-1956,-3887,-604,1788558613433209
cross_device,0,2,color,-1957,-3897,-538,1788558613466535
cross_device,0,2,color,-1957,-3901,-257,1788558613499882
cross_device,0,2,color,-1957,-3909,-419,1788558613533345
cross_device,0,2,color,-1958,-3917,-415,1788558613566546
cross_device,0,2,color,-1958,-3923,-380,1788558613599860
cross_device,0,2,color,-1958,-3930,-420,1788558613633355
cross_device,0,2,color,-1959,-3938,-612,1788558613666539
cross_device,0,2,color,-1959,-3945,-382,1788558613699877
cross_device,0,2,color,-1959,-3953,-417,1788558613733344
cross_device,0,2,color,-1960,-3958,-284,1788558613766673
cross_device,0,2,color,-1960,-3965,-275,1788558613799960
cross_device,0,2,color,-1961,-3971,-240,1788558613833341
cross_device,0,2,color,-1960,-3977,-538,1788558613866529
cross_device,0,2,color,-1961,-3982,-270,1788558613899844
cross_device,0,2,color,-1961,-3989,-414,1788558613933169
cross_device,0,2,color,-1962,-3996,-472,1788558613966683
cross_device,0,2,color,-1962,-4001,-201,1788558614000006
cross_device,0,2,color,-1962,-4008,-269,1788558614033306
cross_device,0,2,color,-1963,-4014,-423,1788558614066526
cross_device,0,2,color,-1962,-4021,-629,1788558614100000
cross_device,0,2,color,-1963,-4027,-339,1788558614133564
cross_device,0,2,color,-1963,-4033,-320,1788558614166782
cross_device,0,2,color,-1964,-4040,-450,1788558614199829
cross_device,0,2,color,-1964,-4045,-414,1788558614233330
cross_device,0,2,color,-1964,-4053,-466,1788558614266678
cross_device,0,2,color,-1964,-4058,-566,1788558614299837
cross_device,0,2,color,-1964,-4065,-394,1788558614333196
cross_device,0,2,color,-1965,-4068,-104,1788558614366675
cross_device,0,2,color,-1965,-4074,-262,1788558614399986
cross_device,0,2,color,-1966,-4081,-459,1788558614433314
cross_device,0,2,color,-1965,-4086,-408,1788558614466548
cross_device,0,2,color,-1966,-4092,-395,1788558614499889
cross_device,0,2,color,-1967,-4097,-236,1788558614533226
cross_device,0,2,color,-1967,-4102,-242,1788558614566695
cross_device,0,2,color,-1967,-4106,-107,1788558614600014
cross_device,0,2,color,-1967,-4111,-335,1788558614633244
cross_device,0,2,color,-1967,-4116,-392,1788558614666556
cross_device,0,2,color,-1968,-4124,-527,1788558614699884
cross_device,0,2,color,-1968,-4129,-401,1788558614733210
cross_device,0,2,color,-1969,-4135,-294,1788558614766690
cross_device,0,2,color,-1968,-4139,-379,1788558614799870
cross_device,0,2,color,-1969,-4145,-428,1788558614833334
cross_device,0,2,color,-1969,-4150,-266,1788558614866642
cross_device,0,2,color,-1970,-4156,-474,1788558614899865
cross_device,0,2,color,-1970,-4163,-364,1788558614933199
cross_device,0,2,color,-1970,-4168,-370,1788558614966653
cross_device,0,2,color,-1970,-4171,-204,1788558615000005
cross_device,0,2,color,-1971,-4176,-235,1788558615033337
cross_device,0,2,color,-1971,-4183,-511,1788558615066530
cross_device,0,2,color,-1971,-4186,-593,1788558615100008
cross_device,0,2,color,-1972,-4193,-418,1788558615133340
cross_device,0,2,color,-1972,-4197,-546,1788558615166523
cross_device,0,2,color,-1973,-4200,-248,1788558615200005
cross_device,0,2,color,-1973,-4202,-262,1788558615233311
cross_device,0,2,color,-1973,-4208,-513,1788558615266519
cross_device,0,2,color,-1973,-4213,-578,1788558615299869
cross_device,0,2,color,-1974,-4218,-443,1788558615333328
cross_device,0,2,color,-1974,-4222,-375,1788558615366545
cross_device,0,2,color,-1975,-4226,-219,1788558615399990
cross_device,0,2,color,-1975,-4230,-409,1788558615433482
cross_device,0,2,color,-1975,-4235,-538,1788558615466523
cross_device,0,2,color,-1976,-4239,-532,1788558615499844
cross_device,0,2,color,-1976,-4243,-455,1788558615533324
cross_device,0,2,color,-1976,-4248,-376,1788558615566561
cross_device,0,2,color,-1976,-4250,-396,1788558615599859
cross_device,0,2,color,-1976,-4252,-53,1788558615633370
cross_device,0,2,color,-1977,-4254,-272,1788558615666522
cross_device,0,2,color,-1977,-4256,-266,1788558615699846
cross_device,0,2,color,-1978,-4262,-519,1788558615733537
cross_device,0,2,color,-1978,-4268,-543,1788558615766543
cross_device,0,2,color,-1977,-4270,-386,1788558615799857
cross_device,0,2,color,-1978,-4274,-384,1788558615833337
cross_device,0,2,color,-1979,-4279,-589,1788558615866509
cross_device,0,2,color,-1979,-4283,-427,1788558615899969
cross_device,0,2,color,-1979,-4287,-409,1788558615933190
cross_device,0,2,color,-1979,-4290,-373,1788558615966689
cross_device,0,2,color,-1979,-4293,-500,1788558615999998
cross_device,0,2,color,-1980,-4297,-125,1788558616033471
cross_device,0,2,color,-1980,-4302,-573,1788558616066537
cross_device,0,2,color,-1980,-4305,-424,1788558616099846
cross_device,0,2,color,-1981,-4311,-473,1788558616133294
cross_device,0,2,color,-1981,-4312,-418,1788558616166684
cross_device,0,2,color,-1982,-4317,-470,1788558616199863
cross_device,0,2,color,-1982,-4318,-277,1788558616233299
cross_device,0,2,color,-1983,-4325,-531,1788558616266551
cross_device,0,2,color,-1983,-4328,-391,1788558616299855
cross_device,0,2,color,-1983,-4329,-244,1788558616333309
cross_device,0,2,color,-1983,-4334,-366,1788558616366552
cross_device,0,2,color,-1983,-4335,-258,1788558616399866
cross_device,0,2,color,-1984,-4337,-267,1788558616433304
cross_device,0,2,color,-1984,-4340,-374,1788558616466709
cross_device,0,2,color,-1984,-4343,-593,1788558616499872
cross_device,0,2,color,-1985,-4348,-441,1788558616533311
cross_device,0,2,color,-1985,-4350,-246,1788558616566832
cross_device,0,2,color,-1985,-4351,-103,1788558616600023
cross_device,0,2,color,-1985,-4350,-90,1788558616633372
cross_device,0,2,color,-1986,-4356,-371,1788558616666698
cross_device,0,2,color,-1986,-4359,-477,1788558616699867
cross_device,0,2,color,-1987,-4364,-467,1788558616733311
cross_device,0,2,color,-1987,-4364,-431,1788558616766647
cross_device,0,2,color,-1987,-4369,-294,1788558616799988
cross_device,0,2,color,-1987,-4371,-114,1788558616833340
cross_device,0,2,color,-1987,-4372,-105,1788558616866798
cross_device,0,2,color,-1988,-4376,-476,1788558616899869
cross_device,0,2,color,-1988,-4377,-402,1788558616933171
cross_device,0,2,color,-1988,-4381,-586,1788558616966529
cross_device,0,2,color,-1988,-4383,-238,1788558617000000
cross_device,0,2,color,-1989,-4387,-292,1788558617033485
cross_device,0,2,color,-1989,-4388,-401,1788558617066694
cross_device,0,2,color,-1990,-4393,-520,1788558617099863
cross_device,0,2,color,-1990,-4397,-499,1788558617133292
cross_device,0,2,color,-1990,-4399,-422,1788558617166654
cross_device,0,2,color,-1991,-4403,-277,1788558617200003
cross_device,0,2,color,-1991,-4404,-537,1788558617233194
cross_device,0,2,color,-1991,-4406,-387,1788558617266670
cross_device,0,2,color,-1991,-4411,-422,1788558617299990
cross_device,0,2,color,-1992,-4415,-572,1788558617333196
cross_device,0,2,color,-1992,-4416,-382,1788558617366672
cross_device,0,2,color,-1993,-4419,-277,1788558617399838
cross_device,0,2,color,-1993,-4422,-252,1788558617433178
cross_device,0,2,color,-1992,-4423,-535,1788558617466559
cross_device,0,2,color,-1994,-4429,-544,1788558617499876
cross_device,0,2,color,-1993,-4432,-443,1788558617533330
cross_device,0,2,color,-1993,-4435,-513,1788558617566535
cross_device,0,2,color,-1994,-4437,-297,1788558617599832
cross_device,0,2,color,-1994,-4437,-94,1788558617633358
cross_device,0,2,color,-1995,-4441,-444,1788558617666660
cross_device,0,2,color,-1995,-4442,-232,1788558617699989
cross_device,0,2,color,-1996,-4443,-238,1788558617733333
cross_device,0,2,color,-1995,-4447,-386,1788558617766515
cross_device,0,2,color,-1996,-4446,-250,1788558617799852
cross_device,0,2,color,-1996,-4449,-380,1788558617833206
cross_device,0,2,color,-1996,-4451,-423,1788558617866658
cross_device,0,2,color,-1997,-4454,-391,1788558617899851
cross_device,0,2,color,-1997,-4457,-276,1788558617933180
cross_device,0,2,color,-1997,-4458,-226,1788558617966691
cross_device,0,2,color,-1998,-4459,-73,1788558618000143
cross_device,0,2,color,-1998,-4459,-150,1788558618033470
cross_device,0,2,color,-1998,-4462,-255,1788558618066701
cross_device,0,2,color,-1999,-4463,-364,1788558618099877
cross_device,0,2,color,-1999,-4466,-571,1788558618133193
cross_device,0,2,color,-1999,-4469,-509,1788558618166538
cross_device,0,2,color,-1999,-4470,-333,1788558618199995
cross_device,0,2,color,-2000,-4474,-452,1788558618233328
cross_device,0,2,color,-2000,-4477,-446,1788558618266647
cross_device,0,2,color,-2001,-4480,-197,1788558618300012
cross_device,0,2,color,-2001,-4479,-204,1788558618333332
cross_device,0,2,color,-2000,-4479,-302,1788558618366662
cross_device,0,2,color,-2003,-4485,-308,1788558618399973
cross_device,0,2,color,-2002,-4484,-223,1788558618433225
cross_device,0,2,color,-2002,-4484,-271,1788558618466655
cross_device,0,2,color,-2002,-4485,-95,1788558618499996
cross_device,0,2,color,-2002,-4485,-250,1788558618533331
cross_device,0,2,color,-2003,-4488,-262,1788558618566694
cross_device,0,2,color,-2007,-4493,-240,1788558618600017
cross_device,0,2,color,-2004,-4491,-264,1788558618633209
cross_device,0,2,color,-2004,-4492,-250,1788558618666679
cross_device,0,2,color,-2007,-4498,-675,1788558618700006
cross_device,0,2,color,-2004,-4500,-437,1788558618733178
cross_device,0,2,color,-2005,-4502,-222,1788558618766680
cross_device,0,2,color,-2009,-4505,-254,1788558618799999
cross_device,0,2,color,-2005,-4504,-403,1788558618833307
cross_device,0,2,color,-2005,-4505,-382,1788558618866681
cross_device,0,2,color,-2009,-4509,-399,1788558618899892
cross_device,0,2,color,-2006,-4508,-402,1788558618933180
cross_device,0,2,color,-2007,-4512,-411,1788558618966679
cross_device,0,2,color,-2009,-4514,-275,1788558618999967
cross_device,0,2,color,-2007,-4516,-388,1788558619033357
cross_device,0,2,color,-2007,-4517,-444,1788558619066869
cross_device,0,2,color,-2012,-4525,-638,1788558619099843
cross_device,0,2,color,-2008,-4522,-402,1788558619133335
cross_device,0,2,color,-2008,-4523,-245,1788558619166834
cross_device,0,2,color,-2013,-4530,-368,1788558619199981
cross_device,0,2,color,-2009,-4527,-565,1788558619233198
cross_device,0,2,color,-2009,-4532,-463,1788558619266650
cross_device,0,2,color,-2013,-4538,-575,1788558619299826
cross_device,0,2,color,-2010,-4538,-608,1788558619333187
cross_device,0,2,color,-2010,-4539,-423,1788558619366645
cross_device,0,2,color,-2013,-4545,-314,1788558619399965
cross_device,0,2,color,-2011,-4542,-465,1788558619433288
cross_device,0,2,color,-2010,-4544,-208,1788558619466675
cross_device,0,2,color,-2013,-4547,-385,1788558619499865
cross_device,0,2,color,-2012,-4548,-283,1788558619533332
cross_device,0,2,color,-2012,-4548,-413,1788558619566660
cross_device,0,2,color,-2017,-4555,-134,1788558619599985
cross_device,0,2,color,-2012,-4549,-85,1788558619633348
cross_device,0,2,color,-2013,-4552,-572,1788558619666538
cross_device,0,2,color,-2022,-4563,-637,1788558619699820
cross_device,0,2,color,-2013,-4558,-488,1788558619733326
cross_device,0,2,color,-2014,-4561,-451,1788558619766638
cross_device,0,2,color,-2021,-4568,-192,1788558619800105
cross_device,0,2,color,-2015,-4562,-296,1788558619833306
cross_device,0,2,color,-2014,-4562,-463,1788558619866669
cross_device,0,2,color,-2022,-4572,-444,1788558619899983
cross_device,0,2,color,-2015,-4568,-399,1788558619933190
cross_device,0,2,color,-2016,-4569,-358,1788558619966702
cross_device,0,2,color,-2024,-4578,-378,1788558620000127
cross_device,0,2,color,-2016,-4570,-221,1788558620033323
cross_device,0,2,color,-2016,-4573,-534,1788558620066538
cross_device,0,2,color,-2025,-4584,-593,1788558620099825
cross_device,0,2,color,-2017,-4579,-468,1788558620133299
cross_device,0,2,color,-2017,-4580,-420,1788558620166678
cross_device,0,2,color,-2017,-4582,-473,1788558620199864
cross_device,0,2,color,-2017,-4582,-223,1788558620233327
cross_device,0,2,color,-2018,-4587,-584,1788558620266526
cross_device,0,2,color,-2018,-4588,-608,1788558620299849
cross_device,0,2,color,-2018,-4589,-210,1788558620333333
cross_device,0,2,color,-2019,-4591,-374,1788558620366674
cross_device,0,2,color,-2018,-4589,-276,1788558620400002
cross_device,0,2,color,-2019,-4592,-555,1788558620433300
cross_device,0,2,color,-2020,-4596,-430,1788558620466644
cross_device,0,2,color,-2020,-4599,-384,1788558620499877
cross_device,0,2,color,-2020,-4599,-440,1788558620533331
cross_device,0,2,color,-2021,-4603,-573,1788558620566505
cross_device,0,2,color,-2021,-4602,-367,1788558620599855
cross_device,0,2,color,-2021,-4604,-280,1788558620633359
cross_device,0,2,color,-2022,-4606,-390,1788558620666537
cross_device,0,2,color,-2021,-4607,-409,1788558620699874
cross_device,0,2,color,-2022,-4608,-299,1788558620733533
cross_device,0,2,color,-2022,-4607,-258,1788558620766819
cross_device,0,2,color,-2022,-4611,-516,1788558620799865
cross_device,0,2,color,-2023,-4611,-324,1788558620833301
cross_device,0,2,color,-2024,-4613,-389,1788558620866559
cross_device,0,2,color,-2023,-4614,-367,1788558620899867
cross_device,0,2,color,-2024,-4615,-356,1788558620933204
cross_device,0,2,color,-2025,-4616,-279,1788558620966697
cross_device,0,2,color,-2024,-4616,-231,1788558621000011
cross_device,0,2,color,-2025,-4620,-526,1788558621033218
cross_device,0,2,color,-2025,-4620,-577,1788558621066527
cross_device,0,2,color,-2025,-4624,-620,1788558621099957
cross_device,0,2,color,-2026,-4626,-376,1788558621133440
cross_device,0,2,color,-2026,-4626,-429,1788558621166654
cross_device,0,2,color,-2026,-4626,-326,1788558621199966
cross_device,0,2,color,-2026,-4630,-428,1788558621233330
cross_device,0,2,color,-2027,-4630,-408,1788558621266556
cross_device,0,2,color,-2027,-4632,-536,1788558621299837
cross_device,0,2,color,-2027,-4635,-554,1788558621333182
cross_device,0,2,color,-2028,-4637,-531,1788558621366517
cross_device,0,2,color,-2028,-4639,-454,1788558621399838
cross_device,0,2,color,-2029,-4641,-458,1788558621433158
cross_device,0,2,color,-2028,-4643,-545,1788558621466534
cross_device,0,2,color,-2029,-4644,-513,1788558621499855
cross_device,0,2,color,-2029,-4647,-472,1788558621533297
cross_device,0,2,color,-2030,-4645,-229,1788558621566819
cross_device,0,2,color,-2030,-4647,-97,1788558621599991
cross_device,0,2,color,-2030,-4645,-129,1788558621633329
cross_device,0,2,color,-2031,-4648,-574,1788558621666528
cross_device,0,2,color,-2031,-4649,-218,1788558621699887
cross_device,0,2,color,-2031,-4651,-629,1788558621733186
cross_device,0,2,color,-2032,-4654,-412,1788558621766666
cross_device,0,2,color,-2031,-4651,-256,1788558621800006
cross_device,0,2,color,-2031,-4651,-242,1788558621833337
cross_device,0,2,color,-2032,-4653,-425,1788558621866666
cross_device,0,2,color,-2032,-4655,-427,1788558621899831
cross_device,0,2,color,-2033,-4655,-432,1788558621933187
cross_device,0,2,color,-2033,-4656,-260,1788558621966683
cross_device,0,2,color,-2033,-4657,-253,1788558622000248
cross_device,0,2,color,-2034,-4658,-301,1788558622033313
cross_device,0,2,color,-2035,-4659,-414,1788558622066515
cross_device,0,2,color,-2034,-4659,-567,1788558622099865
cross_device,0,2,color,-2034,-4661,-510,1788558622133295
cross_device,0,2,color,-2035,-4664,-394,1788558622166690
cross_device,0,2,color,-2036,-4664,-345,1788558622199979
cross_device,0,2,color,-2035,-4664,-188,1788558622233402
cross_device,0,2,color,-2036,-4666,-401,1788558622266659
cross_device,0,2,color,-2036,-4667,-593,1788558622299866
cross_device,0,2,color,-2037,-4669,-417,1788558622333330
cross_device,0,2,color,-2037,-4669,-384,1788558622366677
cross_device,0,2,color,-2037,-4670,-237,1788558622399995
cross_device,0,2,color,-2038,-4673,-421,1788558622433322
cross_device,0,2,color,-2038,-4671,-419,1788558622466671
cross_device,0,2,color,-2038,-4676,-586,1788558622499867
cross_device,0,2,color,-2038,-4676,-399,1788558622533336
cross_device,0,2,color,-2039,-4677,-628,1788558622566673
cross_device,0,2,color,-2039,-4680,-279,1788558622599978
cross_device,0,2,color,-2039,-4679,-329,1788558622633243
cross_device,0,2,color,-2040,-4681,-389,1788558622666536
cross_device,0,2,color,-2040,-4682,-603,1788558622699853
cross_device,0,2,color,-2040,-4682,-244,1788558622733328
cross_device,0,2,color,-2040,-4682,-334,1788558622766680
cross_device,0,2,color,-2041,-4684,-369,1788558622799857
cross_device,0,2,color,-2041,-4684,-283,1788558622833303
cross_device,0,2,color,-2041,-4686,-412,1788558622866685
cross_device,0,2,color,-2041,-4685,-377,1788558622899868
cross_device,0,2,color,-2042,-4685,-359,1788558622933196
cross_device,0,2,color,-2043,-4687,-377,1788558622966693
cross_device,0,2,color,-2042,-4686,-222,1788558623000016
cross_device,0,2,color,-2043,-4689,-594,1788558623033184
cross_device,0,2,color,-2043,-4692,-637,1788558623066653
cross_device,0,2,color,-2043,-4692,-549,1788558623099860
cross_device,0,2,color,-2043,-4693,-440,1788558623133323
cross_device,0,2,color,-2043,-4695,-409,1788558623166667
cross_device,0,2,color,-2044,-4694,-301,1788558623199970
cross_device,0,2,color,-2044,-4694,-92,1788558623233337
cross_device,0,2,color,-2044,-4694,-484,1788558623266648
cross_device,0,2,color,-2045,-4698,-561,1788558623299969
cross_device,0,2,color,-2045,-4700,-461,1788558623333341
cross_device,0,2,color,-2046,-4701,-407,1788558623366666
cross_device,0,2,color,-2046,-4700,-225,1788558623399999
cross_device,0,2,color,-2046,-4698,-242,1788558623433327
cross_device,0,2,color,-2047,-4701,-396,1788558623466672
cross_device,0,2,color,-2047,-4702,-570,1788558623499831
cross_device,0,2,color,-2047,-4703,-479,1788558623533197
cross_device,0,2,color,-2047,-4708,-564,1788558623566544
cross_device,0,2,color,-2047,-4704,-104,1788558623599980
cross_device,0,2,color,-2048,-4703,-249,1788558623633237
cross_device,0,2,color,-2048,-4704,-451,1788558623666665
cross_device,0,2,color,-2049,-4708,-500,1788558623699869
cross_device,0,2,color,-2049,-4709,-447,1788558623733208
cross_device,0,2,color,-2049,-4707,-244,1788558623766683
cross_device,0,2,color,-2049,-4710,-424,1788558623799848
cross_device,0,2,color,-2050,-4712,-608,1788558623833173
cross_device,0,2,color,-2050,-4710,-396,1788558623866870
cross_device,0,2,color,-2051,-4715,-534,1788558623899865
cross_device,0,2,color,-2051,-4714,-460,1788558623933154
cross_device,0,2,color,-2051,-4716,-409,1788558623966677
cross_device,0,2,color,-2051,-4714,-259,1788558624000203
cross_device,0,2,color,-2052,-4716,-285,1788558624033333
cross_device,0,2,color,-2052,-4717,-426,1788558624066551
cross_device,0,2,color,-2052,-4717,-410,1788558624099873
cross_device,0,2,color,-2053,-4719,-605,1788558624133194
cross_device,0,2,color,-2053,-4721,-422,1788558624166675
cross_device,0,2,color,-2053,-4722,-260,1788558624199995
cross_device,0,2,color,-2053,-4719,-333,1788558624233205
cross_device,0,2,color,-2054,-4721,-400,1788558624266697
cross_device,0,2,color,-2054,-4723,-660,1788558624299834
cross_device,0,2,color,-2055,-4725,-510,1788558624333310
cross_device,0,2,color,-2055,-4728,-598,1788558624366544
cross_device,0,2,color,-2055,-4727,-282,1788558624400013
cross_device,0,2,color,-2055,-4728,-593,1788558624433201
cross_device,0,2,color,-2055,-4731,-438,1788558624466645
cross_device,0,2,color,-2056,-4731,-541,1788558624499865
cross_device,0,2,color,-2056,-4731,-174,1788558624533460
cross_device,0,2,color,-2057,-4733,-536,1788558624566549
cross_device,0,2,color,-2056,-4732,-538,1788558624599830
cross_device,0,2,color,-2057,-4734,-266,1788558624633198
cross_device,0,2,color,-2057,-4734,-444,1788558624666539
cross_device,0,2,color,-2058,-4733,-197,1788558624700004
cross_device,0,2,color,-2058,-4733,-420,1788558624733179
cross_device,0,2,color,-2059,-4734,-227,1788558624766697
cross_device,0,2,color,-2058,-4730,-102,1788558624800119
cross_device,0,2,color,-2058,-4730,-216,1788558624833326
cross_device,0,2,color,-2059,-4731,-317,1788558624866662
cross_device,0,2,color,-2059,-4729,-567,1788558624899859
cross_device,0,2,color,-2060,-4730,-350,1788558624933200
cross_device,0,2,color,-2060,-4729,-249,1788558624966684
cross_device,0,2,color,-2060,-4730,-417,1788558625000003
cross_device,0,2,color,-2061,-4731,-403,1788558625033341
cross_device,0,2,color,-2061,-4729,-440,1788558625066690
cross_device,0,2,color,-2062,-4731,-318,1788558625100136
cross_device,0,2,color,-2062,-4729,-276,1788558625133547
cross_device,0,2,color,-2062,-4731,-419,1788558625166685
cross_device,0,2,color,-2062,-4731,-451,1788558625199956
cross_device,0,2,color,-2063,-4731,-263,1788558625233322
cross_device,0,2,color,-2063,-4730,-432,1788558625266686
cross_device,0,2,color,-2063,-4732,-377,1788558625299993
cross_device,0,2,color,-2063,-4730,-110,1788558625333477
cross_device,0,2,color,-2064,-4732,-433,1788558625366649
cross_device,0,2,color,-2064,-4730,-408,1788558625399959
cross_device,0,2,color,-2064,-4731,-318,1788558625433353
cross_device,0,2,color,-2065,-4731,-200,1788558625466673
cross_device,0,2,color,-2065,-4732,-546,1788558625499843
cross_device,0,2,color,-2065,-4732,-441,1788558625533170
cross_device,0,2,color,-2065,-4731,-429,1788558625566684
cross_device,0,2,color,-2065,-4732,-260,1788558625599847
cross_device,0,2,color,-2066,-4730,-172,1788558625633386
cross_device,0,2,color,-2066,-4732,-418,1788558625666646
cross_device,0,2,color,-2067,-4732,-268,1788558625700013
cross_device,0,2,color,-2067,-4730,-270,1788558625733334
cross_device,0,2,color,-2067,-4730,-411,1788558625766685
cross_device,0,2,color,-2067,-4728,-224,1788558625799867
cross_device,0,2,color,-2068,-4730,-370,1788558625833185
cross_device,0,2,color,-2068,-4730,-461,1788558625866643
cross_device,0,2,color,-2068,-4730,-396,1788558625899850
cross_device,0,2,color,-2068,-4729,-253,1788558625933177
cross_device,0,2,color,-2069,-4732,-438,1788558625966672
cross_device,0,2,color,-2069,-4731,-328,1788558626000020
cross_device,0,2,color,-2069,-4727,-239,1788558626033332
cross_device,0,2,color,-2069,-4729,-308,1788558626066898
cross_device,0,2,color,-2070,-4730,-239,1788558626100009
cross_device,0,2,color,-2071,-4730,-261,1788558626133321
cross_device,0,2,color,-2071,-4730,-468,1788558626166640
cross_device,0,2,color,-2071,-4729,-397,1788558626199995
cross_device,0,2,color,-2071,-4730,-247,1788558626233331
cross_device,0,2,color,-2071,-4729,-449,1788558626266650
cross_device,0,2,color,-2072,-4731,-518,1788558626299863
cross_device,0,2,color,-2072,-4731,-243,1788558626333187
cross_device,0,2,color,-2073,-4729,-326,1788558626366771
cross_device,0,2,color,-2072,-4733,-590,1788558626399831
cross_device,0,2,color,-2072,-4731,-478,1788558626433208
cross_device,0,2,color,-2073,-4731,-229,1788558626466691
cross_device,0,2,color,-2073,-4730,-243,1788558626500001
cross_device,0,2,color,-2074,-4733,-537,1788558626533177
cross_device,0,2,color,-2074,-4733,-528,1788558626566556
cross_device,0,2,color,-2074,-4735,-503,1788558626599866
cross_device,0,2,color,-2074,-4732,-92,1788558626633365
cross_device,0,2,color,-2075,-4732,-269,1788558626666529
cross_device,0,2,color,-2075,-4731,-378,1788558626699870
cross_device,0,2,color,-2075,-4731,-244,1788558626733337
cross_device,0,2,color,-2076,-4732,-338,1788558626766704
cross_device,0,2,color,-2076,-4733,-549,1788558626799851
cross_device,0,2,color,-2077,-4734,-280,1788558626833190
cross_device,0,2,color,-2077,-4734,-384,1788558626866691
cross_device,0,2,color,-2077,-4734,-493,1788558626900007
cross_device,0,2,color,-2077,-4735,-409,1788558626933166
cross_device,0,2,color,-2078,-4735,-400,1788558626966677
cross_device,0,2,color,-2078,-4734,-396,1788558626999995
cross_device,0,2,color,-2078,-4736,-629,1788558627033158
cross_device,0,2,color,-2078,-4737,-509,1788558627066640
cross_device,0,2,color,-2079,-4739,-365,1788558627100009
cross_device,0,2,color,-2080,-4739,-275,1788558627133328
cross_device,0,2,color,-2080,-4738,-445,1788558627166655
cross_device,0,2,color,-2079,-4737,-540,1788558627199876
cross_device,0,2,color,-2080,-4740,-590,1788558627233194
cross_device,0,2,color,-2080,-4741,-420,1788558627266530
cross_device,0,2,color,-2080,-4739,-314,1788558627300154
cross_device,0,2,color,-2081,-4741,-326,1788558627333216
cross_device,0,2,color,-2081,-4741,-397,1788558627366679
cross_device,0,2,color,-2082,-4741,-542,1788558627399851
cross_device,0,2,color,-2082,-4742,-509,1788558627433200
cross_device,0,2,color,-2082,-4744,-548,1788558627466519
cross_device,0,2,color,-2083,-4745,-583,1788558627499836
cross_device,0,2,color,-2083,-4745,-294,1788558627533327
cross_device,0,2,color,-2083,-4745,-382,1788558627566682
cross_device,0,2,color,-2083,-4745,-472,1788558627599876
cross_device,1,2,color,-2217,1021,-269,1788558597999861
cross_device,1,2,color,-2216,1043,-239,1788558598033215
cross_device,1,2,color,-2217,1099,-427,1788558598066692
cross_device,1,2,color,-2217,1099,-230,1788558598100005
cross_device,1,2,color,-2218,1098,-168,1788558598133305
cross_device,1,2,color,-2218,1095,-416,1788558598166524
cross_device,1,2,color,-2217,1095,-352,1788558598199871
cross_device,1,2,color,-2218,1093,-182,1788558598233487
cross_device,1,2,color,-2218,1092,-262,1788558598266669
cross_device,1,2,color,-2218,1093,-282,1788558598300011
cross_device,1,2,color,-2218,1092,-227,1788558598333340
cross_device,1,2,color,-2219,1088,-211,1788558598366707
cross_device,1,2,color,-2219,1088,-158,1788558598400060
cross_device,1,2,color,-2219,1088,-113,1788558598433346
cross_device,1,2,color,-2220,1085,-280,1788558598466652
cross_device,1,2,color,-2220,1084,-115,1788558598500023
cross_device,1,2,color,-2220,1083,-224,1788558598533327
cross_device,1,2,color,-2220,1082,-131,1788558598566669
cross_device,1,2,color,-2220,1082,-82,1788558598600027
cross_device,1,2,color,-2221,117,-225,1788558598633361
cross_device,1,2,color,-2221,114,-387,1788558598666698
cross_device,1,2,color,-2221,109,-184,1788558598700048
cross_device,1,2,color,-2222,104,-93,1788558598733678
cross_device,1,2,color,-2221,100,-93,1788558598766714
cross_device,1,2,color,-2222,95,-94,1788558598800011
cross_device,1,2,color,-2222,89,-62,1788558598833373
cross_device,1,2,color,-2222,85,-240,1788558598866716
cross_device,1,2,color,-2223,81,-241,1788558598899899
cross_device,1,2,color,-2223,74,-289,1788558598933318
cross_device,1,2,color,-2223,71,-225,1788558598966586
cross_device,1,2,color,-2223,67,-264,1788558598999871
cross_device,1,2,color,-2224,62,-197,1788558599033382
cross_device,1,2,color,-2223,-281,-150,1788558599066763
cross_device,1,2,color,-2224,-288,-359,1788558599100013
cross_device,1,2,color,-2223,-297,-277,1788558599133324
cross_device,1,2,color,-2224,-309,-238,1788558599166590
cross_device,1,2,color,-2224,-316,-510,1788558599199896
cross_device,1,2,color,-2225,-326,-356,1788558599233351
cross_device,1,2,color,-2225,-336,-429,1788558599266680
cross_device,1,2,color,-2225,-345,-385,1788558599299997
cross_device,1,2,color,-2225,-352,-392,1788558599333343
cross_device,1,2,color,-2225,-363,-400,1788558599366552
cross_device,1,2,color,-2226,-372,-84,1788558599400155
cross_device,1,2,color,-2226,-380,-578,1788558599433185
cross_device,1,2,color,-2226,-390,-500,1788558599466563
cross_device,1,2,color,-2226,-399,-231,1788558599500035
cross_device,1,2,color,-2227,-409,-435,1788558599533345
cross_device,1,2,color,-2227,-420,-366,1788558599566570
cross_device,1,2,color,-2226,-426,-257,1788558599599853
cross_device,1,2,color,-2227,-77,-229,1788558599633383
cross_device,1,2,color,-2227,-88,-200,1788558599666726
cross_device,1,2,color,-2227,-98,-230,1788558599700024
cross_device,1,2,color,-2228,-109,-600,1788558599733201
cross_device,1,2,color,-2228,-120,-196,1788558599766752
cross_device,1,2,color,-2228,-130,-341,1788558599799884
cross_device,1,2,color,-2229,-141,-251,1788558599833223
cross_device,1,2,color,-2228,-150,-395,1788558599866672
cross_device,1,2,color,-2229,-161,-126,1788558599900020
cross_device,1,2,color,-2229,-171,-216,1788558599933211
cross_device,1,2,color,-2229,-182,-446,1788558599966676
cross_device,1,2,color,-2230,-194,-271,1788558599999852
cross_device,1,2,color,-2229,-202,-242,1788558600033220
cross_device,1,2,color,-2230,760,-236,1788558600066828
cross_device,1,2,color,-2230,760,-378,1788558600099879
cross_device,1,2,color,-2230,761,-236,1788558600133219
cross_device,1,2,color,-2231,762,-604,1788558600166513
cross_device,1,2,color,-2231,761,-231,1788558600199876
cross_device,1,2,color,-2231,765,-251,1788558600233208
cross_device,1,2,color,-2231,765,-425,1788558600266682
cross_device,1,2,color,-2232,766,-317,1788558600299993
cross_device,1,2,color,-2232,766,-220,1788558600333374
cross_device,1,2,color,-2232,767,-447,1788558600366689
cross_device,1,2,color,-2232,769,-277,1788558600400002
cross_device,1,2,color,-2232,769,-235,1788558600433359
cross_device,1,2,color,-2232,772,-185,1788558600466717
cross_device,1,2,color,-2232,771,-124,1788558600499999
cross_device,1,2,color,-2233,774,-413,1788558600533353
cross_device,1,2,color,-2233,773,41,1788558600566856
cross_device,1,2,color,-2233,775,-183,1788558600600084
cross_device,1,2,color,-2233,-113,-297,1788558600633261
cross_device,1,2,color,-2234,-114,-520,1788558600666580
cross_device,1,2,color,-2234,-113,-230,1788558600700039
cross_device,1,2,color,-2234,-114,-71,1788558600733397
cross_device,1,2,color,-2235,-113,-385,1788558600766710
cross_device,1,2,color,-2234,-110,-105,1788558600800000
cross_device,1,2,color,-2235,-110,-145,1788558600833326
cross_device,1,2,color,-2235,-110,-95,1788558600866734
cross_device,1,2,color,-2235,-108,-265,1788558600900005
cross_device,1,2,color,-2235,-108,-362,1788558600933226
cross_device,1,2,color,-2236,-108,-176,1788558600966747
cross_device,1,2,color,-2235,-106,-565,1788558600999874
cross_device,1,2,color,-2236,-107,-437,1788558601033195
cross_device,1,2,color,-2236,-97,-160,1788558601066911
cross_device,1,2,color,-2236,-99,-260,1788558601100032
cross_device,1,2,color,-2236,-99,-279,1788558601133343
cross_device,1,2,color,-2237,-100,-378,1788558601166567
cross_device,1,2,color,-2237,-100,-539,1788558601199897
cross_device,1,2,color,-2237,-102,-85,1788558601233353
cross_device,1,2,color,-2237,-102,-66,1788558601266720
cross_device,1,2,color,-2237,-103,-255,1788558601299998
cross_device,1,2,color,-2238,-103,-289,1788558601333320
cross_device,1,2,color,-2238,-103,-230,1788558601366713
cross_device,1,2,color,-2238,-103,-548,1788558601399880
cross_device,1,2,color,-2239,-105,-329,1788558601433369
cross_device,1,2,color,-2238,-106,-347,1788558601466584
cross_device,1,2,color,-2239,-105,-396,1788558601499897
cross_device,1,2,color,-2239,-107,-239,1788558601533347
cross_device,1,2,color,-2240,-108,-337,1788558601566572
cross_device,1,2,color,-2239,-108,-366,1788558601599871
cross_device,1,2,color,-2239,613,-123,1788558601633349
cross_device,1,2,color,-2240,613,181,1788558601666939
cross_device,1,2,color,-2240,613,68,1788558601700165
cross_device,1,2,color,-2241,613,-271,1788558601733520
cross_device,1,2,color,-2240,611,-104,1788558601766848
cross_device,1,2,color,-2241,611,-57,1788558601800168
cross_device,1,2,color,-2240,613,-191,1788558601833495
cross_device,1,2,color,-2241,611,-149,1788558601866817
cross_device,1,2,color,-2241,611,-268,1788558601899851
cross_device,1,2,color,-2242,610,-356,1788558601933189
cross_device,1,2,color,-2241,612,-249,1788558601966697
cross_device,1,2,color,-2242,610,-268,1788558602000000
cross_device,1,2,color,-2242,611,-326,1788558602033231
cross_device,1,2,color,-2242,16,-375,1788558602066554
cross_device,1,2,color,-2243,14,-138,1788558602100210
cross_device,1,2,color,-2243,13,-361,1788558602133485
cross_device,1,2,color,-2243,11,-232,1788558602166691
cross_device,1,2,color,-2244,10,-282,1788558602199986
cross_device,1,2,color,-2244,10,-381,1788558602233233
cross_device,1,2,color,-2244,9,-213,1788558602266562
cross_device,1,2,color,-2246,5,-71,1788558602300023
cross_device,1,2,color,-2245,7,-475,1788558602333311
cross_device,1,2,color,-2244,6,-440,1788558602366647
cross_device,1,2,color,-2248,3,-247,1788558602399994
cross_device,1,2,color,-2245,5,-264,1788558602433324
cross_device,1,2,color,-2245,3,-255,1788558602466686
cross_device,1,2,color,-2249,-2,-281,1788558602500004
cross_device,1,2,color,-2245,0,-109,1788558602533508
cross_device,1,2,color,-2245,0,-403,1788558602566714
cross_device,1,2,color,-2252,-8,-67,1788558602600028
cross_device,1,2,color,-2246,-639,-44,1788558602633554
cross_device,1,2,color,-2246,-640,-235,1788558602666559
cross_device,1,2,color,-2254,-647,-95,1788558602700027
cross_device,1,2,color,-2246,-642,-60,1788558602733509
cross_device,1,2,color,-2247,-645,-400,1788558602766689
cross_device,1,2,color,-2257,-656,-257,1788558602800019
cross_device,1,2,color,-2247,-647,-297,1788558602833494
cross_device,1,2,color,-2248,-649,-109,1788558602866862
cross_device,1,2,color,-2258,-661,-20,1788558602900116
cross_device,1,2,color,-2248,-653,-275,1788558602933195
cross_device,1,2,color,-2248,-655,-244,1788558602966688
cross_device,1,2,color,-2249,-656,-373,1788558602999875
cross_device,1,2,color,-2248,-657,-336,1788558603033223
cross_device,1,2,color,-2249,-474,-335,1788558603066554
cross_device,1,2,color,-2259,-485,222,1788558603100339
cross_device,1,2,color,-2249,-476,-57,1788558603133570
cross_device,1,2,color,-2250,-480,-348,1788558603166576
cross_device,1,2,color,-2259,-490,-180,1788558603200044
cross_device,1,2,color,-2250,-484,-572,1788558603233189
cross_device,1,2,color,-2250,-486,-269,1788558603266549
cross_device,1,2,color,-2251,-490,-360,1788558603299881
cross_device,1,2,color,-2251,-491,-74,1788558603333542
cross_device,1,2,color,-2251,-494,-370,1788558603366569
cross_device,1,2,color,-2251,-496,-187,1788558603400042
cross_device,1,2,color,-2251,-498,-326,1788558603433355
cross_device,1,2,color,-2251,-501,-389,1788558603466524
cross_device,1,2,color,-2252,-503,-402,1788558603499842
cross_device,1,2,color,-2252,-507,-394,1788558603533343
cross_device,1,2,color,-2252,-508,-390,1788558603566554
cross_device,1,2,color,-2252,-509,-366,1788558603599872
cross_device,1,2,color,-2253,-513,130,1788558603633605
cross_device,1,2,color,-2253,-515,-44,1788558603666888
cross_device,1,2,color,-2253,-517,-333,1788558603700068
cross_device,1,2,color,-2253,-520,-194,1788558603733502
cross_device,1,2,color,-2253,-521,-231,1788558603766731
cross_device,1,2,color,-2254,-525,-57,1788558603800042
cross_device,1,2,color,-2254,-525,-384,1788558603833392
cross_device,1,2,color,-2254,-528,-196,1788558603866722
cross_device,1,2,color,-2254,-530,-284,1788558603900008
cross_device,1,2,color,-2254,-532,-202,1788558603933227
cross_device,1,2,color,-2254,-535,-209,1788558603966703
cross_device,1,2,color,-2255,-538,-263,1788558603999990
cross_device,1,2,color,-2255,-540,-218,1788558604033380
cross_device,1,2,color,-2255,-574,-47,1788558604066906
cross_device,1,2,color,-2255,-576,-186,1788558604100041
cross_device,1,2,color,-2255,-577,-383,1788558604133205
cross_device,1,2,color,-2256,-577,-230,1788558604166709
cross_device,1,2,color,-2256,-576,-326,1788558604199887
cross_device,1,2,color,-2256,-576,-428,1788558604233602
cross_device,1,2,color,-2256,-578,-117,1788558604267195
cross_device,1,2,color,-2257,-579,-267,1788558604299879
cross_device,1,2,color,-2257,-579,-451,1788558604333232
cross_device,1,2,color,-2257,-580,-387,1788558604366693
cross_device,1,2,color,-2257,-582,-7,1788558604400240
cross_device,1,2,color,-2258,-583,-504,1788558604433483
cross_device,1,2,color,-2258,-581,-229,1788558604466856
cross_device,1,2,color,-2257,-581,-278,1788558604500119
cross_device,1,2,color,-2258,-582,-300,1788558604533514
cross_device,1,2,color,-2258,-584,-584,1788558604566554
cross_device,1,2,color,-2258,-584,-63,1788558604600011
cross_device,1,2,color,-2259,-585,-318,1788558604633490
cross_device,1,2,color,-2259,-585,-406,1788558604666582
cross_device,1,2,color,-2259,-586,-666,1788558604699836
cross_device,1,2,color,-2260,-587,-297,1788558604733510
cross_device,1,2,color,-2259,-587,-249,1788558604766663
cross_device,1,2,color,-2260,-587,-236,1788558604800018
cross_device,1,2,color,-2260,-586,-660,1788558604833331
cross_device,1,2,color,-2260,-588,-48,1788558604866879
cross_device,1,2,color,-2261,-589,-442,1788558604899840
cross_device,1,2,color,-2261,-591,-275,1788558604933176
cross_device,1,2,color,-2261,-590,-123,1788558604966694
cross_device,1,2,color,-2261,-591,-350,1788558604999872
cross_device,1,2,color,-2261,-591,-347,1788558605033195
cross_device,1,2,color,-2261,-736,-331,1788558605066810
cross_device,1,2,color,-2407,-882,-740,1788558605099889
cross_device,1,2,color,-2426,-901,-538,1788558605133188
cross_device,1,2,color,-2425,-900,-566,1788558605166717
cross_device,1,2,color,-2443,-919,-578,1788558605199842
cross_device,1,2,color,-2246,-722,-556,1788558605233175
cross_device,1,2,color,-2246,-722,-376,1788558605266671
cross_device,1,2,color,-2392,-869,-393,1788558605300144
cross_device,1,2,color,-2263,-740,-380,1788558605333215
cross_device,1,2,color,-2263,-740,-393,1788558605366680
cross_device,1,2,color,-2264,-742,-245,1788558605400019
cross_device,1,2,color,-2263,-742,-534,1788558605433209
cross_device,1,2,color,-2264,-742,-580,1788558605466516
cross_device,1,2,color,-2264,-744,-592,1788558605499836
cross_device,1,2,color,-2264,-742,-358,1788558605533359
cross_device,1,2,color,-2265,-746,-545,1788558605566546
cross_device,1,2,color,-2265,-744,-380,1788558605599868
cross_device,1,2,color,-2265,-746,-206,1788558605633354
cross_device,1,2,color,-2266,-746,-388,1788558605666688
cross_device,1,2,color,-2265,-746,-9,1788558605700263
cross_device,1,2,color,-2265,-746,-594,1788558605733175
cross_device,1,2,color,-2266,-747,-337,1788558605766561
cross_device,1,2,color,-2265,-746,-230,1788558605800004
cross_device,1,2,color,-2266,-748,-583,1788558605833184
cross_device,1,2,color,-2267,-749,-554,1788558605866547
cross_device,1,2,color,-2266,-748,-541,1788558605899855
cross_device,1,2,color,-2267,-751,-352,1788558605933203
cross_device,1,2,color,-2266,-750,-374,1788558605966566
cross_device,1,2,color,-2267,-752,-220,1788558606000023
cross_device,1,2,color,-2268,-753,-336,1788558606033387
cross_device,1,2,color,-2268,-753,-180,1788558606066720
cross_device,1,2,color,-2268,-752,-153,1788558606100264
cross_device,1,2,color,-2268,-753,-533,1788558606133201
cross_device,1,2,color,-2268,-753,-484,1788558606166569
cross_device,1,2,color,-2269,-755,-253,1788558606200256
cross_device,1,2,color,-2268,-754,-376,1788558606233385
cross_device,1,2,color,-2269,-757,-520,1788558606266571
cross_device,1,2,color,-2269,-756,-471,1788558606299970
cross_device,1,2,color,-2269,-757,-239,1788558606333216
cross_device,1,2,color,-2269,-757,-381,1788558606366538
cross_device,1,2,color,-2269,-757,-269,1788558606399968
cross_device,1,2,color,-2270,-759,-220,1788558606433317
cross_device,1,2,color,-2270,-758,115,1788558606466909
cross_device,1,2,color,-2270,-758,-244,1788558606500015
cross_device,1,2,color,-2271,-762,-88,1788558606533535
cross_device,1,2,color,-2270,-759,-487,1788558606566566
cross_device,1,2,color,-2271,-763,0,1788558606600144
cross_device,1,2,color,-2271,-761,-264,1788558606633361
cross_device,1,2,color,-2272,-763,-581,1788558606666535
cross_device,1,2,color,-2271,-762,-291,1788558606700212
cross_device,1,2,color,-2272,-764,-278,1788558606733501
cross_device,1,2,color,-2272,-763,-233,1788558606766824
cross_device,1,2,color,-2272,-763,-287,1788558606800011
cross_device,1,2,color,-2273,-765,65,1788558606833660
cross_device,1,2,color,-2273,-764,-202,1788558606866717
cross_device,1,2,color,-2273,-766,-391,1788558606900010
cross_device,1,2,color,-2273,-765,-81,1788558606933503
cross_device,1,2,color,-2273,-767,-75,1788558606966835
cross_device,1,2,color,-2273,-768,-202,1788558607000051
cross_device,1,2,color,-2273,-769,-196,1788558607033385
cross_device,1,2,color,-2273,-768,-278,1788558607066694
cross_device,1,2,color,-2274,-770,-235,1788558607100236
cross_device,1,2,color,-2274,-769,-511,1788558607133237
cross_device,1,2,color,-2274,-769,-391,1788558607166564
cross_device,1,2,color,-2275,-772,-247,1788558607200014
cross_device,1,2,color,-2275,-771,-460,1788558607233335
cross_device,1,2,color,-2275,-772,-515,1788558607266566
cross_device,1,2,color,-2275,-772,-378,1788558607300067
cross_device,1,2,color,-2276,-773,-245,1788558607333525
cross_device,1,2,color,-2275,-774,-388,1788558607366538
cross_device,1,2,color,-2275,-773,-338,1788558607399881
cross_device,1,2,color,-2276,-774,-155,1788558607433580
cross_device,1,2,color,-2276,-774,-527,1788558607466562
cross_device,1,2,color,-2277,-776,-480,1788558607499896
cross_device,1,2,color,-2277,-776,-88,1788558607533669
cross_device,1,2,color,-2277,-777,-195,1788558607566736
cross_device,1,2,color,-2277,-778,-399,1788558607599855
cross_device,1,2,color,-2278,-925,138,1788558607633599
cross_device,1,2,color,-2278,-1068,-185,1788558607666729
cross_device,1,2,color,-2278,-1214,-474,1788558607700027
cross_device,1,2,color,-2278,-1358,-547,1788558607733204
cross_device,1,2,color,-2278,-1500,-9,1788558607766739
cross_device,1,2,color,-2278,-1637,-216,1788558607800035
cross_device,1,2,color,-2279,-1778,-273,1788558607833484
cross_device,1,2,color,-2279,-1918,-555,1788558607866544
cross_device,1,2,color,-2279,-2056,-336,1788558607900065
cross_device,1,2,color,-2279,-2191,-257,1788558607933184
cross_device,1,2,color,-2280,-2331,-549,1788558607966522
cross_device,1,2,color,-2279,-2465,-404,1788558607999861
cross_device,1,2,color,-2280,-2601,-420,1788558608033344
cross_device,1,2,color,-2280,-2734,-307,1788558608066651
cross_device,1,2,color,-2280,-2867,-601,1788558608099877
cross_device,1,2,color,-2280,-3000,-341,1788558608133451
cross_device,1,2,color,-2281,-3131,-510,1788558608166556
cross_device,1,2,color,-2281,-3260,-391,1788558608199869
cross_device,1,2,color,-2281,-3391,-80,1788558608233545
cross_device,1,2,color,-2282,-3518,-432,1788558608266728
cross_device,1,2,color,-2281,-3648,-520,1788558608300228
cross_device,1,2,color,-2282,-3774,-367,1788558608333374
cross_device,1,2,color,-2282,-3900,-248,1788558608366851
cross_device,1,2,color,-2282,-4021,-248,1788558608400011
cross_device,1,2,color,-2282,-4146,-460,1788558608433327
cross_device,1,2,color,-2282,-4271,-253,1788558608466916
cross_device,1,2,color,-2283,-4392,-185,1788558608500248
cross_device,1,2,color,-2283,-4513,-335,1788558608533503
cross_device,1,2,color,-2284,-4634,-194,1788558608566734
cross_device,1,2,color,-2283,-4750,55,1788558608600138
cross_device,1,2,color,-2282,-4870,-345,1788558608633462
cross_device,1,2,color,-2284,-4989,-215,1788558608666863
multi_device,0,0,depth_all,10588,1918,0,0
multi_device,0,0,depth_all,10586,2015,0,0
multi_device,0,0,depth_all,10586,2113,0,0
multi_device,0,0,depth_all,10586,2209,0,0
multi_device,0,0,depth_all,10586,2306,0,0
multi_device,0,0,depth_all,10584,673,0,0
multi_device,0,0,depth_all,11320,785,0,0
multi_device,0,0,depth_all,11319,800,0,0
multi_device,0,0,depth_all,2200,1655,0,0
multi_device,0,0,depth_all,2201,1667,0,0
multi_device,0,0,depth_all,2201,1678,0,0
multi_device,0,0,depth_all,2202,1689,0,0
multi_device,0,0,depth_all,2201,1703,0,0
multi_device,0,0,depth_all,2202,1714,0,0
multi_device,0,0,depth_all,2202,1725,0,0
multi_device,0,0,depth_all,2203,1739,0,0
multi_device,0,0,depth_all,2203,1749,0,0
multi_device,0,0,depth_all,2203,1761,0,0
multi_device,0,0,depth_all,2203,1773,0,0
multi_device,0,0,depth_all,2204,1786,0,0
multi_device,0,0,depth_all,2204,1795,0,0
multi_device,0,0,depth_all,2204,1808,0,0
multi_device,0,0,depth_all,2203,1822,0,0
multi_device,0,0,depth_all,2204,1834,0,0
multi_device,0,0,depth_all,2204,1845,0,0
multi_device,0,0,depth_all,2205,1856,0,0
multi_device,0,0,depth_all,2205,1370,0,0
multi_device,0,0,depth_all,2205,417,0,0
multi_device,0,0,depth_all,2205,418,0,0
multi_device,0,0,depth_all,2205,422,0,0
multi_device,0,0,depth_all,2205,424,0,0
multi_device,0,0,depth_all,2206,429,0,0
multi_device,0,0,depth_all,2206,431,0,0
multi_device,0,0,depth_all,2207,431,0,0
multi_device,0,0,depth_all,2207,434,0,0
multi_device,0,0,depth_all,2206,438,0,0
multi_device,0,0,depth_all,2206,442,0,0
multi_device,0,0,depth_all,2207,444,0,0
multi_device,0,0,depth_all,2207,448,0,0
multi_device,0,0,depth_all,2207,450,0,0
multi_device,0,0,depth_all,2208,715,0,0
multi_device,0,0,depth_all,2208,726,0,0
multi_device,0,0,depth_all,2208,738,0,0
multi_device,0,0,depth_all,2208,752,0,0
multi_device,0,0,depth_all,2321,876,0,0
multi_device,0,0,depth_all,2211,777,0,0
multi_device,0,0,depth_all,2212,788,0,0
multi_device,0,0,depth_all,2212,801,0,0
multi_device,0,0,depth_all,2212,813,0,0
multi_device,0,0,depth_all,2213,825,0,0
multi_device,0,0,depth_all,2213,836,0,0
multi_device,0,0,depth_all,2213,848,0,0
multi_device,0,0,depth_all,2213,858,0,0
multi_device,0,0,depth_all,2213,872,0,0
multi_device,0,0,depth_all,2213,884,0,0
multi_device,0,0,depth_all,2213,896,0,0
multi_device,0,0,depth_all,2214,510,0,0
multi_device,0,0,depth_all,2214,150,0,0
multi_device,0,0,depth_all,2215,152,0,0
multi_device,0,0,depth_all,2215,151,0,0
multi_device,0,0,depth_all,2215,154,0,0
multi_device,0,0,depth_all,2215,152,0,0
multi_device,0,0,depth_all,2215,154,0,0
multi_device,0,0,depth_all,2215,155,0,0
multi_device,0,0,depth_all,2216,156,0,0
multi_device,0,0,depth_all,2216,158,0,0
multi_device,0,0,depth_all,2216,157,0,0
multi_device,0,0,depth_all,2216,169,0,0
multi_device,0,0,depth_all,2216,178,0,0
multi_device,0,0,depth_all,2217,191,0,0
multi_device,0,0,depth_all,2216,933,0,0
multi_device,0,0,depth_all,2217,936,0,0
multi_device,0,0,depth_all,2217,935,0,0
multi_device,0,0,depth_all,2218,938,0,0
multi_device,0,0,depth_all,2217,940,0,0
multi_device,0,0,depth_all,2218,941,0,0
multi_device,0,0,depth_all,2218,942,0,0
multi_device,0,0,depth_all,2218,944,0,0
multi_device,0,0,depth_all,2219,947,0,0
multi_device,0,0,depth_all,2218,950,0,0
multi_device,0,0,depth_all,2219,950,0,0
multi_device,0,0,depth_all,2219,952,0,0
multi_device,0,0,depth_all,2220,953,0,0
multi_device,0,0,depth_all,2220,953,0,0
multi_device,0,0,depth_all,2220,956,0,0
multi_device,0,0,depth_all,2220,960,0,0
multi_device,0,0,depth_all,2220,961,0,0
multi_device,0,0,depth_all,2220,219,0,0
multi_device,0,0,depth_all,2220,215,0,0
multi_device,0,0,depth_all,2220,215,0,0
multi_device,0,0,depth_all,2221,214,0,0
multi_device,0,0,depth_all,2221,212,0,0
multi_device,0,0,depth_all,2221,211,0,0
multi_device,0,0,depth_all,2221,210,0,0
multi_device,0,0,depth_all,2222,208,0,0
multi_device,0,0,depth_all,2222,205,0,0
multi_device,0,0,depth_all,2223,205,0,0
multi_device,0,0,depth_all,2222,204,0,0
multi_device,0,0,depth_all,2223,203,0,0
multi_device,0,0,depth_all,2223,201,0,0
multi_device,0,0,depth_all,2212,199,0,0
multi_device,0,0,depth_all,2213,198,0,0
multi_device,0,0,depth_all,2213,196,0,0
multi_device,0,0,depth_all,2213,196,0,0
multi_device,0,0,depth_all,2213,194,0,0
multi_device,0,0,depth_all,2214,192,0,0
multi_device,0,0,depth_all,2213,190,0,0
multi_device,0,0,depth_all,2214,189,0,0
multi_device,0,0,depth_all,2214,186,0,0
multi_device,0,0,depth_all,2214,185,0,0
multi_device,0,0,depth_all,2215,183,0,0
multi_device,0,0,depth_all,2215,183,0,0
multi_device,0,0,depth_all,2215,181,0,0
multi_device,0,0,depth_all,2215,180,0,0
multi_device,0,0,depth_all,2216,180,0,0
multi_device,0,0,depth_all,2215,177,0,0
multi_device,0,0,depth_all,2216,175,0,0
multi_device,0,0,depth_all,2216,933,0,0
multi_device,0,0,depth_all,2216,937,0,0
multi_device,0,0,depth_all,2217,937,0,0
multi_device,0,0,depth_all,2216,941,0,0
multi_device,0,0,depth_all,2217,942,0,0
multi_device,0,0,depth_all,2217,944,0,0
multi_device,0,0,depth_all,2217,948,0,0
multi_device,0,0,depth_all,2218,947,0,0
multi_device,0,0,depth_all,2218,949,0,0
multi_device,0,0,depth_all,2218,953,0,0
multi_device,0,0,depth_all,2218,954,0,0
multi_device,0,0,depth_all,2218,955,0,0
multi_device,0,0,depth_all,2219,959,0,0
multi_device,0,0,depth_all,2219,961,0,0
multi_device,0,0,depth_all,2219,962,0,0
multi_device,0,0,depth_all,2219,965,0,0
multi_device,0,0,depth_all,2219,967,0,0
multi_device,0,0,depth_all,2220,970,0,0
multi_device,0,0,depth_all,2219,973,0,0
multi_device,0,0,depth_all,2220,972,0,0
multi_device,0,0,depth_all,2221,975,0,0
multi_device,0,0,depth_all,2220,976,0,0
multi_device,0,0,depth_all,2220,980,0,0
multi_device,0,0,depth_all,2223,978,0,0
multi_device,0,0,depth_all,2221,984,0,0
multi_device,0,0,depth_all,2221,984,0,0
multi_device,0,0,depth_all,2225,983,0,0
multi_device,0,0,depth_all,2222,988,0,0
multi_device,0,0,depth_all,2222,992,0,0
multi_device,0,0,depth_all,2228,989,0,0
multi_device,0,0,depth_all,2223,616,0,0
multi_device,0,0,depth_all,2222,615,0,0
multi_device,0,0,depth_all,2230,624,0,0
multi_device,0,0,depth_all,2223,619,0,0
multi_device,0,0,depth_all,2223,621,0,0
multi_device,0,0,depth_all,2232,631,0,0
multi_device,0,0,depth_all,2224,625,0,0
multi_device,0,0,depth_all,2224,625,0,0
multi_device,0,0,depth_all,2233,637,0,0
multi_device,0,0,depth_all,2225,629,0,0
multi_device,0,0,depth_all,2224,630,0,0
multi_device,0,0,depth_all,2225,631,0,0
multi_device,0,0,depth_all,2225,635,0,0
multi_device,0,0,depth_all,2225,449,0,0
multi_device,0,0,depth_all,2235,461,0,0
multi_device,0,0,depth_all,2225,452,0,0
multi_device,0,0,depth_all,2226,456,0,0
multi_device,0,0,depth_all,2235,468,0,0
multi_device,0,0,depth_all,2226,462,0,0
multi_device,0,0,depth_all,2226,463,0,0
multi_device,0,0,depth_all,2226,469,0,0
multi_device,0,0,depth_all,2226,470,0,0
multi_device,0,0,depth_all,2227,475,0,0
multi_device,0,0,depth_all,2227,477,0,0
multi_device,0,0,depth_all,2227,483,0,0
multi_device,0,0,depth_all,2227,484,0,0
multi_device,0,0,depth_all,2228,489,0,0
multi_device,0,0,depth_all,2228,493,0,0
multi_device,0,0,depth_all,2228,493,0,0
multi_device,0,0,depth_all,2229,497,0,0
multi_device,0,0,depth_all,2228,486,0,0
multi_device,0,0,depth_all,2229,490,0,0
multi_device,0,0,depth_all,2229,493,0,0
multi_device,0,0,depth_all,2229,496,0,0
multi_device,0,0,depth_all,2229,498,0,0
multi_device,0,0,depth_all,2229,498,0,0
multi_device,0,0,depth_all,2230,502,0,0
multi_device,0,0,depth_all,2230,505,0,0
multi_device,0,0,depth_all,2231,507,0,0
multi_device,0,0,depth_all,2230,508,0,0
multi_device,0,0,depth_all,2231,510,0,0
multi_device,0,0,depth_all,2231,512,0,0
multi_device,0,0,depth_all,2231,516,0,0
multi_device,0,0,depth_all,2232,552,0,0
multi_device,0,0,depth_all,2232,551,0,0
multi_device,0,0,depth_all,2232,553,0,0
multi_device,0,0,depth_all,2232,553,0,0
multi_device,0,0,depth_all,2232,553,0,0
multi_device,0,0,depth_all,2232,553,0,0
multi_device,0,0,depth_all,2233,556,0,0
multi_device,0,0,depth_all,2233,555,0,0
multi_device,0,0,depth_all,2233,556,0,0
multi_device,0,0,depth_all,2233,556,0,0
multi_device,0,0,depth_all,2234,557,0,0
multi_device,0,0,depth_all,2234,558,0,0
multi_device,0,0,depth_all,2234,558,0,0
multi_device,0,0,depth_all,2234,557,0,0
multi_device,0,0,depth_all,2234,557,0,0
multi_device,0,0,depth_all,2234,559,0,0
multi_device,0,0,depth_all,2235,559,0,0
multi_device,0,0,depth_all,2235,561,0,0
multi_device,0,0,depth_all,2235,560,0,0
multi_device,0,0,depth_all,2235,562,0,0
multi_device,0,0,depth_all,2235,562,0,0
multi_device,0,0,depth_all,2236,562,0,0
multi_device,0,0,depth_all,2236,564,0,0
multi_device,0,0,depth_all,2236,564,0,0
multi_device,0,0,depth_all,2236,564,0,0
multi_device,0,0,depth_all,2236,564,0,0
multi_device,0,0,depth_all,2236,565,0,0
multi_device,0,0,depth_all,2237,565,0,0
multi_device,0,0,depth_all,2237,567,0,0
multi_device,0,0,depth_all,2237,567,0,0
multi_device,0,0,depth_all,2238,712,0,0
multi_device,0,0,depth_all,2238,713,0,0
multi_device,0,0,depth_all,2238,713,0,0
multi_device,0,0,depth_all,2238,713,0,0
multi_device,0,0,depth_all,2238,714,0,0
multi_device,0,0,depth_all,2239,715,0,0
multi_device,0,0,depth_all,2239,715,0,0
multi_device,0,0,depth_all,2239,715,0,0
multi_device,0,0,depth_all,2239,716,0,0
multi_device,0,0,depth_all,2240,718,0,0
multi_device,0,0,depth_all,2239,718,0,0
multi_device,0,0,depth_all,2240,718,0,0
multi_device,0,0,depth_all,2240,719,0,0
multi_device,0,0,depth_all,2241,721,0,0
multi_device,0,0,depth_all,2241,719,0,0
multi_device,0,0,depth_all,2241,721,0,0
multi_device,0,0,depth_all,2241,721,0,0
multi_device,0,0,depth_all,2241,722,0,0
multi_device,0,0,depth_all,2241,721,0,0
multi_device,0,0,depth_all,2241,724,0,0
multi_device,0,0,depth_all,2242,724,0,0
multi_device,0,0,depth_all,2242,724,0,0
multi_device,0,0,depth_all,2242,723,0,0
multi_device,0,0,depth_all,2242,724,0,0
multi_device,0,0,depth_all,2242,726,0,0
multi_device,0,0,depth_all,2243,726,0,0
multi_device,0,0,depth_all,2243,727,0,0
multi_device,0,0,depth_all,2243,727,0,0
multi_device,0,0,depth_all,2243,728,0,0
multi_device,0,0,depth_all,2244,729,0,0
multi_device,0,0,depth_all,2244,730,0,0
multi_device,0,0,depth_all,2244,729,0,0
multi_device,0,0,depth_all,2244,730,0,0
multi_device,0,0,depth_all,2245,730,0,0
multi_device,0,0,depth_all,2244,731,0,0
multi_device,0,0,depth_all,2245,731,0,0
multi_device,0,0,depth_all,2245,732,0,0
multi_device,0,0,depth_all,2246,733,0,0
multi_device,0,0,depth_all,2246,733,0,0
multi_device,0,0,depth_all,2245,733,0,0
multi_device,0,0,depth_all,2246,733,0,0
multi_device,0,0,depth_all,2246,734,0,0
multi_device,0,0,depth_all,2246,735,0,0
multi_device,0,0,depth_all,2247,737,0,0
multi_device,0,0,depth_all,2246,736,0,0
multi_device,0,0,depth_all,2247,737,0,0
multi_device,0,0,depth_all,2247,739,0,0
multi_device,0,0,depth_all,2247,767,0,0
multi_device,0,0,depth_all,2247,795,0,0
multi_device,0,0,depth_all,2248,824,0,0
multi_device,0,0,depth_all,2248,854,0,0
multi_device,0,0,depth_all,2248,883,0,0
multi_device,0,0,depth_all,2249,911,0,0
multi_device,0,0,depth_all,2248,937,0,0
multi_device,0,0,depth_all,2249,965,0,0
multi_device,0,0,depth_all,2249,994,0,0
multi_device,0,0,depth_all,2249,1019,0,0
multi_device,0,0,depth_all,2249,1046,0,0
multi_device,0,0,depth_all,2249,1073,0,0
multi_device,0,0,depth_all,2250,1139,0,0
multi_device,0,0,depth_all,2250,1270,0,0
multi_device,0,0,depth_all,2250,1397,0,0
multi_device,0,0,depth_all,2251,1526,0,0
multi_device,0,0,depth_all,2251,1655,0,0
multi_device,0,0,depth_all,2251,1783,0,0
multi_device,0,0,depth_all,2251,1906,0,0
multi_device,0,0,depth_all,2252,2034,0,0
multi_device,0,0,depth_all,2252,2158,0,0
multi_device,0,0,depth_all,2252,2283,0,0
multi_device,0,0,depth_all,2252,2405,0,0
multi_device,0,0,depth_all,2252,2527,0,0
multi_device,0,0,depth_all,2252,2647,0,0
multi_device,0,0,depth_all,2252,2768,0,0
multi_device,0,0,depth_all,2253,2889,0,0
multi_device,0,0,depth_all,2252,3008,0,0
multi_device,0,0,depth_all,2253,3126,0,0
multi_device,0,0,depth_all,2254,3244,0,0
multi_device,0,0,depth_all,2253,3360,0,0
multi_device,0,0,depth_all,2253,3476,0,0
multi_device,0,0,depth_all,2254,3593,0,0
multi_device,0,0,depth_all,2254,3706,0,0
multi_device,0,0,depth_all,2255,3821,0,0
multi_device,0,0,depth_all,31445,8300,0,0
multi_device,0,0,depth_all,31446,7265,0,0
multi_device,0,0,depth_all,31445,6240,0,0
multi_device,0,0,depth_all,31445,5221,0,0
multi_device,0,0,depth_all,31446,4338,0,0
multi_device,0,0,depth_all,31443,4414,0,0
multi_device,0,0,depth_all,31445,4490,0,0
multi_device,0,0,depth_all,31443,4564,0,0
multi_device,0,0,depth_all,31445,4637,0,0
multi_device,0,0,color_all,2217,1655,0,0
multi_device,0,0,color_all,2216,1666,0,0
multi_device,0,0,color_all,2217,1679,0,0
multi_device,0,0,color_all,2217,1690,0,0
multi_device,0,0,color_all,2218,1702,0,0
multi_device,0,0,color_all,2218,1713,0,0
multi_device,0,0,color_all,2217,1726,0,0
multi_device,0,0,color_all,2218,1737,0,0
multi_device,0,0,color_all,2218,1750,0,0
multi_device,0,0,color_all,2218,1763,0,0
multi_device,0,0,color_all,2218,1775,0,0
multi_device,0,0,color_all,2219,1785,0,0
multi_device,0,0,color_all,2219,1798,0,0
multi_device,0,0,color_all,2219,1809,0,0
multi_device,0,0,color_all,2220,1822,0,0
multi_device,0,0,color_all,2220,1833,0,0
multi_device,0,0,color_all,2220,1844,0,0
multi_device,0,0,color_all,2220,1856,0,0
multi_device,0,0,color_all,2220,1372,0,0
multi_device,0,0,color_all,2221,416,0,0
multi_device,0,0,color_all,2221,420,0,0
multi_device,0,0,color_all,2221,421,0,0
multi_device,0,0,color_all,2222,425,0,0
multi_device,0,0,color_all,2221,428,0,0
multi_device,0,0,color_all,2222,431,0,0
multi_device,0,0,color_all,2222,431,0,0
multi_device,0,0,color_all,2222,435,0,0
multi_device,0,0,color_all,2223,439,0,0
multi_device,0,0,color_all,2223,439,0,0
multi_device,0,0,color_all,2223,443,0,0
multi_device,0,0,color_all,2223,446,0,0
multi_device,0,0,color_all,2224,448,0,0
multi_device,0,0,color_all,2223,731,0,0
multi_device,0,0,color_all,2224,742,0,0
multi_device,0,0,color_all,2223,754,0,0
multi_device,0,0,color_all,2224,767,0,0
multi_device,0,0,color_all,2224,776,0,0
multi_device,0,0,color_all,2225,791,0,0
multi_device,0,0,color_all,2225,802,0,0
multi_device,0,0,color_all,2225,813,0,0
multi_device,0,0,color_all,2225,824,0,0
multi_device,0,0,color_all,2225,838,0,0
multi_device,0,0,color_all,2226,850,0,0
multi_device,0,0,color_all,2226,861,0,0
multi_device,0,0,color_all,2226,873,0,0
multi_device,0,0,color_all,2226,885,0,0
multi_device,0,0,color_all,2227,897,0,0
multi_device,0,0,color_all,2227,909,0,0
multi_device,0,0,color_all,2226,920,0,0
multi_device,0,0,color_all,2227,150,0,0
multi_device,0,0,color_all,2227,152,0,0
multi_device,0,0,color_all,2227,152,0,0
multi_device,0,0,color_all,2228,153,0,0
multi_device,0,0,color_all,2228,153,0,0
multi_device,0,0,color_all,2228,153,0,0
multi_device,0,0,color_all,2229,156,0,0
multi_device,0,0,color_all,2228,155,0,0
multi_device,0,0,color_all,2229,161,0,0
multi_device,0,0,color_all,2229,171,0,0
multi_device,0,0,color_all,2229,182,0,0
multi_device,0,0,color_all,2230,194,0,0
multi_device,0,0,color_all,2229,202,0,0
multi_device,0,0,color_all,2230,920,0,0
multi_device,0,0,color_all,2230,921,0,0
multi_device,0,0,color_all,2230,922,0,0
multi_device,0,0,color_all,2231,924,0,0
multi_device,0,0,color_all,2231,926,0,0
multi_device,0,0,color_all,2231,929,0,0
multi_device,0,0,color_all,2231,930,0,0
multi_device,0,0,color_all,2232,931,0,0
multi_device,0,0,color_all,2232,933,0,0
multi_device,0,0,color_all,2232,936,0,0
multi_device,0,0,color_all,2232,937,0,0
multi_device,0,0,color_all,2232,938,0,0
multi_device,0,0,color_all,2232,941,0,0
multi_device,0,0,color_all,2232,942,0,0
multi_device,0,0,color_all,2233,945,0,0
multi_device,0,0,color_all,2233,944,0,0
multi_device,0,0,color_all,2233,947,0,0
multi_device,0,0,color_all,2233,218,0,0
multi_device,0,0,color_all,2234,217,0,0
multi_device,0,0,color_all,2234,216,0,0
multi_device,0,0,color_all,2234,215,0,0
multi_device,0,0,color_all,2235,214,0,0
multi_device,0,0,color_all,2234,210,0,0
multi_device,0,0,color_all,2235,210,0,0
multi_device,0,0,color_all,2235,209,0,0
multi_device,0,0,color_all,2235,206,0,0
multi_device,0,0,color_all,2235,205,0,0
multi_device,0,0,color_all,2236,205,0,0
multi_device,0,0,color_all,2235,202,0,0
multi_device,0,0,color_all,2236,201,0,0
multi_device,0,0,color_all,2236,197,0,0
multi_device,0,0,color_all,2236,197,0,0
multi_device,0,0,color_all,2236,195,0,0
multi_device,0,0,color_all,2237,195,0,0
multi_device,0,0,color_all,2237,193,0,0
multi_device,0,0,color_all,2237,193,0,0
multi_device,0,0,color_all,2237,190,0,0
multi_device,0,0,color_all,2237,190,0,0
multi_device,0,0,color_all,2238,187,0,0
multi_device,0,0,color_all,2238,185,0,0
multi_device,0,0,color_all,2238,184,0,0
multi_device,0,0,color_all,2239,182,0,0
multi_device,0,0,color_all,2238,182,0,0
multi_device,0,0,color_all,2239,179,0,0
multi_device,0,0,color_all,2239,179,0,0
multi_device,0,0,color_all,2240,178,0,0
multi_device,0,0,color_all,2239,175,0,0
multi_device,0,0,color_all,2239,934,0,0
multi_device,0,0,color_all,2240,937,0,0
multi_device,0,0,color_all,2240,939,0,0
multi_device,0,0,color_all,2241,941,0,0
multi_device,0,0,color_all,2240,941,0,0
multi_device,0,0,color_all,2241,943,0,0
multi_device,0,0,color_all,2240,947,0,0
multi_device,0,0,color_all,2241,948,0,0
multi_device,0,0,color_all,2241,952,0,0
multi_device,0,0,color_all,2242,953,0,0
multi_device,0,0,color_all,2241,955,0,0
multi_device,0,0,color_all,2242,955,0,0
multi_device,0,0,color_all,2242,959,0,0
multi_device,0,0,color_all,2242,960,0,0
multi_device,0,0,color_all,2243,962,0,0
multi_device,0,0,color_all,2243,965,0,0
multi_device,0,0,color_all,2243,966,0,0
multi_device,0,0,color_all,2244,968,0,0
multi_device,0,0,color_all,2244,970,0,0
multi_device,0,0,color_all,2244,974,0,0
multi_device,0,0,color_all,2246,972,0,0
multi_device,0,0,color_all,2245,978,0,0
multi_device,0,0,color_all,2244,980,0,0
multi_device,0,0,color_all,2248,979,0,0
multi_device,0,0,color_all,2245,984,0,0
multi_device,0,0,color_all,2245,986,0,0
multi_device,0,0,color_all,2249,985,0,0
multi_device,0,0,color_all,2245,989,0,0
multi_device,0,0,color_all,2245,991,0,0
multi_device,0,0,color_all,2252,995,0,0
multi_device,0,0,color_all,2246,639,0,0
multi_device,0,0,color_all,2246,640,0,0
multi_device,0,0,color_all,2254,647,0,0
multi_device,0,0,color_all,2246,642,0,0
multi_device,0,0,color_all,2247,645,0,0
multi_device,0,0,color_all,2257,656,0,0
multi_device,0,0,color_all,2247,647,0,0
multi_device,0,0,color_all,2248,649,0,0
multi_device,0,0,color_all,2258,661,0,0
multi_device,0,0,color_all,2248,653,0,0
multi_device,0,0,color_all,2248,655,0,0
multi_device,0,0,color_all,2249,656,0,0
multi_device,0,0,color_all,2248,657,0,0
multi_device,0,0,color_all,2249,474,0,0
multi_device,0,0,color_all,2259,485,0,0
multi_device,0,0,color_all,2249,476,0,0
multi_device,0,0,color_all,2250,480,0,0
multi_device,0,0,color_all,2259,490,0,0
multi_device,0,0,color_all,2250,485,0,0
multi_device,0,0,color_all,2250,489,0,0
multi_device,0,0,color_all,2251,492,0,0
multi_device,0,0,color_all,2251,494,0,0
multi_device,0,0,color_all,2251,498,0,0
multi_device,0,0,color_all,2251,503,0,0
multi_device,0,0,color_all,2251,505,0,0
multi_device,0,0,color_all,2251,510,0,0
multi_device,0,0,color_all,2252,512,0,0
multi_device,0,0,color_all,2252,517,0,0
multi_device,0,0,color_all,2252,519,0,0
multi_device,0,0,color_all,2252,522,0,0
multi_device,0,0,color_all,2253,513,0,0
multi_device,0,0,color_all,2253,515,0,0
multi_device,0,0,color_all,2253,517,0,0
multi_device,0,0,color_all,2253,520,0,0
multi_device,0,0,color_all,2253,521,0,0
multi_device,0,0,color_all,2254,525,0,0
multi_device,0,0,color_all,2254,525,0,0
multi_device,0,0,color_all,2254,528,0,0
multi_device,0,0,color_all,2254,530,0,0
multi_device,0,0,color_all,2254,532,0,0
multi_device,0,0,color_all,2254,535,0,0
multi_device,0,0,color_all,2255,538,0,0
multi_device,0,0,color_all,2255,540,0,0
multi_device,0,0,color_all,2255,574,0,0
multi_device,0,0,color_all,2255,576,0,0
multi_device,0,0,color_all,2255,577,0,0
multi_device,0,0,color_all,2256,577,0,0
multi_device,0,0,color_all,2256,576,0,0
multi_device,0,0,color_all,2256,576,0,0
multi_device,0,0,color_all,2256,578,0,0
multi_device,0,0,color_all,2257,579,0,0
multi_device,0,0,color_all,2257,579,0,0
multi_device,0,0,color_all,2257,580,0,0
multi_device,0,0,color_all,2257,582,0,0
multi_device,0,0,color_all,2258,583,0,0
multi_device,0,0,color_all,2258,581,0,0
multi_device,0,0,color_all,2257,581,0,0
multi_device,0,0,color_all,2258,582,0,0
multi_device,0,0,color_all,2258,584,0,0
multi_device,0,0,color_all,2258,584,0,0
multi_device,0,0,color_all,2259,585,0,0
multi_device,0,0,color_all,2259,585,0,0
multi_device,0,0,color_all,2259,586,0,0
multi_device,0,0,color_all,2260,587,0,0
multi_device,0,0,color_all,2259,587,0,0
multi_device,0,0,color_all,2260,587,0,0
multi_device,0,0,color_all,2260,586,0,0
multi_device,0,0,color_all,2260,588,0,0
multi_device,0,0,color_all,2261,589,0,0
multi_device,0,0,color_all,2261,591,0,0
multi_device,0,0,color_all,2261,590,0,0
multi_device,0,0,color_all,2261,591,0,0
multi_device,0,0,color_all,2261,591,0,0
multi_device,0,0,color_all,2261,736,0,0
multi_device,0,0,color_all,2407,882,0,0
multi_device,0,0,color_all,2426,901,0,0
multi_device,0,0,color_all,2425,900,0,0
multi_device,0,0,color_all,2443,919,0,0
multi_device,0,0,color_all,2246,722,0,0
multi_device,0,0,color_all,2246,722,0,0
multi_device,0,0,color_all,2392,869,0,0
multi_device,0,0,color_all,2263,740,0,0
multi_device,0,0,color_all,2263,740,0,0
multi_device,0,0,color_all,2264,742,0,0
multi_device,0,0,color_all,2263,742,0,0
multi_device,0,0,color_all,2264,742,0,0
multi_device,0,0,color_all,2264,744,0,0
multi_device,0,0,color_all,2264,742,0,0
multi_device,0,0,color_all,2265,746,0,0
multi_device,0,0,color_all,2265,744,0,0
multi_device,0,0,color_all,2265,746,0,0
multi_device,0,0,color_all,2266,746,0,0
multi_device,0,0,color_all,2265,746,0,0
multi_device,0,0,color_all,2265,746,0,0
multi_device,0,0,color_all,2266,747,0,0
multi_device,0,0,color_all,2265,746,0,0
multi_device,0,0,color_all,2266,748,0,0
multi_device,0,0,color_all,2267,749,0,0
multi_device,0,0,color_all,2266,748,0,0
multi_device,0,0,color_all,2267,751,0,0
multi_device,0,0,color_all,2266,750,0,0
multi_device,0,0,color_all,2267,752,0,0
multi_device,0,0,color_all,2268,753,0,0
multi_device,0,0,color_all,2268,753,0,0
multi_device,0,0,color_all,2268,752,0,0
multi_device,0,0,color_all,2268,753,0,0
multi_device,0,0,color_all,2268,753,0,0
multi_device,0,0,color_all,2269,755,0,0
multi_device,0,0,color_all,2268,754,0,0
multi_device,0,0,color_all,2269,757,0,0
multi_device,0,0,color_all,2269,756,0,0
multi_device,0,0,color_all,2269,757,0,0
multi_device,0,0,color_all,2269,757,0,0
multi_device,0,0,color_all,2269,757,0,0
multi_device,0,0,color_all,2270,759,0,0
multi_device,0,0,color_all,2270,758,0,0
multi_device,0,0,color_all,2270,758,0,0
multi_device,0,0,color_all,2271,762,0,0
multi_device,0,0,color_all,2270,759,0,0
multi_device,0,0,color_all,2271,767,0,0
multi_device,0,0,color_all,2271,796,0,0
multi_device,0,0,color_all,2272,824,0,0
multi_device,0,0,color_all,2271,852,0,0
multi_device,0,0,color_all,2272,882,0,0
multi_device,0,0,color_all,2272,908,0,0
multi_device,0,0,color_all,2272,937,0,0
multi_device,0,0,color_all,2273,964,0,0
multi_device,0,0,color_all,2273,991,0,0
multi_device,0,0,color_all,2273,1019,0,0
multi_device,0,0,color_all,2273,1045,0,0
multi_device,0,0,color_all,2273,1074,0,0
multi_device,0,0,color_all,2273,1100,0,0
multi_device,0,0,color_all,2273,1127,0,0
multi_device,0,0,color_all,2273,1153,0,0
multi_device,0,0,color_all,2274,1180,0,0
multi_device,0,0,color_all,2274,1204,0,0
multi_device,0,0,color_all,2274,1230,0,0
multi_device,0,0,color_all,2275,1257,0,0
multi_device,0,0,color_all,2275,1284,0,0
multi_device,0,0,color_all,2275,1309,0,0
multi_device,0,0,color_all,2275,1332,0,0
multi_device,0,0,color_all,2276,1359,0,0
multi_device,0,0,color_all,2275,1385,0,0
multi_device,0,0,color_all,2275,1409,0,0
multi_device,0,0,color_all,2276,1433,0,0
multi_device,0,0,color_all,2276,1459,0,0
multi_device,0,0,color_all,2277,1483,0,0
multi_device,0,0,color_all,2277,1506,0,0
multi_device,0,0,color_all,2277,1531,0,0
multi_device,0,0,color_all,2277,1554,0,0
multi_device,0,0,color_all,2278,1578,0,0
multi_device,0,0,color_all,2278,1601,0,0
multi_device,0,0,color_all,2278,1627,0,0
multi_device,0,0,color_all,2278,1650,0,0
multi_device,0,0,color_all,2278,1668,0,0
multi_device,0,0,color_all,2278,1690,0,0
multi_device,0,0,color_all,2279,1778,0,0
multi_device,0,0,color_all,2279,1918,0,0
multi_device,0,0,color_all,2279,2056,0,0
multi_device,0,0,color_all,2279,2191,0,0
multi_device,0,0,color_all,2280,2331,0,0
multi_device,0,0,color_all,2279,2465,0,0
multi_device,0,0,color_all,2280,2601,0,0
multi_device,0,0,color_all,2280,2734,0,0
multi_device,0,0,color_all,2280,2867,0,0
multi_device,0,0,color_all,2280,3000,0,0
multi_device,0,0,color_all,2281,3131,0,0
multi_device,0,0,color_all,2281,3260,0,0
multi_device,0,0,color_all,2281,3391,0,0
multi_device,0,0,color_all,2282,3518,0,0
multi_device,0,0,color_all,2281,3648,0,0
multi_device,0,0,color_all,2282,3774,0,0
multi_device,0,0,color_all,2282,3900,0,0
multi_device,0,0,color_all,2282,4021,0,0
multi_device,0,0,color_all,2282,4146,0,0
multi_device,0,0,color_all,2282,4271,0,0
multi_device,0,0,color_all,2283,4392,0,0
multi_device,0,0,color_all,2283,4513,0,0
multi_device,0,0,color_all,2284,4634,0,0
multi_device,0,0,color_all,2283,4750,0,0
multi_device,0,0,color_all,2282,4870,0,0
multi_device,0,0,color_all,2284,4989,0,0
