comparison_type,device_i,device_j,stream,hw_diff_us,global_diff_us,sys_diff_us,timestamp_us
cross_stream,0,0,depth+color,-1,-1,4953,1788587012616845
cross_stream,0,0,depth+color,-1,-1,4943,1788587012650109
cross_stream,0,0,depth+color,-1,-2,5004,1788587012683444
cross_stream,0,0,depth+color,0,0,4961,1788587012716773
cross_stream,0,0,depth+color,0,-1,4980,1788587012750118
cross_stream,0,0,depth+color,-1,-1,4861,1788587012783452
cross_stream,0,0,depth+color,-1,-2,5000,1788587012816772
cross_stream,0,0,depth+color,0,1,4990,1788587012850123
cross_stream,0,0,depth+color,-1,-1,4857,1788587012883455
cross_stream,0,0,depth+color,-1,-2,4978,1788587012916776
cross_stream,0,0,depth+color,-1,-2,5125,1788587012950242
cross_stream,0,0,depth+color,-1,-1,4873,1788587012983468
cross_stream,0,0,depth+color,-1,-1,4984,1788587013016784
cross_stream,0,0,depth+color,-1,-2,5326,1788587013050443
cross_stream,0,0,depth+color,-1,-1,4976,1788587013083557
cross_stream,0,0,depth+color,0,0,5128,1788587013116942
cross_stream,0,0,depth+color,-1,-1,4978,1788587013150130
cross_stream,0,0,depth+color,-1,0,4981,1788587013183567
cross_stream,0,0,depth+color,-1,-1,5141,1788587013216943
cross_stream,0,0,depth+color,0,-1,4972,1788587013250118
cross_stream,0,0,depth+color,-1,-2,4977,1788587013283459
cross_stream,0,0,depth+color,-1,-1,4670,1788587013316759
cross_stream,0,0,depth+color,0,-1,5133,1788587013350286
cross_stream,0,0,depth+color,0,0,5025,1788587013383465
cross_stream,0,0,depth+color,-1,-1,4828,1788587013416754
cross_stream,0,0,depth+color,0,0,5117,1788587013450406
cross_stream,0,0,depth+color,-1,-1,4955,1788587013483555
cross_stream,0,0,depth+color,-1,0,5142,1788587013516918
cross_stream,0,0,depth+color,-1,-1,5239,1788587013550510
cross_stream,0,0,depth+color,0,0,4960,1788587013583432
cross_stream,0,0,depth+color,-1,-1,5038,1788587013616812
cross_stream,0,0,depth+color,-1,-1,4859,1788587013650098
cross_stream,0,0,depth+color,-1,-1,4690,1788587013683408
cross_stream,0,0,depth+color,0,0,4984,1788587013716773
cross_stream,0,0,depth+color,0,0,4853,1788587013750116
cross_stream,0,0,depth+color,-1,-1,4998,1788587013783457
cross_stream,0,0,depth+color,-1,-1,4895,1788587013816781
cross_stream,0,0,depth+color,-1,-1,4943,1788587013850223
cross_stream,0,0,depth+color,-1,-1,5017,1788587013883461
cross_stream,0,0,depth+color,0,0,5001,1788587013916764
cross_stream,0,0,depth+color,-1,-1,4856,1788587013950130
cross_stream,0,0,depth+color,0,0,4811,1788587013983567
cross_stream,0,0,depth+color,-1,-2,4719,1788587014016778
cross_stream,0,0,depth+color,-1,-2,4880,1788587014050120
cross_stream,0,0,depth+color,-1,-1,4884,1788587014083591
cross_stream,0,0,depth+color,0,-1,4922,1788587014116969
cross_stream,0,0,depth+color,-1,-2,4848,1788587014150089
cross_stream,0,0,depth+color,-1,-1,4824,1788587014183534
cross_stream,0,0,depth+color,-1,-1,5124,1788587014217042
cross_stream,0,0,depth+color,0,0,4581,1788587014250136
cross_stream,0,0,depth+color,0,0,4878,1788587014283552
cross_stream,0,0,depth+color,-1,-1,4876,1788587014316891
cross_stream,0,0,depth+color,0,0,4860,1788587014350121
cross_stream,0,0,depth+color,-1,0,4818,1788587014383582
cross_stream,0,0,depth+color,0,-1,4721,1788587014416771
cross_stream,0,0,depth+color,0,-1,4823,1788587014450106
cross_stream,0,0,depth+color,-1,0,5014,1788587014483575
cross_stream,0,0,depth+color,0,0,5025,1788587014516938
cross_stream,0,0,depth+color,0,-1,4715,1788587014550126
cross_stream,0,0,depth+color,-1,0,4866,1788587014583457
cross_stream,0,0,depth+color,-1,-3,5028,1788587014616947
cross_stream,0,0,depth+color,-1,-1,4666,1788587014650097
cross_stream,0,0,depth+color,0,-1,4866,1788587014683416
cross_stream,0,0,depth+color,-1,-1,5215,1788587014716970
cross_stream,0,0,depth+color,-1,-1,5034,1788587014750127
cross_stream,0,0,depth+color,-1,-2,4836,1788587014783450
cross_stream,0,0,depth+color,-1,-1,5183,1788587014816951
cross_stream,0,0,depth+color,-1,-1,4998,1788587014850110
cross_stream,0,0,depth+color,-1,-2,4876,1788587014883436
cross_stream,0,0,depth+color,-1,-1,4992,1788587014916911
cross_stream,0,0,depth+color,-1,-1,4905,1788587014950155
cross_stream,0,0,depth+color,-1,0,4657,1788587014983415
cross_stream,0,0,depth+color,0,0,4749,1788587015016756
cross_stream,0,0,depth+color,-1,-1,4993,1788587015050240
cross_stream,0,0,depth+color,-1,0,4841,1788587015083576
cross_stream,0,0,depth+color,0,0,4839,1788587015116890
cross_stream,0,0,depth+color,-1,-2,5134,1788587015150245
cross_stream,0,0,depth+color,-1,-1,4742,1788587015183449
cross_stream,0,0,depth+color,0,-1,4900,1788587015216805
cross_stream,0,0,depth+color,0,0,4844,1788587015250118
cross_stream,0,0,depth+color,0,-1,4850,1788587015283446
cross_stream,0,0,depth+color,-1,-2,5002,1788587015316791
cross_stream,0,0,depth+color,-1,-1,4975,1788587015350086
cross_stream,0,0,depth+color,0,-1,4873,1788587015383419
cross_stream,0,0,depth+color,0,0,5139,1788587015416919
cross_stream,0,0,depth+color,-1,-1,5019,1788587015450109
cross_stream,0,0,depth+color,-1,0,5111,1788587015483552
cross_stream,0,0,depth+color,-1,0,5169,1788587015517271
cross_stream,0,0,depth+color,-1,-2,4977,1788587015550249
cross_stream,0,0,depth+color,-1,-2,4979,1788587015583405
cross_stream,0,0,depth+color,-1,-1,4999,1788587015616773
cross_stream,0,0,depth+color,-1,-1,4868,1788587015650230
cross_stream,0,0,depth+color,0,-1,4926,1788587015683601
cross_stream,0,0,depth+color,-1,0,5121,1788587015716897
cross_stream,0,0,depth+color,-1,-1,5107,1788587015750232
cross_stream,0,0,depth+color,0,0,4999,1788587015783577
cross_stream,0,0,depth+color,-1,-1,4886,1788587015816776
cross_stream,0,0,depth+color,-1,-2,4991,1788587015850089
cross_stream,0,0,depth+color,-1,-1,4869,1788587015883440
cross_stream,0,0,depth+color,-1,-2,4844,1788587015916758
cross_stream,0,0,depth+color,-1,-2,4911,1788587015950198
cross_stream,0,0,depth+color,-1,0,4763,1788587015983459
cross_stream,0,0,depth+color,-1,-1,4865,1788587016016783
cross_stream,0,0,depth+color,0,0,4835,1788587016050099
cross_stream,0,0,depth+color,0,0,5093,1788587016083546
cross_stream,0,0,depth+color,-1,0,5112,1788587016116919
cross_stream,0,0,depth+color,0,1,4840,1788587016150116
cross_stream,0,0,depth+color,-1,-2,5099,1788587016183539
cross_stream,0,0,depth+color,0,-1,5109,1788587016216885
cross_stream,0,0,depth+color,0,-1,5091,1788587016250253
cross_stream,0,0,depth+color,-1,-1,4868,1788587016283461
cross_stream,0,0,depth+color,0,-1,4690,1788587016316788
cross_stream,0,0,depth+color,-1,-1,4993,1788587016350130
cross_stream,0,0,depth+color,-1,-1,4865,1788587016383421
cross_stream,0,0,depth+color,-1,0,5160,1788587016416940
cross_stream,0,0,depth+color,0,0,4851,1788587016450119
cross_stream,0,0,depth+color,-1,-1,4983,1788587016483569
cross_stream,0,0,depth+color,-1,0,5193,1788587016517112
cross_stream,0,0,depth+color,-1,-1,4803,1788587016550245
cross_stream,0,0,depth+color,-1,-2,5032,1788587016583588
cross_stream,0,0,depth+color,-1,-1,5041,1788587016616955
cross_stream,0,0,depth+color,0,1,4849,1788587016650102
cross_stream,0,0,depth+color,-1,0,4705,1788587016683454
cross_stream,0,0,depth+color,-1,-1,4706,1788587016716764
cross_stream,0,0,depth+color,-1,-1,4882,1788587016750134
cross_stream,0,0,depth+color,-1,-1,4986,1788587016783556
cross_stream,0,0,depth+color,-1,-2,4767,1788587016816768
cross_stream,0,0,depth+color,-1,-1,4995,1788587016850126
cross_stream,0,0,depth+color,-1,0,4821,1788587016883419
cross_stream,0,0,depth+color,-1,0,4976,1788587016916762
cross_stream,0,0,depth+color,-1,-2,5077,1788587016950197
cross_stream,0,0,depth+color,-1,0,4966,1788587016983432
cross_stream,0,0,depth+color,-1,-1,4851,1788587017016785
cross_stream,0,0,depth+color,-1,0,5105,1788587017050228
cross_stream,0,0,depth+color,0,0,5151,1788587017083587
cross_stream,0,0,depth+color,0,1,4993,1788587017116794
cross_stream,0,0,depth+color,-1,-2,5078,1788587017150235
cross_stream,0,0,depth+color,-1,-1,5119,1788587017183566
cross_stream,0,0,depth+color,-1,0,5143,1788587017216923
cross_stream,0,0,depth+color,-1,-1,5154,1788587017250442
cross_stream,0,0,depth+color,0,0,4999,1788587017283592
cross_stream,0,0,depth+color,-1,-1,5121,1788587017316907
cross_stream,0,0,depth+color,-1,0,5103,1788587017350243
cross_stream,0,0,depth+color,0,0,5083,1788587017383543
cross_stream,0,0,depth+color,-1,-2,4981,1788587017416776
cross_stream,0,0,depth+color,-1,-2,4713,1788587017450145
cross_stream,0,0,depth+color,0,0,4958,1788587017483435
cross_stream,0,0,depth+color,-1,-1,4969,1788587017516794
cross_stream,0,0,depth+color,-1,-2,4687,1788587017550090
cross_stream,0,0,depth+color,-1,-2,4994,1788587017583437
cross_stream,0,0,depth+color,-1,-1,4995,1788587017616768
cross_stream,0,0,depth+color,-1,-2,4875,1788587017650099
cross_stream,0,0,depth+color,-1,-1,4977,1788587017683453
cross_stream,0,0,depth+color,0,0,4982,1788587017716783
cross_stream,0,0,depth+color,-1,-1,4973,1788587017750119
cross_stream,0,0,depth+color,-1,0,4964,1788587017783451
cross_stream,0,0,depth+color,-1,0,4966,1788587017816768
cross_stream,0,0,depth+color,-1,-1,5017,1788587017850128
cross_stream,0,0,depth+color,-1,0,5004,1788587017883440
cross_stream,0,0,depth+color,0,-1,4841,1788587017916771
cross_stream,0,0,depth+color,0,0,4864,1788587017950141
cross_stream,0,0,depth+color,0,0,4995,1788587017983427
cross_stream,0,0,depth+color,-1,-1,4860,1788587018016773
cross_stream,0,0,depth+color,-1,-1,4946,1788587018050100
cross_stream,0,0,depth+color,-1,-1,4954,1788587018083549
cross_stream,0,0,depth+color,-1,-1,5011,1788587018116779
cross_stream,0,0,depth+color,-1,-2,4829,1788587018150101
cross_stream,0,0,depth+color,-1,-1,4965,1788587018183535
cross_stream,0,0,depth+color,-1,-1,5008,1788587018216933
cross_stream,0,0,depth+color,-1,-2,4954,1788587018250385
cross_stream,0,0,depth+color,0,1,4954,1788587018283532
cross_stream,0,0,depth+color,-1,-2,4879,1788587018316794
cross_stream,0,0,depth+color,-1,-1,4815,1788587018350099
cross_stream,0,0,depth+color,-1,-1,4796,1788587018383417
cross_stream,0,0,depth+color,0,-1,5016,1788587018416787
cross_stream,0,0,depth+color,0,0,4873,1788587018450119
cross_stream,0,0,depth+color,-1,0,5009,1788587018483607
cross_stream,0,0,depth+color,-1,-1,4960,1788587018516750
cross_stream,0,0,depth+color,0,1,4986,1788587018550092
cross_stream,0,0,depth+color,0,0,5114,1788587018583593
cross_stream,0,0,depth+color,-1,-1,5122,1788587018616918
cross_stream,0,0,depth+color,-1,0,5114,1788587018650255
cross_stream,0,0,depth+color,-1,0,5293,1788587018683742
cross_stream,0,0,depth+color,-1,-2,5116,1788587018716918
cross_stream,0,0,depth+color,-1,0,5011,1788587018750136
cross_stream,0,0,depth+color,-1,-2,4988,1788587018783450
cross_stream,0,0,depth+color,-1,-1,5025,1788587018816798
cross_stream,0,0,depth+color,-1,0,4995,1788587018850112
cross_stream,0,0,depth+color,-1,-1,4871,1788587018883458
cross_stream,0,0,depth+color,0,-1,5006,1788587018916802
cross_stream,0,0,depth+color,0,0,5057,1788587018950191
cross_stream,0,0,depth+color,-1,0,4858,1788587018983433
cross_stream,0,0,depth+color,-1,-1,4865,1788587019016775
cross_stream,0,0,depth+color,-1,0,4952,1788587019050099
cross_stream,0,0,depth+color,-1,-2,5128,1788587019083605
cross_stream,0,0,depth+color,0,1,5257,1788587019117123
cross_stream,0,0,depth+color,0,-1,4879,1788587019150109
cross_stream,0,0,depth+color,0,0,4986,1788587019183568
cross_stream,0,0,depth+color,-1,-1,4840,1788587019216799
cross_stream,0,0,depth+color,-1,-2,5169,1788587019250419
cross_stream,0,0,depth+color,-1,-2,4998,1788587019283556
cross_stream,0,0,depth+color,-1,0,4994,1788587019316902
cross_stream,0,0,depth+color,-1,-1,4830,1788587019350086
cross_stream,0,0,depth+color,-1,-2,4978,1788587019383419
cross_stream,0,0,depth+color,-1,-1,5001,1788587019416790
cross_stream,0,0,depth+color,-1,-1,5008,1788587019450126
cross_stream,0,0,depth+color,-1,-1,4968,1788587019483408
cross_stream,0,0,depth+color,-1,-1,5021,1788587019516906
cross_stream,0,0,depth+color,-1,0,4973,1788587019550085
cross_stream,0,0,depth+color,-1,0,5008,1788587019583453
cross_stream,0,0,depth+color,-1,0,5057,1788587019616945
cross_stream,0,0,depth+color,0,0,4965,1788587019650355
cross_stream,0,0,depth+color,-1,0,4836,1788587019683418
cross_stream,0,0,depth+color,0,1,4869,1788587019716930
cross_stream,0,0,depth+color,-1,-1,5004,1788587019750095
cross_stream,0,0,depth+color,-1,0,5005,1788587019783444
cross_stream,0,0,depth+color,-1,0,4980,1788587019816753
cross_stream,0,0,depth+color,-1,-1,4843,1788587019850081
cross_stream,0,0,depth+color,-1,-1,4964,1788587019883567
cross_stream,0,0,depth+color,-1,-1,5031,1788587019916909
cross_stream,0,0,depth+color,-1,0,4893,1788587019950101
cross_stream,0,0,depth+color,-1,0,4997,1788587019983435
cross_stream,0,0,depth+color,-1,-1,4967,1788587020016763
cross_stream,0,0,depth+color,-1,-1,5011,1788587020050096
cross_stream,0,0,depth+color,-1,-1,4843,1788587020083461
cross_stream,0,0,depth+color,-1,-2,4980,1788587020116759
cross_stream,0,0,depth+color,0,-1,4989,1788587020150119
cross_stream,0,0,depth+color,-1,-2,4962,1788587020183418
cross_stream,0,0,depth+color,-1,-1,5055,1788587020216804
cross_stream,0,0,depth+color,0,0,4948,1788587020250212
cross_stream,0,0,depth+color,-1,-1,4899,1788587020283613
cross_stream,0,0,depth+color,0,0,5056,1788587020316970
cross_stream,0,0,depth+color,-1,-137,4870,1788587020350258
cross_stream,0,0,depth+color,-1,-274,5005,1788587020383579
cross_stream,0,0,depth+color,-1,-408,5097,1788587020416972
cross_stream,0,0,depth+color,-1,-542,5042,1788587020450268
cross_stream,0,0,depth+color,-1,-676,5147,1788587020483584
cross_stream,0,0,depth+color,-1,-808,5149,1788587020516926
cross_stream,0,0,depth+color,-1,-940,5143,1788587020550225
cross_stream,0,0,depth+color,0,-1068,5173,1788587020583578
cross_stream,0,0,depth+color,0,-1199,5117,1788587020616903
cross_stream,0,0,depth+color,0,-1329,5095,1788587020650197
cross_stream,0,0,depth+color,-1,-1459,5162,1788587020683587
cross_stream,0,0,depth+color,-1,-1585,5175,1788587020716932
cross_stream,0,0,depth+color,-1,-1710,4979,1788587020750240
cross_stream,0,0,depth+color,-1,-1835,5345,1788587020783806
cross_stream,0,0,depth+color,0,-1958,5193,1788587020816949
cross_stream,0,0,depth+color,-1,-2084,4997,1788587020850247
cross_stream,0,0,depth+color,-1,-2207,4999,1788587020883585
cross_stream,0,0,depth+color,0,-2328,5075,1788587020916949
cross_stream,0,0,depth+color,-1,-2450,5010,1788587020950098
cross_stream,0,0,depth+color,0,-2572,4998,1788587020983570
cross_stream,0,0,depth+color,-1,-2554,4836,1788587021016788
cross_stream,0,0,depth+color,0,-2533,5155,1788587021050263
cross_stream,0,0,depth+color,-1,-2514,5170,1788587021083613
cross_stream,0,0,depth+color,-1,-2496,5083,1788587021116966
cross_stream,0,0,depth+color,0,-2474,5355,1788587021150452
cross_stream,0,0,depth+color,0,-2454,5090,1788587021183551
cross_stream,0,0,depth+color,-1,-2435,5064,1788587021216978
cross_stream,0,0,depth+color,-1,-2417,5261,1788587021250489
cross_stream,0,0,depth+color,-1,-2397,4858,1788587021283603
cross_stream,0,0,depth+color,0,-2379,4972,1788587021316758
cross_stream,0,0,depth+color,-1,-2362,5160,1788587021350276
cross_stream,0,0,depth+color,-1,-2342,4911,1788587021383446
cross_stream,0,0,depth+color,0,-2324,5047,1788587021416795
cross_stream,0,0,depth+color,-1,-2307,4979,1788587021450083
cross_stream,0,0,depth+color,-1,-2291,4985,1788587021483417
cross_stream,0,0,depth+color,-1,-2272,5017,1788587021516770
cross_stream,0,0,depth+color,-1,-2257,4835,1788587021550111
cross_stream,0,0,depth+color,-1,-2238,4972,1788587021583418
cross_stream,0,0,depth+color,-1,-2222,5041,1788587021616792
cross_stream,0,0,depth+color,0,-2205,4824,1788587021650095
cross_stream,0,0,depth+color,-1,-2190,4978,1788587021683430
cross_stream,0,0,depth+color,-1,-2174,5024,1788587021716804
cross_stream,0,0,depth+color,-1,-2156,4980,1788587021750095
cross_stream,0,0,depth+color,0,-2138,4948,1788587021783534
cross_stream,0,0,depth+color,-1,-2123,5122,1788587021816896
cross_stream,0,0,depth+color,-1,-2106,5012,1788587021850115
cross_stream,0,0,depth+color,-1,-2089,5004,1788587021883466
cross_stream,0,0,depth+color,-1,-2073,4837,1788587021916756
cross_stream,0,0,depth+color,0,-2057,4845,1788587021950275
cross_stream,0,0,depth+color,-1,-2044,5002,1788587021983461
cross_stream,0,0,depth+color,-1,-2028,5036,1788587022016800
cross_stream,0,0,depth+color,-1,-2012,4968,1788587022050133
cross_stream,0,0,depth+color,-1,-1996,4997,1788587022083451
cross_stream,0,0,depth+color,-1,-1982,4865,1788587022116778
cross_stream,0,0,depth+color,0,-1966,5026,1788587022150125
cross_stream,0,0,depth+color,-1,-1950,5006,1788587022183470
cross_stream,0,0,depth+color,-1,-1934,5166,1788587022216940
cross_stream,0,0,depth+color,-1,-1919,5003,1788587022250267
cross_stream,0,0,depth+color,-1,-1905,5001,1788587022283556
cross_stream,0,0,depth+color,0,-1888,4992,1788587022316770
cross_stream,0,0,depth+color,-1,-1875,5008,1788587022350130
cross_stream,0,0,depth+color,-1,-1860,5008,1788587022383460
cross_stream,0,0,depth+color,-1,-1845,5159,1788587022416908
cross_stream,0,0,depth+color,-1,-1830,4873,1788587022450107
cross_stream,0,0,depth+color,-1,-1816,4865,1788587022483459
cross_stream,0,0,depth+color,-1,-1803,4911,1788587022516793
cross_stream,0,0,depth+color,0,-1788,4847,1788587022550121
cross_stream,0,0,depth+color,-1,-1775,4995,1788587022583443
cross_stream,0,0,depth+color,-1,-1762,4971,1788587022616755
cross_stream,0,0,depth+color,-1,-1747,4873,1788587022650121
cross_stream,0,0,depth+color,-1,-1736,4860,1788587022683583
cross_stream,0,0,depth+color,0,-1722,4982,1788587022716893
cross_stream,0,0,depth+color,0,-1708,5009,1788587022750298
cross_stream,0,0,depth+color,-1,-1695,4974,1788587022783558
cross_stream,0,0,depth+color,-1,-1682,4876,1788587022816784
cross_stream,0,0,depth+color,-1,-1670,4853,1788587022850145
cross_stream,0,0,depth+color,-1,-1658,5026,1788587022883451
cross_stream,0,0,depth+color,0,-1644,4907,1788587022916784
cross_stream,0,0,depth+color,0,-1630,5180,1788587022950301
cross_stream,0,0,depth+color,-1,-1616,5023,1788587022983447
cross_stream,0,0,depth+color,0,-1603,4897,1788587023016805
cross_stream,0,0,depth+color,-1,-1593,4824,1788587023050223
cross_stream,0,0,depth+color,-1,-1578,5189,1788587023083748
cross_stream,0,0,depth+color,-1,-1567,4872,1788587023116803
cross_stream,0,0,depth+color,-1,-1553,4999,1788587023150123
cross_stream,0,0,depth+color,-1,-1541,5041,1788587023183603
cross_stream,0,0,depth+color,-1,-1530,5047,1788587023216816
cross_stream,0,0,depth+color,0,-1517,4828,1788587023250116
cross_stream,0,0,depth+color,-1,-1505,4987,1788587023283568
cross_stream,0,0,depth+color,-1,-1492,5040,1788587023316944
cross_stream,0,0,depth+color,-1,-1481,4835,1788587023350118
cross_stream,0,0,depth+color,-1,-1470,4908,1788587023383444
cross_stream,0,0,depth+color,-1,-1458,4882,1788587023416777
cross_stream,0,0,depth+color,-1,-1446,4878,1788587023450127
cross_stream,0,0,depth+color,-1,-1436,4860,1788587023483453
cross_stream,0,0,depth+color,0,-1425,4697,1788587023516768
cross_stream,0,0,depth+color,-1,-1415,4834,1788587023550091
cross_stream,0,0,depth+color,-1,-1406,4683,1788587023583409
cross_stream,0,0,depth+color,0,-1394,4904,1788587023616806
cross_stream,0,0,depth+color,-1,-1384,4995,1788587023650085
cross_stream,0,0,depth+color,-1,-1371,5141,1788587023683935
cross_stream,0,0,depth+color,0,-1359,4996,1788587023716934
cross_stream,0,0,depth+color,-1,-1349,5029,1788587023750125
cross_stream,0,0,depth+color,-1,-1338,4886,1788587023783446
cross_stream,0,0,depth+color,0,-1325,5012,1788587023816791
cross_stream,0,0,depth+color,-1,-1317,4985,1788587023850105
cross_stream,0,0,depth+color,-1,-1304,5128,1788587023883558
cross_stream,0,0,depth+color,-1,-1295,5019,1788587023916800
cross_stream,0,0,depth+color,-1,-1281,5147,1788587023950268
cross_stream,0,0,depth+color,0,-1270,4987,1788587023983461
cross_stream,0,0,depth+color,-1,-1259,5013,1788587024016801
cross_stream,0,0,depth+color,0,-1248,4956,1788587024050112
cross_stream,0,0,depth+color,0,-1236,5128,1788587024083606
cross_stream,0,0,depth+color,-1,-1228,5010,1788587024116795
cross_stream,0,0,depth+color,-1,-1219,4831,1788587024150113
cross_stream,0,0,depth+color,0,-1208,5097,1788587024183580
cross_stream,0,0,depth+color,-1,-1198,5101,1788587024216910
cross_stream,0,0,depth+color,-1,-1186,4965,1788587024250456
cross_stream,0,0,depth+color,-1,-1177,4997,1788587024283587
cross_stream,0,0,depth+color,-1,-1165,5009,1788587024316812
cross_stream,0,0,depth+color,-1,-1157,4969,1788587024350141
cross_stream,0,0,depth+color,-1,-1147,4952,1788587024383439
cross_stream,0,0,depth+color,-1,-1137,4977,1788587024416769
cross_stream,0,0,depth+color,0,-1127,4941,1788587024450103
cross_stream,0,0,depth+color,-1,-1118,5085,1788587024483563
cross_stream,0,0,depth+color,0,-1108,4940,1788587024516756
cross_stream,0,0,depth+color,-1,-1099,4959,1788587024550116
cross_stream,0,0,depth+color,0,-1089,4934,1788587024583418
cross_stream,0,0,depth+color,0,-1077,5108,1788587024616923
cross_stream,0,0,depth+color,0,-1070,4980,1788587024650135
cross_stream,0,0,depth+color,-1,-1061,4936,1788587024683418
cross_stream,0,0,depth+color,-1,-1052,4996,1788587024716911
cross_stream,0,0,depth+color,0,-1042,4993,1788587024750252
cross_stream,0,0,depth+color,-1,-1035,5013,1788587024783559
cross_stream,0,0,depth+color,0,-1022,5206,1788587024817082
cross_stream,0,0,depth+color,-1,-1016,4730,1788587024850138
cross_stream,0,0,depth+color,-1,-1008,4847,1788587024883423
cross_stream,0,0,depth+color,-1,-999,5020,1788587024916783
cross_stream,0,0,depth+color,0,-989,5141,1788587024950255
cross_stream,0,0,depth+color,-1,-981,4824,1788587024983412
cross_stream,0,0,depth+color,-1,-974,4759,1788587025016792
cross_stream,0,0,depth+color,0,-964,5106,1788587025050213
cross_stream,0,0,depth+color,-1,-957,5111,1788587025083544
cross_stream,0,0,depth+color,-1,-947,4866,1788587025116797
cross_stream,0,0,depth+color,0,-938,5129,1788587025150256
cross_stream,0,0,depth+color,-1,-929,4986,1788587025183423
cross_stream,0,0,depth+color,0,-924,4654,1788587025216812
cross_stream,0,0,depth+color,-1,-916,4847,1788587025250464
cross_stream,0,0,depth+color,-1,-909,4608,1788587025283429
cross_stream,0,0,depth+color,-1,-902,4736,1788587025316783
cross_stream,0,0,depth+color,-1,-897,4954,1788587025350225
cross_stream,0,0,depth+color,0,-887,5037,1788587025383583
cross_stream,0,0,depth+color,-1,-878,5176,1788587025417080
cross_stream,0,0,depth+color,-1,-868,4949,1788587025450208
cross_stream,0,0,depth+color,-1,-863,4901,1788587025483455
cross_stream,0,0,depth+color,-1,-856,4886,1788587025516789
cross_stream,0,0,depth+color,0,-846,5131,1788587025550252
cross_stream,0,0,depth+color,-1,-840,5096,1788587025583548
cross_stream,0,0,depth+color,0,-830,5019,1788587025616788
cross_stream,0,0,depth+color,-1,-823,4859,1788587025650132
cross_stream,0,0,depth+color,0,-815,4982,1788587025683441
cross_stream,0,0,depth+color,-1,-810,4973,1788587025716758
cross_stream,0,0,depth+color,0,-801,4719,1788587025750122
cross_stream,0,0,depth+color,-1,-797,4668,1788587025783447
cross_stream,0,0,depth+color,-1,-790,4874,1788587025816789
cross_stream,0,0,depth+color,-1,-784,4910,1788587025850143
cross_stream,0,0,depth+color,0,-777,4852,1788587025883443
cross_stream,0,0,depth+color,-1,-772,4842,1788587025916766
cross_stream,0,0,depth+color,0,-764,4884,1788587025950243
cross_stream,0,0,depth+color,-1,-757,4850,1788587025983429
cross_stream,0,0,depth+color,0,-751,5010,1788587026016794
cross_stream,0,0,depth+color,-1,-747,4732,1788587026050132
cross_stream,0,0,depth+color,0,-738,5135,1788587026083712
cross_stream,0,0,depth+color,0,-732,4697,1788587026116814
cross_stream,0,0,depth+color,-1,-724,4993,1788587026150095
cross_stream,0,0,depth+color,-1,-720,4940,1788587026183539
cross_stream,0,0,depth+color,-1,-712,4692,1788587026216786
cross_stream,0,0,depth+color,-1,-708,4829,1788587026250097
cross_stream,0,0,depth+color,-1,-703,4760,1788587026283564
cross_stream,0,0,depth+color,-1,-698,4734,1788587026316767
cross_stream,0,0,depth+color,-1,-691,4732,1788587026350125
cross_stream,0,0,depth+color,0,-685,4843,1788587026383430
cross_stream,0,0,depth+color,-1,-680,5170,1788587026417064
cross_stream,0,0,depth+color,-1,-672,4669,1788587026450137
cross_stream,0,0,depth+color,-1,-669,4844,1788587026483433
cross_stream,0,0,depth+color,-1,-663,4834,1788587026516900
cross_stream,0,0,depth+color,-1,-656,4976,1788587026550235
cross_stream,0,0,depth+color,-1,-651,4973,1788587026583542
cross_stream,0,0,depth+color,-1,-643,5161,1788587026616916
cross_stream,0,0,depth+color,0,-635,4975,1788587026650102
cross_stream,0,0,depth+color,0,-630,4667,1788587026683450
cross_stream,0,0,depth+color,0,-623,5132,1788587026716913
cross_stream,0,0,depth+color,-1,-618,5008,1788587026750142
cross_stream,0,0,depth+color,-1,-614,4745,1788587026783419
cross_stream,0,0,depth+color,0,-605,5155,1788587026816960
cross_stream,0,0,depth+color,-1,-599,4863,1788587026850123
cross_stream,0,0,depth+color,-1,-595,4832,1788587026883431
cross_stream,0,0,depth+color,-1,-588,5126,1788587026916922
cross_stream,0,0,depth+color,0,-582,4974,1788587026950214
cross_stream,0,0,depth+color,-1,-578,4845,1788587026983420
cross_stream,0,0,depth+color,0,-570,4892,1788587027016808
cross_stream,0,0,depth+color,-1,-569,4686,1788587027050095
cross_stream,0,0,depth+color,-1,-564,4834,1788587027083417
cross_stream,0,0,depth+color,-1,-557,4876,1788587027116771
cross_stream,0,0,depth+color,0,-553,4691,1788587027150127
cross_stream,0,0,depth+color,-1,-550,4680,1788587027183417
cross_stream,0,0,depth+color,-1,-546,4642,1788587027216797
cross_stream,0,0,depth+color,-1,-540,4976,1788587027250377
cross_stream,0,0,depth+color,-1,-534,5176,1788587027283740
cross_stream,0,0,depth+color,0,-528,4963,1788587027316896
cross_stream,0,0,depth+color,0,-523,4934,1788587027350204
cross_stream,0,0,depth+color,0,-518,4870,1788587027383558
cross_stream,0,0,depth+color,-1,-513,4826,1788587027416890
cross_stream,0,0,depth+color,-1,-509,4838,1788587027450212
cross_stream,0,0,depth+color,-1,-504,4969,1788587027483528
cross_stream,0,0,depth+color,-1,-498,4723,1788587027516763
cross_stream,0,0,depth+color,0,-494,4987,1788587027550264
cross_stream,0,0,depth+color,-1,-488,5125,1788587027583704
cross_stream,0,0,depth+color,-1,-483,4835,1788587027616761
cross_stream,0,0,depth+color,-1,-478,4849,1788587027650239
cross_stream,0,0,depth+color,-1,-476,4765,1788587027683454
cross_stream,0,0,depth+color,-1,-471,4847,1788587027716758
cross_stream,0,0,depth+color,0,-465,4869,1788587027750124
cross_stream,0,0,depth+color,-1,-463,4838,1788587027783431
cross_stream,0,0,depth+color,-1,-457,5014,1788587027816920
cross_stream,0,0,depth+color,-1,-454,4687,1788587027850092
cross_stream,0,0,depth+color,0,-449,4743,1788587027883447
cross_stream,0,0,depth+color,-1,-445,4694,1788587027916761
cross_stream,0,0,depth+color,0,-441,4846,1788587027950216
cross_stream,0,0,depth+color,-1,-437,5136,1788587027983588
cross_stream,0,0,depth+color,-1,-432,4832,1788587028016771
cross_stream,0,0,depth+color,-1,-428,4839,1788587028050092
cross_stream,0,0,depth+color,-1,-423,4991,1788587028083585
cross_stream,0,0,depth+color,0,-417,4984,1788587028116766
cross_stream,0,0,depth+color,-1,-417,4698,1788587028150137
cross_stream,0,0,depth+color,-1,-411,4959,1788587028183547
cross_stream,0,0,depth+color,-1,-406,4986,1788587028216930
cross_stream,0,0,depth+color,-1,-403,4741,1788587028250132
cross_stream,0,0,depth+color,0,-397,4847,1788587028283567
cross_stream,0,0,depth+color,-1,-394,4897,1788587028316774
cross_stream,0,0,depth+color,-1,-392,4701,1788587028350097
cross_stream,0,0,depth+color,0,-387,4724,1788587028383424
cross_stream,0,0,depth+color,-1,-384,4879,1788587028416904
cross_stream,0,0,depth+color,-1,-382,4657,1788587028450109
cross_stream,0,0,depth+color,-1,-379,4661,1788587028483453
cross_stream,0,0,depth+color,-1,-376,4739,1788587028516792
cross_stream,0,0,depth+color,0,-373,4700,1788587028550106
cross_stream,0,0,depth+color,0,-369,4844,1788587028583435
cross_stream,0,0,depth+color,-1,-365,4978,1788587028616763
cross_stream,0,0,depth+color,-1,-361,4996,1788587028650086
cross_stream,0,0,depth+color,-1,-359,4834,1788587028683425
cross_stream,0,0,depth+color,0,-355,4673,1788587028716751
cross_stream,0,0,depth+color,0,-348,4995,1788587028750123
cross_stream,0,0,depth+color,-1,-347,4963,1788587028783415
cross_stream,0,0,depth+color,0,-342,4844,1788587028816766
cross_stream,0,0,depth+color,-1,-338,4998,1788587028850094
cross_stream,0,0,depth+color,0,-334,4826,1788587028883416
cross_stream,0,0,depth+color,0,-329,4998,1788587028916764
cross_stream,0,0,depth+color,0,-324,5023,1788587028950133
cross_stream,0,0,depth+color,-1,-322,4969,1788587028983547
cross_stream,0,0,depth+color,-1,-318,4744,1788587029016768
cross_stream,0,0,depth+color,-1,-316,4864,1788587029050124
cross_stream,0,0,depth+color,-1,-312,4849,1788587029083433
cross_stream,0,0,depth+color,-1,-307,4876,1788587029116774
cross_stream,0,0,depth+color,-1,-304,5042,1788587029150125
cross_stream,0,0,depth+color,0,-298,4976,1788587029183429
cross_stream,0,0,depth+color,0,-295,4956,1788587029216864
cross_stream,0,0,depth+color,0,-291,4829,1788587029250211
cross_stream,0,0,depth+color,0,-290,4479,1788587029283448
cross_stream,0,0,depth+color,-1,-289,4768,1788587029316802
cross_stream,0,0,depth+color,-1,-286,4924,1788587029350143
cross_stream,0,0,depth+color,-1,-282,4827,1788587029383420
cross_stream,0,0,depth+color,-1,-279,4780,1788587029416803
cross_stream,0,0,depth+color,-1,-278,4714,1788587029450120
cross_stream,0,0,depth+color,-1,-276,4743,1788587029483452
cross_stream,0,0,depth+color,0,-271,4842,1788587029516767
cross_stream,0,0,depth+color,0,-267,4971,1788587029550093
cross_stream,0,0,depth+color,-1,-264,5003,1788587029583416
cross_stream,0,0,depth+color,-1,-260,5173,1788587029617049
cross_stream,0,0,depth+color,-1,-256,4976,1788587029650094
cross_stream,0,0,depth+color,-1,-251,5002,1788587029683455
cross_stream,0,0,depth+color,-1,-248,5007,1788587029716920
cross_stream,0,0,depth+color,0,-244,4654,1788587029750086
cross_stream,0,0,depth+color,0,-242,4997,1788587029783428
cross_stream,0,0,depth+color,-1,-239,5008,1788587029816775
cross_stream,0,0,depth+color,-1,-237,4548,1788587029850105
cross_stream,0,0,depth+color,-1,-232,5033,1788587029883462
cross_stream,0,0,depth+color,-1,-231,4980,1788587029916781
cross_stream,0,0,depth+color,-1,-227,4863,1788587029950133
cross_stream,0,0,depth+color,0,-224,4964,1788587029983413
cross_stream,0,0,depth+color,-1,-220,4900,1788587030016796
cross_stream,0,0,depth+color,-1,-217,4846,1788587030050094
cross_stream,0,0,depth+color,-1,-214,4996,1788587030083421
cross_stream,0,0,depth+color,-1,-210,4991,1788587030116806
cross_stream,0,0,depth+color,0,-206,4988,1788587030150253
cross_stream,0,0,depth+color,-1,-205,4829,1788587030183429
cross_stream,0,0,depth+color,0,-201,4852,1788587030216785
cross_stream,0,0,depth+color,-1,-202,4597,1788587030250208
cross_stream,0,0,depth+color,-1,-197,4989,1788587030283574
cross_stream,0,0,depth+color,-1,-194,4990,1788587030316913
cross_stream,0,0,depth+color,-1,-190,4942,1788587030350233
cross_stream,0,0,depth+color,-1,-187,5094,1788587030383660
cross_stream,0,0,depth+color,0,-183,4980,1788587030416766
cross_stream,0,0,depth+color,-1,-181,4764,1788587030450093
cross_stream,0,0,depth+color,0,-179,4676,1788587030483461
cross_stream,0,0,depth+color,-1,-179,4593,1788587030516798
cross_stream,0,0,depth+color,-1,-178,4737,1788587030550124
cross_stream,0,0,depth+color,-1,-176,4728,1788587030583446
cross_stream,0,0,depth+color,-1,-173,4851,1788587030616775
cross_stream,0,0,depth+color,-1,-171,5003,1788587030650109
cross_stream,0,0,depth+color,-1,-168,4886,1788587030683471
cross_stream,0,0,depth+color,-1,-165,4983,1788587030716773
cross_stream,0,0,depth+color,-1,-159,5048,1788587030750191
cross_stream,0,0,depth+color,-1,-158,4976,1788587030783455
cross_stream,0,0,depth+color,-1,-154,5034,1788587030816793
cross_stream,0,0,depth+color,0,-148,5281,1788587030850426
cross_stream,0,0,depth+color,-1,-147,4939,1788587030883546
cross_stream,0,0,depth+color,-1,-141,5026,1788587030916922
cross_stream,0,0,depth+color,-1,-138,5285,1788587030950395
cross_stream,0,0,depth+color,0,-135,4866,1788587030983461
cross_stream,0,0,depth+color,-1,-132,4921,1788587031016803
cross_stream,0,0,depth+color,-1,-128,5013,1788587031050123
cross_stream,0,0,depth+color,-1,-126,4848,1788587031083430
cross_stream,0,0,depth+color,0,-123,4843,1788587031116772
cross_stream,0,0,depth+color,-1,-122,4778,1788587031150229
cross_stream,0,0,depth+color,0,-120,4841,1788587031183423
cross_stream,0,0,depth+color,0,-117,4871,1788587031216793
cross_stream,0,0,depth+color,-1,-116,5107,1788587031250222
cross_stream,0,0,depth+color,-1,-114,4741,1788587031283773
cross_stream,0,0,depth+color,0,-111,4841,1788587031317077
cross_stream,0,0,depth+color,-1,-110,4941,1788587031350411
cross_stream,0,0,depth+color,0,-107,4799,1788587031383529
cross_stream,0,0,depth+color,0,-105,4848,1788587031416891
cross_stream,0,0,depth+color,-1,-104,4777,1788587031450236
cross_stream,0,0,depth+color,-1,-103,4809,1788587031483533
cross_stream,0,0,depth+color,0,-101,4859,1788587031516774
cross_stream,0,0,depth+color,-1,-98,4986,1788587031550141
cross_stream,0,0,depth+color,-1,-96,4838,1788587031583447
cross_stream,0,0,depth+color,-1,-95,4984,1788587031616883
cross_stream,0,0,depth+color,-1,-92,4832,1788587031650132
cross_stream,0,0,depth+color,-1,-91,4731,1788587031683439
cross_stream,0,0,depth+color,-1,-91,4859,1788587031716758
cross_stream,0,0,depth+color,0,-87,4854,1788587031750131
cross_stream,0,0,depth+color,-1,-87,4653,1788587031783435
cross_stream,0,0,depth+color,0,-85,4887,1788587031816796
cross_stream,0,0,depth+color,-1,-83,4928,1788587031850206
cross_stream,0,0,depth+color,0,-79,4899,1788587031883459
cross_stream,0,0,depth+color,0,-78,4860,1788587031916787
cross_stream,0,0,depth+color,-1,-77,4891,1788587031950269
cross_stream,0,0,depth+color,-1,-72,4998,1788587031983423
cross_stream,0,0,depth+color,-1,-72,4853,1788587032016765
cross_stream,0,0,depth+color,-1,-69,5052,1788587032050204
cross_stream,0,0,depth+color,-1,-65,4992,1788587032083570
cross_stream,0,0,depth+color,-1,-63,5021,1788587032116947
cross_stream,0,0,depth+color,-1,-60,5138,1788587032150272
cross_stream,0,0,depth+color,-1,-57,4969,1788587032183538
cross_stream,0,0,depth+color,-1,-54,5094,1788587032216879
cross_stream,0,0,depth+color,-1,-53,4989,1788587032250121
cross_stream,0,0,depth+color,-1,-52,4686,1788587032283443
cross_stream,0,0,depth+color,-1,-49,4873,1788587032316800
cross_stream,0,0,depth+color,-1,-48,4884,1788587032350142
cross_stream,0,0,depth+color,-1,-46,4648,1788587032383420
cross_stream,0,0,depth+color,-1,-46,4829,1788587032416922
cross_stream,0,0,depth+color,-1,-44,4714,1788587032450107
cross_stream,0,0,depth+color,-1,-44,4859,1788587032483467
cross_stream,0,0,depth+color,-1,-41,4841,1788587032516773
cross_stream,0,0,depth+color,0,-40,4884,1788587032550145
cross_stream,0,0,depth+color,-1,-38,4810,1788587032583450
cross_stream,0,0,depth+color,0,-37,4917,1788587032616805
cross_stream,0,0,depth+color,0,-36,4710,1788587032650111
cross_stream,0,0,depth+color,-1,-37,4655,1788587032683461
cross_stream,0,0,depth+color,-1,-35,4871,1788587032716804
cross_stream,0,0,depth+color,-1,-32,4988,1788587032750114
cross_stream,0,0,depth+color,-1,-33,4829,1788587032783416
cross_stream,0,0,depth+color,-1,-31,4671,1788587032816928
cross_stream,0,0,depth+color,-1,-29,4997,1788587032850128
cross_stream,0,0,depth+color,-1,-27,4854,1788587032883457
cross_stream,0,0,depth+color,0,-24,5085,1788587032917008
cross_stream,0,0,depth+color,0,-20,5121,1788587032950247
cross_stream,0,0,depth+color,-1,-18,5025,1788587032983592
cross_stream,0,0,depth+color,-1,-17,4808,1788587033016911
cross_stream,0,0,depth+color,-1,-15,4925,1788587033050199
cross_stream,0,0,depth+color,-1,-14,4874,1788587033083453
cross_stream,0,0,depth+color,-1,-14,4747,1788587033116809
cross_stream,0,0,depth+color,-1,-13,4648,1788587033150124
cross_stream,0,0,depth+color,-1,-12,4850,1788587033183435
cross_stream,0,0,depth+color,0,-10,4767,1788587033216816
cross_stream,0,0,depth+color,0,-8,4931,1788587033250206
cross_stream,0,0,depth+color,0,-8,4667,1788587033283435
cross_stream,0,0,depth+color,-1,-7,4830,1788587033316879
cross_stream,0,0,depth+color,-1,-6,4713,1788587033350103
cross_stream,0,0,depth+color,-1,-7,4697,1788587033383461
cross_stream,0,0,depth+color,-1,-8,4658,1788587033416794
cross_stream,0,0,depth+color,0,-6,4578,1788587033450096
cross_stream,0,0,depth+color,-1,-6,4776,1788587033483465
cross_stream,0,0,depth+color,-1,-8,4661,1788587033516808
cross_stream,0,0,depth+color,-1,-8,4669,1788587033550084
cross_stream,0,0,depth+color,-1,-5,4708,1788587033583419
cross_stream,0,0,depth+color,0,-1,5025,1788587033616923
cross_stream,0,0,depth+color,-1,-3,4732,1788587033650105
cross_stream,0,0,depth+color,-1,-1,4733,1788587033683423
cross_stream,0,0,depth+color,0,-2,4725,1788587033716764
cross_stream,0,0,depth+color,-1,-3,4690,1788587033750114
cross_stream,0,0,depth+color,-1,-1,4871,1788587033783434
cross_stream,0,0,depth+color,0,2,4915,1788587033816803
cross_stream,0,0,depth+color,-1,1,4693,1788587033850103
cross_stream,0,0,depth+color,-1,1,4885,1788587033883444
cross_stream,0,0,depth+color,-1,4,4922,1788587033916813
cross_stream,0,0,depth+color,-1,6,4868,1788587033950134
cross_stream,0,0,depth+color,-1,8,4878,1788587033983583
cross_stream,0,0,depth+color,-1,8,4841,1788587034016964
cross_stream,0,0,depth+color,-1,9,4856,1788587034050313
cross_stream,0,0,depth+color,0,10,4879,1788587034083589
cross_stream,0,0,depth+color,-1,12,4833,1788587034116897
cross_stream,0,0,depth+color,-1,11,4551,1788587034150101
cross_stream,0,0,depth+color,-1,12,4730,1788587034183453
cross_stream,0,0,depth+color,-1,11,4644,1788587034216800
cross_stream,0,0,depth+color,-1,11,4527,1788587034250105
cross_stream,0,0,depth+color,0,12,4825,1788587034283429
cross_stream,0,0,depth+color,-1,13,4937,1788587034316831
cross_stream,0,0,depth+color,-1,13,4685,1788587034350142
cross_stream,0,0,depth+color,-1,12,4653,1788587034383415
cross_stream,0,0,depth+color,0,14,4760,1788587034416895
cross_stream,0,0,depth+color,-1,13,4649,1788587034450100
cross_stream,0,0,depth+color,-1,14,4710,1788587034483453
cross_stream,0,0,depth+color,-1,14,4822,1788587034516899
cross_stream,0,0,depth+color,-1,14,4737,1788587034550144
cross_stream,0,0,depth+color,0,15,4615,1788587034583439
cross_stream,0,0,depth+color,-1,15,4742,1788587034616780
cross_stream,0,0,depth+color,-1,14,4704,1788587034650123
cross_stream,0,0,depth+color,-1,15,4721,1788587034683456
cross_stream,0,0,depth+color,-1,16,4837,1788587034716895
cross_stream,0,0,depth+color,-1,16,4698,1788587034750106
cross_stream,0,0,depth+color,-1,17,4724,1788587034783448
cross_stream,0,0,depth+color,-1,18,4872,1788587034816792
cross_stream,0,0,depth+color,-1,21,5012,1788587034850141
cross_stream,0,0,depth+color,0,22,4711,1788587034883459
cross_stream,0,0,depth+color,-1,21,4953,1788587034916753
cross_stream,0,0,depth+color,-1,27,5249,1788587034950385
cross_stream,0,0,depth+color,-1,29,4864,1788587034983456
cross_stream,0,0,depth+color,-1,28,4678,1788587035016770
cross_stream,0,0,depth+color,-1,27,4725,1788587035050208
cross_stream,0,0,depth+color,-1,27,4815,1788587035083577
cross_stream,0,0,depth+color,0,29,4675,1788587035116763
cross_stream,0,0,depth+color,-1,27,4669,1788587035150093
cross_stream,0,0,depth+color,0,28,4770,1788587035183569
cross_stream,0,0,depth+color,-1,32,5150,1788587035216930
cross_stream,0,0,depth+color,-1,31,4808,1788587035250346
cross_stream,0,0,depth+color,-1,35,5025,1788587035283613
cross_stream,0,0,depth+color,-1,38,5031,1788587035316787
cross_stream,0,0,depth+color,0,39,4719,1788587035350148
cross_stream,0,0,depth+color,0,41,4978,1788587035383419
cross_stream,0,0,depth+color,0,40,4870,1788587035416784
cross_stream,0,0,depth+color,-1,39,4790,1788587035450099
cross_stream,0,0,depth+color,-1,41,4906,1788587035483455
cross_stream,0,0,depth+color,-1,40,4668,1788587035516769
cross_stream,0,0,depth+color,0,43,4969,1788587035550216
cross_stream,0,0,depth+color,-1,44,4842,1788587035583419
cross_stream,0,0,depth+color,-1,44,4866,1788587035616785
cross_stream,0,0,depth+color,0,47,4823,1788587035650096
cross_stream,0,0,depth+color,0,47,4683,1788587035683464
cross_stream,0,0,depth+color,-1,47,4725,1788587035716771
cross_stream,0,0,depth+color,-1,47,4893,1788587035750139
cross_stream,0,0,depth+color,-1,48,4857,1788587035783423
cross_stream,0,0,depth+color,-1,49,4972,1788587035816767
cross_stream,0,0,depth+color,0,52,4996,1788587035850105
cross_stream,0,0,depth+color,-1,53,4688,1788587035883461
cross_stream,0,0,depth+color,0,53,4957,1788587035916762
cross_stream,0,0,depth+color,-1,56,5081,1788587035950217
cross_stream,0,0,depth+color,0,57,4720,1788587035983433
cross_stream,0,0,depth+color,-1,55,4647,1788587036016791
cross_stream,0,0,depth+color,-1,55,4700,1788587036050097
cross_stream,0,0,depth+color,0,58,5011,1788587036083438
cross_stream,0,0,depth+color,-1,58,4847,1788587036116777
cross_stream,0,0,depth+color,-1,58,4874,1788587036150139
cross_stream,0,0,depth+color,0,62,5074,1788587036183539
cross_stream,0,0,depth+color,0,66,5036,1788587036216964
cross_stream,0,0,depth+color,-1,64,4976,1788587036250094
cross_stream,0,0,depth+color,0,65,4507,1788587036283451
cross_stream,0,0,depth+color,-1,66,5187,1788587036316945
cross_stream,0,0,depth+color,0,70,5184,1788587036350293
cross_stream,0,0,depth+color,0,70,4672,1788587036383466
cross_stream,0,0,depth+color,0,72,4990,1788587036416893
cross_stream,0,0,depth+color,-1,72,4958,1788587036450212
cross_stream,0,0,depth+color,-1,73,4729,1788587036483458
cross_stream,0,0,depth+color,-1,74,4972,1788587036516941
cross_stream,0,0,depth+color,-1,76,5009,1788587036550252
cross_stream,0,0,depth+color,0,79,4911,1788587036583575
cross_stream,0,0,depth+color,-1,77,4841,1788587036616947
cross_stream,0,0,depth+color,-1,79,5002,1788587036650279
cross_stream,0,0,depth+color,-1,79,4685,1788587036683457
cross_stream,0,0,depth+color,-1,81,5042,1788587036716963
cross_stream,0,0,depth+color,0,85,4988,1788587036750267
cross_stream,0,0,depth+color,-1,83,4859,1788587036783571
cross_stream,0,0,depth+color,-1,83,4869,1788587036816789
cross_stream,0,0,depth+color,-1,85,5022,1788587036850256
cross_stream,0,0,depth+color,0,90,5035,1788587036883598
cross_stream,0,0,depth+color,0,90,4871,1788587036916794
cross_stream,0,0,depth+color,-1,91,4982,1788587036950103
cross_stream,0,0,depth+color,-1,92,5014,1788587036983456
cross_stream,0,0,depth+color,-1,92,4719,1788587037016796
cross_stream,0,0,depth+color,-1,93,4956,1788587037050421
cross_stream,0,0,depth+color,-1,93,4679,1788587037083454
cross_stream,0,0,depth+color,0,95,4856,1788587037116803
cross_stream,0,0,depth+color,-1,93,4660,1788587037150139
cross_stream,0,0,depth+color,0,94,4982,1788587037183582
cross_stream,0,0,depth+color,0,96,5031,1788587037216946
cross_stream,0,0,depth+color,-1,97,4835,1788587037250272
cross_stream,0,0,depth+color,-1,96,4855,1788587037283471
cross_stream,0,0,depth+color,-1,98,4872,1788587037316783
cross_stream,0,0,depth+color,0,100,5038,1788587037350267
cross_stream,0,0,depth+color,-1,99,4707,1788587037383448
cross_stream,0,0,depth+color,-1,100,4876,1788587037416809
cross_stream,0,0,depth+color,-1,101,5022,1788587037450234
cross_stream,0,0,depth+color,0,103,4732,1788587037483470
cross_stream,0,0,depth+color,-1,102,4713,1788587037516770
cross_stream,0,0,depth+color,-1,102,4786,1788587037550092
cross_stream,0,0,depth+color,-1,103,5034,1788587037583463
cross_stream,0,0,depth+color,0,104,4859,1788587037616773
cross_stream,0,0,depth+color,-1,106,5022,1788587037650264
cross_stream,0,0,depth+color,-1,104,4867,1788587037683456
cross_stream,0,0,depth+color,0,110,5035,1788587037716799
cross_stream,0,0,depth+color,0,109,4846,1788587037750247
cross_stream,0,0,depth+color,0,111,4858,1788587037783648
cross_stream,0,0,depth+color,0,110,4885,1788587037816797
cross_stream,0,0,depth+color,-1,109,4676,1788587037850105
cross_stream,0,0,depth+color,-1,111,5015,1788587037883471
cross_stream,0,0,depth+color,-1,111,4847,1788587037916768
cross_stream,0,0,depth+color,0,113,4870,1788587037950102
cross_stream,0,0,depth+color,-1,111,4717,1788587037983438
cross_stream,0,0,depth+color,-1,111,4743,1788587038016796
cross_stream,0,0,depth+color,-1,112,4740,1788587038050140
cross_stream,0,0,depth+color,-1,112,4836,1788587038083593
cross_stream,0,0,depth+color,-1,112,4720,1788587038116793
cross_stream,0,0,depth+color,-1,112,4670,1788587038150094
cross_stream,0,0,depth+color,-1,111,4780,1788587038183580
cross_stream,0,0,depth+color,-1,112,4998,1788587038216959
cross_stream,0,0,depth+color,-1,114,4955,1788587038250385
cross_stream,0,0,depth+color,-1,114,4995,1788587038283431
cross_stream,0,0,depth+color,0,116,4692,1788587038316796
cross_stream,0,0,depth+color,0,116,5005,1788587038350137
cross_stream,0,0,depth+color,-1,117,4964,1788587038383420
cross_stream,0,0,depth+color,0,118,4739,1788587038416903
cross_stream,0,0,depth+color,-1,119,5002,1788587038450106
cross_stream,0,0,depth+color,-1,120,5026,1788587038483453
cross_stream,0,0,depth+color,-1,119,4631,1788587038516777
cross_stream,0,0,depth+color,-1,118,4728,1788587038550151
cross_stream,0,0,depth+color,0,118,4597,1788587038583423
cross_stream,0,0,depth+color,0,118,4765,1788587038616818
cross_stream,0,0,depth+color,-1,116,4735,1788587038650129
cross_stream,0,0,depth+color,0,118,4951,1788587038683581
cross_stream,0,0,depth+color,0,120,5036,1788587038716809
cross_stream,0,0,depth+color,-1,121,4738,1788587038750130
cross_stream,0,0,depth+color,-1,121,4881,1788587038783454
cross_stream,0,0,depth+color,-1,121,5002,1788587038816930
cross_stream,0,0,depth+color,-1,122,4901,1788587038850143
cross_stream,0,0,depth+color,-1,123,4822,1788587038883459
cross_stream,0,0,depth+color,-1,124,4983,1788587038916881
cross_stream,0,0,depth+color,-1,125,4839,1788587038950099
cross_stream,0,0,depth+color,0,125,4973,1788587038983607
cross_stream,0,0,depth+color,-1,124,4881,1788587039016806
cross_stream,0,0,depth+color,0,125,4771,1788587039050213
cross_stream,0,0,depth+color,-1,127,5004,1788587039083594
cross_stream,0,0,depth+color,0,129,5065,1788587039116957
cross_stream,0,0,depth+color,0,131,4983,1788587039150225
cross_stream,0,0,depth+color,-1,131,4715,1788587039183453
cross_stream,0,0,depth+color,0,132,5018,1788587039216785
cross_stream,0,0,depth+color,-1,133,4995,1788587039250125
cross_stream,0,0,depth+color,-1,135,5030,1788587039283453
cross_stream,0,0,depth+color,0,137,4993,1788587039316786
cross_stream,0,0,depth+color,-1,134,4587,1788587039350123
cross_stream,0,0,depth+color,0,136,4970,1788587039383423
cross_stream,0,0,depth+color,-1,138,4991,1788587039416778
cross_stream,0,0,depth+color,-1,134,4646,1788587039450104
cross_stream,0,0,depth+color,0,136,4734,1788587039483451
cross_stream,0,0,depth+color,-1,136,5014,1788587039516777
cross_stream,0,0,depth+color,-1,137,4870,1788587039550140
cross_stream,0,0,depth+color,-1,136,4854,1788587039583468
cross_stream,0,0,depth+color,-1,138,4854,1788587039616784
cross_stream,0,0,depth+color,-1,139,4949,1788587039650087
cross_stream,0,0,depth+color,-1,140,4848,1788587039683467
cross_stream,0,0,depth+color,-1,139,4845,1788587039716767
cross_stream,0,0,depth+color,0,139,4858,1788587039750131
cross_stream,0,0,depth+color,0,142,5000,1788587039783426
cross_stream,0,0,depth+color,0,145,5028,1788587039816786
cross_stream,0,0,depth+color,-1,142,4707,1788587039850112
cross_stream,0,0,depth+color,-1,143,4837,1788587039883442
cross_stream,0,0,depth+color,-1,144,5036,1788587039916791
cross_stream,0,0,depth+color,-1,146,5038,1788587039950134
cross_stream,0,0,depth+color,-1,145,4731,1788587039983451
cross_stream,0,0,depth+color,-1,146,5003,1788587040016802
cross_stream,0,0,depth+color,0,146,4819,1788587040050092
cross_stream,0,0,depth+color,-1,146,4704,1788587040083445
cross_stream,0,0,depth+color,-1,145,4707,1788587040116808
cross_stream,0,0,depth+color,-1,144,4672,1788587040150092
cross_stream,0,0,depth+color,0,144,4863,1788587040183585
cross_stream,0,0,depth+color,-1,146,5021,1788587040216954
cross_stream,0,0,depth+color,0,145,4621,1788587040250156
cross_stream,0,0,depth+color,-1,147,4960,1788587040283575
cross_stream,0,0,depth+color,0,149,5120,1788587040316904
cross_stream,0,0,depth+color,-1,148,5131,1788587040350276
cross_stream,0,0,depth+color,0,150,4968,1788587040383569
cross_stream,0,0,depth+color,-1,152,5000,1788587040416801
cross_stream,0,0,depth+color,-1,153,4972,1788587040450123
cross_stream,0,0,depth+color,-1,152,4848,1788587040483449
cross_stream,0,0,depth+color,-1,155,5163,1788587040517083
cross_stream,0,0,depth+color,-1,154,4685,1788587040550076
cross_stream,0,0,depth+color,0,155,4731,1788587040583463
cross_stream,0,0,depth+color,-1,153,4761,1788587040616802
cross_stream,0,0,depth+color,-1,153,4711,1788587040650103
cross_stream,0,0,depth+color,-1,152,4892,1788587040683437
cross_stream,0,0,depth+color,-1,153,4901,1788587040716813
cross_stream,0,0,depth+color,-1,156,4985,1788587040750137
cross_stream,0,0,depth+color,-1,156,4831,1788587040783429
cross_stream,0,0,depth+color,-1,156,4750,1788587040816772
cross_stream,0,0,depth+color,-1,155,4867,1788587040850141
cross_stream,0,0,depth+color,-1,155,4896,1788587040883468
cross_stream,0,0,depth+color,0,155,4647,1788587040916763
cross_stream,0,0,depth+color,0,157,5019,1788587040950136
cross_stream,0,0,depth+color,-1,159,5144,1788587040983588
cross_stream,0,0,depth+color,-1,157,4629,1788587041016794
cross_stream,0,0,depth+color,-1,159,4957,1788587041050093
cross_stream,0,0,depth+color,0,160,5019,1788587041083444
cross_stream,0,0,depth+color,-1,160,4889,1788587041116801
cross_stream,0,0,depth+color,0,160,4821,1788587041150085
cross_stream,0,0,depth+color,-1,161,5064,1788587041183544
cross_stream,0,0,depth+color,0,164,5016,1788587041216941
cross_stream,0,0,depth+color,0,163,4929,1788587041250226
cross_stream,0,0,depth+color,0,163,4767,1788587041283454
cross_stream,0,0,depth+color,-1,162,4892,1788587041316901
cross_stream,0,0,depth+color,0,163,4950,1788587041350088
cross_stream,0,0,depth+color,-1,163,4708,1788587041383443
cross_stream,0,0,depth+color,-1,165,5016,1788587041416798
cross_stream,0,0,depth+color,-1,165,5015,1788587041450151
cross_stream,0,0,depth+color,-1,165,4684,1788587041483448
cross_stream,0,0,depth+color,-1,165,4970,1788587041516903
cross_stream,0,0,depth+color,-1,167,5000,1788587041550134
cross_stream,0,0,depth+color,0,168,4819,1788587041583433
cross_stream,0,0,depth+color,-1,165,4555,1788587041616778
cross_stream,0,0,depth+color,0,164,4725,1788587041650153
cross_stream,0,0,depth+color,-1,163,4744,1788587041683466
cross_stream,0,0,depth+color,-1,162,4728,1788587041716782
cross_stream,0,0,depth+color,-1,162,4726,1788587041750120
cross_stream,0,0,depth+color,-1,161,4740,1788587041783464
cross_stream,0,0,depth+color,-1,162,4744,1788587041816801
cross_stream,0,0,depth+color,-1,161,4841,1788587041850119
cross_stream,0,0,depth+color,-1,163,4886,1788587041883468
cross_stream,0,0,depth+color,-1,162,5059,1788587041916809
cross_stream,0,0,depth+color,-1,165,5004,1788587041950125
cross_stream,0,0,depth+color,-1,164,4731,1788587041983449
cross_stream,0,0,depth+color,0,166,4889,1788587042016805
cross_stream,0,0,depth+color,-1,163,4761,1788587042050151
cross_stream,0,0,depth+color,-1,165,4976,1788587042083567
cross_stream,0,0,depth+color,0,166,4851,1788587042116767
cross_stream,0,0,depth+color,-1,166,4893,1788587042150126
cross_stream,0,0,depth+color,-1,164,4893,1788587042183590
cross_stream,0,0,depth+color,-1,167,4950,1788587042216990
cross_stream,0,0,depth+color,-1,166,4816,1788587042250208
cross_stream,0,0,depth+color,-1,169,4980,1788587042283592
cross_stream,0,0,depth+color,0,170,5064,1788587042316981
cross_stream,0,0,depth+color,0,170,4732,1788587042350117
cross_stream,0,0,depth+color,0,169,4859,1788587042383445
cross_stream,0,0,depth+color,-1,167,4715,1788587042416823
cross_stream,0,0,depth+color,0,169,4950,1788587042450103
cross_stream,0,0,depth+color,0,171,4989,1788587042483458
cross_stream,0,0,depth+color,-1,169,4710,1788587042516801
cross_stream,0,0,depth+color,-1,168,4862,1788587042550125
cross_stream,0,0,depth+color,0,170,4825,1788587042583431
cross_stream,0,0,depth+color,-1,169,4757,1788587042616801
cross_stream,1,1,depth+color,-1,-2,-167314,1788587012450300
cross_stream,1,1,depth+color,-1,-1,-135887,1788587012483603
cross_stream,1,1,depth+color,0,0,-104468,1788587012516913
cross_stream,1,1,depth+color,-1,0,-72963,1788587012550263
cross_stream,1,1,depth+color,-1,0,-41460,1788587012583640
cross_stream,1,1,depth+color,0,1,-10044,1788587012616917
cross_stream,1,1,depth+color,-1,-2,5018,1788587012650118
cross_stream,1,1,depth+color,-1,-1,4995,1788587012683443
cross_stream,1,1,depth+color,0,0,4849,1788587012716768
cross_stream,1,1,depth+color,-1,-2,5037,1788587012750148
cross_stream,1,1,depth+color,-1,-2,5004,1788587012783430
cross_stream,1,1,depth+color,-1,-2,4877,1788587012816807
cross_stream,1,1,depth+color,-1,-1,4993,1788587012850088
cross_stream,1,1,depth+color,-1,-1,4899,1788587012883467
cross_stream,1,1,depth+color,0,0,4888,1788587012916799
cross_stream,1,1,depth+color,0,1,4911,1788587012950143
cross_stream,1,1,depth+color,-1,-1,4960,1788587012983421
cross_stream,1,1,depth+color,-1,-1,4872,1788587013016801
cross_stream,1,1,depth+color,0,0,4659,1788587013050103
cross_stream,1,1,depth+color,-1,0,4888,1788587013083597
cross_stream,1,1,depth+color,0,0,4867,1788587013116786
cross_stream,1,1,depth+color,-1,-2,5023,1788587013150118
cross_stream,1,1,depth+color,-1,0,4876,1788587013183474
cross_stream,1,1,depth+color,-1,0,5020,1788587013216780
cross_stream,1,1,depth+color,0,0,4958,1788587013250249
cross_stream,1,1,depth+color,-1,0,4881,1788587013283443
cross_stream,1,1,depth+color,-1,-1,4694,1788587013316766
cross_stream,1,1,depth+color,-1,-1,5004,1788587013350303
cross_stream,1,1,depth+color,-1,-1,4826,1788587013383443
cross_stream,1,1,depth+color,0,1,5036,1788587013416789
cross_stream,1,1,depth+color,-1,-1,4983,1788587013450457
cross_stream,1,1,depth+color,-1,0,4853,1788587013483566
cross_stream,1,1,depth+color,0,0,4866,1788587013516808
cross_stream,1,1,depth+color,-1,-1,5011,1788587013550117
cross_stream,1,1,depth+color,-1,-1,4866,1788587013583449
cross_stream,1,1,depth+color,-1,-2,5040,1788587013616813
cross_stream,1,1,depth+color,-1,-1,4835,1788587013650104
cross_stream,1,1,depth+color,-1,-1,4724,1788587013683446
cross_stream,1,1,depth+color,-1,-1,4923,1788587013716808
cross_stream,1,1,depth+color,-1,-2,4694,1788587013750122
cross_stream,1,1,depth+color,-1,-1,4986,1788587013783439
cross_stream,1,1,depth+color,-1,-2,5016,1788587013816775
cross_stream,1,1,depth+color,-1,-1,4895,1788587013850139
cross_stream,1,1,depth+color,0,0,5052,1788587013883575
cross_stream,1,1,depth+color,-1,-1,5028,1788587013916809
cross_stream,1,1,depth+color,0,-1,5010,1788587013950104
cross_stream,1,1,depth+color,0,0,5007,1788587013983597
cross_stream,1,1,depth+color,-1,-2,4842,1788587014016782
cross_stream,1,1,depth+color,-1,0,4878,1788587014050144
cross_stream,1,1,depth+color,-1,-1,4829,1788587014083448
cross_stream,1,1,depth+color,-1,0,5140,1788587014117076
cross_stream,1,1,depth+color,0,0,4860,1788587014150141
cross_stream,1,1,depth+color,0,-1,4852,1788587014183429
cross_stream,1,1,depth+color,-1,-1,4892,1788587014216782
cross_stream,1,1,depth+color,-1,-1,4699,1788587014250243
cross_stream,1,1,depth+color,-1,-1,4994,1788587014283599
cross_stream,1,1,depth+color,-1,-1,4836,1788587014316787
cross_stream,1,1,depth+color,-1,0,4849,1788587014350124
cross_stream,1,1,depth+color,-1,-1,4813,1788587014383552
cross_stream,1,1,depth+color,-1,0,4866,1788587014416799
cross_stream,1,1,depth+color,0,0,4957,1788587014450098
cross_stream,1,1,depth+color,-1,-2,5003,1788587014483611
cross_stream,1,1,depth+color,-1,-2,5031,1788587014516923
cross_stream,1,1,depth+color,-1,-2,5095,1788587014550242
cross_stream,1,1,depth+color,-1,-2,5125,1788587014583594
cross_stream,1,1,depth+color,-1,-2,5063,1788587014616964
cross_stream,1,1,depth+color,0,-1,5151,1788587014650260
cross_stream,1,1,depth+color,-1,-1,5012,1788587014683607
cross_stream,1,1,depth+color,-1,-1,5012,1788587014716807
cross_stream,1,1,depth+color,-1,-1,4957,1788587014750105
cross_stream,1,1,depth+color,0,-1,4831,1788587014783425
cross_stream,1,1,depth+color,-1,-2,5023,1788587014816813
cross_stream,1,1,depth+color,-1,-1,4805,1788587014850109
cross_stream,1,1,depth+color,-1,-1,4958,1788587014883428
cross_stream,1,1,depth+color,-1,-1,4996,1788587014916791
cross_stream,1,1,depth+color,-1,0,4884,1788587014950128
cross_stream,1,1,depth+color,-1,0,4852,1788587014983413
cross_stream,1,1,depth+color,-1,0,4989,1788587015016777
cross_stream,1,1,depth+color,-1,0,5007,1788587015050141
cross_stream,1,1,depth+color,-1,-1,4964,1788587015083436
cross_stream,1,1,depth+color,-1,-1,4872,1788587015116788
cross_stream,1,1,depth+color,-1,-1,5028,1788587015150147
cross_stream,1,1,depth+color,-1,-1,4987,1788587015183456
cross_stream,1,1,depth+color,-1,-1,5006,1788587015216806
cross_stream,1,1,depth+color,-1,-1,4845,1788587015250124
cross_stream,1,1,depth+color,-1,-1,4999,1788587015283463
cross_stream,1,1,depth+color,-1,-2,5037,1788587015316812
cross_stream,1,1,depth+color,-1,-1,4993,1788587015350104
cross_stream,1,1,depth+color,-1,-1,4970,1788587015383436
cross_stream,1,1,depth+color,0,0,5057,1788587015416813
cross_stream,1,1,depth+color,-1,-2,4962,1788587015450093
cross_stream,1,1,depth+color,0,0,5017,1788587015483438
cross_stream,1,1,depth+color,0,0,4579,1788587015516895
cross_stream,1,1,depth+color,0,1,4704,1788587015550146
cross_stream,1,1,depth+color,0,1,4866,1788587015583435
cross_stream,1,1,depth+color,-1,-1,4913,1788587015616801
cross_stream,1,1,depth+color,-1,0,4773,1788587015650151
cross_stream,1,1,depth+color,-1,-1,4872,1788587015683468
cross_stream,1,1,depth+color,-1,-2,5007,1788587015716785
cross_stream,1,1,depth+color,0,0,4873,1788587015750140
cross_stream,1,1,depth+color,0,-1,4724,1788587015783440
cross_stream,1,1,depth+color,-1,-1,4860,1788587015816791
cross_stream,1,1,depth+color,-1,-1,5010,1788587015850143
cross_stream,1,1,depth+color,-1,-2,5002,1788587015883452
cross_stream,1,1,depth+color,-1,-2,4986,1788587015916760
cross_stream,1,1,depth+color,-1,-1,5033,1788587015950119
cross_stream,1,1,depth+color,0,-1,4669,1788587015983450
cross_stream,1,1,depth+color,0,0,4861,1788587016016799
cross_stream,1,1,depth+color,-1,-2,4846,1788587016050115
cross_stream,1,1,depth+color,-1,-1,4898,1788587016083460
cross_stream,1,1,depth+color,-1,-1,5044,1788587016116816
cross_stream,1,1,depth+color,-1,-1,4849,1788587016150130
cross_stream,1,1,depth+color,-1,-1,4871,1788587016183440
cross_stream,1,1,depth+color,0,0,5015,1788587016216789
cross_stream,1,1,depth+color,0,-1,4982,1788587016250131
cross_stream,1,1,depth+color,0,0,4862,1788587016283465
cross_stream,1,1,depth+color,0,0,4869,1788587016316777
cross_stream,1,1,depth+color,0,-1,5016,1788587016350107
cross_stream,1,1,depth+color,-1,0,5032,1788587016383461
cross_stream,1,1,depth+color,0,-1,5217,1788587016416960
cross_stream,1,1,depth+color,-1,-2,4852,1788587016450100
cross_stream,1,1,depth+color,-1,-2,4822,1788587016483529
cross_stream,1,1,depth+color,0,1,5335,1788587016517101
cross_stream,1,1,depth+color,-1,-1,4945,1788587016550241
cross_stream,1,1,depth+color,-1,-2,5145,1788587016583588
cross_stream,1,1,depth+color,0,-1,5059,1788587016616810
cross_stream,1,1,depth+color,-1,-1,4767,1788587016650140
cross_stream,1,1,depth+color,-1,-1,4829,1788587016683441
cross_stream,1,1,depth+color,-1,0,4719,1788587016716773
cross_stream,1,1,depth+color,-1,0,4844,1788587016750130
cross_stream,1,1,depth+color,-1,-2,4853,1788587016783460
cross_stream,1,1,depth+color,-1,0,4855,1788587016816785
cross_stream,1,1,depth+color,-1,-1,4880,1788587016850130
cross_stream,1,1,depth+color,-1,-2,4856,1788587016883453
cross_stream,1,1,depth+color,-1,0,4830,1788587016916774
cross_stream,1,1,depth+color,0,-1,4874,1788587016950130
cross_stream,1,1,depth+color,-1,-1,5031,1788587016983477
cross_stream,1,1,depth+color,-1,-2,4867,1788587017016789
cross_stream,1,1,depth+color,-1,0,4746,1788587017050118
cross_stream,1,1,depth+color,0,0,4831,1788587017083443
cross_stream,1,1,depth+color,0,0,4868,1788587017116806
cross_stream,1,1,depth+color,-1,-2,5133,1788587017150256
cross_stream,1,1,depth+color,-1,0,4953,1788587017183421
cross_stream,1,1,depth+color,-1,-1,4897,1788587017216807
cross_stream,1,1,depth+color,-1,-1,4993,1788587017250261
cross_stream,1,1,depth+color,-1,-1,4767,1788587017283459
cross_stream,1,1,depth+color,-1,-2,4856,1788587017316803
cross_stream,1,1,depth+color,-1,-1,4912,1788587017350143
cross_stream,1,1,depth+color,-1,0,4863,1788587017383430
cross_stream,1,1,depth+color,-1,-1,4894,1788587017416812
cross_stream,1,1,depth+color,-1,-2,4543,1788587017450252
cross_stream,1,1,depth+color,0,0,4965,1788587017483421
cross_stream,1,1,depth+color,0,1,4967,1788587017516762
cross_stream,1,1,depth+color,0,0,5023,1788587017550246
cross_stream,1,1,depth+color,-1,-1,5007,1788587017583580
cross_stream,1,1,depth+color,-1,-1,5175,1788587017616969
cross_stream,1,1,depth+color,-1,-1,5110,1788587017650237
cross_stream,1,1,depth+color,-1,-1,4846,1788587017683426
cross_stream,1,1,depth+color,-1,-2,4928,1788587017716817
cross_stream,1,1,depth+color,0,0,4752,1788587017750138
cross_stream,1,1,depth+color,-1,0,4854,1788587017783427
cross_stream,1,1,depth+color,0,0,5055,1788587017816804
cross_stream,1,1,depth+color,0,0,4732,1788587017850113
cross_stream,1,1,depth+color,-1,-1,5027,1788587017883462
cross_stream,1,1,depth+color,-1,-2,5055,1788587017916841
cross_stream,1,1,depth+color,0,-1,4816,1788587017950109
cross_stream,1,1,depth+color,0,-1,4739,1788587017983450
cross_stream,1,1,depth+color,-1,-2,4836,1788587018016783
cross_stream,1,1,depth+color,-1,-1,4835,1788587018050133
cross_stream,1,1,depth+color,0,0,4884,1788587018083457
cross_stream,1,1,depth+color,-1,-1,4881,1788587018116784
cross_stream,1,1,depth+color,-1,-1,4724,1788587018150129
cross_stream,1,1,depth+color,0,0,4993,1788587018183452
cross_stream,1,1,depth+color,-1,-1,4898,1788587018216820
cross_stream,1,1,depth+color,-1,-1,4647,1788587018250226
cross_stream,1,1,depth+color,-1,-1,4752,1788587018283458
cross_stream,1,1,depth+color,-1,-1,5001,1788587018316782
cross_stream,1,1,depth+color,-1,-2,4871,1788587018350127
cross_stream,1,1,depth+color,-1,0,4852,1788587018383426
cross_stream,1,1,depth+color,0,0,5009,1788587018416794
cross_stream,1,1,depth+color,-1,0,5007,1788587018450142
cross_stream,1,1,depth+color,-1,-2,4869,1788587018483476
cross_stream,1,1,depth+color,0,-1,4860,1788587018516771
cross_stream,1,1,depth+color,0,0,4884,1788587018550143
cross_stream,1,1,depth+color,-1,-2,5015,1788587018583439
cross_stream,1,1,depth+color,-1,-1,5038,1788587018616795
cross_stream,1,1,depth+color,-1,-1,4851,1788587018650115
cross_stream,1,1,depth+color,0,1,4736,1788587018683462
cross_stream,1,1,depth+color,-1,-1,4736,1788587018716795
cross_stream,1,1,depth+color,-1,-1,4750,1788587018750136
cross_stream,1,1,depth+color,0,0,4752,1788587018783460
cross_stream,1,1,depth+color,0,1,4872,1788587018816783
cross_stream,1,1,depth+color,-1,-1,4724,1788587018850112
cross_stream,1,1,depth+color,-1,-1,4920,1788587018883471
cross_stream,1,1,depth+color,-1,-1,5000,1788587018916782
cross_stream,1,1,depth+color,0,0,4874,1788587018950129
cross_stream,1,1,depth+color,-1,-1,5025,1788587018983447
cross_stream,1,1,depth+color,-1,-1,4902,1788587019016817
cross_stream,1,1,depth+color,-1,-1,5042,1788587019050137
cross_stream,1,1,depth+color,0,0,5059,1788587019083478
cross_stream,1,1,depth+color,-1,0,5000,1788587019116791
cross_stream,1,1,depth+color,-1,0,5006,1788587019150139
cross_stream,1,1,depth+color,-1,-1,5020,1788587019183466
cross_stream,1,1,depth+color,0,0,4864,1788587019216816
cross_stream,1,1,depth+color,-1,0,4956,1788587019250202
cross_stream,1,1,depth+color,-1,-1,4850,1788587019283435
cross_stream,1,1,depth+color,-1,-1,4829,1788587019316813
cross_stream,1,1,depth+color,-1,0,4988,1788587019350111
cross_stream,1,1,depth+color,-1,0,5049,1788587019383467
cross_stream,1,1,depth+color,-1,0,5017,1788587019416786
cross_stream,1,1,depth+color,-1,-1,4992,1788587019450104
cross_stream,1,1,depth+color,0,0,5038,1788587019483585
cross_stream,1,1,depth+color,0,0,5122,1788587019516927
cross_stream,1,1,depth+color,-1,-2,4973,1788587019550121
cross_stream,1,1,depth+color,-1,-1,5072,1788587019583542
cross_stream,1,1,depth+color,-1,0,5140,1788587019616953
cross_stream,1,1,depth+color,-1,0,5116,1788587019650233
cross_stream,1,1,depth+color,-1,-2,5129,1788587019683609
cross_stream,1,1,depth+color,0,-1,4967,1788587019716895
cross_stream,1,1,depth+color,-1,-1,4879,1788587019750147
cross_stream,1,1,depth+color,-1,-1,4996,1788587019783463
cross_stream,1,1,depth+color,-1,0,4858,1788587019816785
cross_stream,1,1,depth+color,-1,0,4992,1788587019850109
cross_stream,1,1,depth+color,0,-1,5040,1788587019883482
cross_stream,1,1,depth+color,-1,-1,4894,1788587019916819
cross_stream,1,1,depth+color,-1,-2,4868,1788587019950143
cross_stream,1,1,depth+color,-1,-1,4980,1788587019983439
cross_stream,1,1,depth+color,-1,-1,4868,1788587020016787
cross_stream,1,1,depth+color,-1,-1,4822,1788587020050095
cross_stream,1,1,depth+color,-1,-2,5016,1788587020083463
cross_stream,1,1,depth+color,0,0,5137,1788587020116908
cross_stream,1,1,depth+color,-1,-2,4971,1788587020150102
cross_stream,1,1,depth+color,-1,0,4992,1788587020183457
cross_stream,1,1,depth+color,-1,-1,4872,1788587020216809
cross_stream,1,1,depth+color,0,-1,5082,1788587020250338
cross_stream,1,1,depth+color,0,1,5003,1788587020283606
cross_stream,1,1,depth+color,-1,0,5174,1788587020316979
cross_stream,1,1,depth+color,0,-1,4901,1788587020350158
cross_stream,1,1,depth+color,-1,-1,4899,1788587020383466
cross_stream,1,1,depth+color,-1,-1,5020,1788587020416814
cross_stream,1,1,depth+color,-1,-1,4853,1788587020450118
cross_stream,1,1,depth+color,0,0,4878,1788587020483451
cross_stream,1,1,depth+color,-1,-2,5032,1788587020516806
cross_stream,1,1,depth+color,-1,-1,4905,1788587020550143
cross_stream,1,1,depth+color,0,0,4847,1788587020583435
cross_stream,1,1,depth+color,0,0,4984,1788587020616784
cross_stream,1,1,depth+color,0,0,4965,1788587020650103
cross_stream,1,1,depth+color,-1,-2,4984,1788587020683441
cross_stream,1,1,depth+color,0,0,5022,1788587020716813
cross_stream,1,1,depth+color,0,1,4996,1788587020750140
cross_stream,1,1,depth+color,0,0,5123,1788587020783587
cross_stream,1,1,depth+color,-1,0,4866,1788587020816816
cross_stream,1,1,depth+color,0,-1,4986,1788587020850106
cross_stream,1,1,depth+color,0,1,5027,1788587020883475
cross_stream,1,1,depth+color,-1,-1,4855,1788587020916790
cross_stream,1,1,depth+color,-1,-1,5002,1788587020950143
cross_stream,1,1,depth+color,-1,-1,4989,1788587020983446
cross_stream,1,1,depth+color,-1,-1,5001,1788587021016806
cross_stream,1,1,depth+color,-1,-1,4988,1788587021050106
cross_stream,1,1,depth+color,-1,-1,4963,1788587021083436
cross_stream,1,1,depth+color,-1,-1,4995,1788587021116786
cross_stream,1,1,depth+color,0,1,4896,1788587021150151
cross_stream,1,1,depth+color,-1,-2,4848,1788587021183436
cross_stream,1,1,depth+color,0,0,4894,1788587021216807
cross_stream,1,1,depth+color,0,0,5046,1788587021250499
cross_stream,1,1,depth+color,-1,-1,4896,1788587021283636
cross_stream,1,1,depth+color,-1,-2,5025,1788587021316931
cross_stream,1,1,depth+color,0,0,5140,1788587021350271
cross_stream,1,1,depth+color,-1,-1,5121,1788587021383574
cross_stream,1,1,depth+color,-1,-1,5155,1788587021416942
cross_stream,1,1,depth+color,-1,-1,4999,1788587021450220
cross_stream,1,1,depth+color,-1,0,5172,1788587021483596
cross_stream,1,1,depth+color,-1,-1,5112,1788587021516897
cross_stream,1,1,depth+color,0,0,4792,1788587021550088
cross_stream,1,1,depth+color,-1,-1,5096,1788587021583561
cross_stream,1,1,depth+color,-1,0,4974,1788587021616776
cross_stream,1,1,depth+color,-1,-1,5022,1788587021650146
cross_stream,1,1,depth+color,-1,-2,4999,1788587021683459
cross_stream,1,1,depth+color,-1,-1,5210,1788587021716990
cross_stream,1,1,depth+color,-1,-2,5009,1788587021750123
cross_stream,1,1,depth+color,-1,-1,4740,1788587021783459
cross_stream,1,1,depth+color,-1,-1,5026,1788587021816922
cross_stream,1,1,depth+color,0,-1,4863,1788587021850131
cross_stream,1,1,depth+color,0,0,4906,1788587021883465
cross_stream,1,1,depth+color,-1,-1,4833,1788587021916755
cross_stream,1,1,depth+color,0,0,4856,1788587021950120
cross_stream,1,1,depth+color,-1,-1,4998,1788587021983433
cross_stream,1,1,depth+color,-1,-155,5180,1788587022016956
cross_stream,1,1,depth+color,0,-304,5007,1788587022050156
cross_stream,1,1,depth+color,0,-455,5106,1788587022083572
cross_stream,1,1,depth+color,-1,-606,5194,1788587022116968
cross_stream,1,1,depth+color,-1,-755,4899,1788587022150133
cross_stream,1,1,depth+color,-1,-903,4870,1788587022183432
cross_stream,1,1,depth+color,-1,-1051,5174,1788587022216936
cross_stream,1,1,depth+color,-1,-1195,4884,1788587022250152
cross_stream,1,1,depth+color,0,-1340,4953,1788587022283420
cross_stream,1,1,depth+color,-1,-1484,4955,1788587022316780
cross_stream,1,1,depth+color,-1,-1629,4966,1788587022350123
cross_stream,1,1,depth+color,-1,-1772,4978,1788587022383423
cross_stream,1,1,depth+color,-1,-1912,4837,1788587022416781
cross_stream,1,1,depth+color,-1,-2053,4951,1788587022450230
cross_stream,1,1,depth+color,-1,-2194,4879,1788587022483490
cross_stream,1,1,depth+color,0,-2331,4855,1788587022516796
cross_stream,1,1,depth+color,0,-2469,4873,1788587022550144
cross_stream,1,1,depth+color,-1,-2607,4953,1788587022583433
cross_stream,1,1,depth+color,-1,-2743,5049,1788587022616806
cross_stream,1,1,depth+color,0,-2877,4997,1788587022650104
cross_stream,1,1,depth+color,-1,-2857,5027,1788587022683755
cross_stream,1,1,depth+color,-1,-2837,5133,1788587022716952
cross_stream,1,1,depth+color,-1,-2815,5000,1788587022750124
cross_stream,1,1,depth+color,0,-2794,4989,1788587022783594
cross_stream,1,1,depth+color,-1,-2775,4855,1788587022816811
cross_stream,1,1,depth+color,-1,-2755,4976,1788587022850111
cross_stream,1,1,depth+color,-1,-2735,4990,1788587022883456
cross_stream,1,1,depth+color,-1,-2716,4984,1788587022916781
cross_stream,1,1,depth+color,-1,-2695,5118,1788587022950260
cross_stream,1,1,depth+color,0,-2674,4952,1788587022983420
cross_stream,1,1,depth+color,-1,-2656,4995,1788587023016773
cross_stream,1,1,depth+color,-1,-2636,5154,1788587023050439
cross_stream,1,1,depth+color,0,-2616,4845,1788587023083453
cross_stream,1,1,depth+color,0,-2598,4973,1788587023116766
cross_stream,1,1,depth+color,0,-2578,4988,1788587023150128
cross_stream,1,1,depth+color,-1,-2560,5120,1788587023183604
cross_stream,1,1,depth+color,-1,-2540,4963,1788587023216894
cross_stream,1,1,depth+color,0,-2522,4943,1788587023250115
cross_stream,1,1,depth+color,-1,-2505,4844,1788587023283444
cross_stream,1,1,depth+color,-1,-2486,5191,1788587023316977
cross_stream,1,1,depth+color,-1,-2466,4980,1788587023350094
cross_stream,1,1,depth+color,-1,-2448,4967,1788587023383416
cross_stream,1,1,depth+color,-1,-2432,4963,1788587023416765
cross_stream,1,1,depth+color,0,-2414,4801,1788587023450087
cross_stream,1,1,depth+color,-1,-2397,4998,1788587023483426
cross_stream,1,1,depth+color,-1,-2381,4863,1788587023516787
cross_stream,1,1,depth+color,-1,-2364,4963,1788587023550109
cross_stream,1,1,depth+color,0,-2345,5019,1788587023583625
cross_stream,1,1,depth+color,-1,-2328,5077,1788587023616974
cross_stream,1,1,depth+color,-1,-2310,4950,1788587023650099
cross_stream,1,1,depth+color,-1,-2296,4688,1788587023683560
cross_stream,1,1,depth+color,0,-2278,4759,1788587023716809
cross_stream,1,1,depth+color,-1,-2263,4892,1788587023750140
cross_stream,1,1,depth+color,-1,-2248,4828,1788587023783416
cross_stream,1,1,depth+color,-1,-2232,4986,1788587023816767
cross_stream,1,1,depth+color,-1,-2215,4938,1788587023850099
cross_stream,1,1,depth+color,-1,-2200,4982,1788587023883561
cross_stream,1,1,depth+color,-1,-2183,5012,1788587023916771
cross_stream,1,1,depth+color,0,-2166,4966,1788587023950114
cross_stream,1,1,depth+color,-1,-2151,5051,1788587023983599
cross_stream,1,1,depth+color,-1,-2133,5053,1788587024016958
cross_stream,1,1,depth+color,-1,-2119,4832,1788587024050097
cross_stream,1,1,depth+color,-1,-2105,4891,1788587024083451
cross_stream,1,1,depth+color,0,-2087,4881,1788587024116790
cross_stream,1,1,depth+color,0,-2075,4727,1788587024150130
cross_stream,1,1,depth+color,0,-2059,4904,1788587024183443
cross_stream,1,1,depth+color,-1,-2046,4686,1788587024216789
cross_stream,1,1,depth+color,-1,-2034,4561,1788587024250216
cross_stream,1,1,depth+color,-1,-2019,4700,1788587024283409
cross_stream,1,1,depth+color,-1,-2007,4859,1788587024316772
cross_stream,1,1,depth+color,0,-1992,4691,1788587024350146
cross_stream,1,1,depth+color,0,-1978,4750,1788587024383469
cross_stream,1,1,depth+color,-1,-1966,4718,1788587024416781
cross_stream,1,1,depth+color,-1,-1952,5008,1788587024450263
cross_stream,1,1,depth+color,-1,-1939,4757,1788587024483463
cross_stream,1,1,depth+color,-1,-1927,4748,1788587024516793
cross_stream,1,1,depth+color,0,-1911,4989,1788587024550227
cross_stream,1,1,depth+color,0,-1897,4896,1788587024583468
cross_stream,1,1,depth+color,0,-1882,5092,1788587024616972
cross_stream,1,1,depth+color,0,-1869,4863,1788587024650115
cross_stream,1,1,depth+color,-1,-1856,4847,1788587024683409
cross_stream,1,1,depth+color,-1,-1842,5188,1788587024716970
cross_stream,1,1,depth+color,-1,-1827,5094,1788587024750237
cross_stream,1,1,depth+color,-1,-1814,5146,1788587024783605
cross_stream,1,1,depth+color,-1,-1799,4821,1788587024816924
cross_stream,1,1,depth+color,0,-1784,4714,1788587024850105
cross_stream,1,1,depth+color,0,-1773,4825,1788587024883423
cross_stream,1,1,depth+color,-1,-1763,5002,1788587024916800
cross_stream,1,1,depth+color,-1,-1749,4905,1788587024950165
cross_stream,1,1,depth+color,-1,-1735,4988,1788587024983450
cross_stream,1,1,depth+color,0,-1720,4977,1788587025016777
cross_stream,1,1,depth+color,0,-1709,4858,1788587025050137
cross_stream,1,1,depth+color,-1,-1696,4985,1788587025083576
cross_stream,1,1,depth+color,-1,-1685,4956,1788587025116769
cross_stream,1,1,depth+color,0,-1670,4975,1788587025150123
cross_stream,1,1,depth+color,-1,-1659,5088,1788587025183564
cross_stream,1,1,depth+color,-1,-1645,5151,1788587025216954
cross_stream,1,1,depth+color,-1,-1632,4939,1788587025250238
cross_stream,1,1,depth+color,-1,-1620,4683,1788587025283412
cross_stream,1,1,depth+color,-1,-1608,4985,1788587025316772
cross_stream,1,1,depth+color,-1,-1597,4861,1788587025350154
cross_stream,1,1,depth+color,-1,-1586,4965,1788587025383421
cross_stream,1,1,depth+color,-1,-1573,5023,1788587025416795
cross_stream,1,1,depth+color,-1,-1560,4974,1788587025450119
cross_stream,1,1,depth+color,-1,-1549,4855,1788587025483450
cross_stream,1,1,depth+color,-1,-1540,4884,1788587025516789
cross_stream,1,1,depth+color,-1,-1526,5101,1788587025550238
cross_stream,1,1,depth+color,-1,-1514,5116,1788587025583583
cross_stream,1,1,depth+color,-1,-1501,4883,1788587025616810
cross_stream,1,1,depth+color,-1,-1490,4852,1788587025650110
cross_stream,1,1,depth+color,-1,-1480,4960,1788587025683441
cross_stream,1,1,depth+color,0,-1467,5012,1788587025716809
cross_stream,1,1,depth+color,-1,-1457,4837,1788587025750088
cross_stream,1,1,depth+color,0,-1446,4975,1788587025783425
cross_stream,1,1,depth+color,-1,-1437,4890,1788587025816824
cross_stream,1,1,depth+color,-1,-1424,4950,1788587025850110
cross_stream,1,1,depth+color,-1,-1414,4985,1788587025883565
cross_stream,1,1,depth+color,-1,-1403,4980,1788587025916780
cross_stream,1,1,depth+color,0,-1392,4861,1788587025950137
cross_stream,1,1,depth+color,-1,-1381,5124,1788587025983549
cross_stream,1,1,depth+color,-1,-1368,5149,1788587026016956
cross_stream,1,1,depth+color,-1,-1359,4894,1788587026050160
cross_stream,1,1,depth+color,-1,-1348,5039,1788587026083471
cross_stream,1,1,depth+color,-1,-1336,5027,1788587026116930
cross_stream,1,1,depth+color,-1,-1327,4971,1788587026150133
cross_stream,1,1,depth+color,0,-1315,4847,1788587026183450
cross_stream,1,1,depth+color,0,-1305,5145,1788587026216942
cross_stream,1,1,depth+color,-1,-1296,4986,1788587026250238
cross_stream,1,1,depth+color,-1,-1285,5010,1788587026283470
cross_stream,1,1,depth+color,-1,-1275,4967,1788587026316775
cross_stream,1,1,depth+color,-1,-1264,4865,1788587026350135
cross_stream,1,1,depth+color,0,-1253,4974,1788587026383432
cross_stream,1,1,depth+color,0,-1243,5123,1788587026416933
cross_stream,1,1,depth+color,-1,-1233,4971,1788587026450224
cross_stream,1,1,depth+color,0,-1224,4830,1788587026483428
cross_stream,1,1,depth+color,-1,-1216,4850,1788587026516797
cross_stream,1,1,depth+color,-1,-1206,5118,1788587026550236
cross_stream,1,1,depth+color,-1,-1196,4819,1788587026583434
cross_stream,1,1,depth+color,-1,-1187,5019,1788587026616816
cross_stream,1,1,depth+color,-1,-1179,4837,1788587026650123
cross_stream,1,1,depth+color,0,-1169,4806,1788587026683426
cross_stream,1,1,depth+color,-1,-1162,4991,1788587026716767
cross_stream,1,1,depth+color,-1,-1151,5018,1788587026750145
cross_stream,1,1,depth+color,-1,-1143,4989,1788587026783613
cross_stream,1,1,depth+color,0,-1131,5005,1788587026816959
cross_stream,1,1,depth+color,-1,-1125,4958,1788587026850107
cross_stream,1,1,depth+color,-1,-1116,4868,1788587026883463
cross_stream,1,1,depth+color,0,-1105,4977,1788587026916786
cross_stream,1,1,depth+color,-1,-1097,4989,1788587026950141
cross_stream,1,1,depth+color,0,-1088,4967,1788587026983416
cross_stream,1,1,depth+color,-1,-1079,4984,1788587027016798
cross_stream,1,1,depth+color,-1,-1071,4981,1788587027050128
cross_stream,1,1,depth+color,0,-1060,5130,1788587027083570
cross_stream,1,1,depth+color,-1,-1054,4985,1788587027116778
cross_stream,1,1,depth+color,-1,-1042,4991,1788587027150137
cross_stream,1,1,depth+color,-1,-1033,5135,1788587027183601
cross_stream,1,1,depth+color,-1,-1025,5032,1788587027216840
cross_stream,1,1,depth+color,-1,-1018,4677,1788587027250107
cross_stream,1,1,depth+color,-1,-1011,4678,1788587027283456
cross_stream,1,1,depth+color,0,-1003,4902,1788587027316828
cross_stream,1,1,depth+color,-1,-995,5017,1788587027350162
cross_stream,1,1,depth+color,-1,-988,4883,1788587027383474
cross_stream,1,1,depth+color,-1,-981,4884,1788587027416806
cross_stream,1,1,depth+color,-1,-972,5085,1788587027450231
cross_stream,1,1,depth+color,0,-962,4844,1788587027483442
cross_stream,1,1,depth+color,0,-957,4797,1788587027516763
cross_stream,1,1,depth+color,-1,-947,5109,1788587027550270
cross_stream,1,1,depth+color,-1,-942,5101,1788587027583572
cross_stream,1,1,depth+color,0,-931,5031,1788587027616941
cross_stream,1,1,depth+color,-1,-923,5012,1788587027650140
cross_stream,1,1,depth+color,-1,-918,4939,1788587027683422
cross_stream,1,1,depth+color,-1,-909,4950,1788587027716757
cross_stream,1,1,depth+color,0,-900,4949,1788587027750099
cross_stream,1,1,depth+color,0,-893,4979,1788587027783457
cross_stream,1,1,depth+color,-1,-887,4863,1788587027816803
cross_stream,1,1,depth+color,0,-879,4842,1788587027850113
cross_stream,1,1,depth+color,-1,-874,4945,1788587027883571
cross_stream,1,1,depth+color,0,-866,4822,1788587027916794
cross_stream,1,1,depth+color,-1,-859,4957,1788587027950113
cross_stream,1,1,depth+color,-1,-851,5119,1788587027983551
cross_stream,1,1,depth+color,0,-842,4980,1788587028016922
cross_stream,1,1,depth+color,0,-836,5083,1788587028050233
cross_stream,1,1,depth+color,-1,-829,5025,1788587028083474
cross_stream,1,1,depth+color,0,-820,4955,1788587028116766
cross_stream,1,1,depth+color,-1,-815,4850,1788587028150154
cross_stream,1,1,depth+color,-1,-809,4995,1788587028183449
cross_stream,1,1,depth+color,0,-800,5008,1788587028216792
cross_stream,1,1,depth+color,-1,-795,4809,1788587028250109
cross_stream,1,1,depth+color,-1,-790,4975,1788587028283455
cross_stream,1,1,depth+color,-1,-781,4946,1788587028316756
cross_stream,1,1,depth+color,-1,-775,5019,1788587028350143
cross_stream,1,1,depth+color,-1,-768,4957,1788587028383426
cross_stream,1,1,depth+color,-1,-761,4841,1788587028416810
cross_stream,1,1,depth+color,-1,-755,4934,1788587028450224
cross_stream,1,1,depth+color,-1,-751,4765,1788587028483430
cross_stream,1,1,depth+color,0,-743,4862,1788587028516800
cross_stream,1,1,depth+color,0,-736,4974,1788587028550257
cross_stream,1,1,depth+color,-1,-733,4997,1788587028583582
cross_stream,1,1,depth+color,-1,-725,5025,1788587028616792
cross_stream,1,1,depth+color,-1,-718,4965,1788587028650097
cross_stream,1,1,depth+color,-1,-712,4874,1788587028683454
cross_stream,1,1,depth+color,-1,-706,4963,1788587028716765
cross_stream,1,1,depth+color,-1,-701,4806,1788587028750096
cross_stream,1,1,depth+color,-1,-695,4978,1788587028783458
cross_stream,1,1,depth+color,-1,-688,5042,1788587028816951
cross_stream,1,1,depth+color,0,-681,5101,1788587028850248
cross_stream,1,1,depth+color,-1,-676,4998,1788587028883607
cross_stream,1,1,depth+color,-1,-669,5020,1788587028916817
cross_stream,1,1,depth+color,-1,-662,4947,1788587028950109
cross_stream,1,1,depth+color,-1,-656,5089,1788587028983563
cross_stream,1,1,depth+color,-1,-650,4852,1788587029016794
cross_stream,1,1,depth+color,-1,-644,4983,1788587029050108
cross_stream,1,1,depth+color,-1,-638,5098,1788587029083570
cross_stream,1,1,depth+color,-1,-634,4837,1788587029116779
cross_stream,1,1,depth+color,0,-628,4843,1788587029150123
cross_stream,1,1,depth+color,-1,-624,4849,1788587029183459
cross_stream,1,1,depth+color,-1,-619,4880,1788587029216803
cross_stream,1,1,depth+color,-1,-611,5149,1788587029250405
cross_stream,1,1,depth+color,-1,-605,4845,1788587029283452
cross_stream,1,1,depth+color,-1,-603,4845,1788587029316784
cross_stream,1,1,depth+color,-1,-597,4984,1788587029350139
cross_stream,1,1,depth+color,-1,-589,5014,1788587029383461
cross_stream,1,1,depth+color,-1,-586,4814,1788587029416776
cross_stream,1,1,depth+color,-1,-580,5085,1788587029450223
cross_stream,1,1,depth+color,-1,-574,4988,1788587029483460
cross_stream,1,1,depth+color,-1,-568,4965,1788587029516770
cross_stream,1,1,depth+color,0,-562,5132,1788587029550236
cross_stream,1,1,depth+color,0,-555,4967,1788587029583432
cross_stream,1,1,depth+color,0,-553,4877,1788587029616816
cross_stream,1,1,depth+color,-1,-548,4943,1788587029650093
cross_stream,1,1,depth+color,-1,-542,4960,1788587029683427
cross_stream,1,1,depth+color,-1,-537,5047,1788587029716819
cross_stream,1,1,depth+color,-1,-531,4982,1788587029750129
cross_stream,1,1,depth+color,0,-525,4942,1788587029783433
cross_stream,1,1,depth+color,-1,-522,4977,1788587029816795
cross_stream,1,1,depth+color,-1,-515,4793,1788587029850095
cross_stream,1,1,depth+color,-1,-513,5110,1788587029883593
cross_stream,1,1,depth+color,-1,-508,4813,1788587029916762
cross_stream,1,1,depth+color,-1,-502,4986,1788587029950112
cross_stream,1,1,depth+color,-1,-498,4996,1788587029983613
cross_stream,1,1,depth+color,-1,-491,5138,1788587030016965
cross_stream,1,1,depth+color,-1,-488,5046,1788587030050212
cross_stream,1,1,depth+color,-1,-483,4945,1788587030083446
cross_stream,1,1,depth+color,-1,-479,4809,1788587030116775
cross_stream,1,1,depth+color,-1,-474,4935,1788587030150106
cross_stream,1,1,depth+color,-1,-467,4955,1788587030183428
cross_stream,1,1,depth+color,-1,-466,4985,1788587030216786
cross_stream,1,1,depth+color,-1,-461,4831,1788587030250139
cross_stream,1,1,depth+color,-1,-456,4834,1788587030283471
cross_stream,1,1,depth+color,-1,-450,5008,1788587030316796
cross_stream,1,1,depth+color,-1,-448,4825,1788587030350126
cross_stream,1,1,depth+color,-1,-446,4924,1788587030383540
cross_stream,1,1,depth+color,-1,-439,4994,1788587030416766
cross_stream,1,1,depth+color,-1,-434,5072,1788587030450239
cross_stream,1,1,depth+color,-1,-431,4796,1788587030483430
cross_stream,1,1,depth+color,0,-426,4853,1788587030516779
cross_stream,1,1,depth+color,-1,-423,4965,1788587030550252
cross_stream,1,1,depth+color,-1,-418,5084,1788587030583553
cross_stream,1,1,depth+color,0,-411,5036,1788587030616974
cross_stream,1,1,depth+color,-1,-406,5128,1788587030650283
cross_stream,1,1,depth+color,-1,-403,5015,1788587030683464
cross_stream,1,1,depth+color,-1,-400,4848,1788587030716783
cross_stream,1,1,depth+color,-1,-396,4826,1788587030750117
cross_stream,1,1,depth+color,-1,-393,4858,1788587030783433
cross_stream,1,1,depth+color,-1,-389,4997,1788587030816807
cross_stream,1,1,depth+color,-1,-384,5089,1788587030850230
cross_stream,1,1,depth+color,0,-378,4840,1788587030883465
cross_stream,1,1,depth+color,0,-375,4963,1788587030916783
cross_stream,1,1,depth+color,-1,-373,4843,1788587030950120
cross_stream,1,1,depth+color,-1,-370,4790,1788587030983414
cross_stream,1,1,depth+color,0,-365,4971,1788587031016779
cross_stream,1,1,depth+color,-1,-363,4831,1788587031050103
cross_stream,1,1,depth+color,-1,-360,4977,1788587031083424
cross_stream,1,1,depth+color,-1,-355,5001,1788587031116803
cross_stream,1,1,depth+color,0,-351,4818,1788587031150128
cross_stream,1,1,depth+color,0,-346,5152,1788587031183607
cross_stream,1,1,depth+color,0,-342,5015,1788587031216929
cross_stream,1,1,depth+color,-1,-338,4953,1788587031250121
cross_stream,1,1,depth+color,-1,-335,4781,1788587031283451
cross_stream,1,1,depth+color,-1,-332,4977,1788587031316934
cross_stream,1,1,depth+color,0,-328,4855,1788587031350110
cross_stream,1,1,depth+color,-1,-327,4942,1788587031383418
cross_stream,1,1,depth+color,-1,-322,4985,1788587031416807
cross_stream,1,1,depth+color,0,-317,5062,1788587031450226
cross_stream,1,1,depth+color,-1,-315,4833,1788587031483439
cross_stream,1,1,depth+color,-1,-310,4978,1788587031516763
cross_stream,1,1,depth+color,-1,-308,4943,1788587031550229
cross_stream,1,1,depth+color,0,-305,4869,1788587031583475
cross_stream,1,1,depth+color,0,-299,4985,1788587031616817
cross_stream,1,1,depth+color,0,-298,4809,1788587031650108
cross_stream,1,1,depth+color,0,-295,4806,1788587031683427
cross_stream,1,1,depth+color,-1,-292,4936,1788587031716771
cross_stream,1,1,depth+color,-1,-290,4951,1788587031750107
cross_stream,1,1,depth+color,-1,-287,4931,1788587031783414
cross_stream,1,1,depth+color,-1,-283,4987,1788587031816779
cross_stream,1,1,depth+color,0,-280,4802,1788587031850113
cross_stream,1,1,depth+color,-1,-277,4956,1788587031883459
cross_stream,1,1,depth+color,-1,-274,4965,1788587031916767
cross_stream,1,1,depth+color,-1,-270,4983,1788587031950138
cross_stream,1,1,depth+color,-1,-266,4986,1788587031983450
cross_stream,1,1,depth+color,-1,-262,4998,1788587032016810
cross_stream,1,1,depth+color,-1,-261,4942,1788587032050104
cross_stream,1,1,depth+color,-1,-258,4978,1788587032083429
cross_stream,1,1,depth+color,-1,-253,5157,1788587032116937
cross_stream,1,1,depth+color,-1,-249,5165,1788587032150293
cross_stream,1,1,depth+color,-1,-246,4946,1788587032183424
cross_stream,1,1,depth+color,0,-240,5028,1788587032216796
cross_stream,1,1,depth+color,-1,-237,4976,1788587032250140
cross_stream,1,1,depth+color,-1,-235,4948,1788587032283421
cross_stream,1,1,depth+color,-1,-232,4976,1788587032316773
cross_stream,1,1,depth+color,-1,-230,5002,1788587032350116
cross_stream,1,1,depth+color,-1,-226,4923,1788587032383416
cross_stream,1,1,depth+color,-1,-224,4662,1788587032416793
cross_stream,1,1,depth+color,-1,-222,4830,1788587032450103
cross_stream,1,1,depth+color,-1,-220,4820,1788587032483462
cross_stream,1,1,depth+color,-1,-218,4807,1788587032516773
cross_stream,1,1,depth+color,-1,-215,4929,1788587032550238
cross_stream,1,1,depth+color,0,-212,4932,1788587032583570
cross_stream,1,1,depth+color,-1,-209,5104,1788587032616926
cross_stream,1,1,depth+color,-1,-207,4790,1788587032650112
cross_stream,1,1,depth+color,-1,-207,4806,1788587032683430
cross_stream,1,1,depth+color,-1,-203,4966,1788587032716773
cross_stream,1,1,depth+color,0,-197,5020,1788587032750139
cross_stream,1,1,depth+color,0,-195,4971,1788587032783423
cross_stream,1,1,depth+color,-1,-195,4876,1788587032816833
cross_stream,1,1,depth+color,-1,-191,4992,1788587032850103
cross_stream,1,1,depth+color,0,-187,4996,1788587032883439
cross_stream,1,1,depth+color,0,-186,4746,1788587032916762
cross_stream,1,1,depth+color,-1,-185,5018,1788587032950137
cross_stream,1,1,depth+color,-1,-181,4942,1788587032983414
cross_stream,1,1,depth+color,-1,-179,4967,1788587033016771
cross_stream,1,1,depth+color,-1,-176,4832,1788587033050131
cross_stream,1,1,depth+color,-1,-174,5046,1788587033083619
cross_stream,1,1,depth+color,-1,-173,4870,1788587033116788
cross_stream,1,1,depth+color,-1,-171,4583,1788587033150116
cross_stream,1,1,depth+color,-1,-168,4967,1788587033183575
cross_stream,1,1,depth+color,-1,-167,4983,1788587033216806
cross_stream,1,1,depth+color,-1,-164,4823,1788587033250138
cross_stream,1,1,depth+color,-1,-162,4980,1788587033283447
cross_stream,1,1,depth+color,0,-157,4979,1788587033316781
cross_stream,1,1,depth+color,-1,-159,4811,1788587033350110
cross_stream,1,1,depth+color,-1,-156,4925,1788587033383427
cross_stream,1,1,depth+color,-1,-152,4932,1788587033416772
cross_stream,1,1,depth+color,0,-148,5114,1788587033450259
cross_stream,1,1,depth+color,-1,-148,4948,1788587033483435
cross_stream,1,1,depth+color,0,-143,4974,1788587033516786
cross_stream,1,1,depth+color,0,-140,5120,1788587033550275
cross_stream,1,1,depth+color,0,-137,4931,1788587033583418
cross_stream,1,1,depth+color,-1,-136,4821,1788587033616762
cross_stream,1,1,depth+color,-1,-134,4995,1788587033650107
cross_stream,1,1,depth+color,-1,-133,4980,1788587033683451
cross_stream,1,1,depth+color,-1,-127,5103,1788587033716923
cross_stream,1,1,depth+color,-1,-125,4859,1788587033750145
cross_stream,1,1,depth+color,-1,-125,4983,1788587033783457
cross_stream,1,1,depth+color,0,-120,5017,1788587033816790
cross_stream,1,1,depth+color,-1,-119,5120,1788587033850291
cross_stream,1,1,depth+color,-1,-115,4941,1788587033883425
cross_stream,1,1,depth+color,0,-113,4962,1788587033916781
cross_stream,1,1,depth+color,0,-110,5145,1788587033950295
cross_stream,1,1,depth+color,0,-105,5124,1788587033983609
cross_stream,1,1,depth+color,0,-103,5164,1788587034016950
cross_stream,1,1,depth+color,0,-99,5147,1788587034050284
cross_stream,1,1,depth+color,-1,-96,5163,1788587034083636
cross_stream,1,1,depth+color,-1,-95,4988,1788587034116783
cross_stream,1,1,depth+color,0,-91,4854,1788587034150134
cross_stream,1,1,depth+color,-1,-87,5139,1788587034183610
cross_stream,1,1,depth+color,-1,-86,4958,1788587034216779
cross_stream,1,1,depth+color,0,-85,4848,1788587034250126
cross_stream,1,1,depth+color,0,-84,5009,1788587034283465
cross_stream,1,1,depth+color,-1,-81,4968,1788587034316799
cross_stream,1,1,depth+color,0,-78,4994,1788587034350158
cross_stream,1,1,depth+color,-1,-77,4947,1788587034383428
cross_stream,1,1,depth+color,-1,-75,5016,1788587034416820
cross_stream,1,1,depth+color,0,-72,4956,1788587034450115
cross_stream,1,1,depth+color,-1,-70,4927,1788587034483432
cross_stream,1,1,depth+color,-1,-69,4938,1788587034516782
cross_stream,1,1,depth+color,0,-66,5003,1788587034550148
cross_stream,1,1,depth+color,-1,-66,4813,1788587034583476
cross_stream,1,1,depth+color,-1,-64,4939,1788587034616770
cross_stream,1,1,depth+color,0,-61,4942,1788587034650141
cross_stream,1,1,depth+color,-1,-60,4984,1788587034683478
cross_stream,1,1,depth+color,-1,-57,5000,1788587034716830
cross_stream,1,1,depth+color,0,-55,4936,1788587034750118
cross_stream,1,1,depth+color,-1,-55,4963,1788587034783453
cross_stream,1,1,depth+color,-1,-53,5001,1788587034816819
cross_stream,1,1,depth+color,0,-49,4963,1788587034850256
cross_stream,1,1,depth+color,-1,-47,5131,1788587034883598
cross_stream,1,1,depth+color,0,-44,4979,1788587034916767
cross_stream,1,1,depth+color,0,-42,5096,1788587034950399
cross_stream,1,1,depth+color,-1,-39,5090,1788587034983565
cross_stream,1,1,depth+color,0,-38,4966,1788587035016771
cross_stream,1,1,depth+color,-1,-36,4974,1788587035050154
cross_stream,1,1,depth+color,0,-35,4966,1788587035083462
cross_stream,1,1,depth+color,0,-31,4976,1788587035116771
cross_stream,1,1,depth+color,-1,-29,5127,1788587035150275
cross_stream,1,1,depth+color,0,-26,4925,1788587035183433
cross_stream,1,1,depth+color,-1,-27,4981,1788587035216790
cross_stream,1,1,depth+color,-1,-23,5277,1788587035250435
cross_stream,1,1,depth+color,0,-19,5023,1788587035283607
cross_stream,1,1,depth+color,-1,-18,5156,1788587035316951
cross_stream,1,1,depth+color,-1,-17,4973,1788587035350240
cross_stream,1,1,depth+color,-1,-13,5075,1788587035383544
cross_stream,1,1,depth+color,-1,-14,4968,1788587035416764
cross_stream,1,1,depth+color,-1,-10,5026,1788587035450131
cross_stream,1,1,depth+color,0,-6,5148,1788587035483576
cross_stream,1,1,depth+color,-1,-6,4994,1788587035516797
cross_stream,1,1,depth+color,0,-4,4978,1788587035550108
cross_stream,1,1,depth+color,-1,0,5099,1788587035583565
cross_stream,1,1,depth+color,-1,0,5042,1788587035616810
cross_stream,1,1,depth+color,-1,2,5014,1788587035650142
cross_stream,1,1,depth+color,-1,4,4984,1788587035683452
cross_stream,1,1,depth+color,0,6,4970,1788587035716762
cross_stream,1,1,depth+color,-1,7,5018,1788587035750139
cross_stream,1,1,depth+color,-1,9,4862,1788587035783455
cross_stream,1,1,depth+color,0,11,4987,1788587035816801
cross_stream,1,1,depth+color,-1,11,4962,1788587035850105
cross_stream,1,1,depth+color,0,14,5026,1788587035883463
cross_stream,1,1,depth+color,-1,14,4876,1788587035916780
cross_stream,1,1,depth+color,-1,16,5015,1788587035950142
cross_stream,1,1,depth+color,-1,18,4989,1788587035983460
cross_stream,1,1,depth+color,-1,17,4861,1788587036016790
cross_stream,1,1,depth+color,-1,20,4970,1788587036050126
cross_stream,1,1,depth+color,0,22,4932,1788587036083422
cross_stream,1,1,depth+color,-1,22,5027,1788587036116803
cross_stream,1,1,depth+color,-1,25,5083,1788587036150240
cross_stream,1,1,depth+color,-1,26,4984,1788587036183440
cross_stream,1,1,depth+color,-1,27,5034,1788587036216808
cross_stream,1,1,depth+color,-1,30,5069,1788587036250244
cross_stream,1,1,depth+color,-1,31,4955,1788587036283569
cross_stream,1,1,depth+color,-1,34,5173,1788587036316993
cross_stream,1,1,depth+color,-1,36,5192,1788587036350357
cross_stream,1,1,depth+color,-1,38,5083,1788587036383564
cross_stream,1,1,depth+color,-1,41,4972,1788587036416786
cross_stream,1,1,depth+color,-1,43,4947,1788587036450117
cross_stream,1,1,depth+color,0,45,4982,1788587036483474
cross_stream,1,1,depth+color,-1,46,5097,1788587036516918
cross_stream,1,1,depth+color,-1,46,4989,1788587036550146
cross_stream,1,1,depth+color,-1,46,4798,1788587036583432
cross_stream,1,1,depth+color,-1,48,5169,1788587036616986
cross_stream,1,1,depth+color,-1,50,4812,1788587036650112
cross_stream,1,1,depth+color,0,49,4611,1788587036683425
cross_stream,1,1,depth+color,0,49,5045,1788587036716976
cross_stream,1,1,depth+color,-1,51,4970,1788587036750123
cross_stream,1,1,depth+color,0,53,4860,1788587036783460
cross_stream,1,1,depth+color,-1,54,5038,1788587036816947
cross_stream,1,1,depth+color,-1,53,4952,1788587036850106
cross_stream,1,1,depth+color,-1,55,4850,1788587036883469
cross_stream,1,1,depth+color,-1,55,4953,1788587036916773
cross_stream,1,1,depth+color,-1,56,4950,1788587036950107
cross_stream,1,1,depth+color,-1,57,5014,1788587036983468
cross_stream,1,1,depth+color,0,62,5000,1788587037016772
cross_stream,1,1,depth+color,-1,60,4824,1788587037050113
cross_stream,1,1,depth+color,-1,61,4965,1788587037083608
cross_stream,1,1,depth+color,-1,61,4850,1788587037116776
cross_stream,1,1,depth+color,-1,62,4856,1788587037150143
cross_stream,1,1,depth+color,-1,62,4954,1788587037183567
cross_stream,1,1,depth+color,-1,64,4968,1788587037216790
cross_stream,1,1,depth+color,-1,65,5030,1788587037250158
cross_stream,1,1,depth+color,0,65,4809,1788587037283440
cross_stream,1,1,depth+color,-1,67,4969,1788587037316785
cross_stream,1,1,depth+color,0,68,4857,1788587037350135
cross_stream,1,1,depth+color,0,68,4837,1788587037383443
cross_stream,1,1,depth+color,-1,68,4988,1788587037416802
cross_stream,1,1,depth+color,-1,70,4982,1788587037450125
cross_stream,1,1,depth+color,-1,71,5008,1788587037483468
cross_stream,1,1,depth+color,-1,74,5002,1788587037516808
cross_stream,1,1,depth+color,0,75,4966,1788587037550127
cross_stream,1,1,depth+color,-1,74,4937,1788587037583423
cross_stream,1,1,depth+color,-1,74,4961,1788587037616781
cross_stream,1,1,depth+color,-1,76,4951,1788587037650114
cross_stream,1,1,depth+color,-1,78,5152,1788587037683605
cross_stream,1,1,depth+color,0,80,4962,1788587037716777
cross_stream,1,1,depth+color,0,81,4973,1788587037750126
cross_stream,1,1,depth+color,0,82,4993,1788587037783626
cross_stream,1,1,depth+color,-1,84,4972,1788587037816784
cross_stream,1,1,depth+color,-1,84,4978,1788587037850109
cross_stream,1,1,depth+color,-1,86,5022,1788587037883480
cross_stream,1,1,depth+color,-1,87,4995,1788587037916801
cross_stream,1,1,depth+color,-1,87,4939,1788587037950110
cross_stream,1,1,depth+color,0,88,4976,1788587037983426
cross_stream,1,1,depth+color,-1,88,5011,1788587038016812
cross_stream,1,1,depth+color,-1,91,4952,1788587038050125
cross_stream,1,1,depth+color,0,91,4983,1788587038083464
cross_stream,1,1,depth+color,-1,92,4979,1788587038116804
cross_stream,1,1,depth+color,-1,93,4988,1788587038150126
cross_stream,1,1,depth+color,-1,93,4833,1788587038183444
cross_stream,1,1,depth+color,-1,94,5025,1788587038216835
cross_stream,1,1,depth+color,-1,96,4961,1788587038250255
cross_stream,1,1,depth+color,0,99,4975,1788587038283463
cross_stream,1,1,depth+color,-1,98,5013,1788587038316808
cross_stream,1,1,depth+color,0,99,5118,1788587038350258
cross_stream,1,1,depth+color,-1,103,5118,1788587038383566
cross_stream,1,1,depth+color,-1,102,5017,1788587038416806
cross_stream,1,1,depth+color,-1,104,5077,1788587038450238
cross_stream,1,1,depth+color,-1,106,5143,1788587038483619
cross_stream,1,1,depth+color,-1,107,4950,1788587038516782
cross_stream,1,1,depth+color,-1,108,4974,1788587038550123
cross_stream,1,1,depth+color,-1,108,5008,1788587038583456
cross_stream,1,1,depth+color,0,111,4976,1788587038616783
cross_stream,1,1,depth+color,-1,111,4980,1788587038650132
cross_stream,1,1,depth+color,-1,113,5086,1788587038683568
cross_stream,1,1,depth+color,-1,113,4991,1788587038716772
cross_stream,1,1,depth+color,0,114,5037,1788587038750165
cross_stream,1,1,depth+color,-1,117,5116,1788587038783597
cross_stream,1,1,depth+color,-1,118,5153,1788587038816956
cross_stream,1,1,depth+color,-1,120,5116,1788587038850279
cross_stream,1,1,depth+color,-1,122,5141,1788587038883615
cross_stream,1,1,depth+color,0,124,4962,1788587038916775
cross_stream,1,1,depth+color,-1,123,4982,1788587038950122
cross_stream,1,1,depth+color,-1,125,4958,1788587038983435
cross_stream,1,1,depth+color,-1,126,5031,1788587039016815
cross_stream,1,1,depth+color,0,127,4974,1788587039050114
cross_stream,1,1,depth+color,-1,127,4943,1788587039083438
cross_stream,1,1,depth+color,0,128,5007,1788587039116824
cross_stream,1,1,depth+color,-1,129,5123,1788587039150262
cross_stream,1,1,depth+color,-1,130,4941,1788587039183433
cross_stream,1,1,depth+color,-1,131,4982,1788587039216793
cross_stream,1,1,depth+color,-1,130,4960,1788587039250131
cross_stream,1,1,depth+color,0,134,5110,1788587039283571
cross_stream,1,1,depth+color,-1,135,5120,1788587039316917
cross_stream,1,1,depth+color,-1,136,5107,1788587039350243
cross_stream,1,1,depth+color,0,140,5127,1788587039383580
cross_stream,1,1,depth+color,-1,139,5198,1788587039416975
cross_stream,1,1,depth+color,-1,142,5134,1788587039450296
cross_stream,1,1,depth+color,0,144,4957,1788587039483568
cross_stream,1,1,depth+color,-1,143,4961,1788587039516788
cross_stream,1,1,depth+color,-1,143,4997,1788587039550133
cross_stream,1,1,depth+color,-1,145,5120,1788587039583600
cross_stream,1,1,depth+color,0,148,4996,1788587039616811
cross_stream,1,1,depth+color,0,148,5016,1788587039650134
cross_stream,1,1,depth+color,-1,147,5020,1788587039683467
cross_stream,1,1,depth+color,-1,149,4981,1788587039716789
cross_stream,1,1,depth+color,-1,148,4941,1788587039750107
cross_stream,1,1,depth+color,-1,149,5105,1788587039783579
cross_stream,1,1,depth+color,-1,152,4990,1788587039816804
cross_stream,1,1,depth+color,-1,152,4990,1788587039850138
cross_stream,1,1,depth+color,-1,153,5137,1788587039883632
cross_stream,1,1,depth+color,-1,154,4966,1788587039916780
cross_stream,1,1,depth+color,-1,155,4956,1788587039950115
cross_stream,1,1,depth+color,-1,155,4816,1788587039983428
cross_stream,1,1,depth+color,-1,155,4991,1788587040016797
cross_stream,1,1,depth+color,-1,157,4977,1788587040050094
cross_stream,1,1,depth+color,-1,157,5016,1788587040083466
cross_stream,1,1,depth+color,-1,156,4977,1788587040116794
cross_stream,1,1,depth+color,-1,157,4982,1788587040150119
cross_stream,1,1,depth+color,-1,157,4964,1788587040183426
cross_stream,1,1,depth+color,-1,158,5019,1788587040216827
cross_stream,1,1,depth+color,-1,157,4851,1788587040250135
cross_stream,1,1,depth+color,-1,159,4973,1788587040283435
cross_stream,1,1,depth+color,-1,160,5030,1788587040316817
cross_stream,1,1,depth+color,-1,161,5023,1788587040350150
cross_stream,1,1,depth+color,-1,161,4999,1788587040383473
cross_stream,1,1,depth+color,-1,161,4990,1788587040416800
cross_stream,1,1,depth+color,-1,163,4972,1788587040450144
cross_stream,1,1,depth+color,-1,162,5035,1788587040483471
cross_stream,1,1,depth+color,0,165,5032,1788587040516781
cross_stream,1,1,depth+color,-1,165,4801,1788587040550093
cross_stream,1,1,depth+color,-1,165,5148,1788587040583617
cross_stream,1,1,depth+color,0,167,5059,1788587040616819
cross_stream,1,1,depth+color,0,167,5010,1788587040650123
cross_stream,1,1,depth+color,0,169,5006,1788587040683468
cross_stream,1,1,depth+color,-1,167,4877,1788587040716811
cross_stream,1,1,depth+color,0,169,4922,1788587040750151
cross_stream,1,1,depth+color,-1,167,4826,1788587040783429
cross_stream,1,1,depth+color,-1,166,4967,1788587040816913
cross_stream,1,1,depth+color,-1,169,4983,1788587040850107
cross_stream,1,1,depth+color,0,171,4990,1788587040883451
cross_stream,1,1,depth+color,0,171,5114,1788587040916903
cross_stream,1,1,depth+color,-1,171,5015,1788587040950129
cross_stream,1,1,depth+color,0,171,4851,1788587040983436
cross_stream,1,1,depth+color,-1,170,4893,1788587041016969
cross_stream,1,1,depth+color,0,172,4943,1788587041050094
cross_stream,1,1,depth+color,-1,171,4997,1788587041083455
cross_stream,1,1,depth+color,-1,173,5164,1788587041116921
cross_stream,1,1,depth+color,-1,172,4868,1788587041150131
cross_stream,1,1,depth+color,-1,172,4975,1788587041183429
cross_stream,1,1,depth+color,0,175,5222,1788587041216984
cross_stream,1,1,depth+color,-1,174,4866,1788587041250116
cross_stream,1,1,depth+color,0,175,5006,1788587041283459
cross_stream,1,1,depth+color,0,178,5173,1788587041316951
cross_stream,1,1,depth+color,-1,178,4858,1788587041350132
cross_stream,1,1,depth+color,0,177,4832,1788587041383457
cross_stream,1,1,depth+color,-1,177,5039,1788587041416951
cross_stream,1,1,depth+color,-1,176,4851,1788587041450110
cross_stream,1,1,depth+color,-1,178,4924,1788587041483411
cross_stream,1,1,depth+color,-1,178,4990,1788587041516897
cross_stream,1,1,depth+color,-1,176,4834,1788587041550108
cross_stream,1,1,depth+color,-1,178,4865,1788587041583455
cross_stream,1,1,depth+color,-1,177,4862,1788587041616803
cross_stream,1,1,depth+color,0,176,4802,1788587041650112
cross_stream,1,1,depth+color,-1,175,4968,1788587041683445
cross_stream,1,1,depth+color,0,176,5033,1788587041716800
cross_stream,1,1,depth+color,0,176,4855,1788587041750124
cross_stream,1,1,depth+color,-1,177,5022,1788587041783432
cross_stream,1,1,depth+color,-1,179,5171,1788587041816948
cross_stream,1,1,depth+color,-1,177,4841,1788587041850103
cross_stream,1,1,depth+color,-1,179,5018,1788587041883460
cross_stream,1,1,depth+color,-1,180,5159,1788587041916935
cross_stream,1,1,depth+color,-1,181,5036,1788587041950132
cross_stream,1,1,depth+color,0,183,5027,1788587041983481
cross_stream,1,1,depth+color,-1,183,5016,1788587042016793
cross_stream,1,1,depth+color,-1,184,5004,1788587042050126
cross_stream,1,1,depth+color,-1,184,5000,1788587042083464
cross_stream,1,1,depth+color,0,186,4999,1788587042116783
cross_stream,1,1,depth+color,-1,185,4979,1788587042150093
cross_stream,1,1,depth+color,-1,183,4869,1788587042183461
cross_stream,1,1,depth+color,-1,184,5019,1788587042216954
cross_stream,1,1,depth+color,-1,185,4807,1788587042250124
cross_stream,1,1,depth+color,0,185,4876,1788587042283458
cross_stream,1,1,depth+color,-1,185,5152,1788587042316932
cross_stream,1,1,depth+color,-1,187,5015,1788587042350141
cross_stream,1,1,depth+color,-1,187,4812,1788587042383424
cross_stream,1,1,depth+color,-1,186,4994,1788587042416928
cross_stream,1,1,depth+color,-1,186,4870,1788587042450138
cross_stream,1,1,depth+color,-1,186,4851,1788587042483450
cross_stream,1,1,depth+color,-1,186,5050,1788587042516818
cross_stream,1,1,depth+color,-1,186,4996,1788587042550098
cross_stream,1,1,depth+color,0,188,4813,1788587042583422
cross_stream,1,1,depth+color,-1,186,4975,1788587042616935
cross_stream,2,2,depth+color,-16,-15,3183,1788587012615226
cross_stream,2,2,depth+color,-15,-15,3141,1788587012648567
cross_stream,2,2,depth+color,-15,-15,3168,1788587012681903
cross_stream,2,2,depth+color,-15,-14,3182,1788587012715221
cross_stream,2,2,depth+color,-16,-16,3190,1788587012748568
cross_stream,2,2,depth+color,-15,-15,3162,1788587012781888
cross_stream,2,2,depth+color,-15,-15,3155,1788587012815220
cross_stream,2,2,depth+color,-15,-15,3149,1788587012848562
cross_stream,2,2,depth+color,-15,-16,3086,1788587012881901
cross_stream,2,2,depth+color,-16,-18,3330,1788587012915390
cross_stream,2,2,depth+color,-15,-14,3169,1788587012948558
cross_stream,2,2,depth+color,-15,-16,3210,1788587012981907
cross_stream,2,2,depth+color,-15,-16,3331,1788587013015357
cross_stream,2,2,depth+color,-15,-15,3013,1788587013048567
cross_stream,2,2,depth+color,-15,-15,3320,1788587013082045
cross_stream,2,2,depth+color,-15,-15,3181,1788587013115214
cross_stream,2,2,depth+color,-15,-15,3178,1788587013148561
cross_stream,2,2,depth+color,-15,-14,3214,1788587013181915
cross_stream,2,2,depth+color,-15,-15,3173,1788587013215222
cross_stream,2,2,depth+color,-15,-16,3321,1788587013248707
cross_stream,2,2,depth+color,-16,-15,3309,1788587013282030
cross_stream,2,2,depth+color,-15,-16,3458,1788587013315481
cross_stream,2,2,depth+color,-15,-17,3356,1788587013348730
cross_stream,2,2,depth+color,-15,-17,3179,1788587013381904
cross_stream,2,2,depth+color,-15,-15,3315,1788587013415355
cross_stream,2,2,depth+color,-16,-16,3170,1788587013448704
cross_stream,2,2,depth+color,-16,-15,3149,1788587013481901
cross_stream,2,2,depth+color,-15,-15,3174,1788587013515238
cross_stream,2,2,depth+color,-15,-16,3195,1788587013548572
cross_stream,2,2,depth+color,-15,-15,3225,1788587013581901
cross_stream,2,2,depth+color,-15,-15,3180,1788587013615224
cross_stream,2,2,depth+color,-15,-15,3317,1788587013648704
cross_stream,2,2,depth+color,-15,-16,3193,1788587013681895
cross_stream,2,2,depth+color,-15,-15,3166,1788587013715211
cross_stream,2,2,depth+color,-15,-15,3176,1788587013748702
cross_stream,2,2,depth+color,-15,-15,3188,1788587013781890
cross_stream,2,2,depth+color,-15,-15,3296,1788587013815344
cross_stream,2,2,depth+color,-15,-15,3318,1788587013848703
cross_stream,2,2,depth+color,-16,-15,3198,1788587013881882
cross_stream,2,2,depth+color,-16,-15,3163,1788587013915205
cross_stream,2,2,depth+color,-15,-15,3288,1788587013948697
cross_stream,2,2,depth+color,-15,-16,3549,1788587013982227
cross_stream,2,2,depth+color,-15,-14,3520,1788587014015565
cross_stream,2,2,depth+color,-15,-14,3177,1788587014048558
cross_stream,2,2,depth+color,-15,-15,3195,1788587014081888
cross_stream,2,2,depth+color,-15,-15,3216,1788587014115221
cross_stream,2,2,depth+color,-15,-16,3144,1788587014148555
cross_stream,2,2,depth+color,-15,-14,3195,1788587014181897
cross_stream,2,2,depth+color,-16,-16,3064,1788587014215229
cross_stream,2,2,depth+color,-15,-15,2922,1788587014248554
cross_stream,2,2,depth+color,-15,-14,3180,1788587014281896
cross_stream,2,2,depth+color,-15,-15,3189,1788587014315216
cross_stream,2,2,depth+color,-15,-14,3199,1788587014348566
cross_stream,2,2,depth+color,-16,-16,3161,1788587014381894
cross_stream,2,2,depth+color,-15,-15,3207,1788587014415225
cross_stream,2,2,depth+color,-15,-14,3215,1788587014448558
cross_stream,2,2,depth+color,-15,-14,3065,1788587014481894
cross_stream,2,2,depth+color,-15,-15,3052,1788587014515222
cross_stream,2,2,depth+color,-15,-14,3212,1788587014548568
cross_stream,2,2,depth+color,-15,-15,3224,1788587014581900
cross_stream,2,2,depth+color,-15,-15,3176,1788587014615218
cross_stream,2,2,depth+color,-16,-16,3328,1788587014648701
cross_stream,2,2,depth+color,-15,-15,3180,1788587014681887
cross_stream,2,2,depth+color,-15,-14,3162,1788587014715216
cross_stream,2,2,depth+color,-15,-16,3310,1788587014748702
cross_stream,2,2,depth+color,-15,-14,3222,1788587014781899
cross_stream,2,2,depth+color,-15,-14,3155,1788587014815208
cross_stream,2,2,depth+color,-15,-14,2978,1788587014848566
cross_stream,2,2,depth+color,-16,-16,3197,1788587014881898
cross_stream,2,2,depth+color,-15,-15,3344,1788587014915362
cross_stream,2,2,depth+color,-15,-15,3058,1788587014948562
cross_stream,2,2,depth+color,-15,-15,3102,1788587014982021
cross_stream,2,2,depth+color,-15,-14,3302,1788587015015344
cross_stream,2,2,depth+color,-15,-14,3199,1788587015048564
cross_stream,2,2,depth+color,-15,-16,3211,1788587015081890
cross_stream,2,2,depth+color,-15,-15,3189,1788587015115224
cross_stream,2,2,depth+color,-15,-15,3322,1788587015148699
cross_stream,2,2,depth+color,-15,-15,3221,1788587015181899
cross_stream,2,2,depth+color,-15,-14,3200,1788587015215206
cross_stream,2,2,depth+color,-15,-16,3164,1788587015248584
cross_stream,2,2,depth+color,-16,-16,3170,1788587015281919
cross_stream,2,2,depth+color,-15,-15,3170,1788587015315219
cross_stream,2,2,depth+color,-15,-16,3176,1788587015348569
cross_stream,2,2,depth+color,-16,-16,3198,1788587015381906
cross_stream,2,2,depth+color,-15,-17,3195,1788587015415204
cross_stream,2,2,depth+color,-15,-14,3160,1788587015448559
cross_stream,2,2,depth+color,-15,-15,3176,1788587015481893
cross_stream,2,2,depth+color,-15,-14,2631,1788587015515347
cross_stream,2,2,depth+color,-15,-15,3133,1788587015548725
cross_stream,2,2,depth+color,-16,-16,3179,1788587015581892
cross_stream,2,2,depth+color,-16,-15,3172,1788587015615225
cross_stream,2,2,depth+color,-15,-14,3351,1788587015648733
cross_stream,2,2,depth+color,-15,-15,3173,1788587015681899
cross_stream,2,2,depth+color,-15,-15,3185,1788587015715215
cross_stream,2,2,depth+color,-15,-15,3197,1788587015748564
cross_stream,2,2,depth+color,-15,-15,3179,1788587015782029
cross_stream,2,2,depth+color,-15,-15,3170,1788587015815220
cross_stream,2,2,depth+color,-16,-16,3167,1788587015848560
cross_stream,2,2,depth+color,-15,-15,3339,1788587015882039
cross_stream,2,2,depth+color,-15,-15,3335,1788587015915353
cross_stream,2,2,depth+color,-15,-16,3325,1788587015948708
cross_stream,2,2,depth+color,-15,-15,3152,1788587015982018
cross_stream,2,2,depth+color,-15,-15,3181,1788587016015215
cross_stream,2,2,depth+color,-15,-15,3159,1788587016048560
cross_stream,2,2,depth+color,-15,-15,3206,1788587016081917
cross_stream,2,2,depth+color,-15,-15,3193,1788587016115222
cross_stream,2,2,depth+color,-15,-14,3346,1788587016148701
cross_stream,2,2,depth+color,-15,-14,3061,1788587016181898
cross_stream,2,2,depth+color,-15,-16,3188,1788587016215223
cross_stream,2,2,depth+color,-15,-15,3205,1788587016248577
cross_stream,2,2,depth+color,-15,-15,3359,1788587016282034
cross_stream,2,2,depth+color,-15,-15,3161,1788587016315221
cross_stream,2,2,depth+color,-15,-15,3166,1788587016348555
cross_stream,2,2,depth+color,-15,-14,3172,1788587016381890
cross_stream,2,2,depth+color,-15,-16,3152,1788587016415206
cross_stream,2,2,depth+color,-15,-15,3092,1788587016448572
cross_stream,2,2,depth+color,-15,-15,3152,1788587016482026
cross_stream,2,2,depth+color,-16,-16,3283,1788587016515348
cross_stream,2,2,depth+color,-15,-14,3306,1788587016548692
cross_stream,2,2,depth+color,-15,-17,3309,1788587016582023
cross_stream,2,2,depth+color,-15,-14,3157,1788587016615209
cross_stream,2,2,depth+color,-15,-16,3210,1788587016648563
cross_stream,2,2,depth+color,-15,-15,3352,1788587016682018
cross_stream,2,2,depth+color,-15,-16,3213,1788587016715220
cross_stream,2,2,depth+color,-15,-14,3182,1788587016748563
cross_stream,2,2,depth+color,-15,-15,3176,1788587016781890
cross_stream,2,2,depth+color,-15,-14,3300,1788587016815345
cross_stream,2,2,depth+color,-15,-16,3207,1788587016848568
cross_stream,2,2,depth+color,-15,-16,3185,1788587016881892
cross_stream,2,2,depth+color,-15,-16,3322,1788587016915384
cross_stream,2,2,depth+color,-15,-16,3172,1788587016948569
cross_stream,2,2,depth+color,-15,-15,3212,1788587016981897
cross_stream,2,2,depth+color,-15,-16,3451,1788587017015472
cross_stream,2,2,depth+color,-15,-16,3309,1788587017048708
cross_stream,2,2,depth+color,-15,-15,3207,1788587017081908
cross_stream,2,2,depth+color,-15,-15,3203,1788587017115223
cross_stream,2,2,depth+color,-15,-14,3179,1788587017148704
cross_stream,2,2,depth+color,-15,-15,3303,1788587017182041
cross_stream,2,2,depth+color,-15,-15,3300,1788587017215363
cross_stream,2,2,depth+color,-15,-15,3182,1788587017248720
cross_stream,2,2,depth+color,-15,-15,3149,1788587017281896
cross_stream,2,2,depth+color,-15,-16,3144,1788587017315225
cross_stream,2,2,depth+color,-15,-14,3171,1788587017348563
cross_stream,2,2,depth+color,-16,-16,3200,1788587017381893
cross_stream,2,2,depth+color,-15,-15,3307,1788587017415352
cross_stream,2,2,depth+color,-15,-16,2682,1788587017448699
cross_stream,2,2,depth+color,-16,-16,3191,1788587017481894
cross_stream,2,2,depth+color,-15,-16,3205,1788587017515229
cross_stream,2,2,depth+color,-15,-16,3139,1788587017548558
cross_stream,2,2,depth+color,-15,-15,3076,1788587017581898
cross_stream,2,2,depth+color,-15,-15,3183,1788587017615220
cross_stream,2,2,depth+color,-15,-16,3182,1788587017648568
cross_stream,2,2,depth+color,-15,-15,3180,1788587017681898
cross_stream,2,2,depth+color,-16,-16,3162,1788587017715218
cross_stream,2,2,depth+color,-15,-15,3202,1788587017748565
cross_stream,2,2,depth+color,-15,-14,3199,1788587017781895
cross_stream,2,2,depth+color,-15,-14,3147,1788587017815216
cross_stream,2,2,depth+color,-15,-15,3173,1788587017848563
cross_stream,2,2,depth+color,-15,-15,3184,1788587017881884
cross_stream,2,2,depth+color,-15,-16,3314,1788587017915342
cross_stream,2,2,depth+color,-15,-15,3477,1788587017948831
cross_stream,2,2,depth+color,-15,-15,3304,1788587017982026
cross_stream,2,2,depth+color,-15,-15,3320,1788587018015358
cross_stream,2,2,depth+color,-15,-15,3270,1788587018048706
cross_stream,2,2,depth+color,-16,-17,2997,1788587018081891
cross_stream,2,2,depth+color,-15,-15,3151,1788587018115215
cross_stream,2,2,depth+color,-16,-16,3281,1788587018148699
cross_stream,2,2,depth+color,-15,-15,3201,1788587018181902
cross_stream,2,2,depth+color,-15,-16,3195,1788587018215216
cross_stream,2,2,depth+color,-15,-14,3206,1788587018248848
cross_stream,2,2,depth+color,-15,-15,3162,1788587018281904
cross_stream,2,2,depth+color,-15,-15,3184,1788587018315231
cross_stream,2,2,depth+color,-15,-16,3072,1788587018348562
cross_stream,2,2,depth+color,-16,-15,3182,1788587018381890
cross_stream,2,2,depth+color,-16,-17,3161,1788587018415209
cross_stream,2,2,depth+color,-15,-17,3178,1788587018448576
cross_stream,2,2,depth+color,-16,-15,3346,1788587018482038
cross_stream,2,2,depth+color,-15,-16,3336,1788587018515364
cross_stream,2,2,depth+color,-16,-16,3171,1788587018548561
cross_stream,2,2,depth+color,-15,-15,3170,1788587018581898
cross_stream,2,2,depth+color,-16,-16,3165,1788587018615215
cross_stream,2,2,depth+color,-15,-15,3169,1788587018648562
cross_stream,2,2,depth+color,-15,-15,3032,1788587018681897
cross_stream,2,2,depth+color,-15,-15,3009,1788587018715220
cross_stream,2,2,depth+color,-15,-15,3192,1788587018748556
cross_stream,2,2,depth+color,-15,-162,3205,1788587018781896
cross_stream,2,2,depth+color,-15,-311,3163,1788587018815216
cross_stream,2,2,depth+color,-15,-458,3176,1788587018848566
cross_stream,2,2,depth+color,-15,-604,3285,1788587018882014
cross_stream,2,2,depth+color,-15,-749,3201,1788587018915217
cross_stream,2,2,depth+color,-15,-892,3217,1788587018948581
cross_stream,2,2,depth+color,-15,-1035,3288,1788587018982016
cross_stream,2,2,depth+color,-15,-1177,3296,1788587019015484
cross_stream,2,2,depth+color,-15,-1316,3136,1788587019048560
cross_stream,2,2,depth+color,-15,-1457,3303,1788587019082031
cross_stream,2,2,depth+color,-16,-1596,3321,1788587019115351
cross_stream,2,2,depth+color,-15,-1732,3306,1788587019148709
cross_stream,2,2,depth+color,-15,-1868,3343,1788587019182022
cross_stream,2,2,depth+color,-16,-2004,3164,1788587019215221
cross_stream,2,2,depth+color,-15,-2137,3127,1788587019248682
cross_stream,2,2,depth+color,-15,-2273,3190,1788587019282040
cross_stream,2,2,depth+color,-15,-2406,3175,1788587019315216
cross_stream,2,2,depth+color,-15,-2539,3216,1788587019348568
cross_stream,2,2,depth+color,-15,-2670,3196,1788587019381914
cross_stream,2,2,depth+color,-15,-2803,3181,1788587019415218
cross_stream,2,2,depth+color,-15,-2814,3189,1788587019448573
cross_stream,2,2,depth+color,-15,-2823,3196,1788587019481911
cross_stream,2,2,depth+color,-16,-2833,3196,1788587019515240
cross_stream,2,2,depth+color,-15,-2840,3164,1788587019548569
cross_stream,2,2,depth+color,-15,-2851,3203,1788587019581894
cross_stream,2,2,depth+color,-15,-2860,3153,1788587019615210
cross_stream,2,2,depth+color,-15,-2870,3191,1788587019648580
cross_stream,2,2,depth+color,-15,-2879,3214,1788587019681907
cross_stream,2,2,depth+color,-15,-2888,3120,1788587019715361
cross_stream,2,2,depth+color,-16,-2899,3146,1788587019748557
cross_stream,2,2,depth+color,-16,-2908,3191,1788587019781894
cross_stream,2,2,depth+color,-15,-2915,3186,1788587019815219
cross_stream,2,2,depth+color,-15,-2926,3170,1788587019848561
cross_stream,2,2,depth+color,-15,-2934,3192,1788587019881907
cross_stream,2,2,depth+color,-15,-2942,3066,1788587019915231
cross_stream,2,2,depth+color,-15,-2953,3296,1788587019948689
cross_stream,2,2,depth+color,-15,-2960,3215,1788587019981909
cross_stream,2,2,depth+color,-16,-2969,3194,1788587020015228
cross_stream,2,2,depth+color,-15,-2976,3168,1788587020048566
cross_stream,2,2,depth+color,-15,-2985,3301,1788587020082033
cross_stream,2,2,depth+color,-15,-2992,3306,1788587020115352
cross_stream,2,2,depth+color,-15,-3002,3212,1788587020148572
cross_stream,2,2,depth+color,-15,-3010,3208,1788587020181894
cross_stream,2,2,depth+color,-15,-3019,3186,1788587020215232
cross_stream,2,2,depth+color,-15,-3025,3298,1788587020248847
cross_stream,2,2,depth+color,-15,-3033,3175,1788587020281886
cross_stream,2,2,depth+color,-15,-3041,3192,1788587020315218
cross_stream,2,2,depth+color,-15,-3050,3147,1788587020348569
cross_stream,2,2,depth+color,-15,-3057,3306,1788587020382022
cross_stream,2,2,depth+color,-15,-3064,3192,1788587020415233
cross_stream,2,2,depth+color,-15,-3072,3309,1788587020448702
cross_stream,2,2,depth+color,-15,-3080,3186,1788587020481876
cross_stream,2,2,depth+color,-15,-3087,3195,1788587020515209
cross_stream,2,2,depth+color,-15,-3096,3030,1788587020548542
cross_stream,2,2,depth+color,-15,-3104,3186,1788587020581892
cross_stream,2,2,depth+color,-15,-3113,3208,1788587020615223
cross_stream,2,2,depth+color,-15,-3120,3337,1788587020648697
cross_stream,2,2,depth+color,-15,-3127,3188,1788587020681903
cross_stream,2,2,depth+color,-15,-3134,3150,1788587020715204
cross_stream,2,2,depth+color,-15,-3141,3184,1788587020748551
cross_stream,2,2,depth+color,-15,-3147,3189,1788587020781874
cross_stream,2,2,depth+color,-15,-3157,3146,1788587020815346
cross_stream,2,2,depth+color,-15,-3164,3182,1788587020848575
cross_stream,2,2,depth+color,-15,-3171,3206,1788587020881891
cross_stream,2,2,depth+color,-15,-3178,3131,1788587020915203
cross_stream,2,2,depth+color,-15,-3186,3163,1788587020948559
cross_stream,2,2,depth+color,-16,-3194,3210,1788587020981888
cross_stream,2,2,depth+color,-15,-3200,3284,1788587021015347
cross_stream,2,2,depth+color,-15,-3206,3171,1788587021048571
cross_stream,2,2,depth+color,-16,-3213,3203,1788587021081895
cross_stream,2,2,depth+color,-15,-3220,3161,1788587021115212
cross_stream,2,2,depth+color,-15,-3227,3185,1788587021148704
cross_stream,2,2,depth+color,-15,-3234,3219,1788587021181910
cross_stream,2,2,depth+color,-15,-3241,3205,1788587021215217
cross_stream,2,2,depth+color,-15,-3248,3199,1788587021248855
cross_stream,2,2,depth+color,-15,-3253,2998,1788587021281901
cross_stream,2,2,depth+color,-15,-3260,3168,1788587021315225
cross_stream,2,2,depth+color,-15,-3268,3189,1788587021348560
cross_stream,2,2,depth+color,-16,-3276,3179,1788587021381894
cross_stream,2,2,depth+color,-15,-3283,3178,1788587021415221
cross_stream,2,2,depth+color,-15,-3290,3172,1788587021448555
cross_stream,2,2,depth+color,-15,-3295,3183,1788587021481894
cross_stream,2,2,depth+color,-15,-3301,3175,1788587021515223
cross_stream,2,2,depth+color,-15,-3307,3303,1788587021548687
cross_stream,2,2,depth+color,-15,-3313,3203,1788587021581891
cross_stream,2,2,depth+color,-15,-3319,3164,1788587021615230
cross_stream,2,2,depth+color,-15,-3325,3300,1788587021648696
cross_stream,2,2,depth+color,-16,-3333,3213,1788587021681907
cross_stream,2,2,depth+color,-15,-3338,3160,1788587021715209
cross_stream,2,2,depth+color,-15,-3343,3164,1788587021748561
cross_stream,2,2,depth+color,-15,-3349,3200,1788587021781883
cross_stream,2,2,depth+color,-15,-3355,3290,1788587021815343
cross_stream,2,2,depth+color,-15,-3362,3163,1788587021848558
cross_stream,2,2,depth+color,-15,-3367,3171,1788587021881896
cross_stream,2,2,depth+color,-15,-3373,3452,1788587021915479
cross_stream,2,2,depth+color,-15,-3377,3531,1788587021948885
cross_stream,2,2,depth+color,-16,-3383,3322,1788587021982019
cross_stream,2,2,depth+color,-16,-3388,3191,1788587022015231
cross_stream,2,2,depth+color,-15,-3392,3228,1788587022048584
cross_stream,2,2,depth+color,-15,-3399,3185,1788587022081885
cross_stream,2,2,depth+color,-15,-3402,3169,1788587022115209
cross_stream,2,2,depth+color,-15,-3409,3319,1788587022148698
cross_stream,2,2,depth+color,-15,-3414,3191,1788587022181894
cross_stream,2,2,depth+color,-15,-3419,3165,1788587022215210
cross_stream,2,2,depth+color,-15,-3425,3045,1788587022248719
cross_stream,2,2,depth+color,-15,-3431,3338,1788587022282064
cross_stream,2,2,depth+color,-15,-3437,3311,1788587022315354
cross_stream,2,2,depth+color,-15,-3442,3206,1788587022348567
cross_stream,2,2,depth+color,-15,-3447,3193,1788587022381890
cross_stream,2,2,depth+color,-15,-3451,3181,1788587022415214
cross_stream,2,2,depth+color,-15,-3457,3192,1788587022448570
cross_stream,2,2,depth+color,-15,-3462,3233,1788587022481904
cross_stream,2,2,depth+color,-15,-3467,3201,1788587022515225
cross_stream,2,2,depth+color,-15,-3473,3197,1788587022548563
cross_stream,2,2,depth+color,-15,-3478,3341,1788587022582028
cross_stream,2,2,depth+color,-15,-3482,3179,1788587022615214
cross_stream,2,2,depth+color,-15,-3487,3188,1788587022648560
cross_stream,2,2,depth+color,-16,-3493,3352,1788587022682050
cross_stream,2,2,depth+color,-15,-3495,3165,1788587022715222
cross_stream,2,2,depth+color,-15,-3501,3205,1788587022748574
cross_stream,2,2,depth+color,-15,-3507,3219,1788587022781892
cross_stream,2,2,depth+color,-15,-3509,3299,1788587022815351
cross_stream,2,2,depth+color,-15,-3515,3175,1788587022848560
cross_stream,2,2,depth+color,-15,-3520,3204,1788587022881895
cross_stream,2,2,depth+color,-15,-3525,3327,1788587022915357
cross_stream,2,2,depth+color,-15,-3529,3202,1788587022948554
cross_stream,2,2,depth+color,-15,-3534,3202,1788587022981888
cross_stream,2,2,depth+color,-15,-3538,3325,1788587023015356
cross_stream,2,2,depth+color,-15,-3542,3228,1788587023048711
cross_stream,2,2,depth+color,-15,-3546,3186,1788587023081888
cross_stream,2,2,depth+color,-15,-3553,3190,1788587023115218
cross_stream,2,2,depth+color,-15,-3556,3227,1788587023148562
cross_stream,2,2,depth+color,-15,-3559,3209,1788587023181908
cross_stream,2,2,depth+color,-15,-3566,3173,1788587023215217
cross_stream,2,2,depth+color,-15,-3570,3354,1788587023248718
cross_stream,2,2,depth+color,-16,-3574,3397,1788587023282074
cross_stream,2,2,depth+color,-15,-3576,3302,1788587023315353
cross_stream,2,2,depth+color,-15,-3582,3179,1788587023348571
cross_stream,2,2,depth+color,-15,-3585,3177,1788587023381900
cross_stream,2,2,depth+color,-15,-3591,3199,1788587023415218
cross_stream,2,2,depth+color,-15,-3594,3174,1788587023448563
cross_stream,2,2,depth+color,-15,-3599,3179,1788587023481886
cross_stream,2,2,depth+color,-15,-3601,3301,1788587023515357
cross_stream,2,2,depth+color,-15,-3606,3207,1788587023548567
cross_stream,2,2,depth+color,-15,-3610,3356,1788587023582036
cross_stream,2,2,depth+color,-15,-3615,3044,1788587023615219
cross_stream,2,2,depth+color,-15,-3618,3187,1788587023648566
cross_stream,2,2,depth+color,-15,-3626,2933,1788587023682164
cross_stream,2,2,depth+color,-15,-3630,3162,1788587023715224
cross_stream,2,2,depth+color,-15,-3634,3199,1788587023748582
cross_stream,2,2,depth+color,-15,-3639,3174,1788587023781903
cross_stream,2,2,depth+color,-15,-3642,3321,1788587023815324
cross_stream,2,2,depth+color,-15,-3645,3191,1788587023848562
cross_stream,2,2,depth+color,-15,-3650,3175,1788587023881883
cross_stream,2,2,depth+color,-15,-3654,3301,1788587023915341
cross_stream,2,2,depth+color,-15,-3657,3204,1788587023948560
cross_stream,2,2,depth+color,-15,-3661,3181,1788587023981897
cross_stream,2,2,depth+color,-15,-3664,3183,1788587024015223
cross_stream,2,2,depth+color,-16,-3669,3191,1788587024048561
cross_stream,2,2,depth+color,-15,-3672,3353,1788587024082057
cross_stream,2,2,depth+color,-15,-3674,3303,1788587024115361
cross_stream,2,2,depth+color,-16,-3679,3183,1788587024148567
cross_stream,2,2,depth+color,-15,-3682,3181,1788587024181890
cross_stream,2,2,depth+color,-15,-3686,3206,1788587024215227
cross_stream,2,2,depth+color,-15,-3691,3138,1788587024248711
cross_stream,2,2,depth+color,-15,-3694,3315,1788587024282029
cross_stream,2,2,depth+color,-16,-3698,3183,1788587024315229
cross_stream,2,2,depth+color,-15,-3702,2985,1788587024348573
cross_stream,2,2,depth+color,-15,-3706,3181,1788587024381895
cross_stream,2,2,depth+color,-15,-3710,3171,1788587024415225
cross_stream,2,2,depth+color,-15,-3715,3176,1788587024448565
cross_stream,2,2,depth+color,-15,-3717,3183,1788587024481904
cross_stream,2,2,depth+color,-15,-3721,3176,1788587024515217
cross_stream,2,2,depth+color,-15,-3725,3174,1788587024548560
cross_stream,2,2,depth+color,-15,-3728,3162,1788587024581893
cross_stream,2,2,depth+color,-15,-3732,3304,1788587024615351
cross_stream,2,2,depth+color,-15,-3734,3211,1788587024648567
cross_stream,2,2,depth+color,-15,-3737,3185,1788587024681902
cross_stream,2,2,depth+color,-15,-3741,3189,1788587024715229
cross_stream,2,2,depth+color,-15,-3745,3233,1788587024748581
cross_stream,2,2,depth+color,-15,-3748,3198,1788587024781906
cross_stream,2,2,depth+color,-15,-3753,2935,1788587024815341
cross_stream,2,2,depth+color,-15,-3755,3177,1788587024848579
cross_stream,2,2,depth+color,-15,-3759,3351,1788587024882039
cross_stream,2,2,depth+color,-15,-3763,3179,1788587024915223
cross_stream,2,2,depth+color,-15,-3765,3193,1788587024948580
cross_stream,2,2,depth+color,-15,-3768,3347,1788587024982034
cross_stream,2,2,depth+color,-15,-3770,3197,1788587025015216
cross_stream,2,2,depth+color,-15,-3774,3178,1788587025048567
cross_stream,2,2,depth+color,-15,-3778,3184,1788587025081897
cross_stream,2,2,depth+color,-15,-3781,3203,1788587025115222
cross_stream,2,2,depth+color,-15,-3783,3215,1788587025148571
cross_stream,2,2,depth+color,-15,-3787,3336,1788587025182040
cross_stream,2,2,depth+color,-15,-3787,3495,1788587025215540
cross_stream,2,2,depth+color,-15,-3789,3319,1788587025248869
cross_stream,2,2,depth+color,-15,-3791,3199,1788587025281910
cross_stream,2,2,depth+color,-15,-3795,3175,1788587025315229
cross_stream,2,2,depth+color,-15,-3798,3214,1788587025348576
cross_stream,2,2,depth+color,-15,-3802,3198,1788587025381913
cross_stream,2,2,depth+color,-15,-3805,3178,1788587025415216
cross_stream,2,2,depth+color,-15,-3806,3210,1788587025448576
cross_stream,2,2,depth+color,-15,-3810,3200,1788587025481903
cross_stream,2,2,depth+color,-15,-3814,3030,1788587025515232
cross_stream,2,2,depth+color,-15,-3815,3213,1788587025548570
cross_stream,2,2,depth+color,-15,-3818,3204,1788587025581887
cross_stream,2,2,depth+color,-15,-3824,3174,1788587025615208
cross_stream,2,2,depth+color,-16,-3827,3172,1788587025648702
cross_stream,2,2,depth+color,-15,-3830,3245,1788587025681922
cross_stream,2,2,depth+color,-15,-3829,3179,1788587025715211
cross_stream,2,2,depth+color,-15,-3834,3191,1788587025748709
cross_stream,2,2,depth+color,-16,-3838,3327,1788587025782033
cross_stream,2,2,depth+color,-15,-3839,3195,1788587025815211
cross_stream,2,2,depth+color,-15,-3843,3183,1788587025848566
cross_stream,2,2,depth+color,-15,-3845,3184,1788587025881887
cross_stream,2,2,depth+color,-15,-3848,3192,1788587025915217
cross_stream,2,2,depth+color,-16,-3850,3153,1788587025948558
cross_stream,2,2,depth+color,-15,-3853,3163,1788587025981889
cross_stream,2,2,depth+color,-15,-3856,3348,1788587026015357
cross_stream,2,2,depth+color,-15,-3855,3229,1788587026048584
cross_stream,2,2,depth+color,-15,-3859,3197,1788587026081906
cross_stream,2,2,depth+color,-15,-3862,3149,1788587026115232
cross_stream,2,2,depth+color,-15,-3865,3162,1788587026148566
cross_stream,2,2,depth+color,-15,-3868,3201,1788587026181888
cross_stream,2,2,depth+color,-16,-3869,3305,1788587026215341
cross_stream,2,2,depth+color,-15,-3871,3343,1788587026248737
cross_stream,2,2,depth+color,-15,-3874,3350,1788587026282040
cross_stream,2,2,depth+color,-15,-3875,3188,1788587026315219
cross_stream,2,2,depth+color,-15,-3877,3210,1788587026348584
cross_stream,2,2,depth+color,-15,-3880,3194,1788587026381888
cross_stream,2,2,depth+color,-16,-3882,3309,1788587026415366
cross_stream,2,2,depth+color,-16,-3885,3033,1788587026448706
cross_stream,2,2,depth+color,-15,-3888,3038,1788587026481880
cross_stream,2,2,depth+color,-15,-3890,3204,1788587026515229
cross_stream,2,2,depth+color,-15,-3893,3193,1788587026548568
cross_stream,2,2,depth+color,-15,-3896,3199,1788587026581902
cross_stream,2,2,depth+color,-15,-3899,3157,1788587026615201
cross_stream,2,2,depth+color,-15,-3901,3198,1788587026648565
cross_stream,2,2,depth+color,-15,-3903,3175,1788587026682034
cross_stream,2,2,depth+color,-15,-3905,3173,1788587026715220
cross_stream,2,2,depth+color,-15,-3909,3182,1788587026748574
cross_stream,2,2,depth+color,-15,-3911,2968,1788587026781902
cross_stream,2,2,depth+color,-15,-3914,3197,1788587026815222
cross_stream,2,2,depth+color,-15,-3918,3186,1788587026848582
cross_stream,2,2,depth+color,-15,-3919,3296,1788587026882009
cross_stream,2,2,depth+color,-15,-3921,3325,1788587026915349
cross_stream,2,2,depth+color,-15,-3922,3168,1788587026948559
cross_stream,2,2,depth+color,-15,-3925,3311,1788587026982017
cross_stream,2,2,depth+color,-15,-3925,3323,1788587027015339
cross_stream,2,2,depth+color,-15,-3927,3182,1788587027048590
cross_stream,2,2,depth+color,-15,-3929,3176,1788587027081889
cross_stream,2,2,depth+color,-15,-3930,3175,1788587027115217
cross_stream,2,2,depth+color,-15,-3933,3324,1788587027148708
cross_stream,2,2,depth+color,-15,-3933,3351,1788587027182048
cross_stream,2,2,depth+color,-15,-3935,3228,1788587027215243
cross_stream,2,2,depth+color,-15,-3939,3195,1788587027248574
cross_stream,2,2,depth+color,-16,-3942,2923,1788587027282033
cross_stream,2,2,depth+color,-15,-3944,3182,1788587027315230
cross_stream,2,2,depth+color,-15,-3945,3218,1788587027348566
cross_stream,2,2,depth+color,-15,-3947,3184,1788587027381905
cross_stream,2,2,depth+color,-16,-3952,3190,1788587027415232
cross_stream,2,2,depth+color,-15,-3952,3188,1788587027448566
cross_stream,2,2,depth+color,-15,-3954,3191,1788587027481903
cross_stream,2,2,depth+color,-15,-3956,3198,1788587027515233
cross_stream,2,2,depth+color,-15,-3958,3220,1788587027548571
cross_stream,2,2,depth+color,-15,-3960,3212,1788587027581891
cross_stream,2,2,depth+color,-15,-3963,3185,1788587027615224
cross_stream,2,2,depth+color,-15,-3962,3315,1788587027648707
cross_stream,2,2,depth+color,-15,-3965,3228,1788587027681938
cross_stream,2,2,depth+color,-15,-3968,3183,1788587027715226
cross_stream,2,2,depth+color,-15,-3968,3233,1788587027748583
cross_stream,2,2,depth+color,-15,-3969,3345,1788587027782027
cross_stream,2,2,depth+color,-15,-3971,3163,1788587027815344
cross_stream,2,2,depth+color,-15,-3973,3196,1788587027848578
cross_stream,2,2,depth+color,-15,-3974,3188,1788587027881897
cross_stream,2,2,depth+color,-15,-3977,3207,1788587027915221
cross_stream,2,2,depth+color,-15,-3977,3172,1788587027948572
cross_stream,2,2,depth+color,-16,-3981,3185,1788587027981892
cross_stream,2,2,depth+color,-16,-3984,3207,1788587028015220
cross_stream,2,2,depth+color,-16,-3985,3196,1788587028048583
cross_stream,2,2,depth+color,-15,-3986,3200,1788587028081912
cross_stream,2,2,depth+color,-15,-3986,3216,1788587028115232
cross_stream,2,2,depth+color,-15,-3989,3229,1788587028148588
cross_stream,2,2,depth+color,-15,-3990,3182,1788587028181909
cross_stream,2,2,depth+color,-15,-3991,3319,1788587028215359
cross_stream,2,2,depth+color,-16,-3992,3190,1788587028248709
cross_stream,2,2,depth+color,-15,-3995,3351,1788587028282033
cross_stream,2,2,depth+color,-16,-3997,3194,1788587028315240
cross_stream,2,2,depth+color,-15,-3999,3193,1788587028348577
cross_stream,2,2,depth+color,-15,-3999,3186,1788587028381898
cross_stream,2,2,depth+color,-15,-4003,3014,1788587028415234
cross_stream,2,2,depth+color,-15,-4005,3050,1788587028448588
cross_stream,2,2,depth+color,-15,-4006,3183,1788587028481904
cross_stream,2,2,depth+color,-16,-4009,3181,1788587028515230
cross_stream,2,2,depth+color,-15,-4011,3199,1788587028548570
cross_stream,2,2,depth+color,-15,-4013,2999,1788587028581905
cross_stream,2,2,depth+color,-15,-4015,3175,1788587028615221
cross_stream,2,2,depth+color,-15,-4017,3188,1788587028648568
cross_stream,2,2,depth+color,-15,-4019,3194,1788587028681896
cross_stream,2,2,depth+color,-15,-4018,3442,1788587028715478
cross_stream,2,2,depth+color,-15,-4020,3204,1788587028748557
cross_stream,2,2,depth+color,-15,-4022,3189,1788587028781879
cross_stream,2,2,depth+color,-15,-4024,2994,1788587028815238
cross_stream,2,2,depth+color,-15,-4027,3175,1788587028848565
cross_stream,2,2,depth+color,-15,-4026,3113,1788587028882014
cross_stream,2,2,depth+color,-15,-4029,3204,1788587028915246
cross_stream,2,2,depth+color,-15,-4030,3194,1788587028948581
cross_stream,2,2,depth+color,-15,-4031,3341,1788587028982020
cross_stream,2,2,depth+color,-15,-4033,3298,1788587029015346
cross_stream,2,2,depth+color,-15,-4034,3311,1788587029048688
cross_stream,2,2,depth+color,-16,-4035,3204,1788587029081893
cross_stream,2,2,depth+color,-15,-4036,3023,1788587029115235
cross_stream,2,2,depth+color,-15,-4039,3173,1788587029148566
cross_stream,2,2,depth+color,-15,-4039,3250,1788587029181934
cross_stream,2,2,depth+color,-15,-4042,3216,1788587029215355
cross_stream,2,2,depth+color,-15,-4041,3140,1788587029248702
cross_stream,2,2,depth+color,-15,-4044,3124,1788587029282048
cross_stream,2,2,depth+color,-15,-4045,3172,1788587029315342
cross_stream,2,2,depth+color,-15,-4046,3194,1788587029348575
cross_stream,2,2,depth+color,-15,-4048,3193,1788587029381899
cross_stream,2,2,depth+color,-16,-4050,3308,1788587029415347
cross_stream,2,2,depth+color,-15,-4051,3191,1788587029448574
cross_stream,2,2,depth+color,-15,-4050,3216,1788587029481900
cross_stream,2,2,depth+color,-15,-4050,3326,1788587029515343
cross_stream,2,2,depth+color,-15,-4051,3169,1788587029548555
cross_stream,2,2,depth+color,-15,-4055,3174,1788587029581883
cross_stream,2,2,depth+color,-15,-4057,3013,1788587029615227
cross_stream,2,2,depth+color,-15,-4060,3191,1788587029648557
cross_stream,2,2,depth+color,-15,-4059,3233,1788587029681913
cross_stream,2,2,depth+color,-15,-4060,3185,1788587029715223
cross_stream,2,2,depth+color,-15,-4064,3294,1788587029748698
cross_stream,2,2,depth+color,-15,-4064,3173,1788587029781893
cross_stream,2,2,depth+color,-15,-4065,3161,1788587029815212
cross_stream,2,2,depth+color,-15,-4063,3506,1788587029848890
cross_stream,2,2,depth+color,-15,-4065,3217,1788587029881910
cross_stream,2,2,depth+color,-15,-4065,3181,1788587029915217
cross_stream,2,2,depth+color,-15,-4065,3331,1788587029948706
cross_stream,2,2,depth+color,-15,-4068,3188,1788587029981901
cross_stream,2,2,depth+color,-15,-4068,3304,1788587030015353
cross_stream,2,2,depth+color,-16,-4070,3299,1788587030048702
cross_stream,2,2,depth+color,-15,-4069,3166,1788587030081888
cross_stream,2,2,depth+color,-16,-4073,3045,1788587030115234
cross_stream,2,2,depth+color,-15,-4073,3340,1788587030148702
cross_stream,2,2,depth+color,-15,-4075,3325,1788587030182043
cross_stream,2,2,depth+color,-15,-4074,3178,1788587030215223
cross_stream,2,2,depth+color,-16,-4075,3327,1788587030248855
cross_stream,2,2,depth+color,-15,-4075,3318,1788587030282043
cross_stream,2,2,depth+color,-15,-4076,3196,1788587030315231
cross_stream,2,2,depth+color,-15,-4075,3534,1788587030348887
cross_stream,2,2,depth+color,-15,-4077,3043,1788587030381885
cross_stream,2,2,depth+color,-16,-4079,3156,1788587030415210
cross_stream,2,2,depth+color,-15,-4079,3354,1788587030448707
cross_stream,2,2,depth+color,-15,-4079,3222,1788587030481911
cross_stream,2,2,depth+color,-15,-4082,3177,1788587030515229
cross_stream,2,2,depth+color,-15,-4082,3184,1788587030548570
cross_stream,2,2,depth+color,-15,-4083,3219,1788587030581910
cross_stream,2,2,depth+color,-16,-4086,3022,1788587030615217
cross_stream,2,2,depth+color,-15,-4087,3147,1788587030648550
cross_stream,2,2,depth+color,-15,-4089,3190,1788587030681909
cross_stream,2,2,depth+color,-15,-4091,2998,1788587030715218
cross_stream,2,2,depth+color,-15,-4091,3302,1788587030748694
cross_stream,2,2,depth+color,-15,-4092,3042,1788587030781893
cross_stream,2,2,depth+color,-15,-4094,3170,1788587030815222
cross_stream,2,2,depth+color,-15,-4095,3312,1788587030848708
cross_stream,2,2,depth+color,-15,-4095,3200,1788587030881895
cross_stream,2,2,depth+color,-15,-4097,3187,1788587030915242
cross_stream,2,2,depth+color,-15,-4100,3058,1788587030948569
cross_stream,2,2,depth+color,-15,-4100,3334,1788587030982023
cross_stream,2,2,depth+color,-15,-4100,3330,1788587031015344
cross_stream,2,2,depth+color,-15,-4099,3175,1788587031048575
cross_stream,2,2,depth+color,-16,-4102,3322,1788587031082022
cross_stream,2,2,depth+color,-15,-4099,3328,1788587031115347
cross_stream,2,2,depth+color,-15,-4098,3469,1788587031148824
cross_stream,2,2,depth+color,-15,-4099,3301,1788587031182011
cross_stream,2,2,depth+color,-15,-4100,3169,1788587031215218
cross_stream,2,2,depth+color,-15,-4099,3331,1788587031248727
cross_stream,2,2,depth+color,-15,-4103,3238,1788587031282187
cross_stream,2,2,depth+color,-15,-4103,3135,1788587031315350
cross_stream,2,2,depth+color,-15,-4105,3023,1788587031348580
cross_stream,2,2,depth+color,-16,-4107,3192,1788587031381900
cross_stream,2,2,depth+color,-15,-4108,3209,1788587031415219
cross_stream,2,2,depth+color,-15,-4109,3211,1788587031448572
cross_stream,2,2,depth+color,-15,-4108,3195,1788587031481910
cross_stream,2,2,depth+color,-15,-4110,3183,1788587031515224
cross_stream,2,2,depth+color,-15,-4111,3186,1788587031548582
cross_stream,2,2,depth+color,-15,-4113,3188,1788587031581899
cross_stream,2,2,depth+color,-15,-4113,3299,1788587031615350
cross_stream,2,2,depth+color,-15,-4111,3309,1788587031648706
cross_stream,2,2,depth+color,-15,-4111,3299,1788587031682022
cross_stream,2,2,depth+color,-15,-4112,3297,1788587031715343
cross_stream,2,2,depth+color,-15,-4113,3207,1788587031748560
cross_stream,2,2,depth+color,-15,-4114,3172,1788587031781899
cross_stream,2,2,depth+color,-15,-4116,3198,1788587031815239
cross_stream,2,2,depth+color,-15,-4117,3094,1788587031848575
cross_stream,2,2,depth+color,-15,-4118,3206,1788587031881907
cross_stream,2,2,depth+color,-15,-4116,3177,1788587031915224
cross_stream,2,2,depth+color,-15,-4120,3187,1788587031948573
cross_stream,2,2,depth+color,-15,-4120,3170,1788587031981888
cross_stream,2,2,depth+color,-15,-4120,3198,1788587032015221
cross_stream,2,2,depth+color,-15,-4122,3352,1788587032048709
cross_stream,2,2,depth+color,-15,-4122,3324,1788587032082034
cross_stream,2,2,depth+color,-16,-4123,3160,1788587032115205
cross_stream,2,2,depth+color,-15,-4125,3188,1788587032148567
cross_stream,2,2,depth+color,-15,-4125,3208,1788587032181908
cross_stream,2,2,depth+color,-15,-4126,3178,1788587032215225
cross_stream,2,2,depth+color,-15,-4126,3220,1788587032248574
cross_stream,2,2,depth+color,-16,-4125,3527,1788587032282207
cross_stream,2,2,depth+color,-15,-4126,3295,1788587032315342
cross_stream,2,2,depth+color,-15,-4126,3200,1788587032348578
cross_stream,2,2,depth+color,-15,-4126,3345,1788587032382033
cross_stream,2,2,depth+color,-15,-4127,2918,1788587032415380
cross_stream,2,2,depth+color,-15,-4129,3019,1788587032448577
cross_stream,2,2,depth+color,-16,-4132,3221,1788587032481904
cross_stream,2,2,depth+color,-16,-4132,3202,1788587032515229
cross_stream,2,2,depth+color,-15,-4134,3183,1788587032548565
cross_stream,2,2,depth+color,-15,-4134,3164,1788587032581889
cross_stream,2,2,depth+color,-15,-4135,3160,1788587032615215
cross_stream,2,2,depth+color,-15,-4136,3181,1788587032648574
cross_stream,2,2,depth+color,-15,-4137,3165,1788587032682049
cross_stream,2,2,depth+color,-15,-4138,3191,1788587032715216
cross_stream,2,2,depth+color,-16,-4139,3187,1788587032748576
cross_stream,2,2,depth+color,-15,-4139,3173,1788587032781885
cross_stream,2,2,depth+color,-15,-4138,3323,1788587032815347
cross_stream,2,2,depth+color,-15,-4141,3192,1788587032848577
cross_stream,2,2,depth+color,-16,-4139,3318,1788587032882035
cross_stream,2,2,depth+color,-15,-4141,3174,1788587032915218
cross_stream,2,2,depth+color,-15,-4142,3161,1788587032948558
cross_stream,2,2,depth+color,-15,-4141,3308,1788587032982021
cross_stream,2,2,depth+color,-15,-4142,3329,1788587033015349
cross_stream,2,2,depth+color,-15,-4141,3334,1788587033048696
cross_stream,2,2,depth+color,-15,-4143,3215,1788587033081922
cross_stream,2,2,depth+color,-15,-4142,3294,1788587033115348
cross_stream,2,2,depth+color,-15,-4144,2986,1788587033148567
cross_stream,2,2,depth+color,-15,-4145,3182,1788587033181891
cross_stream,2,2,depth+color,-15,-4144,3338,1788587033215359
cross_stream,2,2,depth+color,-15,-4146,3099,1788587033248579
cross_stream,2,2,depth+color,-16,-4147,3329,1788587033282048
cross_stream,2,2,depth+color,-15,-4147,3306,1788587033315354
cross_stream,2,2,depth+color,-15,-4147,3051,1788587033348566
cross_stream,2,2,depth+color,-15,-4147,3343,1788587033382035
cross_stream,2,2,depth+color,-15,-4147,3449,1788587033415483
cross_stream,2,2,depth+color,-15,-4145,3191,1788587033448576
cross_stream,2,2,depth+color,-15,-4147,3208,1788587033481921
cross_stream,2,2,depth+color,-15,-4148,3187,1788587033515237
cross_stream,2,2,depth+color,-15,-4149,3175,1788587033548578
cross_stream,2,2,depth+color,-15,-4149,3224,1788587033581903
cross_stream,2,2,depth+color,-15,-4150,2966,1788587033615221
cross_stream,2,2,depth+color,-15,-4151,3193,1788587033648579
cross_stream,2,2,depth+color,-15,-4152,3207,1788587033681906
cross_stream,2,2,depth+color,-15,-4153,3189,1788587033715228
cross_stream,2,2,depth+color,-15,-4156,3042,1788587033748580
cross_stream,2,2,depth+color,-15,-4156,3201,1788587033781913
cross_stream,2,2,depth+color,-15,-4156,3203,1788587033815217
cross_stream,2,2,depth+color,-15,-4157,3183,1788587033848571
cross_stream,2,2,depth+color,-15,-4158,3189,1788587033881898
cross_stream,2,2,depth+color,-15,-4159,3193,1788587033915237
cross_stream,2,2,depth+color,-15,-4159,3318,1788587033948685
cross_stream,2,2,depth+color,-15,-4159,3330,1788587033982031
cross_stream,2,2,depth+color,-15,-4157,3318,1788587034015352
cross_stream,2,2,depth+color,-16,-4161,3207,1788587034048579
cross_stream,2,2,depth+color,-15,-4158,3214,1788587034081897
cross_stream,2,2,depth+color,-15,-4160,3315,1788587034115358
cross_stream,2,2,depth+color,-15,-4158,3189,1788587034148572
cross_stream,2,2,depth+color,-15,-4159,3225,1788587034181900
cross_stream,2,2,depth+color,-15,-4158,3501,1788587034215510
cross_stream,2,2,depth+color,-15,-4160,3128,1788587034248707
cross_stream,2,2,depth+color,-15,-4158,3191,1788587034281898
cross_stream,2,2,depth+color,-15,-4158,3346,1788587034315388
cross_stream,2,2,depth+color,-15,-4160,3369,1788587034348728
cross_stream,2,2,depth+color,-15,-4158,3328,1788587034382041
cross_stream,2,2,depth+color,-15,-4158,3481,1788587034415515
cross_stream,2,2,depth+color,-15,-4158,3194,1788587034448583
cross_stream,2,2,depth+color,-15,-4158,3221,1788587034481915
cross_stream,2,2,depth+color,-15,-4159,3195,1788587034515237
cross_stream,2,2,depth+color,-16,-4160,3200,1788587034548586
cross_stream,2,2,depth+color,-15,-4159,3196,1788587034581909
cross_stream,2,2,depth+color,-16,-4162,3184,1788587034615234
cross_stream,2,2,depth+color,-15,-4163,3199,1788587034648580
cross_stream,2,2,depth+color,-15,-4162,3188,1788587034681905
cross_stream,2,2,depth+color,-15,-4163,3182,1788587034715229
cross_stream,2,2,depth+color,-15,-4163,3198,1788587034748584
cross_stream,2,2,depth+color,-15,-4165,3196,1788587034781912
cross_stream,2,2,depth+color,-15,-4162,3209,1788587034815222
cross_stream,2,2,depth+color,-15,-4164,3346,1788587034848838
cross_stream,2,2,depth+color,-15,-4164,3320,1788587034882030
cross_stream,2,2,depth+color,-15,-4164,3172,1788587034915219
cross_stream,2,2,depth+color,-15,-4165,3142,1788587034948693
cross_stream,2,2,depth+color,-16,-4167,3319,1788587034982019
cross_stream,2,2,depth+color,-16,-4166,3535,1788587035015577
cross_stream,2,2,depth+color,-15,-4163,3344,1788587035048701
cross_stream,2,2,depth+color,-15,-4164,3214,1788587035081906
cross_stream,2,2,depth+color,-15,-4164,3186,1788587035115235
cross_stream,2,2,depth+color,-15,-4164,3337,1788587035148721
cross_stream,2,2,depth+color,-16,-4165,3218,1788587035181912
cross_stream,2,2,depth+color,-15,-4163,3196,1788587035215219
cross_stream,2,2,depth+color,-15,-4164,3194,1788587035248596
cross_stream,2,2,depth+color,-15,-4167,3197,1788587035281897
cross_stream,2,2,depth+color,-15,-4167,3167,1788587035315218
cross_stream,2,2,depth+color,-15,-4170,3036,1788587035348589
cross_stream,2,2,depth+color,-15,-4169,3215,1788587035381904
cross_stream,2,2,depth+color,-15,-4171,3197,1788587035415220
cross_stream,2,2,depth+color,-16,-4171,3344,1788587035448728
cross_stream,2,2,depth+color,-15,-4167,3356,1788587035482066
cross_stream,2,2,depth+color,-15,-4168,3325,1788587035515363
cross_stream,2,2,depth+color,-15,-4168,3203,1788587035548575
cross_stream,2,2,depth+color,-15,-4169,3231,1788587035581912
cross_stream,2,2,depth+color,-15,-4168,3176,1788587035615226
cross_stream,2,2,depth+color,-16,-4171,3192,1788587035648592
cross_stream,2,2,depth+color,-15,-4170,3353,1788587035682037
cross_stream,2,2,depth+color,-15,-4171,3186,1788587035715228
cross_stream,2,2,depth+color,-15,-4171,3189,1788587035748570
cross_stream,2,2,depth+color,-15,-4171,3082,1788587035781899
cross_stream,2,2,depth+color,-15,-4173,3194,1788587035815212
cross_stream,2,2,depth+color,-15,-4174,3187,1788587035848566
cross_stream,2,2,depth+color,-15,-4175,3205,1788587035881911
cross_stream,2,2,depth+color,-15,-4174,3180,1788587035915227
cross_stream,2,2,depth+color,-16,-4176,3184,1788587035948569
cross_stream,2,2,depth+color,-15,-4173,3502,1788587035982229
cross_stream,2,2,depth+color,-15,-4174,3215,1788587036015236
cross_stream,2,2,depth+color,-16,-4176,3205,1788587036048570
cross_stream,2,2,depth+color,-15,-4174,3185,1788587036081902
cross_stream,2,2,depth+color,-15,-4175,3185,1788587036115228
cross_stream,2,2,depth+color,-15,-4176,3212,1788587036148704
cross_stream,2,2,depth+color,-15,-4177,3190,1788587036181896
cross_stream,2,2,depth+color,-15,-4177,3179,1788587036215218
cross_stream,2,2,depth+color,-15,-4177,3307,1788587036248701
cross_stream,2,2,depth+color,-15,-4177,3169,1788587036282047
cross_stream,2,2,depth+color,-15,-4178,3173,1788587036315226
cross_stream,2,2,depth+color,-15,-4178,3204,1788587036348585
cross_stream,2,2,depth+color,-15,-4178,3324,1788587036382041
cross_stream,2,2,depth+color,-15,-4179,3194,1788587036415241
cross_stream,2,2,depth+color,-15,-4178,3200,1788587036448585
cross_stream,2,2,depth+color,-15,-4181,3187,1788587036481915
cross_stream,2,2,depth+color,-15,-4180,3213,1788587036515238
cross_stream,2,2,depth+color,-15,-4180,3181,1788587036548571
cross_stream,2,2,depth+color,-15,-4181,3187,1788587036581899
cross_stream,2,2,depth+color,-15,-4180,3311,1788587036615357
cross_stream,2,2,depth+color,-15,-4181,3177,1788587036648574
cross_stream,2,2,depth+color,-15,-4184,3003,1788587036681912
cross_stream,2,2,depth+color,-15,-4184,3171,1788587036715365
cross_stream,2,2,depth+color,-15,-4181,3330,1788587036748704
cross_stream,2,2,depth+color,-15,-4184,3185,1788587036781899
cross_stream,2,2,depth+color,-15,-4185,3057,1788587036815225
cross_stream,2,2,depth+color,-15,-4186,3179,1788587036848569
cross_stream,2,2,depth+color,-15,-4186,3189,1788587036881901
cross_stream,2,2,depth+color,-15,-4185,3333,1788587036915357
cross_stream,2,2,depth+color,-16,-4187,3209,1788587036948565
cross_stream,2,2,depth+color,-15,-4187,3189,1788587036981902
cross_stream,2,2,depth+color,-15,-4185,3484,1788587037015529
cross_stream,2,2,depth+color,-15,-4186,3175,1788587037048704
cross_stream,2,2,depth+color,-15,-4186,3063,1788587037081907
cross_stream,2,2,depth+color,-15,-4186,3196,1788587037115235
cross_stream,2,2,depth+color,-15,-4189,3175,1788587037148580
cross_stream,2,2,depth+color,-16,-4190,3220,1788587037181918
cross_stream,2,2,depth+color,-15,-4190,3186,1788587037215230
cross_stream,2,2,depth+color,-15,-4189,3189,1788587037248578
cross_stream,2,2,depth+color,-15,-4189,3203,1788587037281899
cross_stream,2,2,depth+color,-15,-4189,3325,1788587037315366
cross_stream,2,2,depth+color,-15,-4190,3196,1788587037348574
cross_stream,2,2,depth+color,-15,-4189,3351,1788587037382066
cross_stream,2,2,depth+color,-15,-4189,3331,1788587037415344
cross_stream,2,2,depth+color,-15,-4187,3322,1788587037448719
cross_stream,2,2,depth+color,-15,-4191,3202,1788587037481907
cross_stream,2,2,depth+color,-15,-4189,3189,1788587037515237
cross_stream,2,2,depth+color,-15,-4188,3306,1788587037548697
cross_stream,2,2,depth+color,-15,-4190,3197,1788587037581905
cross_stream,2,2,depth+color,-15,-4191,3202,1788587037615224
cross_stream,2,2,depth+color,-15,-4189,3210,1788587037648563
cross_stream,2,2,depth+color,-15,-4191,3176,1788587037681898
cross_stream,2,2,depth+color,-15,-4191,3166,1788587037715218
cross_stream,2,2,depth+color,-15,-4190,3321,1788587037748710
cross_stream,2,2,depth+color,-15,-4191,3131,1788587037782036
cross_stream,2,2,depth+color,-15,-4189,3336,1788587037815357
cross_stream,2,2,depth+color,-15,-4191,3203,1788587037848580
cross_stream,2,2,depth+color,-15,-4192,3178,1788587037881900
cross_stream,2,2,depth+color,-15,-4192,3203,1788587037915228
cross_stream,2,2,depth+color,-15,-4193,3184,1788587037948581
cross_stream,2,2,depth+color,-16,-4195,3188,1788587037981910
cross_stream,2,2,depth+color,-15,-4192,3191,1788587038015233
cross_stream,2,2,depth+color,-15,-4192,3174,1788587038048574
cross_stream,2,2,depth+color,-15,-4195,3212,1788587038081912
cross_stream,2,2,depth+color,-15,-4194,3182,1788587038115224
cross_stream,2,2,depth+color,-15,-4195,3187,1788587038148569
cross_stream,2,2,depth+color,-15,-4197,3043,1788587038181911
cross_stream,2,2,depth+color,-15,-4197,3207,1788587038215219
cross_stream,2,2,depth+color,-15,-4197,3179,1788587038248711
cross_stream,2,2,depth+color,-15,-4198,3193,1788587038281897
cross_stream,2,2,depth+color,-15,-4197,3194,1788587038315235
cross_stream,2,2,depth+color,-15,-4201,3089,1788587038348568
cross_stream,2,2,depth+color,-16,-4200,3174,1788587038381894
cross_stream,2,2,depth+color,-15,-4202,3040,1788587038415227
cross_stream,2,2,depth+color,-15,-4201,3164,1788587038448567
cross_stream,2,2,depth+color,-15,-4203,3206,1788587038481910
cross_stream,2,2,depth+color,-15,-4200,3361,1788587038515386
cross_stream,2,2,depth+color,-15,-4202,3196,1788587038548727
cross_stream,2,2,depth+color,-15,-4203,3188,1788587038581909
cross_stream,2,2,depth+color,-15,-4203,3042,1788587038615221
cross_stream,2,2,depth+color,-15,-4202,3202,1788587038648571
cross_stream,2,2,depth+color,-15,-4204,3099,1788587038681906
cross_stream,2,2,depth+color,-15,-4205,3183,1788587038715232
cross_stream,2,2,depth+color,-15,-4204,3203,1788587038748582
cross_stream,2,2,depth+color,-15,-4204,3155,1788587038781887
cross_stream,2,2,depth+color,-15,-4208,3041,1788587038815209
cross_stream,2,2,depth+color,-15,-4207,3168,1788587038848570
cross_stream,2,2,depth+color,-15,-4208,3194,1788587038881908
cross_stream,2,2,depth+color,-15,-4206,3304,1788587038915352
cross_stream,2,2,depth+color,-15,-4207,3213,1788587038948571
cross_stream,2,2,depth+color,-15,-4207,3322,1788587038982014
cross_stream,2,2,depth+color,-15,-4207,3501,1788587039015548
cross_stream,2,2,depth+color,-15,-4207,3177,1788587039048576
cross_stream,2,2,depth+color,-15,-4206,3242,1788587039081912
cross_stream,2,2,depth+color,-15,-4206,3174,1788587039115227
cross_stream,2,2,depth+color,-15,-4206,3179,1788587039148573
cross_stream,2,2,depth+color,-15,-4207,3188,1788587039181907
cross_stream,2,2,depth+color,-15,-4208,3169,1788587039215217
cross_stream,2,2,depth+color,-15,-4207,3181,1788587039248563
cross_stream,2,2,depth+color,-15,-4208,3210,1788587039281897
cross_stream,2,2,depth+color,-15,-4207,3200,1788587039315217
cross_stream,2,2,depth+color,-15,-4210,3027,1788587039348575
cross_stream,2,2,depth+color,-15,-4211,3198,1788587039381903
cross_stream,2,2,depth+color,-15,-4210,3191,1788587039415222
cross_stream,2,2,depth+color,-15,-4208,3384,1788587039448742
cross_stream,2,2,depth+color,-15,-4211,3217,1788587039481909
cross_stream,2,2,depth+color,-15,-4210,3183,1788587039515226
cross_stream,2,2,depth+color,-15,-4211,3180,1788587039548561
cross_stream,2,2,depth+color,-15,-4210,3385,1788587039582061
cross_stream,2,2,depth+color,-16,-4211,3317,1788587039615348
cross_stream,2,2,depth+color,-15,-4207,3308,1788587039648690
cross_stream,2,2,depth+color,-15,-4207,3346,1788587039682053
cross_stream,2,2,depth+color,-15,-4206,3339,1788587039715363
cross_stream,2,2,depth+color,-15,-4207,3220,1788587039748574
cross_stream,2,2,depth+color,-15,-4207,3182,1788587039781903
cross_stream,2,2,depth+color,-15,-4208,3171,1788587039815216
cross_stream,2,2,depth+color,-15,-4208,3195,1788587039848569
cross_stream,2,2,depth+color,-15,-4208,3196,1788587039881894
cross_stream,2,2,depth+color,-15,-4210,2968,1788587039915215
cross_stream,2,2,depth+color,-15,-4210,3183,1788587039948566
cross_stream,2,2,depth+color,-15,-4210,3339,1788587039982026
cross_stream,2,2,depth+color,-15,-4211,3198,1788587040015214
cross_stream,2,2,depth+color,-15,-4210,3188,1788587040048572
cross_stream,2,2,depth+color,-15,-4209,3363,1788587040082067
cross_stream,2,2,depth+color,-15,-4211,3193,1788587040115218
cross_stream,2,2,depth+color,-16,-4210,3193,1788587040148576
cross_stream,2,2,depth+color,-15,-4211,3178,1788587040181899
cross_stream,2,2,depth+color,-15,-4211,3193,1788587040215216
cross_stream,2,2,depth+color,-15,-4209,3213,1788587040248575
cross_stream,2,2,depth+color,-15,-4210,3304,1788587040282031
cross_stream,2,2,depth+color,-16,-4211,3306,1788587040315353
cross_stream,2,2,depth+color,-15,-4211,3351,1788587040348735
cross_stream,2,2,depth+color,-15,-4208,3166,1788587040381889
cross_stream,2,2,depth+color,-15,-4213,3075,1788587040415218
cross_stream,2,2,depth+color,-15,-4209,3355,1788587040448734
cross_stream,2,2,depth+color,-16,-4210,3343,1788587040482055
cross_stream,2,2,depth+color,-15,-4211,3046,1788587040515234
cross_stream,2,2,depth+color,-15,-4212,3221,1788587040548583
cross_stream,2,2,depth+color,-15,-4211,3216,1788587040581902
cross_stream,2,2,depth+color,-15,-4212,3182,1788587040615220
cross_stream,2,2,depth+color,-15,-4212,3199,1788587040648576
cross_stream,2,2,depth+color,-15,-4214,3195,1788587040681903
cross_stream,2,2,depth+color,-15,-4210,3302,1788587040715350
cross_stream,2,2,depth+color,-16,-4213,3165,1788587040748562
cross_stream,2,2,depth+color,-15,-4212,3234,1788587040781918
cross_stream,2,2,depth+color,-15,-4212,3309,1788587040815348
cross_stream,2,2,depth+color,-15,-4213,3174,1788587040848555
cross_stream,2,2,depth+color,-15,-4212,3186,1788587040881893
cross_stream,2,2,depth+color,-16,-4213,3219,1788587040915238
cross_stream,2,2,depth+color,-15,-4212,3204,1788587040948559
cross_stream,2,2,depth+color,-15,-4211,3318,1788587040982027
cross_stream,2,2,depth+color,-15,-4212,3313,1788587041015341
cross_stream,2,2,depth+color,-15,-4212,3205,1788587041048555
cross_stream,2,2,depth+color,-15,-4211,3329,1788587041082049
cross_stream,2,2,depth+color,-15,-4212,3169,1788587041115222
cross_stream,2,2,depth+color,-16,-4213,3188,1788587041148563
cross_stream,2,2,depth+color,-15,-4211,3352,1788587041182025
cross_stream,2,2,depth+color,-15,-4209,3482,1788587041215528
cross_stream,2,2,depth+color,-15,-4209,3200,1788587041248582
cross_stream,2,2,depth+color,-15,-4210,3194,1788587041281904
cross_stream,2,2,depth+color,-15,-4208,3293,1788587041315344
cross_stream,2,2,depth+color,-15,-4208,3210,1788587041348690
cross_stream,2,2,depth+color,-15,-4210,3185,1788587041381899
cross_stream,2,2,depth+color,-15,-4210,3184,1788587041415225
cross_stream,2,2,depth+color,-15,-4210,3344,1788587041448697
cross_stream,2,2,depth+color,-15,-4210,3238,1788587041481911
cross_stream,2,2,depth+color,-15,-4210,3164,1788587041515353
cross_stream,2,2,depth+color,-16,-4211,3185,1788587041548566
cross_stream,2,2,depth+color,-15,-4207,3352,1788587041582052
cross_stream,2,2,depth+color,-15,-4210,3325,1788587041615364
cross_stream,2,2,depth+color,-15,-4207,3353,1788587041648739
cross_stream,2,2,depth+color,-15,-4207,3240,1788587041681912
cross_stream,2,2,depth+color,-15,-4208,3210,1788587041715219
cross_stream,2,2,depth+color,-15,-4209,3200,1788587041748573
cross_stream,2,2,depth+color,-15,-4209,3175,1788587041781899
cross_stream,2,2,depth+color,-15,-4209,3207,1788587041815222
cross_stream,2,2,depth+color,-15,-4209,3331,1788587041848700
cross_stream,2,2,depth+color,-15,-4210,3193,1788587041881912
cross_stream,2,2,depth+color,-15,-4210,3180,1788587041915222
cross_stream,2,2,depth+color,-15,-4210,3196,1788587041948560
cross_stream,2,2,depth+color,-15,-4210,3231,1788587041981901
cross_stream,2,2,depth+color,-15,-4209,3469,1788587042015513
cross_stream,2,2,depth+color,-15,-4209,3174,1788587042048573
cross_stream,2,2,depth+color,-15,-4209,3212,1788587042081913
cross_stream,2,2,depth+color,-15,-4209,3323,1788587042115357
cross_stream,2,2,depth+color,-15,-4207,3336,1788587042148697
cross_stream,2,2,depth+color,-15,-4208,3331,1788587042182034
cross_stream,2,2,depth+color,-15,-4206,3299,1788587042215348
cross_stream,2,2,depth+color,-15,-4208,3206,1788587042248569
cross_stream,2,2,depth+color,-16,-4207,3321,1788587042282026
cross_stream,2,2,depth+color,-15,-4206,3176,1788587042315225
cross_stream,2,2,depth+color,-16,-4207,3209,1788587042348571
cross_stream,2,2,depth+color,-15,-4206,3304,1788587042382016
cross_stream,2,2,depth+color,-15,-4207,3171,1788587042415227
cross_stream,2,2,depth+color,-16,-4209,3180,1788587042448575
cross_stream,2,2,depth+color,-15,-4209,3346,1788587042482037
cross_stream,2,2,depth+color,-15,-4206,3301,1788587042515354
cross_stream,2,2,depth+color,-15,-4205,3333,1788587042548718
cross_stream,2,2,depth+color,-15,-4206,3224,1788587042581910
cross_stream,2,2,depth+color,-15,-4207,3197,1788587042615220
cross_device,0,1,depth,-146,-330,-72,1788587012616845
cross_device,0,1,depth,-146,262,-9,1788587012650109
cross_device,0,1,depth,-146,263,1,1788587012683444
cross_device,0,1,depth,-146,265,5,1788587012716773
cross_device,0,1,depth,-146,267,-30,1788587012750118
cross_device,0,1,depth,-146,269,22,1788587012783452
cross_device,0,1,depth,-146,270,-35,1788587012816772
cross_device,0,1,depth,-146,271,35,1788587012850123
cross_device,0,1,depth,-146,273,-12,1788587012883455
cross_device,0,1,depth,-147,275,-23,1788587012916776
cross_device,0,1,depth,-147,275,99,1788587012950242
cross_device,0,1,depth,-146,227,47,1788587012983468
cross_device,0,1,depth,-147,225,-17,1788587013016784
cross_device,0,1,depth,-147,225,340,1788587013050443
cross_device,0,1,depth,-147,225,-40,1788587013083557
cross_device,0,1,depth,-147,226,156,1788587013116942
cross_device,0,1,depth,-147,227,12,1788587013150130
cross_device,0,1,depth,-147,226,93,1788587013183567
cross_device,0,1,depth,-147,226,163,1788587013216943
cross_device,0,1,depth,-147,226,-131,1788587013250118
cross_device,0,1,depth,-147,225,16,1788587013283459
cross_device,0,1,depth,-147,227,-7,1788587013316759
cross_device,0,1,depth,-147,226,-17,1788587013350286
cross_device,0,1,depth,-147,228,22,1788587013383465
cross_device,0,1,depth,-148,226,-35,1788587013416754
cross_device,0,1,depth,-147,228,-51,1788587013450406
cross_device,0,1,depth,-148,227,-11,1788587013483555
cross_device,0,1,depth,-148,227,110,1788587013516918
cross_device,0,1,depth,-148,227,393,1788587013550510
cross_device,0,1,depth,-147,229,-17,1788587013583432
cross_device,0,1,depth,-148,229,-1,1788587013616812
cross_device,0,1,depth,-148,-286,-6,1788587013650098
cross_device,0,1,depth,-148,-287,-38,1788587013683408
cross_device,0,1,depth,-148,-289,-35,1788587013716773
cross_device,0,1,depth,-148,-289,-6,1788587013750116
cross_device,0,1,depth,-148,-292,18,1788587013783457
cross_device,0,1,depth,-149,-295,6,1788587013816781
cross_device,0,1,depth,-149,-297,84,1788587013850223
cross_device,0,1,depth,-149,-298,-114,1788587013883461
cross_device,0,1,depth,-148,-300,-45,1788587013916764
cross_device,0,1,depth,-149,-302,26,1788587013950130
cross_device,0,1,depth,-149,-288,-30,1788587013983567
cross_device,0,1,depth,-149,-290,-4,1788587014016778
cross_device,0,1,depth,-149,-292,-24,1788587014050120
cross_device,0,1,depth,-149,-292,143,1788587014083591
cross_device,0,1,depth,-149,-293,-107,1788587014116969
cross_device,0,1,depth,-150,-295,-52,1788587014150089
cross_device,0,1,depth,-150,-294,105,1788587014183534
cross_device,0,1,depth,-149,-294,260,1788587014217042
cross_device,0,1,depth,-149,-294,-107,1788587014250136
cross_device,0,1,depth,-149,-294,-47,1788587014283552
cross_device,0,1,depth,-150,-297,104,1788587014316891
cross_device,0,1,depth,-149,-297,-3,1788587014350121
cross_device,0,1,depth,-150,-297,30,1788587014383582
cross_device,0,1,depth,-149,-299,-28,1788587014416771
cross_device,0,1,depth,-150,-300,8,1788587014450106
cross_device,0,1,depth,-150,-298,-36,1788587014483575
cross_device,0,1,depth,-150,-299,15,1788587014516938
cross_device,0,1,depth,-150,-302,-116,1788587014550126
cross_device,0,1,depth,-150,-301,-137,1788587014583457
cross_device,0,1,depth,-150,-303,-17,1788587014616947
cross_device,0,1,depth,-151,-901,-163,1788587014650097
cross_device,0,1,depth,-150,-902,-191,1788587014683416
cross_device,0,1,depth,-151,-903,163,1788587014716970
cross_device,0,1,depth,-150,-903,22,1788587014750127
cross_device,0,1,depth,-151,-904,25,1788587014783450
cross_device,0,1,depth,-151,-904,138,1788587014816951
cross_device,0,1,depth,-151,-906,1,1788587014850110
cross_device,0,1,depth,-151,-908,8,1788587014883436
cross_device,0,1,depth,-151,-908,120,1788587014916911
cross_device,0,1,depth,-151,-909,27,1788587014950155
cross_device,0,1,depth,-151,-771,2,1788587014983415
cross_device,0,1,depth,-151,-772,-21,1788587015016756
cross_device,0,1,depth,-151,-772,99,1788587015050240
cross_device,0,1,depth,-151,-774,140,1788587015083576
cross_device,0,1,depth,-151,-774,102,1788587015116890
cross_device,0,1,depth,-152,-777,98,1788587015150245
cross_device,0,1,depth,-152,-778,-7,1788587015183449
cross_device,0,1,depth,-151,-778,-1,1788587015216805
cross_device,0,1,depth,-151,-777,-6,1788587015250118
cross_device,0,1,depth,-151,-779,-17,1788587015283446
cross_device,0,1,depth,-152,-780,-21,1788587015316791
cross_device,0,1,depth,-152,-779,-18,1788587015350086
cross_device,0,1,depth,-152,-783,-17,1788587015383419
cross_device,0,1,depth,-152,-784,106,1788587015416919
cross_device,0,1,depth,-152,-782,16,1788587015450109
cross_device,0,1,depth,-153,-785,114,1788587015483552
cross_device,0,1,depth,-153,-786,376,1788587015517271
cross_device,0,1,depth,-153,-787,103,1788587015550249
cross_device,0,1,depth,-153,-788,-30,1788587015583405
cross_device,0,1,depth,-152,-789,-28,1788587015616773
cross_device,0,1,depth,-153,-425,79,1788587015650230
cross_device,0,1,depth,-152,-426,133,1788587015683601
cross_device,0,1,depth,-153,-425,112,1788587015716897
cross_device,0,1,depth,-153,-426,92,1788587015750232
cross_device,0,1,depth,-153,-426,137,1788587015783577
cross_device,0,1,depth,-153,-427,-15,1788587015816776
cross_device,0,1,depth,-153,-428,-54,1788587015850089
cross_device,0,1,depth,-153,-428,-12,1788587015883440
cross_device,0,1,depth,-153,-428,-2,1788587015916758
cross_device,0,1,depth,-153,-431,79,1788587015950198
cross_device,0,1,depth,-154,-201,9,1788587015983459
cross_device,0,1,depth,-154,-202,-16,1788587016016783
cross_device,0,1,depth,-153,-203,-16,1788587016050099
cross_device,0,1,depth,-153,-204,86,1788587016083546
cross_device,0,1,depth,-154,-206,103,1788587016116919
cross_device,0,1,depth,-153,-206,-14,1788587016150116
cross_device,0,1,depth,-154,-208,99,1788587016183539
cross_device,0,1,depth,-154,-210,96,1788587016216885
cross_device,0,1,depth,-154,-210,122,1788587016250253
cross_device,0,1,depth,-154,-210,-4,1788587016283461
cross_device,0,1,depth,-154,-213,11,1788587016316788
cross_device,0,1,depth,-155,-213,23,1788587016350130
cross_device,0,1,depth,-154,-214,-40,1788587016383421
cross_device,0,1,depth,-155,-215,-20,1788587016416940
cross_device,0,1,depth,-154,-214,19,1788587016450119
cross_device,0,1,depth,-155,-217,40,1788587016483569
cross_device,0,1,depth,-155,-218,11,1788587016517112
cross_device,0,1,depth,-155,-220,4,1788587016550245
cross_device,0,1,depth,-155,-221,0,1788587016583588
cross_device,0,1,depth,-155,-220,145,1788587016616955
cross_device,0,1,depth,-154,-192,-38,1788587016650102
cross_device,0,1,depth,-155,-192,13,1788587016683454
cross_device,0,1,depth,-155,-194,-9,1788587016716764
cross_device,0,1,depth,-155,-194,4,1788587016750134
cross_device,0,1,depth,-155,-193,96,1788587016783556
cross_device,0,1,depth,-155,-195,-17,1788587016816768
cross_device,0,1,depth,-155,-195,-4,1788587016850126
cross_device,0,1,depth,-156,-196,-34,1788587016883419
cross_device,0,1,depth,-156,-196,-12,1788587016916762
cross_device,0,1,depth,-156,-197,67,1788587016950197
cross_device,0,1,depth,-156,293,-45,1788587016983432
cross_device,0,1,depth,-156,294,-4,1788587017016785
cross_device,0,1,depth,-156,294,110,1788587017050228
cross_device,0,1,depth,-156,294,144,1788587017083587
cross_device,0,1,depth,-156,295,-12,1788587017116794
cross_device,0,1,depth,-156,295,-21,1788587017150235
cross_device,0,1,depth,-156,294,145,1788587017183566
cross_device,0,1,depth,-156,295,116,1788587017216923
cross_device,0,1,depth,-156,294,181,1788587017250442
cross_device,0,1,depth,-156,296,133,1788587017283592
cross_device,0,1,depth,-157,296,104,1788587017316907
cross_device,0,1,depth,-156,297,100,1788587017350243
cross_device,0,1,depth,-156,297,113,1788587017383543
cross_device,0,1,depth,-157,295,-36,1788587017416776
cross_device,0,1,depth,-157,296,-107,1788587017450145
cross_device,0,1,depth,-157,296,14,1788587017483435
cross_device,0,1,depth,-157,298,32,1788587017516794
cross_device,0,1,depth,-158,296,-156,1788587017550090
cross_device,0,1,depth,-157,298,-143,1788587017583437
cross_device,0,1,depth,-157,298,-201,1788587017616768
cross_device,0,1,depth,-157,560,-138,1788587017650099
cross_device,0,1,depth,-157,560,27,1788587017683453
cross_device,0,1,depth,-157,560,-34,1788587017716783
cross_device,0,1,depth,-158,558,-19,1788587017750119
cross_device,0,1,depth,-157,560,24,1788587017783451
cross_device,0,1,depth,-158,559,-36,1788587017816768
cross_device,0,1,depth,-158,559,15,1788587017850128
cross_device,0,1,depth,-158,559,-22,1788587017883440
cross_device,0,1,depth,-157,559,-70,1788587017916771
cross_device,0,1,depth,-158,558,32,1788587017950141
cross_device,0,1,depth,-158,559,-23,1788587017983427
cross_device,0,1,depth,-158,559,-10,1788587018016773
cross_device,0,1,depth,-158,559,-33,1788587018050100
cross_device,0,1,depth,-159,556,92,1788587018083549
cross_device,0,1,depth,-158,557,-5,1788587018116779
cross_device,0,1,depth,-158,556,-28,1788587018150101
cross_device,0,1,depth,-159,556,83,1788587018183535
cross_device,0,1,depth,-158,557,113,1788587018216933
cross_device,0,1,depth,-158,557,159,1788587018250385
cross_device,0,1,depth,-158,557,74,1788587018283532
cross_device,0,1,depth,-159,555,12,1788587018316794
cross_device,0,1,depth,-159,556,-28,1788587018350099
cross_device,0,1,depth,-159,555,-9,1788587018383417
cross_device,0,1,depth,-159,554,-7,1788587018416787
cross_device,0,1,depth,-159,554,-23,1788587018450119
cross_device,0,1,depth,-159,555,131,1788587018483607
cross_device,0,1,depth,-160,555,-21,1788587018516750
cross_device,0,1,depth,-159,555,-51,1788587018550092
cross_device,0,1,depth,-159,555,154,1788587018583593
cross_device,0,1,depth,-159,554,123,1788587018616918
cross_device,0,1,depth,-159,554,140,1788587018650255
cross_device,0,1,depth,-160,553,280,1788587018683742
cross_device,0,1,depth,-160,552,123,1788587018716918
cross_device,0,1,depth,-160,553,0,1788587018750136
cross_device,0,1,depth,-160,552,-10,1788587018783450
cross_device,0,1,depth,-160,552,15,1788587018816798
cross_device,0,1,depth,-160,552,0,1788587018850112
cross_device,0,1,depth,-160,553,-13,1788587018883458
cross_device,0,1,depth,-160,551,20,1788587018916802
cross_device,0,1,depth,-160,552,62,1788587018950191
cross_device,0,1,depth,-160,552,-14,1788587018983433
cross_device,0,1,depth,-160,552,-42,1788587019016775
cross_device,0,1,depth,-160,552,-38,1788587019050099
cross_device,0,1,depth,-161,549,127,1788587019083605
cross_device,0,1,depth,-160,551,332,1788587019117123
cross_device,0,1,depth,-160,550,-30,1788587019150109
cross_device,0,1,depth,-160,552,102,1788587019183568
cross_device,0,1,depth,-161,550,-17,1788587019216799
cross_device,0,1,depth,-161,549,217,1788587019250419
cross_device,0,1,depth,-161,549,121,1788587019283556
cross_device,0,1,depth,-161,550,89,1788587019316902
cross_device,0,1,depth,-161,549,-25,1788587019350086
cross_device,0,1,depth,-161,548,-48,1788587019383419
cross_device,0,1,depth,-161,549,4,1788587019416790
cross_device,0,1,depth,-161,549,22,1788587019450126
cross_device,0,1,depth,-162,548,-177,1788587019483408
cross_device,0,1,depth,-162,548,-21,1788587019516906
cross_device,0,1,depth,-161,550,-36,1788587019550085
cross_device,0,1,depth,-162,548,-89,1788587019583453
cross_device,0,1,depth,-161,548,-8,1788587019616945
cross_device,0,1,depth,-161,548,122,1788587019650355
cross_device,0,1,depth,-162,548,-191,1788587019683418
cross_device,0,1,depth,-162,548,35,1788587019716930
cross_device,0,1,depth,-162,547,-52,1788587019750095
cross_device,0,1,depth,-162,548,-19,1788587019783444
cross_device,0,1,depth,-162,546,-32,1788587019816753
cross_device,0,1,depth,-162,546,-28,1788587019850081
cross_device,0,1,depth,-163,546,85,1788587019883567
cross_device,0,1,depth,-162,547,90,1788587019916909
cross_device,0,1,depth,-162,547,-42,1788587019950101
cross_device,0,1,depth,-162,546,-4,1788587019983435
cross_device,0,1,depth,-162,547,-24,1788587020016763
cross_device,0,1,depth,-163,545,1,1788587020050096
cross_device,0,1,depth,-162,546,-2,1788587020083461
cross_device,0,1,depth,-163,543,-149,1788587020116759
cross_device,0,1,depth,-162,545,17,1788587020150119
cross_device,0,1,depth,-163,544,-39,1788587020183418
cross_device,0,1,depth,-163,543,-5,1788587020216804
cross_device,0,1,depth,-163,545,-126,1788587020250212
cross_device,0,1,depth,-164,543,7,1788587020283613
cross_device,0,1,depth,-163,543,-9,1788587020316970
cross_device,0,1,depth,-164,407,100,1788587020350258
cross_device,0,1,depth,-164,270,113,1788587020383579
cross_device,0,1,depth,-163,137,158,1788587020416972
cross_device,0,1,depth,-163,2,150,1788587020450268
cross_device,0,1,depth,-164,-132,133,1788587020483584
cross_device,0,1,depth,-163,-263,120,1788587020516926
cross_device,0,1,depth,-164,-397,82,1788587020550225
cross_device,0,1,depth,-164,-528,143,1788587020583578
cross_device,0,1,depth,-164,-658,119,1788587020616903
cross_device,0,1,depth,-164,-787,94,1788587020650197
cross_device,0,1,depth,-164,-915,146,1788587020683587
cross_device,0,1,depth,-165,-1044,119,1788587020716932
cross_device,0,1,depth,-165,-1170,100,1788587020750240
cross_device,0,1,depth,-165,-1295,219,1788587020783806
cross_device,0,1,depth,-164,-1419,133,1788587020816949
cross_device,0,1,depth,-165,-1542,141,1788587020850247
cross_device,0,1,depth,-165,-1666,110,1788587020883585
cross_device,0,1,depth,-164,-1786,159,1788587020916949
cross_device,0,1,depth,-164,-1910,-45,1788587020950098
cross_device,0,1,depth,-164,-2032,124,1788587020983570
cross_device,0,1,depth,-165,-2154,-18,1788587021016788
cross_device,0,1,depth,-164,-2271,157,1788587021050263
cross_device,0,1,depth,-165,-2391,177,1788587021083613
cross_device,0,1,depth,-165,-2509,180,1788587021116966
cross_device,0,1,depth,-165,-2624,301,1788587021150452
cross_device,0,1,depth,-165,-2739,115,1788587021183551
cross_device,0,1,depth,-166,-2856,171,1788587021216978
cross_device,0,1,depth,-166,-2970,-10,1788587021250489
cross_device,0,1,depth,-165,-3081,-33,1788587021283603
cross_device,0,1,depth,-165,-3195,-173,1788587021316758
cross_device,0,1,depth,-166,-3310,5,1788587021350276
cross_device,0,1,depth,-166,-3420,-128,1788587021383446
cross_device,0,1,depth,-165,-3530,-147,1788587021416795
cross_device,0,1,depth,-166,-3642,-137,1788587021450083
cross_device,0,1,depth,-166,-3754,-179,1788587021483417
cross_device,0,1,depth,-166,-3863,-127,1788587021516770
cross_device,0,1,depth,-167,-3974,23,1788587021550111
cross_device,0,1,depth,-166,-4080,-143,1788587021583418
cross_device,0,1,depth,-166,-4187,16,1788587021616792
cross_device,0,1,depth,-166,-4295,-51,1788587021650095
cross_device,0,1,depth,-166,-4399,-29,1788587021683430
cross_device,0,1,depth,-166,-4507,-186,1788587021716804
cross_device,0,1,depth,-166,-4609,-28,1788587021750095
cross_device,0,1,depth,-166,-4713,75,1788587021783534
cross_device,0,1,depth,-166,-4815,-26,1788587021816896
cross_device,0,1,depth,-167,-4918,-16,1788587021850115
cross_device,0,1,depth,-167,-5020,1,1788587021883466
cross_device,0,1,depth,-167,-5121,1,1788587021916756
cross_device,0,1,depth,-167,-5222,155,1788587021950275
cross_device,0,1,depth,-167,-5321,28,1788587021983461
cross_device,0,1,depth,-167,-5267,-156,1788587022016800
cross_device,0,1,depth,-168,-5215,-23,1788587022050133
cross_device,0,1,depth,-168,-5161,-121,1788587022083451
cross_device,0,1,depth,-167,-5109,-190,1788587022116778
cross_device,0,1,depth,-167,-5056,-8,1788587022150125
cross_device,0,1,depth,-167,-5003,38,1788587022183470
cross_device,0,1,depth,-168,-4951,4,1788587022216940
cross_device,0,1,depth,-168,-4901,115,1788587022250267
cross_device,0,1,depth,-168,-4847,136,1788587022283556
cross_device,0,1,depth,-167,-4795,-10,1788587022316770
cross_device,0,1,depth,-168,-4744,7,1788587022350130
cross_device,0,1,depth,-168,-4694,37,1788587022383460
cross_device,0,1,depth,-168,-4644,127,1788587022416908
cross_device,0,1,depth,-168,-4594,-123,1788587022450107
cross_device,0,1,depth,-168,-4544,-31,1788587022483459
cross_device,0,1,depth,-169,-4497,-3,1788587022516793
cross_device,0,1,depth,-168,-4445,-23,1788587022550121
cross_device,0,1,depth,-168,-4397,10,1788587022583443
cross_device,0,1,depth,-168,-4350,-51,1788587022616755
cross_device,0,1,depth,-169,-4303,17,1788587022650121
cross_device,0,1,depth,-169,-4256,-172,1788587022683583
cross_device,0,1,depth,-168,-4208,-59,1788587022716893
cross_device,0,1,depth,-168,-4161,174,1788587022750298
cross_device,0,1,depth,-169,-4114,-36,1788587022783558
cross_device,0,1,depth,-169,-4068,-27,1788587022816784
cross_device,0,1,depth,-169,-4024,34,1788587022850145
cross_device,0,1,depth,-169,-3979,-5,1788587022883451
cross_device,0,1,depth,-169,-3933,3,1788587022916784
cross_device,0,1,depth,-169,-3887,41,1788587022950301
cross_device,0,1,depth,-170,-3843,27,1788587022983447
cross_device,0,1,depth,-169,-3797,32,1788587023016805
cross_device,0,1,depth,-170,-3755,-216,1788587023050223
cross_device,0,1,depth,-170,-3709,295,1788587023083748
cross_device,0,1,depth,-170,-3665,37,1788587023116803
cross_device,0,1,depth,-170,-3623,-5,1788587023150123
cross_device,0,1,depth,-169,-3578,-1,1788587023183603
cross_device,0,1,depth,-170,-3539,-78,1788587023216816
cross_device,0,1,depth,-170,-3495,1,1788587023250116
cross_device,0,1,depth,-170,-3451,124,1788587023283568
cross_device,0,1,depth,-170,-3410,-33,1788587023316944
cross_device,0,1,depth,-170,-3369,24,1788587023350118
cross_device,0,1,depth,-170,-3327,28,1788587023383444
cross_device,0,1,depth,-170,-3286,12,1788587023416777
cross_device,0,1,depth,-171,-3245,40,1788587023450127
cross_device,0,1,depth,-170,-3203,27,1788587023483453
cross_device,0,1,depth,-170,-3163,-19,1788587023516768
cross_device,0,1,depth,-170,-3123,-18,1788587023550091
cross_device,0,1,depth,-171,-3084,-216,1788587023583409
cross_device,0,1,depth,-170,-3046,-168,1788587023616806
cross_device,0,1,depth,-171,-3009,-14,1788587023650085
cross_device,0,1,depth,-171,-2967,375,1788587023683935
cross_device,0,1,depth,-171,-2928,125,1788587023716934
cross_device,0,1,depth,-171,-2889,-15,1788587023750125
cross_device,0,1,depth,-171,-2852,30,1788587023783446
cross_device,0,1,depth,-171,-2812,24,1788587023816791
cross_device,0,1,depth,-171,-2775,6,1788587023850105
cross_device,0,1,depth,-171,-2737,-3,1788587023883558
cross_device,0,1,depth,-171,-2702,29,1788587023916800
cross_device,0,1,depth,-172,-2664,154,1788587023950268
cross_device,0,1,depth,-171,-2626,-138,1788587023983461
cross_device,0,1,depth,-172,-2591,-157,1788587024016801
cross_device,0,1,depth,-171,-2554,15,1788587024050112
cross_device,0,1,depth,-171,-2516,155,1788587024083606
cross_device,0,1,depth,-172,-2483,5,1788587024116795
cross_device,0,1,depth,-172,-2447,-17,1788587024150113
cross_device,0,1,depth,-172,-2413,137,1788587024183580
cross_device,0,1,depth,-172,-2378,121,1788587024216910
cross_device,0,1,depth,-172,-2339,240,1788587024250456
cross_device,0,1,depth,-172,-2305,178,1788587024283587
cross_device,0,1,depth,-173,-2269,40,1788587024316812
cross_device,0,1,depth,-173,-2237,-5,1788587024350141
cross_device,0,1,depth,-173,-2203,-30,1788587024383439
cross_device,0,1,depth,-172,-2169,-12,1788587024416769
cross_device,0,1,depth,-172,-2136,-160,1788587024450103
cross_device,0,1,depth,-173,-2102,100,1788587024483563
cross_device,0,1,depth,-172,-2069,-37,1788587024516756
cross_device,0,1,depth,-173,-2037,-111,1788587024550116
cross_device,0,1,depth,-173,-2006,-50,1788587024583418
cross_device,0,1,depth,-173,-1974,-49,1788587024616923
cross_device,0,1,depth,-173,-1942,20,1788587024650135
cross_device,0,1,depth,-173,-1909,9,1788587024683418
cross_device,0,1,depth,-173,-1878,-59,1788587024716911
cross_device,0,1,depth,-173,-1847,15,1788587024750252
cross_device,0,1,depth,-173,-1815,-46,1788587024783559
cross_device,0,1,depth,-173,-1784,158,1788587024817082
cross_device,0,1,depth,-174,-1755,33,1788587024850138
cross_device,0,1,depth,-174,-1725,0,1788587024883423
cross_device,0,1,depth,-174,-1692,-17,1788587024916783
cross_device,0,1,depth,-173,-1661,90,1788587024950255
cross_device,0,1,depth,-174,-1633,-38,1788587024983412
cross_device,0,1,depth,-174,-1602,15,1788587025016792
cross_device,0,1,depth,-174,-1572,76,1788587025050213
cross_device,0,1,depth,-174,-1543,-32,1788587025083544
cross_device,0,1,depth,-174,-1513,28,1788587025116797
cross_device,0,1,depth,-174,-1485,133,1788587025150256
cross_device,0,1,depth,-174,-1454,-141,1788587025183423
cross_device,0,1,depth,-174,-1428,-142,1788587025216812
cross_device,0,1,depth,-174,-1398,226,1788587025250464
cross_device,0,1,depth,-174,-1370,17,1788587025283429
cross_device,0,1,depth,-175,-1342,11,1788587025316783
cross_device,0,1,depth,-175,-1316,71,1788587025350225
cross_device,0,1,depth,-174,-1284,162,1788587025383583
cross_device,0,1,depth,-175,-1255,285,1788587025417080
cross_device,0,1,depth,-175,-1227,89,1788587025450208
cross_device,0,1,depth,-175,-1201,5,1788587025483455
cross_device,0,1,depth,-175,-1172,0,1788587025516789
cross_device,0,1,depth,-175,-1147,14,1788587025550252
cross_device,0,1,depth,-175,-1122,-35,1788587025583548
cross_device,0,1,depth,-175,-1096,-22,1788587025616788
cross_device,0,1,depth,-175,-1068,22,1788587025650132
cross_device,0,1,depth,-175,-1041,0,1788587025683441
cross_device,0,1,depth,-176,-1017,-51,1788587025716758
cross_device,0,1,depth,-175,-990,34,1788587025750122
cross_device,0,1,depth,-176,-965,22,1788587025783447
cross_device,0,1,depth,-176,-939,-35,1788587025816789
cross_device,0,1,depth,-176,-917,33,1788587025850143
cross_device,0,1,depth,-175,-889,-122,1788587025883443
cross_device,0,1,depth,-176,-866,-14,1788587025916766
cross_device,0,1,depth,-176,-840,106,1788587025950243
cross_device,0,1,depth,-176,-817,-120,1788587025983429
cross_device,0,1,depth,-176,-794,-162,1788587026016794
cross_device,0,1,depth,-176,-770,-28,1788587026050132
cross_device,0,1,depth,-176,-744,241,1788587026083712
cross_device,0,1,depth,-176,-721,-116,1788587026116814
cross_device,0,1,depth,-177,-696,-38,1788587026150095
cross_device,0,1,depth,-177,-674,89,1788587026183539
cross_device,0,1,depth,-177,-651,-156,1788587026216786
cross_device,0,1,depth,-176,-627,-141,1788587026250097
cross_device,0,1,depth,-176,-604,94,1788587026283564
cross_device,0,1,depth,-177,-583,-8,1788587026316767
cross_device,0,1,depth,-177,-559,-10,1788587026350125
cross_device,0,1,depth,-177,-536,-2,1788587026383430
cross_device,0,1,depth,-178,-515,131,1788587026417064
cross_device,0,1,depth,-177,-490,-87,1788587026450137
cross_device,0,1,depth,-178,-470,5,1788587026483433
cross_device,0,1,depth,-177,-447,103,1788587026516900
cross_device,0,1,depth,-177,-424,-1,1788587026550235
cross_device,0,1,depth,-178,-403,108,1788587026583542
cross_device,0,1,depth,-178,-381,100,1788587026616916
cross_device,0,1,depth,-177,-357,-21,1788587026650102
cross_device,0,1,depth,-178,-337,24,1788587026683450
cross_device,0,1,depth,-177,-314,146,1788587026716913
cross_device,0,1,depth,-178,-295,-3,1788587026750142
cross_device,0,1,depth,-178,-274,-194,1788587026783419
cross_device,0,1,depth,-178,-254,1,1788587026816960
cross_device,0,1,depth,-178,-231,16,1788587026850123
cross_device,0,1,depth,-178,-212,-32,1788587026883431
cross_device,0,1,depth,-179,-192,136,1788587026916922
cross_device,0,1,depth,-178,-172,73,1788587026950214
cross_device,0,1,depth,-179,-152,4,1788587026983420
cross_device,0,1,depth,-178,-131,10,1788587027016808
cross_device,0,1,depth,-179,-112,-33,1788587027050095
cross_device,0,1,depth,-179,-94,-153,1788587027083417
cross_device,0,1,depth,-179,-72,-7,1788587027116771
cross_device,0,1,depth,-178,-54,-10,1788587027150127
cross_device,0,1,depth,-179,-35,-184,1788587027183417
cross_device,0,1,depth,-179,-16,-43,1788587027216797
cross_device,0,1,depth,-179,4,270,1788587027250377
cross_device,0,1,depth,-179,25,284,1788587027283740
cross_device,0,1,depth,-179,46,68,1788587027316896
cross_device,0,1,depth,-179,63,42,1788587027350204
cross_device,0,1,depth,-179,82,84,1788587027383558
cross_device,0,1,depth,-179,102,84,1788587027416890
cross_device,0,1,depth,-179,121,-19,1788587027450212
cross_device,0,1,depth,-180,138,86,1788587027483528
cross_device,0,1,depth,-180,157,0,1788587027516763
cross_device,0,1,depth,-179,175,-6,1788587027550264
cross_device,0,1,depth,-180,195,132,1788587027583704
cross_device,0,1,depth,-180,210,-180,1788587027616761
cross_device,0,1,depth,-180,228,99,1788587027650239
cross_device,0,1,depth,-180,247,32,1788587027683454
cross_device,0,1,depth,-180,264,1,1788587027716758
cross_device,0,1,depth,-180,281,25,1788587027750124
cross_device,0,1,depth,-181,296,-26,1788587027783431
cross_device,0,1,depth,-180,315,117,1788587027816920
cross_device,0,1,depth,-181,332,-21,1788587027850092
cross_device,0,1,depth,-180,350,-124,1788587027883447
cross_device,0,1,depth,-181,364,-33,1788587027916761
cross_device,0,1,depth,-180,382,103,1788587027950216
cross_device,0,1,depth,-181,399,37,1788587027983588
cross_device,0,1,depth,-181,414,-151,1788587028016771
cross_device,0,1,depth,-181,429,-141,1788587028050092
cross_device,0,1,depth,-181,446,111,1788587028083585
cross_device,0,1,depth,-181,463,0,1788587028116766
cross_device,0,1,depth,-181,477,-17,1788587028150137
cross_device,0,1,depth,-181,495,98,1788587028183547
cross_device,0,1,depth,-182,510,138,1788587028216930
cross_device,0,1,depth,-181,526,23,1788587028250132
cross_device,0,1,depth,-181,545,112,1788587028283567
cross_device,0,1,depth,-182,558,18,1788587028316774
cross_device,0,1,depth,-181,573,-46,1788587028350097
cross_device,0,1,depth,-181,590,-2,1788587028383424
cross_device,0,1,depth,-182,604,94,1788587028416904
cross_device,0,1,depth,-181,619,-115,1788587028450109
cross_device,0,1,depth,-182,633,23,1788587028483453
cross_device,0,1,depth,-182,649,-8,1788587028516792
cross_device,0,1,depth,-182,661,-151,1788587028550106
cross_device,0,1,depth,-181,677,-147,1788587028583435
cross_device,0,1,depth,-182,690,-29,1788587028616763
cross_device,0,1,depth,-182,704,-11,1788587028650086
cross_device,0,1,depth,-182,717,-29,1788587028683425
cross_device,0,1,depth,-182,731,-14,1788587028716751
cross_device,0,1,depth,-182,747,27,1788587028750123
cross_device,0,1,depth,-182,759,-43,1788587028783415
cross_device,0,1,depth,-182,772,-185,1788587028816766
cross_device,0,1,depth,-183,785,-154,1788587028850094
cross_device,0,1,depth,-182,800,-191,1788587028883416
cross_device,0,1,depth,-182,813,-53,1788587028916764
cross_device,0,1,depth,-182,827,24,1788587028950133
cross_device,0,1,depth,-183,837,-16,1788587028983547
cross_device,0,1,depth,-183,850,-26,1788587029016768
cross_device,0,1,depth,-183,865,16,1788587029050124
cross_device,0,1,depth,-183,878,-137,1788587029083433
cross_device,0,1,depth,-183,892,-5,1788587029116774
cross_device,0,1,depth,-184,904,2,1788587029150125
cross_device,0,1,depth,-183,918,-30,1788587029183429
cross_device,0,1,depth,-183,930,61,1788587029216864
cross_device,0,1,depth,-183,942,-194,1788587029250211
cross_device,0,1,depth,-183,954,-4,1788587029283448
cross_device,0,1,depth,-184,966,18,1788587029316802
cross_device,0,1,depth,-184,979,4,1788587029350143
cross_device,0,1,depth,-183,992,-41,1788587029383420
cross_device,0,1,depth,-184,1004,27,1788587029416803
cross_device,0,1,depth,-184,1016,-103,1788587029450120
cross_device,0,1,depth,-184,1028,-8,1788587029483452
cross_device,0,1,depth,-184,1040,-3,1788587029516767
cross_device,0,1,depth,-184,1051,-143,1788587029550093
cross_device,0,1,depth,-185,1061,-16,1788587029583416
cross_device,0,1,depth,-185,1077,233,1788587029617049
cross_device,0,1,depth,-184,1089,1,1788587029650094
cross_device,0,1,depth,-185,1099,28,1788587029683455
cross_device,0,1,depth,-184,1113,101,1788587029716920
cross_device,0,1,depth,-184,1125,-43,1788587029750086
cross_device,0,1,depth,-185,1134,-5,1788587029783428
cross_device,0,1,depth,-185,1146,-20,1788587029816775
cross_device,0,1,depth,-185,1157,10,1788587029850105
cross_device,0,1,depth,-185,1171,-131,1788587029883462
cross_device,0,1,depth,-185,1180,19,1788587029916781
cross_device,0,1,depth,-185,1192,21,1788587029950133
cross_device,0,1,depth,-185,1200,-200,1788587029983413
cross_device,0,1,depth,-185,1211,-169,1788587030016796
cross_device,0,1,depth,-185,1223,-118,1788587030050094
cross_device,0,1,depth,-186,1231,-25,1788587030083421
cross_device,0,1,depth,-186,1242,31,1788587030116806
cross_device,0,1,depth,-185,1256,147,1788587030150253
cross_device,0,1,depth,-186,1264,1,1788587030183429
cross_device,0,1,depth,-185,1277,-1,1788587030216785
cross_device,0,1,depth,-186,1285,69,1788587030250208
cross_device,0,1,depth,-186,1298,103,1788587030283574
cross_device,0,1,depth,-186,1308,117,1788587030316913
cross_device,0,1,depth,-186,1320,107,1788587030350233
cross_device,0,1,depth,-186,1332,120,1788587030383660
cross_device,0,1,depth,-186,1340,0,1788587030416766
cross_device,0,1,depth,-186,1350,-146,1788587030450093
cross_device,0,1,depth,-186,1360,31,1788587030483461
cross_device,0,1,depth,-187,1368,19,1788587030516798
cross_device,0,1,depth,-187,1379,-128,1788587030550124
cross_device,0,1,depth,-187,1389,-107,1788587030583446
cross_device,0,1,depth,-187,1397,-199,1788587030616775
cross_device,0,1,depth,-187,1403,-174,1788587030650109
cross_device,0,1,depth,-187,1415,7,1788587030683471
cross_device,0,1,depth,-187,1424,-10,1788587030716773
cross_device,0,1,depth,-187,1435,74,1788587030750191
cross_device,0,1,depth,-187,1443,22,1788587030783455
cross_device,0,1,depth,-187,1454,-14,1788587030816793
cross_device,0,1,depth,-187,1464,196,1788587030850426
cross_device,0,1,depth,-188,1472,81,1788587030883546
cross_device,0,1,depth,-188,1483,139,1788587030916922
cross_device,0,1,depth,-187,1495,275,1788587030950395
cross_device,0,1,depth,-187,1504,47,1788587030983461
cross_device,0,1,depth,-188,1512,24,1788587031016803
cross_device,0,1,depth,-187,1523,20,1788587031050123
cross_device,0,1,depth,-188,1532,6,1788587031083430
cross_device,0,1,depth,-187,1541,-31,1788587031116772
cross_device,0,1,depth,-188,1550,101,1788587031150229
cross_device,0,1,depth,-188,1556,-184,1788587031183423
cross_device,0,1,depth,-188,1565,-136,1788587031216793
cross_device,0,1,depth,-188,1574,101,1788587031250222
cross_device,0,1,depth,-188,1585,322,1788587031283773
cross_device,0,1,depth,-188,1593,143,1788587031317077
cross_device,0,1,depth,-189,1602,301,1788587031350411
cross_device,0,1,depth,-188,1614,111,1788587031383529
cross_device,0,1,depth,-188,1622,84,1788587031416891
cross_device,0,1,depth,-189,1629,10,1788587031450236
cross_device,0,1,depth,-188,1639,94,1788587031483533
cross_device,0,1,depth,-188,1647,11,1788587031516774
cross_device,0,1,depth,-189,1656,-88,1788587031550141
cross_device,0,1,depth,-189,1663,-28,1788587031583447
cross_device,0,1,depth,-189,1670,66,1788587031616883
cross_device,0,1,depth,-189,1679,24,1788587031650132
cross_device,0,1,depth,-190,1685,12,1788587031683439
cross_device,0,1,depth,-189,1693,-13,1788587031716758
cross_device,0,1,depth,-189,1702,24,1788587031750131
cross_device,0,1,depth,-189,1711,21,1788587031783435
cross_device,0,1,depth,-189,1719,17,1788587031816796
cross_device,0,1,depth,-190,1725,93,1788587031850206
cross_device,0,1,depth,-189,1733,0,1788587031883459
cross_device,0,1,depth,-189,1742,20,1788587031916787
cross_device,0,1,depth,-190,1748,131,1788587031950269
cross_device,0,1,depth,-190,1756,-27,1788587031983423
cross_device,0,1,depth,-190,1764,-45,1788587032016765
cross_device,0,1,depth,-190,1772,100,1788587032050204
cross_device,0,1,depth,-190,1780,141,1788587032083570
cross_device,0,1,depth,-190,1787,10,1788587032116947
cross_device,0,1,depth,-190,1794,-21,1788587032150272
cross_device,0,1,depth,-190,1803,114,1788587032183538
cross_device,0,1,depth,-191,1808,83,1788587032216879
cross_device,0,1,depth,-190,1815,-19,1788587032250121
cross_device,0,1,depth,-190,1821,22,1788587032283443
cross_device,0,1,depth,-190,1831,27,1788587032316800
cross_device,0,1,depth,-191,1837,26,1788587032350142
cross_device,0,1,depth,-191,1843,4,1788587032383420
cross_device,0,1,depth,-191,1850,129,1788587032416922
cross_device,0,1,depth,-191,1859,4,1788587032450107
cross_device,0,1,depth,-191,1864,5,1788587032483467
cross_device,0,1,depth,-191,1871,0,1788587032516773
cross_device,0,1,depth,-191,1876,-93,1788587032550145
cross_device,0,1,depth,-192,1883,-120,1788587032583450
cross_device,0,1,depth,-191,1887,-121,1788587032616805
cross_device,0,1,depth,-191,1895,-1,1788587032650111
cross_device,0,1,depth,-192,1901,31,1788587032683461
cross_device,0,1,depth,-191,1908,31,1788587032716804
cross_device,0,1,depth,-192,1914,-25,1788587032750114
cross_device,0,1,depth,-192,1919,-7,1788587032783416
cross_device,0,1,depth,-192,1927,95,1788587032816928
cross_device,0,1,depth,-192,1934,25,1788587032850128
cross_device,0,1,depth,-192,1940,18,1788587032883457
cross_device,0,1,depth,-192,1946,246,1788587032917008
cross_device,0,1,depth,-191,1955,110,1788587032950247
cross_device,0,1,depth,-192,1963,178,1788587032983592
cross_device,0,1,depth,-192,1968,140,1788587033016911
cross_device,0,1,depth,-192,1975,68,1788587033050199
cross_device,0,1,depth,-192,1980,-166,1788587033083453
cross_device,0,1,depth,-192,1987,21,1788587033116809
cross_device,0,1,depth,-193,1991,8,1788587033150124
cross_device,0,1,depth,-192,1996,-140,1788587033183435
cross_device,0,1,depth,-192,2003,10,1788587033216816
cross_device,0,1,depth,-192,2008,68,1788587033250206
cross_device,0,1,depth,-192,2014,-12,1788587033283435
cross_device,0,1,depth,-193,2019,98,1788587033316879
cross_device,0,1,depth,-193,2027,-7,1788587033350103
cross_device,0,1,depth,-193,2032,34,1788587033383461
cross_device,0,1,depth,-193,2036,22,1788587033416794
cross_device,0,1,depth,-193,2042,-163,1788587033450096
cross_device,0,1,depth,-193,2047,30,1788587033483465
cross_device,0,1,depth,-194,2052,22,1788587033516808
cross_device,0,1,depth,-194,2056,-191,1788587033550084
cross_device,0,1,depth,-194,2061,1,1788587033583419
cross_device,0,1,depth,-193,2068,161,1788587033616923
cross_device,0,1,depth,-194,2074,-2,1788587033650105
cross_device,0,1,depth,-194,2079,-28,1788587033683423
cross_device,0,1,depth,-193,2082,-159,1788587033716764
cross_device,0,1,depth,-194,2086,-31,1788587033750114
cross_device,0,1,depth,-194,2092,-23,1788587033783434
cross_device,0,1,depth,-194,2097,13,1788587033816803
cross_device,0,1,depth,-194,2102,-188,1788587033850103
cross_device,0,1,depth,-194,2104,19,1788587033883444
cross_device,0,1,depth,-195,2111,32,1788587033916813
cross_device,0,1,depth,-195,2116,-161,1788587033950134
cross_device,0,1,depth,-195,2119,-26,1788587033983583
cross_device,0,1,depth,-195,2124,14,1788587034016964
cross_device,0,1,depth,-195,2130,29,1788587034050313
cross_device,0,1,depth,-194,2134,-47,1788587034083589
cross_device,0,1,depth,-195,2140,114,1788587034116897
cross_device,0,1,depth,-193,2146,-33,1788587034150101
cross_device,0,1,depth,-195,2148,-157,1788587034183453
cross_device,0,1,depth,-195,2154,21,1788587034216800
cross_device,0,1,depth,-192,2160,-21,1788587034250105
cross_device,0,1,depth,-195,2163,-36,1788587034283429
cross_device,0,1,depth,-195,2168,32,1788587034316831
cross_device,0,1,depth,-192,2174,-16,1788587034350142
cross_device,0,1,depth,-195,2175,-13,1788587034383415
cross_device,0,1,depth,-195,2180,75,1788587034416895
cross_device,0,1,depth,-189,2191,-15,1788587034450100
cross_device,0,1,depth,-195,2191,21,1788587034483453
cross_device,0,1,depth,-196,2194,117,1788587034516899
cross_device,0,1,depth,-190,2204,-4,1788587034550144
cross_device,0,1,depth,-195,2204,-37,1788587034583439
cross_device,0,1,depth,-196,2208,10,1788587034616780
cross_device,0,1,depth,-189,2217,-18,1788587034650123
cross_device,0,1,depth,-196,2215,-22,1788587034683456
cross_device,0,1,depth,-196,2220,65,1788587034716895
cross_device,0,1,depth,-187,2233,-12,1788587034750106
cross_device,0,1,depth,-196,2229,-5,1788587034783448
cross_device,0,1,depth,-196,2233,-27,1788587034816792
cross_device,0,1,depth,-187,2246,-115,1788587034850141
cross_device,0,1,depth,-196,2240,-139,1788587034883459
cross_device,0,1,depth,-197,2242,-14,1788587034916753
cross_device,0,1,depth,-189,2255,-14,1788587034950385
cross_device,0,1,depth,-197,2250,-109,1788587034983456
cross_device,0,1,depth,-197,2255,-1,1788587035016770
cross_device,0,1,depth,-197,2259,54,1788587035050208
cross_device,0,1,depth,-197,2263,115,1788587035083577
cross_device,0,1,depth,-197,2266,-8,1788587035116763
cross_device,0,1,depth,-197,2270,-182,1788587035150093
cross_device,0,1,depth,-197,2273,136,1788587035183569
cross_device,0,1,depth,-197,2280,140,1788587035216930
cross_device,0,1,depth,-197,2282,-89,1788587035250346
cross_device,0,1,depth,-198,2286,6,1788587035283613
cross_device,0,1,depth,-197,2290,-164,1788587035316787
cross_device,0,1,depth,-197,2294,-92,1788587035350148
cross_device,0,1,depth,-197,2297,-125,1788587035383419
cross_device,0,1,depth,-197,2301,20,1788587035416784
cross_device,0,1,depth,-198,2301,-32,1788587035450099
cross_device,0,1,depth,-198,2305,-121,1788587035483455
cross_device,0,1,depth,-198,2308,-28,1788587035516769
cross_device,0,1,depth,-198,2313,108,1788587035550216
cross_device,0,1,depth,-198,2315,-146,1788587035583419
cross_device,0,1,depth,-198,2318,-25,1788587035616785
cross_device,0,1,depth,-198,2323,-46,1788587035650096
cross_device,0,1,depth,-198,2327,12,1788587035683464
cross_device,0,1,depth,-199,2330,9,1788587035716771
cross_device,0,1,depth,-198,2334,0,1788587035750139
cross_device,0,1,depth,-198,2337,-32,1788587035783423
cross_device,0,1,depth,-199,2339,-34,1788587035816767
cross_device,0,1,depth,-198,2343,0,1788587035850105
cross_device,0,1,depth,-199,2347,-2,1788587035883461
cross_device,0,1,depth,-198,2350,-18,1788587035916762
cross_device,0,1,depth,-199,2353,75,1788587035950217
cross_device,0,1,depth,-198,2358,-27,1788587035983433
cross_device,0,1,depth,-199,2362,1,1788587036016791
cross_device,0,1,depth,-199,2363,-29,1788587036050097
cross_device,0,1,depth,-199,2367,16,1788587036083438
cross_device,0,1,depth,-199,2371,-26,1788587036116777
cross_device,0,1,depth,-199,2372,-101,1788587036150139
cross_device,0,1,depth,-199,2376,99,1788587036183539
cross_device,0,1,depth,-199,2383,156,1788587036216964
cross_device,0,1,depth,-199,2383,-150,1788587036250094
cross_device,0,1,depth,-199,2386,-118,1788587036283451
cross_device,0,1,depth,-200,2387,-48,1788587036316945
cross_device,0,1,depth,-199,2393,-64,1788587036350293
cross_device,0,1,depth,-199,2394,-98,1788587036383466
cross_device,0,1,depth,-199,2397,107,1788587036416893
cross_device,0,1,depth,-200,2400,95,1788587036450212
cross_device,0,1,depth,-200,2403,-16,1788587036483458
cross_device,0,1,depth,-200,2407,23,1788587036516941
cross_device,0,1,depth,-200,2411,106,1788587036550252
cross_device,0,1,depth,-200,2414,143,1788587036583575
cross_device,0,1,depth,-200,2418,-39,1788587036616947
cross_device,0,1,depth,-200,2422,167,1788587036650279
cross_device,0,1,depth,-201,2424,32,1788587036683457
cross_device,0,1,depth,-201,2427,-13,1788587036716963
cross_device,0,1,depth,-200,2431,144,1788587036750267
cross_device,0,1,depth,-201,2434,111,1788587036783571
cross_device,0,1,depth,-201,2436,-158,1788587036816789
cross_device,0,1,depth,-201,2439,150,1788587036850256
cross_device,0,1,depth,-200,2444,129,1788587036883598
cross_device,0,1,depth,-201,2447,21,1788587036916794
cross_device,0,1,depth,-201,2449,-4,1788587036950103
cross_device,0,1,depth,-201,2452,-12,1788587036983456
cross_device,0,1,depth,-202,2453,24,1788587037016796
cross_device,0,1,depth,-202,2457,308,1788587037050421
cross_device,0,1,depth,-201,2460,-154,1788587037083454
cross_device,0,1,depth,-201,2462,27,1788587037116803
cross_device,0,1,depth,-201,2465,-4,1788587037150139
cross_device,0,1,depth,-201,2467,15,1788587037183582
cross_device,0,1,depth,-201,2471,156,1788587037216946
cross_device,0,1,depth,-202,2474,114,1788587037250272
cross_device,0,1,depth,-202,2476,31,1788587037283471
cross_device,0,1,depth,-202,2479,-2,1788587037316783
cross_device,0,1,depth,-202,2481,132,1788587037350267
cross_device,0,1,depth,-202,2483,5,1788587037383448
cross_device,0,1,depth,-202,2487,7,1788587037416809
cross_device,0,1,depth,-202,2489,109,1788587037450234
cross_device,0,1,depth,-202,2491,2,1788587037483470
cross_device,0,1,depth,-202,2493,-38,1788587037516770
cross_device,0,1,depth,-203,2495,-35,1788587037550092
cross_device,0,1,depth,-203,2497,40,1788587037583463
cross_device,0,1,depth,-202,2500,-8,1788587037616773
cross_device,0,1,depth,-203,2503,150,1788587037650264
cross_device,0,1,depth,-203,2502,-149,1788587037683456
cross_device,0,1,depth,-203,2507,22,1788587037716799
cross_device,0,1,depth,-203,2510,121,1788587037750247
cross_device,0,1,depth,-203,2513,22,1788587037783648
cross_device,0,1,depth,-203,2514,13,1788587037816797
cross_device,0,1,depth,-203,2517,-4,1788587037850105
cross_device,0,1,depth,-203,2520,-9,1788587037883471
cross_device,0,1,depth,-203,2522,-33,1788587037916768
cross_device,0,1,depth,-203,2524,-8,1788587037950102
cross_device,0,1,depth,-204,2526,12,1788587037983438
cross_device,0,1,depth,-203,2530,-16,1788587038016796
cross_device,0,1,depth,-203,2532,15,1788587038050140
cross_device,0,1,depth,-204,2535,129,1788587038083593
cross_device,0,1,depth,-204,2537,-11,1788587038116793
cross_device,0,1,depth,-204,2539,-32,1788587038150094
cross_device,0,1,depth,-204,2542,136,1788587038183580
cross_device,0,1,depth,-204,2545,124,1788587038216959
cross_device,0,1,depth,-204,2548,130,1788587038250385
cross_device,0,1,depth,-205,2548,-32,1788587038283431
cross_device,0,1,depth,-204,2551,-12,1788587038316796
cross_device,0,1,depth,-204,2554,-121,1788587038350137
cross_device,0,1,depth,-204,2554,-146,1788587038383420
cross_device,0,1,depth,-204,2558,97,1788587038416903
cross_device,0,1,depth,-204,2559,-132,1788587038450106
cross_device,0,1,depth,-205,2559,-166,1788587038483453
cross_device,0,1,depth,-205,2560,-5,1788587038516777
cross_device,0,1,depth,-205,2563,28,1788587038550151
cross_device,0,1,depth,-204,2567,-33,1788587038583423
cross_device,0,1,depth,-205,2567,35,1788587038616818
cross_device,0,1,depth,-205,2568,-3,1788587038650129
cross_device,0,1,depth,-205,2570,13,1788587038683581
cross_device,0,1,depth,-205,2573,37,1788587038716809
cross_device,0,1,depth,-206,2576,-35,1788587038750130
cross_device,0,1,depth,-205,2576,-143,1788587038783454
cross_device,0,1,depth,-206,2577,-26,1788587038816930
cross_device,0,1,depth,-205,2579,-136,1788587038850143
cross_device,0,1,depth,-206,2580,-156,1788587038883459
cross_device,0,1,depth,-206,2581,106,1788587038916881
cross_device,0,1,depth,-206,2584,-23,1788587038950099
cross_device,0,1,depth,-205,2587,172,1788587038983607
cross_device,0,1,depth,-206,2588,-9,1788587039016806
cross_device,0,1,depth,-206,2591,99,1788587039050213
cross_device,0,1,depth,-206,2594,156,1788587039083594
cross_device,0,1,depth,-206,2597,133,1788587039116957
cross_device,0,1,depth,-206,2599,-37,1788587039150225
cross_device,0,1,depth,-206,2602,20,1788587039183453
cross_device,0,1,depth,-206,2603,-8,1788587039216785
cross_device,0,1,depth,-206,2606,-6,1788587039250125
cross_device,0,1,depth,-207,2605,-118,1788587039283453
cross_device,0,1,depth,-206,2607,-131,1788587039316786
cross_device,0,1,depth,-207,2606,-120,1788587039350123
cross_device,0,1,depth,-207,2607,-157,1788587039383423
cross_device,0,1,depth,-207,2610,-197,1788587039416778
cross_device,0,1,depth,-207,2609,-192,1788587039450104
cross_device,0,1,depth,-207,2610,-117,1788587039483451
cross_device,0,1,depth,-207,2611,-11,1788587039516777
cross_device,0,1,depth,-207,2613,7,1788587039550140
cross_device,0,1,depth,-207,2614,-132,1788587039583468
cross_device,0,1,depth,-208,2616,-27,1788587039616784
cross_device,0,1,depth,-208,2617,-47,1788587039650087
cross_device,0,1,depth,-207,2620,0,1788587039683467
cross_device,0,1,depth,-208,2620,-22,1788587039716767
cross_device,0,1,depth,-207,2622,24,1788587039750131
cross_device,0,1,depth,-207,2624,-153,1788587039783426
cross_device,0,1,depth,-207,2625,-18,1788587039816786
cross_device,0,1,depth,-208,2625,-26,1788587039850112
cross_device,0,1,depth,-208,2626,-190,1788587039883442
cross_device,0,1,depth,-208,2629,11,1788587039916791
cross_device,0,1,depth,-208,2630,19,1788587039950134
cross_device,0,1,depth,-208,2631,23,1788587039983451
cross_device,0,1,depth,-208,2634,5,1788587040016802
cross_device,0,1,depth,-208,2634,-2,1788587040050092
cross_device,0,1,depth,-208,2636,-21,1788587040083445
cross_device,0,1,depth,-208,2640,14,1788587040116808
cross_device,0,1,depth,-208,2641,-27,1788587040150092
cross_device,0,1,depth,-208,2642,159,1788587040183585
cross_device,0,1,depth,-208,2645,127,1788587040216954
cross_device,0,1,depth,-208,2648,21,1788587040250156
cross_device,0,1,depth,-209,2650,140,1788587040283575
cross_device,0,1,depth,-208,2651,87,1788587040316904
cross_device,0,1,depth,-209,2651,126,1788587040350276
cross_device,0,1,depth,-208,2656,96,1788587040383569
cross_device,0,1,depth,-209,2658,1,1788587040416801
cross_device,0,1,depth,-209,2658,-21,1788587040450123
cross_device,0,1,depth,-209,2659,-22,1788587040483449
cross_device,0,1,depth,-210,2662,302,1788587040517083
cross_device,0,1,depth,-210,2662,-17,1788587040550076
cross_device,0,1,depth,-209,2664,-154,1788587040583463
cross_device,0,1,depth,-210,2664,-17,1788587040616802
cross_device,0,1,depth,-210,2666,-20,1788587040650103
cross_device,0,1,depth,-210,2665,-31,1788587040683437
cross_device,0,1,depth,-210,2668,2,1788587040716813
cross_device,0,1,depth,-210,2670,-14,1788587040750137
cross_device,0,1,depth,-210,2673,0,1788587040783429
cross_device,0,1,depth,-210,2673,-141,1788587040816772
cross_device,0,1,depth,-210,2674,34,1788587040850141
cross_device,0,1,depth,-211,2674,17,1788587040883468
cross_device,0,1,depth,-210,2675,-140,1788587040916763
cross_device,0,1,depth,-210,2677,7,1788587040950136
cross_device,0,1,depth,-211,2679,152,1788587040983588
cross_device,0,1,depth,-211,2679,-175,1788587041016794
cross_device,0,1,depth,-211,2680,-1,1788587041050093
cross_device,0,1,depth,-210,2682,-11,1788587041083444
cross_device,0,1,depth,-211,2682,-120,1788587041116801
cross_device,0,1,depth,-210,2683,-46,1788587041150085
cross_device,0,1,depth,-210,2687,115,1788587041183544
cross_device,0,1,depth,-211,2686,-43,1788587041216941
cross_device,0,1,depth,-210,2690,110,1788587041250226
cross_device,0,1,depth,-211,2690,-5,1788587041283454
cross_device,0,1,depth,-212,2689,-50,1788587041316901
cross_device,0,1,depth,-211,2690,-44,1788587041350088
cross_device,0,1,depth,-212,2692,-14,1788587041383443
cross_device,0,1,depth,-211,2693,-153,1788587041416798
cross_device,0,1,depth,-211,2695,41,1788587041450151
cross_device,0,1,depth,-212,2695,37,1788587041483448
cross_device,0,1,depth,-212,2696,6,1788587041516903
cross_device,0,1,depth,-212,2698,26,1788587041550134
cross_device,0,1,depth,-211,2698,-22,1788587041583433
cross_device,0,1,depth,-212,2699,-25,1788587041616778
cross_device,0,1,depth,-212,2702,41,1788587041650153
cross_device,0,1,depth,-212,2703,21,1788587041683466
cross_device,0,1,depth,-213,2703,-18,1788587041716782
cross_device,0,1,depth,-213,2704,-4,1788587041750120
cross_device,0,1,depth,-212,2706,32,1788587041783464
cross_device,0,1,depth,-212,2706,-147,1788587041816801
cross_device,0,1,depth,-212,2708,16,1788587041850119
cross_device,0,1,depth,-212,2709,8,1788587041883468
cross_device,0,1,depth,-212,2708,-126,1788587041916809
cross_device,0,1,depth,-212,2710,-7,1788587041950125
cross_device,0,1,depth,-213,2710,-32,1788587041983449
cross_device,0,1,depth,-212,2712,12,1788587042016805
cross_device,0,1,depth,-213,2712,25,1788587042050151
cross_device,0,1,depth,-213,2714,103,1788587042083567
cross_device,0,1,depth,-213,2715,-16,1788587042116767
cross_device,0,1,depth,-213,2716,33,1788587042150126
cross_device,0,1,depth,-213,2718,129,1788587042183590
cross_device,0,1,depth,-213,2721,36,1788587042216990
cross_device,0,1,depth,-213,2721,84,1788587042250208
cross_device,0,1,depth,-214,2723,134,1788587042283592
cross_device,0,1,depth,-213,2726,49,1788587042316981
cross_device,0,1,depth,-213,2727,-24,1788587042350117
cross_device,0,1,depth,-214,2726,21,1788587042383445
cross_device,0,1,depth,-214,2726,-105,1788587042416823
cross_device,0,1,depth,-213,2728,-35,1788587042450103
cross_device,0,1,depth,-216,2726,8,1788587042483458
cross_device,0,1,depth,-214,2729,-17,1788587042516801
cross_device,0,1,depth,-214,2731,27,1788587042550125
cross_device,0,1,depth,-216,2729,9,1788587042583431
cross_device,0,1,depth,-214,2733,-134,1788587042616801
cross_device,0,2,depth,-2056,157,1619,1788587012616845
cross_device,0,2,depth,-2057,315,1542,1788587012650109
cross_device,0,2,depth,-2058,315,1541,1788587012683444
cross_device,0,2,depth,-2057,317,1552,1788587012716773
cross_device,0,2,depth,-2057,317,1550,1788587012750118
cross_device,0,2,depth,-2058,317,1564,1788587012783452
cross_device,0,2,depth,-2059,316,1552,1788587012816772
cross_device,0,2,depth,-2058,319,1561,1788587012850123
cross_device,0,2,depth,-2059,319,1554,1788587012883455
cross_device,0,2,depth,-2059,320,1386,1788587012916776
cross_device,0,2,depth,-2060,318,1684,1788587012950242
cross_device,0,2,depth,-2060,321,1561,1788587012983468
cross_device,0,2,depth,-2061,320,1427,1788587013016784
cross_device,0,2,depth,-2060,320,1876,1788587013050443
cross_device,0,2,depth,-2061,321,1512,1788587013083557
cross_device,0,2,depth,-2061,320,1728,1788587013116942
cross_device,0,2,depth,-2062,320,1569,1788587013150130
cross_device,0,2,depth,-2062,321,1652,1788587013183567
cross_device,0,2,depth,-2062,321,1721,1788587013216943
cross_device,0,2,depth,-2062,322,1411,1788587013250118
cross_device,0,2,depth,-2062,321,1429,1788587013283459
cross_device,0,2,depth,-2063,323,1278,1788587013316759
cross_device,0,2,depth,-2063,323,1556,1788587013350286
cross_device,0,2,depth,-2063,325,1561,1788587013383465
cross_device,0,2,depth,-2064,323,1399,1788587013416754
cross_device,0,2,depth,-2063,325,1702,1788587013450406
cross_device,0,2,depth,-2064,324,1654,1788587013483555
cross_device,0,2,depth,-2064,325,1680,1788587013516918
cross_device,0,2,depth,-2065,325,1938,1788587013550510
cross_device,0,2,depth,-2065,325,1531,1788587013583432
cross_device,0,2,depth,-2065,325,1588,1788587013616812
cross_device,0,2,depth,-2065,-357,1394,1788587013650098
cross_device,0,2,depth,-2066,-359,1513,1788587013683408
cross_device,0,2,depth,-2066,-362,1562,1788587013716773
cross_device,0,2,depth,-2066,-364,1414,1788587013750116
cross_device,0,2,depth,-2067,-368,1567,1788587013783457
cross_device,0,2,depth,-2067,-371,1437,1788587013816781
cross_device,0,2,depth,-2068,-374,1520,1788587013850223
cross_device,0,2,depth,-2067,-376,1579,1788587013883461
cross_device,0,2,depth,-2067,-377,1559,1788587013916764
cross_device,0,2,depth,-2068,-381,1433,1788587013950130
cross_device,0,2,depth,-2068,-382,1340,1788587013983567
cross_device,0,2,depth,-2069,-387,1213,1788587014016778
cross_device,0,2,depth,-2069,-390,1562,1788587014050120
cross_device,0,2,depth,-2070,-392,1703,1788587014083591
cross_device,0,2,depth,-2069,-394,1748,1788587014116969
cross_device,0,2,depth,-2070,-397,1534,1788587014150089
cross_device,0,2,depth,-2071,-401,1637,1788587014183534
cross_device,0,2,depth,-2070,-401,1813,1788587014217042
cross_device,0,2,depth,-2071,-404,1582,1788587014250136
cross_device,0,2,depth,-2071,-407,1656,1788587014283552
cross_device,0,2,depth,-2072,-410,1675,1788587014316891
cross_device,0,2,depth,-2071,-412,1555,1788587014350121
cross_device,0,2,depth,-2072,-414,1688,1788587014383582
cross_device,0,2,depth,-2072,-418,1546,1788587014416771
cross_device,0,2,depth,-2072,-420,1548,1788587014450106
cross_device,0,2,depth,-2073,-422,1681,1788587014483575
cross_device,0,2,depth,-2073,-425,1716,1788587014516938
cross_device,0,2,depth,-2073,-429,1558,1788587014550126
cross_device,0,2,depth,-2074,-430,1557,1788587014583457
cross_device,0,2,depth,-2074,-434,1729,1788587014616947
cross_device,0,2,depth,-2074,-979,1396,1788587014650097
cross_device,0,2,depth,-2074,-981,1529,1788587014683416
cross_device,0,2,depth,-2075,-982,1754,1788587014716970
cross_device,0,2,depth,-2075,-983,1425,1788587014750127
cross_device,0,2,depth,-2075,-985,1551,1788587014783450
cross_device,0,2,depth,-2074,-985,1743,1788587014816951
cross_device,0,2,depth,-2076,-988,1544,1788587014850110
cross_device,0,2,depth,-2076,-991,1538,1788587014883436
cross_device,0,2,depth,-2076,-989,1549,1788587014916911
cross_device,0,2,depth,-2077,-993,1593,1788587014950155
cross_device,0,2,depth,-2077,-994,1394,1788587014983415
cross_device,0,2,depth,-2076,-995,1412,1788587015016756
cross_device,0,2,depth,-2078,-997,1676,1788587015050240
cross_device,0,2,depth,-2078,-997,1686,1788587015083576
cross_device,0,2,depth,-2071,-992,1666,1788587015116890
cross_device,0,2,depth,-2079,-1003,1546,1788587015150245
cross_device,0,2,depth,-2079,-1004,1550,1788587015183449
cross_device,0,2,depth,-2071,-998,1599,1788587015216805
cross_device,0,2,depth,-2079,-1004,1534,1788587015250118
cross_device,0,2,depth,-2079,-1008,1527,1788587015283446
cross_device,0,2,depth,-2080,-1009,1572,1788587015316791
cross_device,0,2,depth,-2081,-1010,1517,1788587015350086
cross_device,0,2,depth,-2080,-1012,1513,1788587015383419
cross_device,0,2,depth,-2073,-1005,1715,1788587015416919
cross_device,0,2,depth,-2081,-1014,1550,1788587015450109
cross_device,0,2,depth,-2082,-1016,1659,1788587015483552
cross_device,0,2,depth,-2082,-1018,1924,1788587015517271
cross_device,0,2,depth,-2082,-1019,1524,1788587015550249
cross_device,0,2,depth,-2082,-1020,1513,1788587015583405
cross_device,0,2,depth,-2082,-1023,1548,1788587015616773
cross_device,0,2,depth,-2083,-287,1497,1788587015650230
cross_device,0,2,depth,-2083,-289,1702,1788587015683601
cross_device,0,2,depth,-2084,-289,1682,1788587015716897
cross_device,0,2,depth,-2084,-290,1668,1788587015750232
cross_device,0,2,depth,-2084,-291,1548,1788587015783577
cross_device,0,2,depth,-2084,-290,1556,1788587015816776
cross_device,0,2,depth,-2084,-292,1529,1788587015850089
cross_device,0,2,depth,-2085,-294,1401,1788587015883440
cross_device,0,2,depth,-2085,-294,1405,1788587015916758
cross_device,0,2,depth,-2085,-295,1490,1788587015950198
cross_device,0,2,depth,-2086,-296,1441,1788587015983459
cross_device,0,2,depth,-2086,-296,1568,1788587016016783
cross_device,0,2,depth,-2086,-298,1539,1788587016050099
cross_device,0,2,depth,-2086,-297,1629,1788587016083546
cross_device,0,2,depth,-2087,-299,1697,1788587016116919
cross_device,0,2,depth,-2087,-300,1415,1788587016150116
cross_device,0,2,depth,-2088,-302,1641,1788587016183539
cross_device,0,2,depth,-2088,-302,1662,1788587016216885
cross_device,0,2,depth,-2088,-303,1676,1788587016250253
cross_device,0,2,depth,-2088,-302,1427,1788587016283461
cross_device,0,2,depth,-2088,-304,1567,1788587016316788
cross_device,0,2,depth,-2089,-304,1575,1788587016350130
cross_device,0,2,depth,-2089,-306,1531,1788587016383421
cross_device,0,2,depth,-2090,-306,1734,1788587016416940
cross_device,0,2,depth,-2089,-306,1547,1788587016450119
cross_device,0,2,depth,-2091,-308,1543,1788587016483569
cross_device,0,2,depth,-2090,-308,1764,1788587016517112
cross_device,0,2,depth,-2091,-310,1553,1788587016550245
cross_device,0,2,depth,-2091,-310,1565,1788587016583588
cross_device,0,2,depth,-2091,-311,1746,1788587016616955
cross_device,0,2,depth,-2091,280,1539,1788587016650102
cross_device,0,2,depth,-2092,279,1436,1788587016683454
cross_device,0,2,depth,-2092,278,1544,1788587016716764
cross_device,0,2,depth,-2093,277,1571,1788587016750134
cross_device,0,2,depth,-2093,277,1666,1788587016783556
cross_device,0,2,depth,-2093,275,1423,1788587016816768
cross_device,0,2,depth,-2093,277,1558,1788587016850126
cross_device,0,2,depth,-2094,275,1527,1788587016883419
cross_device,0,2,depth,-2094,276,1378,1788587016916762
cross_device,0,2,depth,-2094,274,1628,1788587016950197
cross_device,0,2,depth,-2095,274,1535,1788587016983432
cross_device,0,2,depth,-2095,274,1313,1788587017016785
cross_device,0,2,depth,-2095,273,1520,1788587017050228
cross_device,0,2,depth,-2095,272,1679,1788587017083587
cross_device,0,2,depth,-2095,272,1571,1788587017116794
cross_device,0,2,depth,-2096,270,1531,1788587017150235
cross_device,0,2,depth,-2097,269,1525,1788587017183566
cross_device,0,2,depth,-2097,270,1560,1788587017216923
cross_device,0,2,depth,-2097,268,1722,1788587017250442
cross_device,0,2,depth,-2097,270,1696,1788587017283592
cross_device,0,2,depth,-2098,269,1682,1788587017316907
cross_device,0,2,depth,-2098,268,1680,1788587017350243
cross_device,0,2,depth,-2097,269,1650,1788587017383543
cross_device,0,2,depth,-2098,266,1424,1788587017416776
cross_device,0,2,depth,-2099,266,1446,1788587017450145
cross_device,0,2,depth,-2098,267,1541,1788587017483435
cross_device,0,2,depth,-2099,267,1565,1788587017516794
cross_device,0,2,depth,-2100,264,1532,1788587017550090
cross_device,0,2,depth,-2100,263,1539,1788587017583437
cross_device,0,2,depth,-2100,264,1548,1788587017616768
cross_device,0,2,depth,-2100,313,1531,1788587017650099
cross_device,0,2,depth,-2100,313,1555,1788587017683453
cross_device,0,2,depth,-2100,313,1565,1788587017716783
cross_device,0,2,depth,-2101,312,1554,1788587017750119
cross_device,0,2,depth,-2101,312,1556,1788587017783451
cross_device,0,2,depth,-2102,312,1552,1788587017816768
cross_device,0,2,depth,-2102,311,1565,1788587017850128
cross_device,0,2,depth,-2102,312,1556,1788587017883440
cross_device,0,2,depth,-2102,312,1429,1788587017916771
cross_device,0,2,depth,-2102,311,1310,1788587017950141
cross_device,0,2,depth,-2103,310,1401,1788587017983427
cross_device,0,2,depth,-2104,311,1415,1788587018016773
cross_device,0,2,depth,-2104,311,1394,1788587018050100
cross_device,0,2,depth,-2104,310,1658,1788587018083549
cross_device,0,2,depth,-2104,310,1564,1788587018116779
cross_device,0,2,depth,-2104,309,1402,1788587018150101
cross_device,0,2,depth,-2105,309,1633,1788587018183535
cross_device,0,2,depth,-2105,309,1717,1788587018216933
cross_device,0,2,depth,-2105,308,1537,1788587018250385
cross_device,0,2,depth,-2105,309,1628,1788587018283532
cross_device,0,2,depth,-2106,307,1563,1788587018316794
cross_device,0,2,depth,-2106,308,1537,1788587018350099
cross_device,0,2,depth,-2106,308,1527,1788587018383417
cross_device,0,2,depth,-2106,308,1578,1788587018416787
cross_device,0,2,depth,-2107,308,1543,1788587018450119
cross_device,0,2,depth,-2107,307,1569,1788587018483607
cross_device,0,2,depth,-2108,307,1386,1788587018516750
cross_device,0,2,depth,-2107,307,1531,1788587018550092
cross_device,0,2,depth,-2108,306,1695,1788587018583593
cross_device,0,2,depth,-2108,306,1703,1788587018616918
cross_device,0,2,depth,-2109,305,1693,1788587018650255
cross_device,0,2,depth,-2109,305,1845,1788587018683742
cross_device,0,2,depth,-2110,303,1698,1788587018716918
cross_device,0,2,depth,-2110,305,1580,1788587018750136
cross_device,0,2,depth,-2110,452,1554,1788587018783450
cross_device,0,2,depth,-2110,600,1582,1788587018816798
cross_device,0,2,depth,-2111,746,1546,1788587018850112
cross_device,0,2,depth,-2111,892,1444,1788587018883458
cross_device,0,2,depth,-2111,1036,1585,1788587018916802
cross_device,0,2,depth,-2111,1180,1610,1788587018950191
cross_device,0,2,depth,-2112,1322,1417,1788587018983433
cross_device,0,2,depth,-2112,1464,1291,1788587019016775
cross_device,0,2,depth,-2112,1604,1539,1788587019050099
cross_device,0,2,depth,-2113,1742,1574,1788587019083605
cross_device,0,2,depth,-2112,1882,1772,1788587019117123
cross_device,0,2,depth,-2113,2018,1400,1788587019150109
cross_device,0,2,depth,-2113,2156,1546,1788587019183568
cross_device,0,2,depth,-2113,2290,1578,1788587019216799
cross_device,0,2,depth,-2114,2423,1737,1788587019250419
cross_device,0,2,depth,-2114,2558,1516,1788587019283556
cross_device,0,2,depth,-2115,2691,1686,1788587019316902
cross_device,0,2,depth,-2115,2823,1518,1788587019350086
cross_device,0,2,depth,-2115,2955,1505,1788587019383419
cross_device,0,2,depth,-2115,3088,1572,1788587019416790
cross_device,0,2,depth,-2116,3217,1553,1788587019450126
cross_device,0,2,depth,-2116,3346,1497,1788587019483408
cross_device,0,2,depth,-2116,3475,1666,1788587019516906
cross_device,0,2,depth,-2116,3602,1516,1788587019550085
cross_device,0,2,depth,-2117,3729,1559,1788587019583453
cross_device,0,2,depth,-2117,3855,1735,1788587019616945
cross_device,0,2,depth,-2117,3980,1775,1788587019650355
cross_device,0,2,depth,-2118,4102,1511,1788587019683418
cross_device,0,2,depth,-2118,4226,1569,1788587019716930
cross_device,0,2,depth,-2118,4349,1538,1788587019750095
cross_device,0,2,depth,-2118,4471,1550,1788587019783444
cross_device,0,2,depth,-2119,4590,1534,1788587019816753
cross_device,0,2,depth,-2119,4712,1520,1788587019850081
cross_device,0,2,depth,-2120,4830,1660,1788587019883567
cross_device,0,2,depth,-2119,4949,1678,1788587019916909
cross_device,0,2,depth,-2120,5067,1412,1788587019950101
cross_device,0,2,depth,-2120,5183,1526,1788587019983435
cross_device,0,2,depth,-2120,5299,1535,1788587020016763
cross_device,0,2,depth,-2121,5414,1530,1788587020050096
cross_device,0,2,depth,-2121,5529,1428,1788587020083461
cross_device,0,2,depth,-2121,5640,1407,1788587020116759
cross_device,0,2,depth,-2121,5754,1547,1788587020150119
cross_device,0,2,depth,-2122,5867,1524,1788587020183418
cross_device,0,2,depth,-2122,5978,1572,1788587020216804
cross_device,0,2,depth,-2122,6088,1365,1788587020250212
cross_device,0,2,depth,-2123,6197,1727,1788587020283613
cross_device,0,2,depth,-2123,6307,1752,1788587020316970
cross_device,0,2,depth,-2124,6278,1689,1788587020350258
cross_device,0,2,depth,-2124,6249,1557,1788587020383579
cross_device,0,2,depth,-2124,6223,1739,1788587020416972
cross_device,0,2,depth,-2124,6194,1566,1788587020450268
cross_device,0,2,depth,-2124,6166,1708,1788587020483584
cross_device,0,2,depth,-2125,6139,1717,1788587020516926
cross_device,0,2,depth,-2125,6113,1683,1788587020550225
cross_device,0,2,depth,-2125,6085,1686,1788587020583578
cross_device,0,2,depth,-2125,6061,1680,1788587020616903
cross_device,0,2,depth,-2126,6032,1500,1788587020650197
cross_device,0,2,depth,-2126,6004,1684,1788587020683587
cross_device,0,2,depth,-2127,5977,1728,1788587020716932
cross_device,0,2,depth,-2127,5952,1689,1788587020750240
cross_device,0,2,depth,-2127,5927,1932,1788587020783806
cross_device,0,2,depth,-2127,5902,1603,1788587020816949
cross_device,0,2,depth,-2128,5876,1672,1788587020850247
cross_device,0,2,depth,-2128,5850,1694,1788587020883585
cross_device,0,2,depth,-2128,5826,1746,1788587020916949
cross_device,0,2,depth,-2128,5800,1539,1788587020950098
cross_device,0,2,depth,-2128,5775,1682,1788587020983570
cross_device,0,2,depth,-2129,5748,1441,1788587021016788
cross_device,0,2,depth,-2129,5724,1692,1788587021050263
cross_device,0,2,depth,-2129,5700,1718,1788587021083613
cross_device,0,2,depth,-2130,5674,1754,1788587021116966
cross_device,0,2,depth,-2130,5651,1748,1788587021150452
cross_device,0,2,depth,-2130,5628,1641,1788587021183551
cross_device,0,2,depth,-2131,5604,1761,1788587021216978
cross_device,0,2,depth,-2131,5580,1634,1788587021250489
cross_device,0,2,depth,-2131,5557,1702,1788587021283603
cross_device,0,2,depth,-2131,5532,1533,1788587021316758
cross_device,0,2,depth,-2132,5508,1716,1788587021350276
cross_device,0,2,depth,-2132,5486,1552,1788587021383446
cross_device,0,2,depth,-2132,5465,1574,1788587021416795
cross_device,0,2,depth,-2133,5441,1528,1788587021450083
cross_device,0,2,depth,-2133,5416,1523,1788587021483417
cross_device,0,2,depth,-2133,5393,1547,1788587021516770
cross_device,0,2,depth,-2134,5367,1424,1788587021550111
cross_device,0,2,depth,-2134,5344,1527,1788587021583418
cross_device,0,2,depth,-2134,5322,1562,1788587021616792
cross_device,0,2,depth,-2134,5299,1399,1788587021650095
cross_device,0,2,depth,-2134,5277,1523,1788587021683430
cross_device,0,2,depth,-2135,5252,1595,1788587021716804
cross_device,0,2,depth,-2135,5231,1534,1788587021750095
cross_device,0,2,depth,-2135,5211,1651,1788587021783534
cross_device,0,2,depth,-2136,5188,1553,1788587021816896
cross_device,0,2,depth,-2136,5166,1557,1788587021850115
cross_device,0,2,depth,-2136,5146,1570,1788587021883466
cross_device,0,2,depth,-2137,5123,1277,1788587021916756
cross_device,0,2,depth,-2137,5100,1390,1788587021950275
cross_device,0,2,depth,-2137,5080,1442,1788587021983461
cross_device,0,2,depth,-2137,5057,1569,1788587022016800
cross_device,0,2,depth,-2138,5036,1549,1788587022050133
cross_device,0,2,depth,-2138,5017,1566,1788587022083451
cross_device,0,2,depth,-2138,4994,1569,1788587022116778
cross_device,0,2,depth,-2138,4974,1427,1788587022150125
cross_device,0,2,depth,-2139,4953,1576,1788587022183470
cross_device,0,2,depth,-2140,4933,1730,1788587022216940
cross_device,0,2,depth,-2140,4913,1548,1788587022250267
cross_device,0,2,depth,-2140,4893,1492,1788587022283556
cross_device,0,2,depth,-2140,4875,1416,1788587022316770
cross_device,0,2,depth,-2140,4855,1563,1788587022350130
cross_device,0,2,depth,-2141,4835,1570,1788587022383460
cross_device,0,2,depth,-2141,4815,1694,1788587022416908
cross_device,0,2,depth,-2142,4796,1537,1788587022450107
cross_device,0,2,depth,-2141,4778,1555,1788587022483459
cross_device,0,2,depth,-2142,4757,1568,1788587022516793
cross_device,0,2,depth,-2142,4741,1558,1788587022550121
cross_device,0,2,depth,-2142,4723,1415,1788587022583443
cross_device,0,2,depth,-2143,4701,1541,1788587022616755
cross_device,0,2,depth,-2143,4684,1561,1788587022650121
cross_device,0,2,depth,-2143,4665,1533,1788587022683583
cross_device,0,2,depth,-2143,4646,1671,1788587022716893
cross_device,0,2,depth,-2143,4631,1724,1788587022750298
cross_device,0,2,depth,-2144,4613,1666,1788587022783558
cross_device,0,2,depth,-2145,4594,1433,1788587022816784
cross_device,0,2,depth,-2145,4575,1585,1788587022850145
cross_device,0,2,depth,-2145,4558,1556,1788587022883451
cross_device,0,2,depth,-2145,4541,1427,1788587022916784
cross_device,0,2,depth,-2145,4524,1747,1788587022950301
cross_device,0,2,depth,-2146,4508,1559,1788587022983447
cross_device,0,2,depth,-2146,4490,1449,1788587023016805
cross_device,0,2,depth,-2147,4470,1512,1788587023050223
cross_device,0,2,depth,-2147,4456,1860,1788587023083748
cross_device,0,2,depth,-2147,4440,1585,1788587023116803
cross_device,0,2,depth,-2147,4423,1561,1788587023150123
cross_device,0,2,depth,-2147,4408,1695,1788587023183603
cross_device,0,2,depth,-2148,4390,1599,1788587023216816
cross_device,0,2,depth,-2148,4374,1398,1788587023250116
cross_device,0,2,depth,-2148,4358,1494,1788587023283568
cross_device,0,2,depth,-2149,4340,1591,1788587023316944
cross_device,0,2,depth,-2149,4326,1547,1788587023350118
cross_device,0,2,depth,-2149,4309,1544,1788587023383444
cross_device,0,2,depth,-2149,4294,1559,1788587023416777
cross_device,0,2,depth,-2150,4277,1564,1788587023450127
cross_device,0,2,depth,-2150,4262,1567,1788587023483453
cross_device,0,2,depth,-2150,4245,1411,1788587023516768
cross_device,0,2,depth,-2150,4230,1524,1788587023550091
cross_device,0,2,depth,-2151,4215,1373,1788587023583409
cross_device,0,2,depth,-2151,4199,1587,1788587023616806
cross_device,0,2,depth,-2152,4182,1519,1788587023650085
cross_device,0,2,depth,-2152,4170,1771,1788587023683935
cross_device,0,2,depth,-2152,4156,1710,1788587023716934
cross_device,0,2,depth,-2153,4140,1543,1788587023750125
cross_device,0,2,depth,-2153,4125,1543,1788587023783446
cross_device,0,2,depth,-2153,4111,1467,1788587023816791
cross_device,0,2,depth,-2153,4095,1543,1788587023850105
cross_device,0,2,depth,-2153,4083,1675,1788587023883558
cross_device,0,2,depth,-2154,4066,1459,1788587023916800
cross_device,0,2,depth,-2154,4054,1708,1788587023950268
cross_device,0,2,depth,-2154,4040,1564,1788587023983461
cross_device,0,2,depth,-2155,4026,1578,1788587024016801
cross_device,0,2,depth,-2154,4013,1551,1788587024050112
cross_device,0,2,depth,-2155,4000,1549,1788587024083606
cross_device,0,2,depth,-2155,3983,1434,1788587024116795
cross_device,0,2,depth,-2155,3969,1546,1788587024150113
cross_device,0,2,depth,-2156,3955,1690,1788587024183580
cross_device,0,2,depth,-2156,3942,1683,1788587024216910
cross_device,0,2,depth,-2157,3931,1745,1788587024250456
cross_device,0,2,depth,-2157,3918,1558,1788587024283587
cross_device,0,2,depth,-2157,3906,1583,1788587024316812
cross_device,0,2,depth,-2158,3890,1568,1788587024350141
cross_device,0,2,depth,-2158,3879,1544,1788587024383439
cross_device,0,2,depth,-2158,3866,1544,1788587024416769
cross_device,0,2,depth,-2158,3853,1538,1788587024450103
cross_device,0,2,depth,-2159,3840,1659,1788587024483563
cross_device,0,2,depth,-2158,3829,1539,1788587024516756
cross_device,0,2,depth,-2159,3816,1556,1788587024550116
cross_device,0,2,depth,-2159,3803,1525,1788587024583418
cross_device,0,2,depth,-2159,3792,1572,1788587024616923
cross_device,0,2,depth,-2160,3777,1568,1788587024650135
cross_device,0,2,depth,-2160,3765,1516,1788587024683418
cross_device,0,2,depth,-2161,3753,1682,1788587024716911
cross_device,0,2,depth,-2161,3742,1671,1788587024750252
cross_device,0,2,depth,-2161,3731,1653,1788587024783559
cross_device,0,2,depth,-2161,3721,1741,1788587024817082
cross_device,0,2,depth,-2162,3707,1559,1788587024850138
cross_device,0,2,depth,-2162,3694,1384,1788587024883423
cross_device,0,2,depth,-2163,3683,1560,1788587024916783
cross_device,0,2,depth,-2162,3672,1675,1788587024950255
cross_device,0,2,depth,-2163,3659,1378,1788587024983412
cross_device,0,2,depth,-2163,3649,1576,1788587025016792
cross_device,0,2,depth,-2163,3638,1646,1788587025050213
cross_device,0,2,depth,-2164,3627,1647,1788587025083544
cross_device,0,2,depth,-2164,3616,1575,1788587025116797
cross_device,0,2,depth,-2164,3604,1685,1788587025150256
cross_device,0,2,depth,-2165,3594,1383,1788587025183423
cross_device,0,2,depth,-2164,3580,1272,1788587025216812
cross_device,0,2,depth,-2165,3568,1595,1788587025250464
cross_device,0,2,depth,-2165,3558,1519,1788587025283429
cross_device,0,2,depth,-2166,3547,1554,1788587025316783
cross_device,0,2,depth,-2166,3534,1649,1788587025350225
cross_device,0,2,depth,-2166,3527,1670,1788587025383583
cross_device,0,2,depth,-2167,3518,1864,1788587025417080
cross_device,0,2,depth,-2167,3508,1632,1788587025450208
cross_device,0,2,depth,-2167,3497,1552,1788587025483455
cross_device,0,2,depth,-2168,3487,1557,1788587025516789
cross_device,0,2,depth,-2167,3477,1682,1788587025550252
cross_device,0,2,depth,-2168,3465,1661,1788587025583548
cross_device,0,2,depth,-2168,3457,1580,1788587025616788
cross_device,0,2,depth,-2168,3447,1430,1788587025650132
cross_device,0,2,depth,-2168,3438,1519,1788587025683441
cross_device,0,2,depth,-2169,3425,1547,1788587025716758
cross_device,0,2,depth,-2169,3416,1413,1788587025750122
cross_device,0,2,depth,-2169,3406,1414,1788587025783447
cross_device,0,2,depth,-2170,3394,1578,1788587025816789
cross_device,0,2,depth,-2170,3385,1577,1788587025850143
cross_device,0,2,depth,-2170,3376,1556,1788587025883443
cross_device,0,2,depth,-2171,3365,1549,1788587025916766
cross_device,0,2,depth,-2170,3356,1685,1788587025950243
cross_device,0,2,depth,-2171,3347,1540,1788587025983429
cross_device,0,2,depth,-2171,3338,1437,1788587026016794
cross_device,0,2,depth,-2172,3326,1548,1788587026050132
cross_device,0,2,depth,-2172,3318,1806,1788587026083712
cross_device,0,2,depth,-2172,3309,1582,1788587026116814
cross_device,0,2,depth,-2173,3302,1529,1788587026150095
cross_device,0,2,depth,-2173,3292,1651,1788587026183539
cross_device,0,2,depth,-2173,3282,1445,1788587026216786
cross_device,0,2,depth,-2173,3272,1360,1788587026250097
cross_device,0,2,depth,-2174,3263,1524,1788587026283564
cross_device,0,2,depth,-2174,3253,1548,1788587026316767
cross_device,0,2,depth,-2175,3245,1541,1788587026350125
cross_device,0,2,depth,-2174,3236,1542,1788587026383430
cross_device,0,2,depth,-2175,3227,1698,1788587026417064
cross_device,0,2,depth,-2175,3220,1431,1788587026450137
cross_device,0,2,depth,-2176,3209,1553,1788587026483433
cross_device,0,2,depth,-2176,3201,1671,1788587026516900
cross_device,0,2,depth,-2176,3195,1667,1788587026550235
cross_device,0,2,depth,-2177,3185,1640,1788587026583542
cross_device,0,2,depth,-2177,3178,1715,1788587026616916
cross_device,0,2,depth,-2177,3171,1537,1788587026650102
cross_device,0,2,depth,-2177,3163,1416,1788587026683450
cross_device,0,2,depth,-2177,3154,1693,1788587026716913
cross_device,0,2,depth,-2178,3147,1568,1788587026750142
cross_device,0,2,depth,-2178,3137,1517,1788587026783419
cross_device,0,2,depth,-2178,3132,1738,1788587026816960
cross_device,0,2,depth,-2179,3124,1541,1788587026850123
cross_device,0,2,depth,-2179,3115,1422,1788587026883431
cross_device,0,2,depth,-2180,3107,1573,1788587026916922
cross_device,0,2,depth,-2179,3098,1655,1788587026950214
cross_device,0,2,depth,-2180,3089,1403,1788587026983420
cross_device,0,2,depth,-2180,3082,1469,1788587027016808
cross_device,0,2,depth,-2181,3072,1505,1788587027050095
cross_device,0,2,depth,-2181,3065,1528,1788587027083417
cross_device,0,2,depth,-2181,3058,1554,1788587027116771
cross_device,0,2,depth,-2181,3049,1419,1788587027150127
cross_device,0,2,depth,-2182,3040,1369,1788587027183417
cross_device,0,2,depth,-2182,3033,1554,1788587027216797
cross_device,0,2,depth,-2182,3029,1803,1788587027250377
cross_device,0,2,depth,-2182,3021,1707,1788587027283740
cross_device,0,2,depth,-2182,3016,1666,1788587027316896
cross_device,0,2,depth,-2183,3007,1638,1788587027350204
cross_device,0,2,depth,-2183,3000,1653,1788587027383558
cross_device,0,2,depth,-2183,2996,1658,1788587027416890
cross_device,0,2,depth,-2184,2989,1646,1788587027450212
cross_device,0,2,depth,-2184,2981,1625,1788587027483528
cross_device,0,2,depth,-2184,2975,1530,1788587027516763
cross_device,0,2,depth,-2184,2969,1693,1788587027550264
cross_device,0,2,depth,-2185,2963,1813,1788587027583704
cross_device,0,2,depth,-2185,2957,1537,1788587027616761
cross_device,0,2,depth,-2186,2948,1532,1788587027650239
cross_device,0,2,depth,-2186,2943,1516,1788587027683454
cross_device,0,2,depth,-2186,2937,1532,1788587027716758
cross_device,0,2,depth,-2186,2929,1541,1788587027750124
cross_device,0,2,depth,-2187,2920,1404,1788587027783431
cross_device,0,2,depth,-2187,2913,1576,1788587027816920
cross_device,0,2,depth,-2187,2907,1514,1788587027850092
cross_device,0,2,depth,-2187,2901,1550,1788587027883447
cross_device,0,2,depth,-2188,2893,1540,1788587027916761
cross_device,0,2,depth,-2188,2888,1644,1788587027950216
cross_device,0,2,depth,-2188,2882,1696,1788587027983588
cross_device,0,2,depth,-2188,2877,1551,1788587028016771
cross_device,0,2,depth,-2188,2870,1509,1788587028050092
cross_device,0,2,depth,-2190,2863,1673,1788587028083585
cross_device,0,2,depth,-2189,2858,1534,1788587028116766
cross_device,0,2,depth,-2190,2849,1549,1788587028150137
cross_device,0,2,depth,-2190,2845,1638,1788587028183547
cross_device,0,2,depth,-2191,2839,1571,1788587028216930
cross_device,0,2,depth,-2190,2831,1423,1788587028250132
cross_device,0,2,depth,-2190,2828,1534,1788587028283567
cross_device,0,2,depth,-2191,2820,1534,1788587028316774
cross_device,0,2,depth,-2191,2813,1520,1788587028350097
cross_device,0,2,depth,-2191,2808,1526,1788587028383424
cross_device,0,2,depth,-2192,2803,1670,1788587028416904
cross_device,0,2,depth,-2192,2797,1521,1788587028450109
cross_device,0,2,depth,-2193,2789,1549,1788587028483453
cross_device,0,2,depth,-2192,2786,1562,1788587028516792
cross_device,0,2,depth,-2193,2778,1536,1788587028550106
cross_device,0,2,depth,-2193,2773,1530,1788587028583435
cross_device,0,2,depth,-2194,2767,1542,1788587028616763
cross_device,0,2,depth,-2194,2762,1518,1788587028650086
cross_device,0,2,depth,-2194,2755,1529,1788587028683425
cross_device,0,2,depth,-2194,2748,1273,1788587028716751
cross_device,0,2,depth,-2194,2744,1566,1788587028750123
cross_device,0,2,depth,-2195,2736,1536,1788587028783415
cross_device,0,2,depth,-2195,2731,1528,1788587028816766
cross_device,0,2,depth,-2196,2726,1529,1788587028850094
cross_device,0,2,depth,-2195,2720,1402,1788587028883416
cross_device,0,2,depth,-2196,2714,1518,1788587028916764
cross_device,0,2,depth,-2196,2709,1552,1788587028950133
cross_device,0,2,depth,-2197,2701,1527,1788587028983547
cross_device,0,2,depth,-2197,2697,1422,1788587029016768
cross_device,0,2,depth,-2197,2692,1436,1788587029050124
cross_device,0,2,depth,-2197,2686,1540,1788587029083433
cross_device,0,2,depth,-2198,2681,1539,1788587029116774
cross_device,0,2,depth,-2198,2677,1559,1788587029150125
cross_device,0,2,depth,-2198,2671,1495,1788587029183429
cross_device,0,2,depth,-2198,2665,1509,1788587029216864
cross_device,0,2,depth,-2198,2660,1509,1788587029250211
cross_device,0,2,depth,-2199,2653,1400,1788587029283448
cross_device,0,2,depth,-2200,2645,1460,1788587029316802
cross_device,0,2,depth,-2200,2642,1568,1788587029350143
cross_device,0,2,depth,-2200,2638,1521,1788587029383420
cross_device,0,2,depth,-2200,2633,1456,1788587029416803
cross_device,0,2,depth,-2201,2627,1546,1788587029450120
cross_device,0,2,depth,-2201,2622,1552,1788587029483452
cross_device,0,2,depth,-2201,2617,1424,1788587029516767
cross_device,0,2,depth,-2201,2612,1538,1788587029550093
cross_device,0,2,depth,-2202,2607,1533,1788587029583416
cross_device,0,2,depth,-2202,2604,1822,1788587029617049
cross_device,0,2,depth,-2202,2601,1537,1788587029650094
cross_device,0,2,depth,-2203,2595,1542,1788587029683455
cross_device,0,2,depth,-2203,2591,1697,1788587029716920
cross_device,0,2,depth,-2203,2589,1388,1788587029750086
cross_device,0,2,depth,-2203,2583,1535,1788587029783428
cross_device,0,2,depth,-2204,2577,1563,1788587029816775
cross_device,0,2,depth,-2204,2570,1215,1788587029850105
cross_device,0,2,depth,-2205,2567,1552,1788587029883462
cross_device,0,2,depth,-2205,2560,1564,1788587029916781
cross_device,0,2,depth,-2205,2557,1427,1788587029950133
cross_device,0,2,depth,-2205,2552,1512,1788587029983413
cross_device,0,2,depth,-2205,2548,1443,1788587030016796
cross_device,0,2,depth,-2205,2543,1392,1788587030050094
cross_device,0,2,depth,-2206,2536,1533,1788587030083421
cross_device,0,2,depth,-2206,2534,1572,1788587030116806
cross_device,0,2,depth,-2206,2530,1551,1788587030150253
cross_device,0,2,depth,-2207,2526,1386,1788587030183429
cross_device,0,2,depth,-2207,2520,1562,1788587030216785
cross_device,0,2,depth,-2207,2514,1353,1788587030250208
cross_device,0,2,depth,-2208,2511,1531,1788587030283574
cross_device,0,2,depth,-2208,2508,1682,1788587030316913
cross_device,0,2,depth,-2209,2503,1346,1788587030350233
cross_device,0,2,depth,-2209,2499,1775,1788587030383660
cross_device,0,2,depth,-2208,2496,1556,1788587030416766
cross_device,0,2,depth,-2209,2492,1386,1788587030450093
cross_device,0,2,depth,-2209,2487,1550,1788587030483461
cross_device,0,2,depth,-2210,2483,1569,1788587030516798
cross_device,0,2,depth,-2210,2480,1554,1788587030550124
cross_device,0,2,depth,-2211,2475,1536,1788587030583446
cross_device,0,2,depth,-2210,2474,1558,1788587030616775
cross_device,0,2,depth,-2211,2468,1559,1788587030650109
cross_device,0,2,depth,-2211,2466,1562,1788587030683471
cross_device,0,2,depth,-2212,2461,1555,1788587030716773
cross_device,0,2,depth,-2212,2459,1497,1788587030750191
cross_device,0,2,depth,-2212,2453,1562,1788587030783455
cross_device,0,2,depth,-2212,2450,1571,1788587030816793
cross_device,0,2,depth,-2212,2448,1718,1788587030850426
cross_device,0,2,depth,-2213,2444,1651,1788587030883546
cross_device,0,2,depth,-2213,2443,1680,1788587030916922
cross_device,0,2,depth,-2213,2442,1826,1788587030950395
cross_device,0,2,depth,-2213,2437,1438,1788587030983461
cross_device,0,2,depth,-2214,2433,1459,1788587031016803
cross_device,0,2,depth,-2214,2429,1548,1788587031050123
cross_device,0,2,depth,-2214,2426,1408,1788587031083430
cross_device,0,2,depth,-2214,2421,1425,1788587031116772
cross_device,0,2,depth,-2215,2416,1405,1788587031150229
cross_device,0,2,depth,-2215,2412,1412,1788587031183423
cross_device,0,2,depth,-2215,2409,1575,1788587031216793
cross_device,0,2,depth,-2216,2404,1495,1788587031250222
cross_device,0,2,depth,-2216,2404,1586,1788587031283773
cross_device,0,2,depth,-2216,2400,1727,1788587031317077
cross_device,0,2,depth,-2217,2397,1831,1788587031350411
cross_device,0,2,depth,-2216,2397,1629,1788587031383529
cross_device,0,2,depth,-2217,2394,1672,1788587031416891
cross_device,0,2,depth,-2218,2391,1664,1788587031450236
cross_device,0,2,depth,-2218,2387,1623,1788587031483533
cross_device,0,2,depth,-2218,2384,1550,1788587031516774
cross_device,0,2,depth,-2219,2381,1559,1788587031550141
cross_device,0,2,depth,-2218,2380,1548,1788587031583447
cross_device,0,2,depth,-2219,2375,1533,1788587031616883
cross_device,0,2,depth,-2219,2371,1426,1788587031650132
cross_device,0,2,depth,-2220,2366,1417,1788587031683439
cross_device,0,2,depth,-2220,2362,1415,1788587031716758
cross_device,0,2,depth,-2220,2359,1571,1788587031750131
cross_device,0,2,depth,-2220,2358,1536,1788587031783435
cross_device,0,2,depth,-2220,2356,1557,1788587031816796
cross_device,0,2,depth,-2221,2352,1631,1788587031850206
cross_device,0,2,depth,-2221,2349,1552,1788587031883459
cross_device,0,2,depth,-2221,2345,1563,1788587031916787
cross_device,0,2,depth,-2222,2345,1696,1788587031950269
cross_device,0,2,depth,-2222,2342,1535,1788587031983423
cross_device,0,2,depth,-2222,2339,1544,1788587032016765
cross_device,0,2,depth,-2222,2336,1495,1788587032050204
cross_device,0,2,depth,-2223,2333,1536,1788587032083570
cross_device,0,2,depth,-2223,2331,1742,1788587032116947
cross_device,0,2,depth,-2224,2330,1705,1788587032150272
cross_device,0,2,depth,-2224,2327,1630,1788587032183538
cross_device,0,2,depth,-2224,2325,1654,1788587032216879
cross_device,0,2,depth,-2224,2322,1547,1788587032250121
cross_device,0,2,depth,-2224,2317,1236,1788587032283443
cross_device,0,2,depth,-2225,2315,1458,1788587032316800
cross_device,0,2,depth,-2225,2312,1564,1788587032350142
cross_device,0,2,depth,-2226,2308,1387,1788587032383420
cross_device,0,2,depth,-2226,2304,1542,1788587032416922
cross_device,0,2,depth,-2226,2302,1530,1788587032450107
cross_device,0,2,depth,-2226,2300,1563,1788587032483467
cross_device,0,2,depth,-2226,2298,1544,1788587032516773
cross_device,0,2,depth,-2226,2296,1580,1788587032550145
cross_device,0,2,depth,-2227,2293,1561,1788587032583450
cross_device,0,2,depth,-2227,2289,1590,1788587032616805
cross_device,0,2,depth,-2227,2288,1537,1788587032650111
cross_device,0,2,depth,-2228,2284,1412,1788587032683461
cross_device,0,2,depth,-2228,2282,1588,1788587032716804
cross_device,0,2,depth,-2228,2280,1538,1788587032750114
cross_device,0,2,depth,-2229,2276,1531,1788587032783416
cross_device,0,2,depth,-2229,2274,1581,1788587032816928
cross_device,0,2,depth,-2230,2272,1551,1788587032850128
cross_device,0,2,depth,-2229,2270,1422,1788587032883457
cross_device,0,2,depth,-2229,2268,1790,1788587032917008
cross_device,0,2,depth,-2230,2267,1689,1788587032950247
cross_device,0,2,depth,-2230,2264,1571,1788587032983592
cross_device,0,2,depth,-2231,2262,1562,1788587033016911
cross_device,0,2,depth,-2231,2259,1503,1788587033050199
cross_device,0,2,depth,-2231,2259,1531,1788587033083453
cross_device,0,2,depth,-2232,2254,1461,1788587033116809
cross_device,0,2,depth,-2232,2252,1557,1788587033150124
cross_device,0,2,depth,-2232,2250,1544,1788587033183435
cross_device,0,2,depth,-2232,2247,1457,1788587033216816
cross_device,0,2,depth,-2232,2246,1627,1788587033250206
cross_device,0,2,depth,-2232,2242,1387,1788587033283435
cross_device,0,2,depth,-2233,2240,1525,1788587033316879
cross_device,0,2,depth,-2234,2237,1537,1788587033350103
cross_device,0,2,depth,-2234,2234,1426,1788587033383461
cross_device,0,2,depth,-2234,2230,1311,1788587033416794
cross_device,0,2,depth,-2234,2228,1520,1788587033450096
cross_device,0,2,depth,-2235,2225,1544,1788587033483465
cross_device,0,2,depth,-2235,2224,1571,1788587033516808
cross_device,0,2,depth,-2235,2222,1506,1788587033550084
cross_device,0,2,depth,-2235,2220,1516,1788587033583419
cross_device,0,2,depth,-2235,2219,1702,1788587033616923
cross_device,0,2,depth,-2236,2217,1526,1788587033650105
cross_device,0,2,depth,-2234,2216,1517,1788587033683423
cross_device,0,2,depth,-2236,2211,1536,1788587033716764
cross_device,0,2,depth,-2237,2210,1534,1788587033750114
cross_device,0,2,depth,-2234,2211,1521,1788587033783434
cross_device,0,2,depth,-2237,2205,1586,1788587033816803
cross_device,0,2,depth,-2238,2204,1532,1788587033850103
cross_device,0,2,depth,-2232,2206,1546,1788587033883444
cross_device,0,2,depth,-2239,2199,1576,1788587033916813
cross_device,0,2,depth,-2239,2197,1449,1788587033950134
cross_device,0,2,depth,-2231,2204,1552,1788587033983583
cross_device,0,2,depth,-2239,2193,1612,1788587034016964
cross_device,0,2,depth,-2239,2194,1734,1788587034050313
cross_device,0,2,depth,-2232,2199,1692,1788587034083589
cross_device,0,2,depth,-2240,2191,1539,1788587034116897
cross_device,0,2,depth,-2240,2188,1529,1788587034150101
cross_device,0,2,depth,-2241,2187,1553,1788587034183453
cross_device,0,2,depth,-2241,2183,1290,1788587034216800
cross_device,0,2,depth,-2241,2180,1398,1788587034250105
cross_device,0,2,depth,-2241,2178,1531,1788587034283429
cross_device,0,2,depth,-2242,2176,1443,1788587034316831
cross_device,0,2,depth,-2242,2173,1414,1788587034350142
cross_device,0,2,depth,-2242,2170,1374,1788587034383415
cross_device,0,2,depth,-2242,2167,1380,1788587034416895
cross_device,0,2,depth,-2243,2165,1517,1788587034450100
cross_device,0,2,depth,-2243,2164,1538,1788587034483453
cross_device,0,2,depth,-2244,2161,1662,1788587034516899
cross_device,0,2,depth,-2243,2161,1558,1788587034550144
cross_device,0,2,depth,-2244,2158,1530,1788587034583439
cross_device,0,2,depth,-2244,2158,1546,1788587034616780
cross_device,0,2,depth,-2244,2156,1543,1788587034650123
cross_device,0,2,depth,-2245,2154,1551,1788587034683456
cross_device,0,2,depth,-2245,2154,1666,1788587034716895
cross_device,0,2,depth,-2245,2151,1522,1788587034750106
cross_device,0,2,depth,-2245,2151,1536,1788587034783448
cross_device,0,2,depth,-2246,2147,1570,1788587034816792
cross_device,0,2,depth,-2246,2146,1303,1788587034850141
cross_device,0,2,depth,-2246,2143,1429,1788587034883459
cross_device,0,2,depth,-2247,2140,1534,1788587034916753
cross_device,0,2,depth,-2247,2140,1692,1788587034950385
cross_device,0,2,depth,-2247,2139,1437,1788587034983456
cross_device,0,2,depth,-2247,2136,1193,1788587035016770
cross_device,0,2,depth,-2248,2132,1507,1788587035050208
cross_device,0,2,depth,-2248,2131,1671,1788587035083577
cross_device,0,2,depth,-2248,2130,1528,1788587035116763
cross_device,0,2,depth,-2249,2127,1372,1788587035150093
cross_device,0,2,depth,-2248,2126,1657,1788587035183569
cross_device,0,2,depth,-2249,2126,1711,1788587035216930
cross_device,0,2,depth,-2249,2126,1750,1788587035250346
cross_device,0,2,depth,-2250,2126,1716,1788587035283613
cross_device,0,2,depth,-2250,2126,1569,1788587035316787
cross_device,0,2,depth,-2250,2125,1559,1788587035350148
cross_device,0,2,depth,-2250,2124,1515,1788587035383419
cross_device,0,2,depth,-2250,2122,1564,1788587035416784
cross_device,0,2,depth,-2251,2118,1371,1788587035450099
cross_device,0,2,depth,-2251,2116,1389,1788587035483455
cross_device,0,2,depth,-2252,2112,1406,1788587035516769
cross_device,0,2,depth,-2252,2111,1641,1788587035550216
cross_device,0,2,depth,-2253,2110,1507,1788587035583419
cross_device,0,2,depth,-2253,2107,1559,1788587035616785
cross_device,0,2,depth,-2252,2109,1504,1788587035650096
cross_device,0,2,depth,-2253,2107,1427,1788587035683464
cross_device,0,2,depth,-2254,2105,1543,1788587035716771
cross_device,0,2,depth,-2254,2103,1569,1788587035750139
cross_device,0,2,depth,-2254,2102,1524,1788587035783423
cross_device,0,2,depth,-2254,2101,1555,1788587035816767
cross_device,0,2,depth,-2254,2099,1539,1788587035850105
cross_device,0,2,depth,-2255,2100,1550,1788587035883461
cross_device,0,2,depth,-2255,2096,1535,1788587035916762
cross_device,0,2,depth,-2255,2096,1648,1788587035950217
cross_device,0,2,depth,-2255,2093,1204,1788587035983433
cross_device,0,2,depth,-2256,2092,1555,1788587036016791
cross_device,0,2,depth,-2256,2090,1527,1788587036050097
cross_device,0,2,depth,-2256,2089,1536,1788587036083438
cross_device,0,2,depth,-2257,2088,1549,1788587036116777
cross_device,0,2,depth,-2257,2085,1435,1788587036150139
cross_device,0,2,depth,-2257,2085,1643,1788587036183539
cross_device,0,2,depth,-2257,2087,1746,1788587036216964
cross_device,0,2,depth,-2258,2083,1393,1788587036250094
cross_device,0,2,depth,-2258,2081,1404,1788587036283451
cross_device,0,2,depth,-2259,2080,1719,1788587036316945
cross_device,0,2,depth,-2258,2082,1708,1788587036350293
cross_device,0,2,depth,-2258,2079,1425,1788587036383466
cross_device,0,2,depth,-2259,2079,1652,1788587036416893
cross_device,0,2,depth,-2260,2078,1627,1788587036450212
cross_device,0,2,depth,-2260,2077,1543,1788587036483458
cross_device,0,2,depth,-2260,2077,1703,1788587036516941
cross_device,0,2,depth,-2261,2076,1681,1788587036550252
cross_device,0,2,depth,-2260,2076,1676,1788587036583575
cross_device,0,2,depth,-2261,2074,1590,1788587036616947
cross_device,0,2,depth,-2261,2076,1705,1788587036650279
cross_device,0,2,depth,-2262,2075,1545,1788587036683457
cross_device,0,2,depth,-2262,2073,1598,1788587036716963
cross_device,0,2,depth,-2262,2072,1563,1788587036750267
cross_device,0,2,depth,-2262,2073,1672,1788587036783571
cross_device,0,2,depth,-2263,2071,1564,1788587036816789
cross_device,0,2,depth,-2263,2070,1687,1788587036850256
cross_device,0,2,depth,-2263,2072,1697,1788587036883598
cross_device,0,2,depth,-2263,2069,1437,1788587036916794
cross_device,0,2,depth,-2263,2068,1538,1788587036950103
cross_device,0,2,depth,-2264,2068,1554,1788587036983456
cross_device,0,2,depth,-2265,2064,1267,1788587037016796
cross_device,0,2,depth,-2265,2064,1717,1788587037050421
cross_device,0,2,depth,-2265,2064,1547,1788587037083454
cross_device,0,2,depth,-2265,2062,1568,1788587037116803
cross_device,0,2,depth,-2265,2062,1559,1788587037150139
cross_device,0,2,depth,-2265,2062,1664,1788587037183582
cross_device,0,2,depth,-2266,2062,1716,1788587037216946
cross_device,0,2,depth,-2266,2061,1694,1788587037250272
cross_device,0,2,depth,-2266,2061,1572,1788587037283471
cross_device,0,2,depth,-2267,2059,1417,1788587037316783
cross_device,0,2,depth,-2267,2058,1693,1788587037350267
cross_device,0,2,depth,-2267,2056,1382,1788587037383448
cross_device,0,2,depth,-2268,2055,1465,1788587037416809
cross_device,0,2,depth,-2268,2054,1515,1788587037450234
cross_device,0,2,depth,-2268,2055,1563,1788587037483470
cross_device,0,2,depth,-2268,2054,1533,1788587037516770
cross_device,0,2,depth,-2269,2051,1395,1788587037550092
cross_device,0,2,depth,-2269,2049,1558,1788587037583463
cross_device,0,2,depth,-2269,2049,1549,1788587037616773
cross_device,0,2,depth,-2270,2048,1701,1788587037650264
cross_device,0,2,depth,-2270,2046,1558,1788587037683456
cross_device,0,2,depth,-2270,2047,1581,1788587037716799
cross_device,0,2,depth,-2270,2046,1537,1788587037750247
cross_device,0,2,depth,-2270,2047,1612,1788587037783648
cross_device,0,2,depth,-2271,2044,1440,1788587037816797
cross_device,0,2,depth,-2271,2044,1525,1788587037850105
cross_device,0,2,depth,-2272,2043,1571,1788587037883471
cross_device,0,2,depth,-2272,2042,1540,1788587037916768
cross_device,0,2,depth,-2272,2043,1521,1788587037950102
cross_device,0,2,depth,-2272,2041,1528,1788587037983438
cross_device,0,2,depth,-2273,2039,1563,1788587038016796
cross_device,0,2,depth,-2273,2040,1566,1788587038050140
cross_device,0,2,depth,-2273,2041,1681,1788587038083593
cross_device,0,2,depth,-2274,2039,1569,1788587038116793
cross_device,0,2,depth,-2274,2039,1525,1788587038150094
cross_device,0,2,depth,-2274,2039,1669,1788587038183580
cross_device,0,2,depth,-2275,2039,1740,1788587038216959
cross_device,0,2,depth,-2274,2040,1674,1788587038250385
cross_device,0,2,depth,-2275,2038,1534,1788587038283431
cross_device,0,2,depth,-2275,2037,1561,1788587038316796
cross_device,0,2,depth,-2275,2039,1569,1788587038350137
cross_device,0,2,depth,-2275,2037,1526,1788587038383420
cross_device,0,2,depth,-2276,2038,1676,1788587038416903
cross_device,0,2,depth,-2276,2036,1539,1788587038450106
cross_device,0,2,depth,-2277,2036,1543,1788587038483453
cross_device,0,2,depth,-2277,2033,1391,1788587038516777
cross_device,0,2,depth,-2277,2032,1424,1788587038550151
cross_device,0,2,depth,-2277,2033,1514,1788587038583423
cross_device,0,2,depth,-2277,2032,1597,1788587038616818
cross_device,0,2,depth,-2278,2029,1558,1788587038650129
cross_device,0,2,depth,-2278,2030,1675,1788587038683581
cross_device,0,2,depth,-2278,2031,1577,1788587038716809
cross_device,0,2,depth,-2279,2030,1548,1788587038750130
cross_device,0,2,depth,-2279,2029,1567,1788587038783454
cross_device,0,2,depth,-2280,2030,1721,1788587038816930
cross_device,0,2,depth,-2280,2028,1573,1788587038850143
cross_device,0,2,depth,-2280,2029,1551,1788587038883459
cross_device,0,2,depth,-2280,2027,1529,1788587038916881
cross_device,0,2,depth,-2281,2027,1528,1788587038950099
cross_device,0,2,depth,-2280,2027,1593,1788587038983607
cross_device,0,2,depth,-2281,2025,1258,1788587039016806
cross_device,0,2,depth,-2281,2025,1637,1788587039050213
cross_device,0,2,depth,-2282,2024,1682,1788587039083594
cross_device,0,2,depth,-2282,2024,1730,1788587039116957
cross_device,0,2,depth,-2282,2025,1652,1788587039150225
cross_device,0,2,depth,-2283,2025,1546,1788587039183453
cross_device,0,2,depth,-2282,2025,1568,1788587039216785
cross_device,0,2,depth,-2283,2024,1562,1788587039250125
cross_device,0,2,depth,-2283,2024,1556,1788587039283453
cross_device,0,2,depth,-2283,2024,1569,1788587039316786
cross_device,0,2,depth,-2284,2021,1548,1788587039350123
cross_device,0,2,depth,-2284,2022,1520,1788587039383423
cross_device,0,2,depth,-2285,2021,1556,1788587039416778
cross_device,0,2,depth,-2285,2018,1362,1788587039450104
cross_device,0,2,depth,-2285,2019,1542,1788587039483451
cross_device,0,2,depth,-2285,2018,1551,1788587039516777
cross_device,0,2,depth,-2285,2018,1579,1788587039550140
cross_device,0,2,depth,-2286,2017,1407,1788587039583468
cross_device,0,2,depth,-2286,2017,1436,1788587039616784
cross_device,0,2,depth,-2287,2013,1397,1788587039650087
cross_device,0,2,depth,-2287,2012,1414,1788587039683467
cross_device,0,2,depth,-2287,2010,1404,1788587039716767
cross_device,0,2,depth,-2287,2009,1557,1788587039750131
cross_device,0,2,depth,-2287,2009,1523,1788587039783426
cross_device,0,2,depth,-2287,2010,1570,1788587039816786
cross_device,0,2,depth,-2288,2008,1543,1788587039850112
cross_device,0,2,depth,-2289,2008,1548,1788587039883442
cross_device,0,2,depth,-2289,2008,1576,1788587039916791
cross_device,0,2,depth,-2289,2008,1568,1788587039950134
cross_device,0,2,depth,-2289,2007,1425,1788587039983451
cross_device,0,2,depth,-2289,2008,1588,1788587040016802
cross_device,0,2,depth,-2289,2005,1520,1788587040050092
cross_device,0,2,depth,-2290,2004,1378,1788587040083445
cross_device,0,2,depth,-2290,2005,1590,1788587040116808
cross_device,0,2,depth,-2290,2004,1516,1788587040150092
cross_device,0,2,depth,-2290,2004,1686,1788587040183585
cross_device,0,2,depth,-2291,2005,1738,1788587040216954
cross_device,0,2,depth,-2291,2004,1581,1788587040250156
cross_device,0,2,depth,-2292,2004,1544,1788587040283575
cross_device,0,2,depth,-2291,2004,1551,1788587040316904
cross_device,0,2,depth,-2292,2003,1541,1788587040350276
cross_device,0,2,depth,-2292,2002,1680,1788587040383569
cross_device,0,2,depth,-2293,2005,1583,1788587040416801
cross_device,0,2,depth,-2293,2002,1389,1788587040450123
cross_device,0,2,depth,-2293,2000,1394,1788587040483449
cross_device,0,2,depth,-2294,2002,1849,1788587040517083
cross_device,0,2,depth,-2294,2001,1493,1788587040550076
cross_device,0,2,depth,-2294,2001,1561,1788587040583463
cross_device,0,2,depth,-2295,2000,1582,1788587040616802
cross_device,0,2,depth,-2295,1999,1527,1788587040650103
cross_device,0,2,depth,-2295,1999,1534,1788587040683437
cross_device,0,2,depth,-2295,1998,1463,1788587040716813
cross_device,0,2,depth,-2295,1999,1575,1788587040750137
cross_device,0,2,depth,-2296,1998,1511,1788587040783429
cross_device,0,2,depth,-2296,1997,1424,1788587040816772
cross_device,0,2,depth,-2297,1997,1586,1788587040850141
cross_device,0,2,depth,-2297,1995,1575,1788587040883468
cross_device,0,2,depth,-2296,1996,1525,1788587040916763
cross_device,0,2,depth,-2297,1995,1577,1788587040950136
cross_device,0,2,depth,-2298,1994,1561,1788587040983588
cross_device,0,2,depth,-2298,1994,1453,1788587041016794
cross_device,0,2,depth,-2298,1995,1538,1788587041050093
cross_device,0,2,depth,-2298,1992,1395,1788587041083444
cross_device,0,2,depth,-2299,1992,1579,1788587041116801
cross_device,0,2,depth,-2298,1991,1522,1788587041150085
cross_device,0,2,depth,-2299,1991,1519,1788587041183544
cross_device,0,2,depth,-2299,1989,1413,1788587041216941
cross_device,0,2,depth,-2299,1990,1644,1788587041250226
cross_device,0,2,depth,-2300,1990,1550,1788587041283454
cross_device,0,2,depth,-2301,1988,1557,1788587041316901
cross_device,0,2,depth,-2300,1987,1398,1788587041350088
cross_device,0,2,depth,-2301,1988,1544,1788587041383443
cross_device,0,2,depth,-2301,1987,1573,1788587041416798
cross_device,0,2,depth,-2301,1987,1454,1788587041450151
cross_device,0,2,depth,-2302,1986,1537,1788587041483448
cross_device,0,2,depth,-2302,1985,1550,1788587041516903
cross_device,0,2,depth,-2302,1985,1568,1788587041550134
cross_device,0,2,depth,-2302,1983,1381,1788587041583433
cross_device,0,2,depth,-2303,1984,1414,1788587041616778
cross_device,0,2,depth,-2303,1982,1414,1788587041650153
cross_device,0,2,depth,-2304,1980,1554,1788587041683466
cross_device,0,2,depth,-2304,1981,1563,1788587041716782
cross_device,0,2,depth,-2304,1981,1547,1788587041750120
cross_device,0,2,depth,-2304,1981,1565,1788587041783464
cross_device,0,2,depth,-2304,1981,1579,1788587041816801
cross_device,0,2,depth,-2304,1979,1419,1788587041850119
cross_device,0,2,depth,-2305,1980,1556,1788587041883468
cross_device,0,2,depth,-2305,1979,1587,1788587041916809
cross_device,0,2,depth,-2305,1980,1565,1788587041950125
cross_device,0,2,depth,-2306,1979,1548,1788587041983449
cross_device,0,2,depth,-2306,1978,1292,1788587042016805
cross_device,0,2,depth,-2306,1976,1578,1788587042050151
cross_device,0,2,depth,-2307,1976,1654,1788587042083567
cross_device,0,2,depth,-2307,1976,1410,1788587042116767
cross_device,0,2,depth,-2307,1974,1429,1788587042150126
cross_device,0,2,depth,-2308,1973,1556,1788587042183590
cross_device,0,2,depth,-2308,1974,1642,1788587042216990
cross_device,0,2,depth,-2308,1976,1639,1788587042250208
cross_device,0,2,depth,-2308,1976,1566,1788587042283592
cross_device,0,2,depth,-2308,1977,1756,1788587042316981
cross_device,0,2,depth,-2308,1978,1546,1788587042350117
cross_device,0,2,depth,-2310,1974,1429,1788587042383445
cross_device,0,2,depth,-2310,1974,1596,1788587042416823
cross_device,0,2,depth,-2309,1975,1528,1788587042450103
cross_device,0,2,depth,-2312,1973,1421,1788587042483458
cross_device,0,2,depth,-2311,1972,1447,1788587042516801
cross_device,0,2,depth,-2310,1972,1407,1788587042550125
cross_device,0,2,depth,-2312,1969,1521,1788587042583431
cross_device,0,2,depth,-2311,1973,1581,1788587042616801
cross_device,1,2,depth,-1910,487,1691,1788587012616917
cross_device,1,2,depth,-1911,53,1551,1788587012650118
cross_device,1,2,depth,-1912,52,1540,1788587012683443
cross_device,1,2,depth,-1911,52,1547,1788587012716768
cross_device,1,2,depth,-1911,50,1580,1788587012750148
cross_device,1,2,depth,-1912,48,1542,1788587012783430
cross_device,1,2,depth,-1913,46,1587,1788587012816807
cross_device,1,2,depth,-1912,48,1526,1788587012850088
cross_device,1,2,depth,-1913,46,1566,1788587012883467
cross_device,1,2,depth,-1912,45,1409,1788587012916799
cross_device,1,2,depth,-1913,43,1585,1788587012950143
cross_device,1,2,depth,-1914,94,1514,1788587012983421
cross_device,1,2,depth,-1914,95,1444,1788587013016801
cross_device,1,2,depth,-1913,95,1536,1788587013050103
cross_device,1,2,depth,-1914,96,1552,1788587013083597
cross_device,1,2,depth,-1914,94,1572,1788587013116786
cross_device,1,2,depth,-1915,93,1557,1788587013150118
cross_device,1,2,depth,-1915,95,1559,1788587013183474
cross_device,1,2,depth,-1915,95,1558,1788587013216780
cross_device,1,2,depth,-1915,96,1542,1788587013250249
cross_device,1,2,depth,-1915,96,1413,1788587013283443
cross_device,1,2,depth,-1916,96,1285,1788587013316766
cross_device,1,2,depth,-1916,97,1573,1788587013350303
cross_device,1,2,depth,-1916,97,1539,1788587013383443
cross_device,1,2,depth,-1916,97,1434,1788587013416789
cross_device,1,2,depth,-1916,97,1753,1788587013450457
cross_device,1,2,depth,-1916,97,1665,1788587013483566
cross_device,1,2,depth,-1916,98,1570,1788587013516808
cross_device,1,2,depth,-1917,98,1545,1788587013550117
cross_device,1,2,depth,-1918,96,1548,1788587013583449
cross_device,1,2,depth,-1917,96,1589,1788587013616813
cross_device,1,2,depth,-1917,-71,1400,1788587013650104
cross_device,1,2,depth,-1918,-72,1551,1788587013683446
cross_device,1,2,depth,-1918,-73,1597,1788587013716808
cross_device,1,2,depth,-1918,-75,1420,1788587013750122
cross_device,1,2,depth,-1919,-76,1549,1788587013783439
cross_device,1,2,depth,-1918,-76,1431,1788587013816775
cross_device,1,2,depth,-1919,-77,1436,1788587013850139
cross_device,1,2,depth,-1918,-78,1693,1788587013883575
cross_device,1,2,depth,-1919,-77,1604,1788587013916809
cross_device,1,2,depth,-1919,-79,1407,1788587013950104
cross_device,1,2,depth,-1919,-94,1370,1788587013983597
cross_device,1,2,depth,-1920,-97,1217,1788587014016782
cross_device,1,2,depth,-1920,-98,1586,1788587014050144
cross_device,1,2,depth,-1921,-100,1560,1788587014083448
cross_device,1,2,depth,-1920,-101,1855,1788587014117076
cross_device,1,2,depth,-1920,-102,1586,1788587014150141
cross_device,1,2,depth,-1921,-107,1532,1788587014183429
cross_device,1,2,depth,-1921,-107,1553,1788587014216782
cross_device,1,2,depth,-1922,-110,1689,1788587014250243
cross_device,1,2,depth,-1922,-113,1703,1788587014283599
cross_device,1,2,depth,-1922,-113,1571,1788587014316787
cross_device,1,2,depth,-1922,-115,1558,1788587014350124
cross_device,1,2,depth,-1922,-117,1658,1788587014383552
cross_device,1,2,depth,-1923,-119,1574,1788587014416799
cross_device,1,2,depth,-1922,-120,1540,1788587014450098
cross_device,1,2,depth,-1923,-124,1717,1788587014483611
cross_device,1,2,depth,-1923,-126,1701,1788587014516923
cross_device,1,2,depth,-1923,-127,1674,1788587014550242
cross_device,1,2,depth,-1924,-129,1694,1788587014583594
cross_device,1,2,depth,-1924,-131,1746,1788587014616964
cross_device,1,2,depth,-1923,-78,1559,1788587014650260
cross_device,1,2,depth,-1924,-79,1720,1788587014683607
cross_device,1,2,depth,-1924,-79,1591,1788587014716807
cross_device,1,2,depth,-1925,-80,1403,1788587014750105
cross_device,1,2,depth,-1924,-81,1526,1788587014783425
cross_device,1,2,depth,-1923,-81,1605,1788587014816813
cross_device,1,2,depth,-1925,-82,1543,1788587014850109
cross_device,1,2,depth,-1925,-83,1530,1788587014883428
cross_device,1,2,depth,-1925,-81,1429,1788587014916791
cross_device,1,2,depth,-1926,-84,1566,1788587014950128
cross_device,1,2,depth,-1926,-223,1392,1788587014983413
cross_device,1,2,depth,-1925,-223,1433,1788587015016777
cross_device,1,2,depth,-1927,-225,1577,1788587015050141
cross_device,1,2,depth,-1927,-223,1546,1788587015083436
cross_device,1,2,depth,-1920,-218,1564,1788587015116788
cross_device,1,2,depth,-1927,-226,1448,1788587015150147
cross_device,1,2,depth,-1927,-226,1557,1788587015183456
cross_device,1,2,depth,-1920,-220,1600,1788587015216806
cross_device,1,2,depth,-1928,-227,1540,1788587015250124
cross_device,1,2,depth,-1928,-229,1544,1788587015283463
cross_device,1,2,depth,-1928,-229,1593,1788587015316812
cross_device,1,2,depth,-1929,-231,1535,1788587015350104
cross_device,1,2,depth,-1928,-229,1530,1788587015383436
cross_device,1,2,depth,-1921,-221,1609,1788587015416813
cross_device,1,2,depth,-1929,-232,1534,1788587015450093
cross_device,1,2,depth,-1929,-231,1545,1788587015483438
cross_device,1,2,depth,-1929,-232,1548,1788587015516895
cross_device,1,2,depth,-1929,-232,1421,1788587015550146
cross_device,1,2,depth,-1929,-232,1543,1788587015583435
cross_device,1,2,depth,-1930,-234,1576,1788587015616801
cross_device,1,2,depth,-1930,138,1418,1788587015650151
cross_device,1,2,depth,-1931,137,1569,1788587015683468
cross_device,1,2,depth,-1931,136,1570,1788587015716785
cross_device,1,2,depth,-1931,136,1576,1788587015750140
cross_device,1,2,depth,-1931,135,1411,1788587015783440
cross_device,1,2,depth,-1931,137,1571,1788587015816791
cross_device,1,2,depth,-1931,136,1583,1788587015850143
cross_device,1,2,depth,-1932,134,1413,1788587015883452
cross_device,1,2,depth,-1932,134,1407,1788587015916760
cross_device,1,2,depth,-1932,136,1411,1788587015950119
cross_device,1,2,depth,-1932,-95,1432,1788587015983450
cross_device,1,2,depth,-1932,-94,1584,1788587016016799
cross_device,1,2,depth,-1933,-95,1555,1788587016050115
cross_device,1,2,depth,-1933,-93,1543,1788587016083460
cross_device,1,2,depth,-1933,-93,1594,1788587016116816
cross_device,1,2,depth,-1934,-94,1429,1788587016150130
cross_device,1,2,depth,-1934,-94,1542,1788587016183440
cross_device,1,2,depth,-1934,-92,1566,1788587016216789
cross_device,1,2,depth,-1934,-93,1554,1788587016250131
cross_device,1,2,depth,-1934,-92,1431,1788587016283465
cross_device,1,2,depth,-1934,-91,1556,1788587016316777
cross_device,1,2,depth,-1934,-91,1552,1788587016350107
cross_device,1,2,depth,-1935,-92,1571,1788587016383461
cross_device,1,2,depth,-1935,-91,1754,1788587016416960
cross_device,1,2,depth,-1935,-92,1528,1788587016450100
cross_device,1,2,depth,-1936,-91,1503,1788587016483529
cross_device,1,2,depth,-1935,-90,1753,1788587016517101
cross_device,1,2,depth,-1936,-90,1549,1788587016550241
cross_device,1,2,depth,-1936,-89,1565,1788587016583588
cross_device,1,2,depth,-1936,-91,1601,1788587016616810
cross_device,1,2,depth,-1937,472,1577,1788587016650140
cross_device,1,2,depth,-1937,471,1423,1788587016683441
cross_device,1,2,depth,-1937,472,1553,1788587016716773
cross_device,1,2,depth,-1938,471,1567,1788587016750130
cross_device,1,2,depth,-1938,470,1570,1788587016783460
cross_device,1,2,depth,-1938,470,1440,1788587016816785
cross_device,1,2,depth,-1938,472,1562,1788587016850130
cross_device,1,2,depth,-1938,471,1561,1788587016883453
cross_device,1,2,depth,-1938,472,1390,1788587016916774
cross_device,1,2,depth,-1938,471,1561,1788587016950130
cross_device,1,2,depth,-1939,-19,1580,1788587016983477
cross_device,1,2,depth,-1939,-20,1317,1788587017016789
cross_device,1,2,depth,-1939,-21,1410,1788587017050118
cross_device,1,2,depth,-1939,-22,1535,1788587017083443
cross_device,1,2,depth,-1939,-23,1583,1788587017116806
cross_device,1,2,depth,-1940,-25,1552,1788587017150256
cross_device,1,2,depth,-1941,-25,1380,1788587017183421
cross_device,1,2,depth,-1941,-25,1444,1788587017216807
cross_device,1,2,depth,-1941,-26,1541,1788587017250261
cross_device,1,2,depth,-1941,-26,1563,1788587017283459
cross_device,1,2,depth,-1941,-27,1578,1788587017316803
cross_device,1,2,depth,-1942,-29,1580,1788587017350143
cross_device,1,2,depth,-1941,-28,1537,1788587017383430
cross_device,1,2,depth,-1941,-29,1460,1788587017416812
cross_device,1,2,depth,-1942,-30,1553,1788587017450252
cross_device,1,2,depth,-1941,-29,1527,1788587017483421
cross_device,1,2,depth,-1942,-31,1533,1788587017516762
cross_device,1,2,depth,-1942,-32,1688,1788587017550246
cross_device,1,2,depth,-1943,-35,1682,1788587017583580
cross_device,1,2,depth,-1943,-34,1749,1788587017616969
cross_device,1,2,depth,-1943,-247,1669,1788587017650237
cross_device,1,2,depth,-1943,-247,1528,1788587017683426
cross_device,1,2,depth,-1943,-247,1599,1788587017716817
cross_device,1,2,depth,-1943,-246,1573,1788587017750138
cross_device,1,2,depth,-1944,-248,1532,1788587017783427
cross_device,1,2,depth,-1944,-247,1588,1788587017816804
cross_device,1,2,depth,-1944,-248,1550,1788587017850113
cross_device,1,2,depth,-1944,-247,1578,1788587017883462
cross_device,1,2,depth,-1945,-247,1499,1788587017916841
cross_device,1,2,depth,-1944,-247,1278,1788587017950109
cross_device,1,2,depth,-1945,-249,1424,1788587017983450
cross_device,1,2,depth,-1946,-248,1425,1788587018016783
cross_device,1,2,depth,-1946,-248,1427,1788587018050133
cross_device,1,2,depth,-1945,-246,1566,1788587018083457
cross_device,1,2,depth,-1946,-247,1569,1788587018116784
cross_device,1,2,depth,-1946,-247,1430,1788587018150129
cross_device,1,2,depth,-1946,-247,1550,1788587018183452
cross_device,1,2,depth,-1947,-248,1604,1788587018216820
cross_device,1,2,depth,-1947,-249,1378,1788587018250226
cross_device,1,2,depth,-1947,-248,1554,1788587018283458
cross_device,1,2,depth,-1947,-248,1551,1788587018316782
cross_device,1,2,depth,-1947,-248,1565,1788587018350127
cross_device,1,2,depth,-1947,-247,1536,1788587018383426
cross_device,1,2,depth,-1947,-246,1585,1788587018416794
cross_device,1,2,depth,-1948,-246,1566,1788587018450142
cross_device,1,2,depth,-1948,-248,1438,1788587018483476
cross_device,1,2,depth,-1948,-248,1407,1788587018516771
cross_device,1,2,depth,-1948,-248,1582,1788587018550143
cross_device,1,2,depth,-1949,-249,1541,1788587018583439
cross_device,1,2,depth,-1949,-248,1580,1788587018616795
cross_device,1,2,depth,-1950,-249,1553,1788587018650115
cross_device,1,2,depth,-1949,-248,1565,1788587018683462
cross_device,1,2,depth,-1950,-249,1575,1788587018716795
cross_device,1,2,depth,-1950,-248,1580,1788587018750136
cross_device,1,2,depth,-1950,-100,1564,1788587018783460
cross_device,1,2,depth,-1950,48,1567,1788587018816783
cross_device,1,2,depth,-1951,194,1546,1788587018850112
cross_device,1,2,depth,-1951,339,1457,1788587018883471
cross_device,1,2,depth,-1951,485,1565,1788587018916782
cross_device,1,2,depth,-1951,628,1548,1788587018950129
cross_device,1,2,depth,-1952,770,1431,1788587018983447
cross_device,1,2,depth,-1952,912,1333,1788587019016817
cross_device,1,2,depth,-1952,1052,1577,1788587019050137
cross_device,1,2,depth,-1952,1193,1447,1788587019083478
cross_device,1,2,depth,-1952,1331,1440,1788587019116791
cross_device,1,2,depth,-1953,1468,1430,1788587019150139
cross_device,1,2,depth,-1953,1604,1444,1788587019183466
cross_device,1,2,depth,-1952,1740,1595,1788587019216816
cross_device,1,2,depth,-1953,1874,1520,1788587019250202
cross_device,1,2,depth,-1953,2009,1395,1788587019283435
cross_device,1,2,depth,-1954,2141,1597,1788587019316813
cross_device,1,2,depth,-1954,2274,1543,1788587019350111
cross_device,1,2,depth,-1954,2407,1553,1788587019383467
cross_device,1,2,depth,-1954,2539,1568,1788587019416786
cross_device,1,2,depth,-1955,2668,1531,1788587019450104
cross_device,1,2,depth,-1954,2798,1674,1788587019483585
cross_device,1,2,depth,-1954,2927,1687,1788587019516927
cross_device,1,2,depth,-1955,3052,1552,1788587019550121
cross_device,1,2,depth,-1955,3181,1648,1788587019583542
cross_device,1,2,depth,-1956,3307,1743,1788587019616953
cross_device,1,2,depth,-1956,3432,1653,1788587019650233
cross_device,1,2,depth,-1956,3554,1702,1788587019683609
cross_device,1,2,depth,-1956,3678,1534,1788587019716895
cross_device,1,2,depth,-1956,3802,1590,1788587019750147
cross_device,1,2,depth,-1956,3923,1569,1788587019783463
cross_device,1,2,depth,-1957,4044,1566,1788587019816785
cross_device,1,2,depth,-1957,4166,1548,1788587019850109
cross_device,1,2,depth,-1957,4284,1575,1788587019883482
cross_device,1,2,depth,-1957,4402,1588,1788587019916819
cross_device,1,2,depth,-1958,4520,1454,1788587019950143
cross_device,1,2,depth,-1958,4637,1530,1788587019983439
cross_device,1,2,depth,-1958,4752,1559,1788587020016787
cross_device,1,2,depth,-1958,4869,1529,1788587020050095
cross_device,1,2,depth,-1959,4983,1430,1788587020083463
cross_device,1,2,depth,-1958,5097,1556,1788587020116908
cross_device,1,2,depth,-1959,5209,1530,1788587020150102
cross_device,1,2,depth,-1959,5323,1563,1788587020183457
cross_device,1,2,depth,-1959,5435,1577,1788587020216809
cross_device,1,2,depth,-1959,5543,1491,1788587020250338
cross_device,1,2,depth,-1959,5654,1720,1788587020283606
cross_device,1,2,depth,-1960,5764,1761,1788587020316979
cross_device,1,2,depth,-1960,5871,1589,1788587020350158
cross_device,1,2,depth,-1960,5979,1444,1788587020383466
cross_device,1,2,depth,-1961,6086,1581,1788587020416814
cross_device,1,2,depth,-1961,6192,1416,1788587020450118
cross_device,1,2,depth,-1960,6298,1575,1788587020483451
cross_device,1,2,depth,-1962,6402,1597,1788587020516806
cross_device,1,2,depth,-1961,6510,1601,1788587020550143
cross_device,1,2,depth,-1961,6613,1543,1788587020583435
cross_device,1,2,depth,-1961,6719,1561,1788587020616784
cross_device,1,2,depth,-1962,6819,1406,1788587020650103
cross_device,1,2,depth,-1962,6919,1538,1788587020683441
cross_device,1,2,depth,-1962,7021,1609,1788587020716813
cross_device,1,2,depth,-1962,7122,1589,1788587020750140
cross_device,1,2,depth,-1962,7222,1713,1788587020783587
cross_device,1,2,depth,-1963,7321,1470,1788587020816816
cross_device,1,2,depth,-1963,7418,1531,1788587020850106
cross_device,1,2,depth,-1963,7516,1584,1788587020883475
cross_device,1,2,depth,-1964,7612,1587,1788587020916790
cross_device,1,2,depth,-1964,7710,1584,1788587020950143
cross_device,1,2,depth,-1964,7807,1558,1788587020983446
cross_device,1,2,depth,-1964,7902,1459,1788587021016806
cross_device,1,2,depth,-1965,7995,1535,1788587021050106
cross_device,1,2,depth,-1964,8091,1541,1788587021083436
cross_device,1,2,depth,-1965,8183,1574,1788587021116786
cross_device,1,2,depth,-1965,8275,1447,1788587021150151
cross_device,1,2,depth,-1965,8367,1526,1788587021183436
cross_device,1,2,depth,-1965,8460,1590,1788587021216807
cross_device,1,2,depth,-1965,8550,1644,1788587021250499
cross_device,1,2,depth,-1966,8638,1735,1788587021283636
cross_device,1,2,depth,-1966,8727,1706,1788587021316931
cross_device,1,2,depth,-1966,8818,1711,1788587021350271
cross_device,1,2,depth,-1966,8906,1680,1788587021383574
cross_device,1,2,depth,-1967,8995,1721,1788587021416942
cross_device,1,2,depth,-1967,9083,1665,1788587021450220
cross_device,1,2,depth,-1967,9170,1702,1788587021483596
cross_device,1,2,depth,-1967,9256,1674,1788587021516897
cross_device,1,2,depth,-1967,9341,1401,1788587021550088
cross_device,1,2,depth,-1968,9424,1670,1788587021583561
cross_device,1,2,depth,-1968,9509,1546,1788587021616776
cross_device,1,2,depth,-1968,9594,1450,1788587021650146
cross_device,1,2,depth,-1968,9676,1552,1788587021683459
cross_device,1,2,depth,-1969,9759,1781,1788587021716990
cross_device,1,2,depth,-1969,9840,1562,1788587021750123
cross_device,1,2,depth,-1969,9924,1576,1788587021783459
cross_device,1,2,depth,-1970,10003,1579,1788587021816922
cross_device,1,2,depth,-1969,10084,1573,1788587021850131
cross_device,1,2,depth,-1969,10166,1569,1788587021883465
cross_device,1,2,depth,-1970,10244,1276,1788587021916755
cross_device,1,2,depth,-1970,10322,1235,1788587021950120
cross_device,1,2,depth,-1970,10401,1414,1788587021983433
cross_device,1,2,depth,-1970,10324,1725,1788587022016956
cross_device,1,2,depth,-1970,10251,1572,1788587022050156
cross_device,1,2,depth,-1970,10178,1687,1788587022083572
cross_device,1,2,depth,-1971,10103,1759,1788587022116968
cross_device,1,2,depth,-1971,10030,1435,1788587022150133
cross_device,1,2,depth,-1972,9956,1538,1788587022183432
cross_device,1,2,depth,-1972,9884,1726,1788587022216936
cross_device,1,2,depth,-1972,9814,1433,1788587022250152
cross_device,1,2,depth,-1972,9740,1356,1788587022283420
cross_device,1,2,depth,-1973,9670,1426,1788587022316780
cross_device,1,2,depth,-1972,9599,1556,1788587022350123
cross_device,1,2,depth,-1973,9529,1533,1788587022383423
cross_device,1,2,depth,-1973,9459,1567,1788587022416781
cross_device,1,2,depth,-1974,9390,1660,1788587022450230
cross_device,1,2,depth,-1973,9322,1586,1788587022483490
cross_device,1,2,depth,-1973,9254,1571,1788587022516796
cross_device,1,2,depth,-1974,9186,1581,1788587022550144
cross_device,1,2,depth,-1974,9120,1405,1788587022583433
cross_device,1,2,depth,-1975,9051,1592,1788587022616806
cross_device,1,2,depth,-1974,8987,1544,1788587022650104
cross_device,1,2,depth,-1974,8921,1705,1788587022683755
cross_device,1,2,depth,-1975,8854,1730,1788587022716952
cross_device,1,2,depth,-1975,8792,1550,1788587022750124
cross_device,1,2,depth,-1975,8727,1702,1788587022783594
cross_device,1,2,depth,-1976,8662,1460,1788587022816811
cross_device,1,2,depth,-1976,8599,1551,1788587022850111
cross_device,1,2,depth,-1976,8537,1561,1788587022883456
cross_device,1,2,depth,-1976,8474,1424,1788587022916781
cross_device,1,2,depth,-1976,8411,1706,1788587022950260
cross_device,1,2,depth,-1976,8351,1532,1788587022983420
cross_device,1,2,depth,-1977,8287,1417,1788587023016773
cross_device,1,2,depth,-1977,8225,1728,1788587023050439
cross_device,1,2,depth,-1977,8165,1565,1788587023083453
cross_device,1,2,depth,-1977,8105,1548,1788587023116766
cross_device,1,2,depth,-1977,8046,1566,1788587023150128
cross_device,1,2,depth,-1978,7986,1696,1788587023183604
cross_device,1,2,depth,-1978,7929,1677,1788587023216894
cross_device,1,2,depth,-1978,7869,1397,1788587023250115
cross_device,1,2,depth,-1978,7809,1370,1788587023283444
cross_device,1,2,depth,-1979,7750,1624,1788587023316977
cross_device,1,2,depth,-1979,7695,1523,1788587023350094
cross_device,1,2,depth,-1979,7636,1516,1788587023383416
cross_device,1,2,depth,-1979,7580,1547,1788587023416765
cross_device,1,2,depth,-1979,7522,1524,1788587023450087
cross_device,1,2,depth,-1980,7465,1540,1788587023483426
cross_device,1,2,depth,-1980,7408,1430,1788587023516787
cross_device,1,2,depth,-1980,7353,1542,1788587023550109
cross_device,1,2,depth,-1980,7299,1589,1788587023583625
cross_device,1,2,depth,-1981,7245,1755,1788587023616974
cross_device,1,2,depth,-1981,7191,1533,1788587023650099
cross_device,1,2,depth,-1981,7137,1396,1788587023683560
cross_device,1,2,depth,-1981,7084,1585,1788587023716809
cross_device,1,2,depth,-1982,7029,1558,1788587023750140
cross_device,1,2,depth,-1982,6977,1513,1788587023783416
cross_device,1,2,depth,-1982,6923,1443,1788587023816767
cross_device,1,2,depth,-1982,6870,1537,1788587023850099
cross_device,1,2,depth,-1982,6820,1678,1788587023883561
cross_device,1,2,depth,-1983,6768,1430,1788587023916771
cross_device,1,2,depth,-1982,6718,1554,1788587023950114
cross_device,1,2,depth,-1983,6666,1702,1788587023983599
cross_device,1,2,depth,-1983,6617,1735,1788587024016958
cross_device,1,2,depth,-1983,6567,1536,1788587024050097
cross_device,1,2,depth,-1984,6516,1394,1788587024083451
cross_device,1,2,depth,-1983,6466,1429,1788587024116790
cross_device,1,2,depth,-1983,6416,1563,1788587024150130
cross_device,1,2,depth,-1984,6368,1553,1788587024183443
cross_device,1,2,depth,-1984,6320,1562,1788587024216789
cross_device,1,2,depth,-1985,6270,1505,1788587024250216
cross_device,1,2,depth,-1985,6223,1380,1788587024283409
cross_device,1,2,depth,-1984,6175,1543,1788587024316772
cross_device,1,2,depth,-1985,6127,1573,1788587024350146
cross_device,1,2,depth,-1985,6082,1574,1788587024383469
cross_device,1,2,depth,-1986,6035,1556,1788587024416781
cross_device,1,2,depth,-1986,5989,1698,1788587024450263
cross_device,1,2,depth,-1986,5942,1559,1788587024483463
cross_device,1,2,depth,-1986,5898,1576,1788587024516793
cross_device,1,2,depth,-1986,5853,1667,1788587024550227
cross_device,1,2,depth,-1986,5809,1575,1788587024583468
cross_device,1,2,depth,-1986,5766,1621,1788587024616972
cross_device,1,2,depth,-1987,5719,1548,1788587024650115
cross_device,1,2,depth,-1987,5674,1507,1788587024683409
cross_device,1,2,depth,-1988,5631,1741,1788587024716970
cross_device,1,2,depth,-1988,5589,1656,1788587024750237
cross_device,1,2,depth,-1988,5546,1699,1788587024783605
cross_device,1,2,depth,-1988,5505,1583,1788587024816924
cross_device,1,2,depth,-1988,5462,1526,1788587024850105
cross_device,1,2,depth,-1988,5419,1384,1788587024883423
cross_device,1,2,depth,-1989,5375,1577,1788587024916800
cross_device,1,2,depth,-1989,5333,1585,1788587024950165
cross_device,1,2,depth,-1989,5292,1416,1788587024983450
cross_device,1,2,depth,-1989,5251,1561,1788587025016777
cross_device,1,2,depth,-1989,5210,1570,1788587025050137
cross_device,1,2,depth,-1990,5170,1679,1788587025083576
cross_device,1,2,depth,-1990,5129,1547,1788587025116769
cross_device,1,2,depth,-1990,5089,1552,1788587025150123
cross_device,1,2,depth,-1991,5048,1524,1788587025183564
cross_device,1,2,depth,-1990,5008,1414,1788587025216954
cross_device,1,2,depth,-1991,4966,1369,1788587025250238
cross_device,1,2,depth,-1991,4928,1502,1788587025283412
cross_device,1,2,depth,-1991,4889,1543,1788587025316772
cross_device,1,2,depth,-1991,4850,1578,1788587025350154
cross_device,1,2,depth,-1992,4811,1508,1788587025383421
cross_device,1,2,depth,-1992,4773,1579,1788587025416795
cross_device,1,2,depth,-1992,4735,1543,1788587025450119
cross_device,1,2,depth,-1992,4698,1547,1788587025483450
cross_device,1,2,depth,-1993,4659,1557,1788587025516789
cross_device,1,2,depth,-1992,4624,1668,1788587025550238
cross_device,1,2,depth,-1993,4587,1696,1788587025583583
cross_device,1,2,depth,-1993,4553,1602,1788587025616810
cross_device,1,2,depth,-1993,4515,1408,1788587025650110
cross_device,1,2,depth,-1993,4479,1519,1788587025683441
cross_device,1,2,depth,-1993,4442,1598,1788587025716809
cross_device,1,2,depth,-1994,4406,1379,1788587025750088
cross_device,1,2,depth,-1993,4371,1392,1788587025783425
cross_device,1,2,depth,-1994,4333,1613,1788587025816824
cross_device,1,2,depth,-1994,4302,1544,1788587025850110
cross_device,1,2,depth,-1995,4265,1678,1788587025883565
cross_device,1,2,depth,-1995,4231,1563,1788587025916780
cross_device,1,2,depth,-1994,4196,1579,1788587025950137
cross_device,1,2,depth,-1995,4164,1660,1788587025983549
cross_device,1,2,depth,-1995,4132,1599,1788587026016956
cross_device,1,2,depth,-1996,4096,1576,1788587026050160
cross_device,1,2,depth,-1996,4062,1565,1788587026083471
cross_device,1,2,depth,-1996,4030,1698,1788587026116930
cross_device,1,2,depth,-1996,3998,1567,1788587026150133
cross_device,1,2,depth,-1996,3966,1562,1788587026183450
cross_device,1,2,depth,-1996,3933,1601,1788587026216942
cross_device,1,2,depth,-1997,3899,1501,1788587026250238
cross_device,1,2,depth,-1998,3867,1430,1788587026283470
cross_device,1,2,depth,-1997,3836,1556,1788587026316775
cross_device,1,2,depth,-1998,3804,1551,1788587026350135
cross_device,1,2,depth,-1997,3772,1544,1788587026383432
cross_device,1,2,depth,-1997,3742,1567,1788587026416933
cross_device,1,2,depth,-1998,3710,1518,1788587026450224
cross_device,1,2,depth,-1998,3679,1548,1788587026483428
cross_device,1,2,depth,-1999,3648,1568,1788587026516797
cross_device,1,2,depth,-1999,3619,1668,1788587026550236
cross_device,1,2,depth,-1999,3588,1532,1788587026583434
cross_device,1,2,depth,-1999,3559,1615,1788587026616816
cross_device,1,2,depth,-2000,3528,1558,1788587026650123
cross_device,1,2,depth,-1999,3500,1392,1788587026683426
cross_device,1,2,depth,-2000,3468,1547,1788587026716767
cross_device,1,2,depth,-2000,3442,1571,1788587026750145
cross_device,1,2,depth,-2000,3411,1711,1788587026783613
cross_device,1,2,depth,-2000,3386,1737,1788587026816959
cross_device,1,2,depth,-2001,3355,1525,1788587026850107
cross_device,1,2,depth,-2001,3327,1454,1788587026883463
cross_device,1,2,depth,-2001,3299,1437,1788587026916786
cross_device,1,2,depth,-2001,3270,1582,1788587026950141
cross_device,1,2,depth,-2001,3241,1399,1788587026983416
cross_device,1,2,depth,-2002,3213,1459,1788587027016798
cross_device,1,2,depth,-2002,3184,1538,1788587027050128
cross_device,1,2,depth,-2002,3159,1681,1788587027083570
cross_device,1,2,depth,-2002,3130,1561,1788587027116778
cross_device,1,2,depth,-2003,3103,1429,1788587027150137
cross_device,1,2,depth,-2003,3075,1553,1788587027183601
cross_device,1,2,depth,-2003,3049,1597,1788587027216840
cross_device,1,2,depth,-2003,3025,1533,1788587027250107
cross_device,1,2,depth,-2003,2996,1423,1788587027283456
cross_device,1,2,depth,-2003,2970,1598,1788587027316828
cross_device,1,2,depth,-2004,2944,1596,1788587027350162
cross_device,1,2,depth,-2004,2918,1569,1788587027383474
cross_device,1,2,depth,-2004,2894,1574,1788587027416806
cross_device,1,2,depth,-2005,2868,1665,1788587027450231
cross_device,1,2,depth,-2004,2843,1539,1788587027483442
cross_device,1,2,depth,-2004,2818,1530,1788587027516763
cross_device,1,2,depth,-2005,2794,1699,1788587027550270
cross_device,1,2,depth,-2005,2768,1681,1788587027583572
cross_device,1,2,depth,-2005,2747,1717,1788587027616941
cross_device,1,2,depth,-2006,2720,1433,1788587027650140
cross_device,1,2,depth,-2006,2696,1484,1788587027683422
cross_device,1,2,depth,-2006,2673,1531,1788587027716757
cross_device,1,2,depth,-2006,2648,1516,1788587027750099
cross_device,1,2,depth,-2006,2624,1430,1788587027783457
cross_device,1,2,depth,-2007,2598,1459,1788587027816803
cross_device,1,2,depth,-2006,2575,1535,1788587027850113
cross_device,1,2,depth,-2007,2551,1674,1788587027883571
cross_device,1,2,depth,-2007,2529,1573,1788587027916794
cross_device,1,2,depth,-2008,2506,1541,1788587027950113
cross_device,1,2,depth,-2007,2483,1659,1788587027983551
cross_device,1,2,depth,-2007,2463,1702,1788587028016922
cross_device,1,2,depth,-2007,2441,1650,1788587028050233
cross_device,1,2,depth,-2009,2417,1562,1788587028083474
cross_device,1,2,depth,-2008,2395,1534,1788587028116766
cross_device,1,2,depth,-2009,2372,1566,1788587028150154
cross_device,1,2,depth,-2009,2350,1540,1788587028183449
cross_device,1,2,depth,-2009,2329,1433,1788587028216792
cross_device,1,2,depth,-2009,2305,1400,1788587028250109
cross_device,1,2,depth,-2009,2283,1422,1788587028283455
cross_device,1,2,depth,-2009,2262,1516,1788587028316756
cross_device,1,2,depth,-2010,2240,1566,1788587028350143
cross_device,1,2,depth,-2010,2218,1528,1788587028383426
cross_device,1,2,depth,-2010,2199,1576,1788587028416810
cross_device,1,2,depth,-2011,2178,1636,1788587028450224
cross_device,1,2,depth,-2011,2156,1526,1788587028483430
cross_device,1,2,depth,-2010,2137,1570,1788587028516800
cross_device,1,2,depth,-2011,2117,1687,1788587028550257
cross_device,1,2,depth,-2012,2096,1677,1788587028583582
cross_device,1,2,depth,-2012,2077,1571,1788587028616792
cross_device,1,2,depth,-2012,2058,1529,1788587028650097
cross_device,1,2,depth,-2012,2038,1558,1788587028683454
cross_device,1,2,depth,-2012,2017,1287,1788587028716765
cross_device,1,2,depth,-2012,1997,1539,1788587028750096
cross_device,1,2,depth,-2013,1977,1579,1788587028783458
cross_device,1,2,depth,-2013,1959,1713,1788587028816951
cross_device,1,2,depth,-2013,1941,1683,1788587028850248
cross_device,1,2,depth,-2013,1920,1593,1788587028883607
cross_device,1,2,depth,-2014,1901,1571,1788587028916817
cross_device,1,2,depth,-2014,1882,1528,1788587028950109
cross_device,1,2,depth,-2014,1864,1543,1788587028983563
cross_device,1,2,depth,-2014,1847,1448,1788587029016794
cross_device,1,2,depth,-2014,1827,1420,1788587029050108
cross_device,1,2,depth,-2014,1808,1677,1788587029083570
cross_device,1,2,depth,-2015,1789,1544,1788587029116779
cross_device,1,2,depth,-2014,1773,1557,1788587029150123
cross_device,1,2,depth,-2015,1753,1525,1788587029183459
cross_device,1,2,depth,-2015,1735,1448,1788587029216803
cross_device,1,2,depth,-2015,1718,1703,1788587029250405
cross_device,1,2,depth,-2016,1699,1404,1788587029283452
cross_device,1,2,depth,-2016,1679,1442,1788587029316784
cross_device,1,2,depth,-2016,1663,1564,1788587029350139
cross_device,1,2,depth,-2017,1646,1562,1788587029383461
cross_device,1,2,depth,-2016,1629,1429,1788587029416776
cross_device,1,2,depth,-2017,1611,1649,1788587029450223
cross_device,1,2,depth,-2017,1594,1560,1788587029483460
cross_device,1,2,depth,-2017,1577,1427,1788587029516770
cross_device,1,2,depth,-2017,1561,1681,1788587029550236
cross_device,1,2,depth,-2017,1546,1549,1788587029583432
cross_device,1,2,depth,-2017,1527,1589,1788587029616816
cross_device,1,2,depth,-2018,1512,1536,1788587029650093
cross_device,1,2,depth,-2018,1496,1514,1788587029683427
cross_device,1,2,depth,-2019,1478,1596,1788587029716819
cross_device,1,2,depth,-2019,1464,1431,1788587029750129
cross_device,1,2,depth,-2018,1449,1540,1788587029783433
cross_device,1,2,depth,-2019,1431,1583,1788587029816795
cross_device,1,2,depth,-2019,1413,1205,1788587029850095
cross_device,1,2,depth,-2020,1396,1683,1788587029883593
cross_device,1,2,depth,-2020,1380,1545,1788587029916762
cross_device,1,2,depth,-2020,1365,1406,1788587029950112
cross_device,1,2,depth,-2020,1352,1712,1788587029983613
cross_device,1,2,depth,-2020,1337,1612,1788587030016965
cross_device,1,2,depth,-2020,1320,1510,1788587030050212
cross_device,1,2,depth,-2020,1305,1558,1788587030083446
cross_device,1,2,depth,-2020,1292,1541,1788587030116775
cross_device,1,2,depth,-2021,1274,1404,1788587030150106
cross_device,1,2,depth,-2021,1262,1385,1788587030183428
cross_device,1,2,depth,-2022,1243,1563,1788587030216786
cross_device,1,2,depth,-2021,1229,1284,1788587030250139
cross_device,1,2,depth,-2022,1213,1428,1788587030283471
cross_device,1,2,depth,-2022,1200,1565,1788587030316796
cross_device,1,2,depth,-2023,1183,1239,1788587030350126
cross_device,1,2,depth,-2023,1167,1655,1788587030383540
cross_device,1,2,depth,-2022,1156,1556,1788587030416766
cross_device,1,2,depth,-2023,1142,1532,1788587030450239
cross_device,1,2,depth,-2023,1127,1519,1788587030483430
cross_device,1,2,depth,-2023,1115,1550,1788587030516779
cross_device,1,2,depth,-2023,1101,1682,1788587030550252
cross_device,1,2,depth,-2024,1086,1643,1788587030583553
cross_device,1,2,depth,-2023,1077,1757,1788587030616974
cross_device,1,2,depth,-2024,1065,1733,1788587030650283
cross_device,1,2,depth,-2024,1051,1555,1788587030683464
cross_device,1,2,depth,-2025,1037,1565,1788587030716783
cross_device,1,2,depth,-2025,1024,1423,1788587030750117
cross_device,1,2,depth,-2025,1010,1540,1788587030783433
cross_device,1,2,depth,-2025,996,1585,1788587030816807
cross_device,1,2,depth,-2025,984,1522,1788587030850230
cross_device,1,2,depth,-2025,972,1570,1788587030883465
cross_device,1,2,depth,-2025,960,1541,1788587030916783
cross_device,1,2,depth,-2026,947,1551,1788587030950120
cross_device,1,2,depth,-2026,933,1391,1788587030983414
cross_device,1,2,depth,-2026,921,1435,1788587031016779
cross_device,1,2,depth,-2027,906,1528,1788587031050103
cross_device,1,2,depth,-2026,894,1402,1788587031083424
cross_device,1,2,depth,-2027,880,1456,1788587031116803
cross_device,1,2,depth,-2027,866,1304,1788587031150128
cross_device,1,2,depth,-2027,856,1596,1788587031183607
cross_device,1,2,depth,-2027,844,1711,1788587031216929
cross_device,1,2,depth,-2028,830,1394,1788587031250121
cross_device,1,2,depth,-2028,819,1264,1788587031283451
cross_device,1,2,depth,-2028,807,1584,1788587031316934
cross_device,1,2,depth,-2028,795,1530,1788587031350110
cross_device,1,2,depth,-2028,783,1518,1788587031383418
cross_device,1,2,depth,-2029,772,1588,1788587031416807
cross_device,1,2,depth,-2029,762,1654,1788587031450226
cross_device,1,2,depth,-2030,748,1529,1788587031483439
cross_device,1,2,depth,-2030,737,1539,1788587031516763
cross_device,1,2,depth,-2030,725,1647,1788587031550229
cross_device,1,2,depth,-2029,717,1576,1788587031583475
cross_device,1,2,depth,-2030,705,1467,1788587031616817
cross_device,1,2,depth,-2030,692,1402,1788587031650108
cross_device,1,2,depth,-2030,681,1405,1788587031683427
cross_device,1,2,depth,-2031,669,1428,1788587031716771
cross_device,1,2,depth,-2031,657,1547,1788587031750107
cross_device,1,2,depth,-2031,647,1515,1788587031783414
cross_device,1,2,depth,-2031,637,1540,1788587031816779
cross_device,1,2,depth,-2031,627,1538,1788587031850113
cross_device,1,2,depth,-2032,616,1552,1788587031883459
cross_device,1,2,depth,-2032,603,1543,1788587031916767
cross_device,1,2,depth,-2032,597,1565,1788587031950138
cross_device,1,2,depth,-2032,586,1562,1788587031983450
cross_device,1,2,depth,-2032,575,1589,1788587032016810
cross_device,1,2,depth,-2032,564,1395,1788587032050104
cross_device,1,2,depth,-2033,553,1395,1788587032083429
cross_device,1,2,depth,-2033,544,1732,1788587032116937
cross_device,1,2,depth,-2034,536,1726,1788587032150293
cross_device,1,2,depth,-2034,524,1516,1788587032183424
cross_device,1,2,depth,-2033,517,1571,1788587032216796
cross_device,1,2,depth,-2034,507,1566,1788587032250140
cross_device,1,2,depth,-2034,496,1214,1788587032283421
cross_device,1,2,depth,-2035,484,1431,1788587032316773
cross_device,1,2,depth,-2034,475,1538,1788587032350116
cross_device,1,2,depth,-2035,465,1383,1788587032383416
cross_device,1,2,depth,-2035,454,1413,1788587032416793
cross_device,1,2,depth,-2035,443,1526,1788587032450103
cross_device,1,2,depth,-2035,436,1558,1788587032483462
cross_device,1,2,depth,-2035,427,1544,1788587032516773
cross_device,1,2,depth,-2035,420,1673,1788587032550238
cross_device,1,2,depth,-2035,410,1681,1788587032583570
cross_device,1,2,depth,-2036,402,1711,1788587032616926
cross_device,1,2,depth,-2036,393,1538,1788587032650112
cross_device,1,2,depth,-2036,383,1381,1788587032683430
cross_device,1,2,depth,-2037,374,1557,1788587032716773
cross_device,1,2,depth,-2036,366,1563,1788587032750139
cross_device,1,2,depth,-2037,357,1538,1788587032783423
cross_device,1,2,depth,-2037,347,1486,1788587032816833
cross_device,1,2,depth,-2038,338,1526,1788587032850103
cross_device,1,2,depth,-2037,330,1404,1788587032883439
cross_device,1,2,depth,-2037,322,1544,1788587032916762
cross_device,1,2,depth,-2039,312,1579,1788587032950137
cross_device,1,2,depth,-2038,301,1393,1788587032983414
cross_device,1,2,depth,-2039,294,1422,1788587033016771
cross_device,1,2,depth,-2039,284,1435,1788587033050131
cross_device,1,2,depth,-2039,279,1697,1788587033083619
cross_device,1,2,depth,-2040,267,1440,1788587033116788
cross_device,1,2,depth,-2039,261,1549,1788587033150116
cross_device,1,2,depth,-2040,254,1684,1788587033183575
cross_device,1,2,depth,-2040,244,1447,1788587033216806
cross_device,1,2,depth,-2040,238,1559,1788587033250138
cross_device,1,2,depth,-2040,228,1399,1788587033283447
cross_device,1,2,depth,-2040,221,1427,1788587033316781
cross_device,1,2,depth,-2041,210,1544,1788587033350110
cross_device,1,2,depth,-2041,202,1392,1788587033383427
cross_device,1,2,depth,-2041,194,1289,1788587033416772
cross_device,1,2,depth,-2041,186,1683,1788587033450259
cross_device,1,2,depth,-2042,178,1514,1788587033483435
cross_device,1,2,depth,-2041,172,1549,1788587033516786
cross_device,1,2,depth,-2041,166,1697,1788587033550275
cross_device,1,2,depth,-2041,159,1515,1788587033583418
cross_device,1,2,depth,-2042,151,1541,1788587033616762
cross_device,1,2,depth,-2042,143,1528,1788587033650107
cross_device,1,2,depth,-2040,137,1545,1788587033683451
cross_device,1,2,depth,-2043,129,1695,1788587033716923
cross_device,1,2,depth,-2043,124,1565,1788587033750145
cross_device,1,2,depth,-2040,119,1544,1788587033783457
cross_device,1,2,depth,-2043,108,1573,1788587033816790
cross_device,1,2,depth,-2044,102,1720,1788587033850291
cross_device,1,2,depth,-2038,102,1527,1788587033883425
cross_device,1,2,depth,-2044,88,1544,1788587033916781
cross_device,1,2,depth,-2044,81,1610,1788587033950295
cross_device,1,2,depth,-2036,85,1578,1788587033983609
cross_device,1,2,depth,-2044,69,1598,1788587034016950
cross_device,1,2,depth,-2044,64,1705,1788587034050284
cross_device,1,2,depth,-2038,65,1739,1788587034083636
cross_device,1,2,depth,-2045,51,1425,1788587034116783
cross_device,1,2,depth,-2047,42,1562,1788587034150134
cross_device,1,2,depth,-2046,39,1710,1788587034183610
cross_device,1,2,depth,-2046,29,1269,1788587034216779
cross_device,1,2,depth,-2049,20,1419,1788587034250126
cross_device,1,2,depth,-2046,15,1567,1788587034283465
cross_device,1,2,depth,-2047,8,1411,1788587034316799
cross_device,1,2,depth,-2050,-1,1430,1788587034350158
cross_device,1,2,depth,-2047,-5,1387,1788587034383428
cross_device,1,2,depth,-2047,-13,1305,1788587034416820
cross_device,1,2,depth,-2054,-26,1532,1788587034450115
cross_device,1,2,depth,-2048,-27,1517,1788587034483432
cross_device,1,2,depth,-2048,-33,1545,1788587034516782
cross_device,1,2,depth,-2053,-43,1562,1788587034550148
cross_device,1,2,depth,-2049,-46,1567,1788587034583476
cross_device,1,2,depth,-2048,-50,1536,1788587034616770
cross_device,1,2,depth,-2055,-61,1561,1788587034650141
cross_device,1,2,depth,-2049,-61,1573,1788587034683478
cross_device,1,2,depth,-2049,-66,1601,1788587034716830
cross_device,1,2,depth,-2058,-82,1534,1788587034750118
cross_device,1,2,depth,-2049,-78,1541,1788587034783453
cross_device,1,2,depth,-2050,-86,1597,1788587034816819
cross_device,1,2,depth,-2059,-100,1418,1788587034850256
cross_device,1,2,depth,-2050,-97,1568,1788587034883598
cross_device,1,2,depth,-2050,-102,1548,1788587034916767
cross_device,1,2,depth,-2058,-115,1706,1788587034950399
cross_device,1,2,depth,-2050,-111,1546,1788587034983565
cross_device,1,2,depth,-2050,-119,1194,1788587035016771
cross_device,1,2,depth,-2051,-127,1453,1788587035050154
cross_device,1,2,depth,-2051,-132,1556,1788587035083462
cross_device,1,2,depth,-2051,-136,1536,1788587035116771
cross_device,1,2,depth,-2052,-143,1554,1788587035150275
cross_device,1,2,depth,-2051,-147,1521,1788587035183433
cross_device,1,2,depth,-2052,-154,1571,1788587035216790
cross_device,1,2,depth,-2052,-156,1839,1788587035250435
cross_device,1,2,depth,-2052,-160,1710,1788587035283607
cross_device,1,2,depth,-2053,-164,1733,1788587035316951
cross_device,1,2,depth,-2053,-169,1651,1788587035350240
cross_device,1,2,depth,-2053,-173,1640,1788587035383544
cross_device,1,2,depth,-2053,-179,1544,1788587035416764
cross_device,1,2,depth,-2053,-183,1403,1788587035450131
cross_device,1,2,depth,-2053,-189,1510,1788587035483576
cross_device,1,2,depth,-2054,-196,1434,1788587035516797
cross_device,1,2,depth,-2054,-202,1533,1788587035550108
cross_device,1,2,depth,-2055,-205,1653,1788587035583565
cross_device,1,2,depth,-2055,-211,1584,1788587035616810
cross_device,1,2,depth,-2054,-214,1550,1788587035650142
cross_device,1,2,depth,-2055,-220,1415,1788587035683452
cross_device,1,2,depth,-2055,-225,1534,1788587035716762
cross_device,1,2,depth,-2056,-231,1569,1788587035750139
cross_device,1,2,depth,-2056,-235,1556,1788587035783455
cross_device,1,2,depth,-2055,-238,1589,1788587035816801
cross_device,1,2,depth,-2056,-244,1539,1788587035850105
cross_device,1,2,depth,-2056,-247,1552,1788587035883463
cross_device,1,2,depth,-2057,-254,1553,1788587035916780
cross_device,1,2,depth,-2056,-257,1573,1788587035950142
cross_device,1,2,depth,-2057,-265,1231,1788587035983460
cross_device,1,2,depth,-2057,-270,1554,1788587036016790
cross_device,1,2,depth,-2057,-273,1556,1788587036050126
cross_device,1,2,depth,-2057,-278,1520,1788587036083422
cross_device,1,2,depth,-2058,-283,1575,1788587036116803
cross_device,1,2,depth,-2058,-287,1536,1788587036150240
cross_device,1,2,depth,-2058,-291,1544,1788587036183440
cross_device,1,2,depth,-2058,-296,1590,1788587036216808
cross_device,1,2,depth,-2059,-300,1543,1788587036250244
cross_device,1,2,depth,-2059,-305,1522,1788587036283569
cross_device,1,2,depth,-2059,-307,1767,1788587036316993
cross_device,1,2,depth,-2059,-311,1772,1788587036350357
cross_device,1,2,depth,-2059,-315,1523,1788587036383564
cross_device,1,2,depth,-2060,-318,1545,1788587036416786
cross_device,1,2,depth,-2060,-322,1532,1788587036450117
cross_device,1,2,depth,-2060,-326,1559,1788587036483474
cross_device,1,2,depth,-2060,-330,1680,1788587036516918
cross_device,1,2,depth,-2061,-335,1575,1788587036550146
cross_device,1,2,depth,-2060,-338,1533,1788587036583432
cross_device,1,2,depth,-2061,-344,1629,1788587036616986
cross_device,1,2,depth,-2061,-346,1538,1788587036650112
cross_device,1,2,depth,-2061,-349,1513,1788587036683425
cross_device,1,2,depth,-2061,-354,1611,1788587036716976
cross_device,1,2,depth,-2062,-359,1419,1788587036750123
cross_device,1,2,depth,-2061,-361,1561,1788587036783460
cross_device,1,2,depth,-2062,-365,1722,1788587036816947
cross_device,1,2,depth,-2062,-369,1537,1788587036850106
cross_device,1,2,depth,-2063,-372,1568,1788587036883469
cross_device,1,2,depth,-2062,-378,1416,1788587036916773
cross_device,1,2,depth,-2062,-381,1542,1788587036950107
cross_device,1,2,depth,-2063,-384,1566,1788587036983468
cross_device,1,2,depth,-2063,-389,1243,1788587037016772
cross_device,1,2,depth,-2063,-393,1409,1788587037050113
cross_device,1,2,depth,-2064,-396,1701,1788587037083608
cross_device,1,2,depth,-2064,-400,1541,1788587037116776
cross_device,1,2,depth,-2064,-403,1563,1788587037150143
cross_device,1,2,depth,-2064,-405,1649,1788587037183567
cross_device,1,2,depth,-2065,-409,1560,1788587037216790
cross_device,1,2,depth,-2064,-413,1580,1788587037250158
cross_device,1,2,depth,-2064,-415,1541,1788587037283440
cross_device,1,2,depth,-2065,-420,1419,1788587037316785
cross_device,1,2,depth,-2065,-423,1561,1788587037350135
cross_device,1,2,depth,-2065,-427,1377,1788587037383443
cross_device,1,2,depth,-2066,-432,1458,1788587037416802
cross_device,1,2,depth,-2066,-435,1406,1788587037450125
cross_device,1,2,depth,-2066,-436,1561,1788587037483468
cross_device,1,2,depth,-2066,-439,1571,1788587037516808
cross_device,1,2,depth,-2066,-444,1430,1788587037550127
cross_device,1,2,depth,-2066,-448,1518,1788587037583423
cross_device,1,2,depth,-2067,-451,1557,1788587037616781
cross_device,1,2,depth,-2067,-455,1551,1788587037650114
cross_device,1,2,depth,-2067,-456,1707,1788587037683605
cross_device,1,2,depth,-2067,-460,1559,1788587037716777
cross_device,1,2,depth,-2067,-464,1416,1788587037750126
cross_device,1,2,depth,-2067,-466,1590,1788587037783626
cross_device,1,2,depth,-2068,-470,1427,1788587037816784
cross_device,1,2,depth,-2068,-473,1529,1788587037850109
cross_device,1,2,depth,-2069,-477,1580,1788587037883480
cross_device,1,2,depth,-2069,-480,1573,1788587037916801
cross_device,1,2,depth,-2069,-481,1529,1788587037950110
cross_device,1,2,depth,-2068,-485,1516,1788587037983426
cross_device,1,2,depth,-2070,-491,1579,1788587038016812
cross_device,1,2,depth,-2070,-492,1551,1788587038050125
cross_device,1,2,depth,-2069,-494,1552,1788587038083464
cross_device,1,2,depth,-2070,-498,1580,1788587038116804
cross_device,1,2,depth,-2070,-500,1557,1788587038150126
cross_device,1,2,depth,-2070,-503,1533,1788587038183444
cross_device,1,2,depth,-2071,-506,1616,1788587038216835
cross_device,1,2,depth,-2070,-508,1544,1788587038250255
cross_device,1,2,depth,-2070,-510,1566,1788587038283463
cross_device,1,2,depth,-2071,-514,1573,1788587038316808
cross_device,1,2,depth,-2071,-515,1690,1788587038350258
cross_device,1,2,depth,-2071,-517,1672,1788587038383566
cross_device,1,2,depth,-2072,-520,1579,1788587038416806
cross_device,1,2,depth,-2072,-523,1671,1788587038450238
cross_device,1,2,depth,-2072,-523,1709,1788587038483619
cross_device,1,2,depth,-2072,-527,1396,1788587038516782
cross_device,1,2,depth,-2072,-531,1396,1788587038550123
cross_device,1,2,depth,-2073,-534,1547,1788587038583456
cross_device,1,2,depth,-2072,-535,1562,1788587038616783
cross_device,1,2,depth,-2073,-539,1561,1788587038650132
cross_device,1,2,depth,-2073,-540,1662,1788587038683568
cross_device,1,2,depth,-2073,-542,1540,1788587038716772
cross_device,1,2,depth,-2073,-546,1583,1788587038750165
cross_device,1,2,depth,-2074,-547,1710,1788587038783597
cross_device,1,2,depth,-2074,-547,1747,1788587038816956
cross_device,1,2,depth,-2075,-551,1709,1788587038850279
cross_device,1,2,depth,-2074,-551,1707,1788587038883615
cross_device,1,2,depth,-2074,-554,1423,1788587038916775
cross_device,1,2,depth,-2075,-557,1551,1788587038950122
cross_device,1,2,depth,-2075,-560,1421,1788587038983435
cross_device,1,2,depth,-2075,-563,1267,1788587039016815
cross_device,1,2,depth,-2075,-566,1538,1788587039050114
cross_device,1,2,depth,-2076,-570,1526,1788587039083438
cross_device,1,2,depth,-2076,-573,1597,1788587039116824
cross_device,1,2,depth,-2076,-574,1689,1788587039150262
cross_device,1,2,depth,-2077,-577,1526,1788587039183433
cross_device,1,2,depth,-2076,-578,1576,1788587039216793
cross_device,1,2,depth,-2077,-582,1568,1788587039250131
cross_device,1,2,depth,-2076,-581,1674,1788587039283571
cross_device,1,2,depth,-2077,-583,1700,1788587039316917
cross_device,1,2,depth,-2077,-585,1668,1788587039350243
cross_device,1,2,depth,-2077,-585,1677,1788587039383580
cross_device,1,2,depth,-2078,-589,1753,1788587039416975
cross_device,1,2,depth,-2078,-591,1554,1788587039450296
cross_device,1,2,depth,-2078,-591,1659,1788587039483568
cross_device,1,2,depth,-2078,-593,1562,1788587039516788
cross_device,1,2,depth,-2078,-595,1572,1788587039550133
cross_device,1,2,depth,-2079,-597,1539,1788587039583600
cross_device,1,2,depth,-2078,-599,1463,1788587039616811
cross_device,1,2,depth,-2079,-604,1444,1788587039650134
cross_device,1,2,depth,-2080,-608,1414,1788587039683467
cross_device,1,2,depth,-2079,-610,1426,1788587039716789
cross_device,1,2,depth,-2080,-613,1533,1788587039750107
cross_device,1,2,depth,-2080,-615,1676,1788587039783579
cross_device,1,2,depth,-2080,-615,1588,1788587039816804
cross_device,1,2,depth,-2080,-617,1569,1788587039850138
cross_device,1,2,depth,-2081,-618,1738,1788587039883632
cross_device,1,2,depth,-2081,-621,1565,1788587039916780
cross_device,1,2,depth,-2081,-622,1549,1788587039950115
cross_device,1,2,depth,-2081,-624,1402,1788587039983428
cross_device,1,2,depth,-2081,-626,1583,1788587040016797
cross_device,1,2,depth,-2081,-629,1522,1788587040050094
cross_device,1,2,depth,-2082,-632,1399,1788587040083466
cross_device,1,2,depth,-2082,-635,1576,1788587040116794
cross_device,1,2,depth,-2082,-637,1543,1788587040150119
cross_device,1,2,depth,-2082,-638,1527,1788587040183426
cross_device,1,2,depth,-2083,-640,1611,1788587040216827
cross_device,1,2,depth,-2083,-644,1560,1788587040250135
cross_device,1,2,depth,-2083,-646,1404,1788587040283435
cross_device,1,2,depth,-2083,-647,1464,1788587040316817
cross_device,1,2,depth,-2083,-648,1415,1788587040350150
cross_device,1,2,depth,-2084,-654,1584,1788587040383473
cross_device,1,2,depth,-2084,-653,1582,1788587040416800
cross_device,1,2,depth,-2084,-656,1410,1788587040450144
cross_device,1,2,depth,-2084,-659,1416,1788587040483471
cross_device,1,2,depth,-2084,-660,1547,1788587040516781
cross_device,1,2,depth,-2084,-661,1510,1788587040550093
cross_device,1,2,depth,-2085,-663,1715,1788587040583617
cross_device,1,2,depth,-2085,-664,1599,1788587040616819
cross_device,1,2,depth,-2085,-667,1547,1788587040650123
cross_device,1,2,depth,-2085,-666,1565,1788587040683468
cross_device,1,2,depth,-2085,-670,1461,1788587040716811
cross_device,1,2,depth,-2085,-671,1589,1788587040750151
cross_device,1,2,depth,-2086,-675,1511,1788587040783429
cross_device,1,2,depth,-2086,-676,1565,1788587040816913
cross_device,1,2,depth,-2087,-677,1552,1788587040850107
cross_device,1,2,depth,-2086,-679,1558,1788587040883451
cross_device,1,2,depth,-2086,-679,1665,1788587040916903
cross_device,1,2,depth,-2087,-682,1570,1788587040950129
cross_device,1,2,depth,-2087,-685,1409,1788587040983436
cross_device,1,2,depth,-2087,-685,1628,1788587041016969
cross_device,1,2,depth,-2087,-685,1539,1788587041050094
cross_device,1,2,depth,-2088,-690,1406,1788587041083455
cross_device,1,2,depth,-2088,-690,1699,1788587041116921
cross_device,1,2,depth,-2088,-692,1568,1788587041150131
cross_device,1,2,depth,-2089,-696,1404,1788587041183429
cross_device,1,2,depth,-2088,-697,1456,1788587041216984
cross_device,1,2,depth,-2089,-700,1534,1788587041250116
cross_device,1,2,depth,-2089,-700,1555,1788587041283459
cross_device,1,2,depth,-2089,-701,1607,1788587041316951
cross_device,1,2,depth,-2089,-703,1442,1788587041350132
cross_device,1,2,depth,-2089,-704,1558,1788587041383457
cross_device,1,2,depth,-2090,-706,1726,1788587041416951
cross_device,1,2,depth,-2090,-708,1413,1788587041450110
cross_device,1,2,depth,-2090,-709,1500,1788587041483411
cross_device,1,2,depth,-2090,-711,1544,1788587041516897
cross_device,1,2,depth,-2090,-713,1542,1788587041550108
cross_device,1,2,depth,-2091,-715,1403,1788587041583455
cross_device,1,2,depth,-2091,-715,1439,1788587041616803
cross_device,1,2,depth,-2091,-720,1373,1788587041650112
cross_device,1,2,depth,-2092,-723,1533,1788587041683445
cross_device,1,2,depth,-2091,-722,1581,1788587041716800
cross_device,1,2,depth,-2091,-723,1551,1788587041750124
cross_device,1,2,depth,-2092,-725,1533,1788587041783432
cross_device,1,2,depth,-2092,-725,1726,1788587041816948
cross_device,1,2,depth,-2092,-729,1403,1788587041850103
cross_device,1,2,depth,-2093,-729,1548,1788587041883460
cross_device,1,2,depth,-2093,-729,1713,1788587041916935
cross_device,1,2,depth,-2093,-730,1572,1788587041950132
cross_device,1,2,depth,-2093,-731,1580,1788587041983481
cross_device,1,2,depth,-2094,-734,1280,1788587042016793
cross_device,1,2,depth,-2093,-736,1553,1788587042050126
cross_device,1,2,depth,-2094,-738,1551,1788587042083464
cross_device,1,2,depth,-2094,-739,1426,1788587042116783
cross_device,1,2,depth,-2094,-742,1396,1788587042150093
cross_device,1,2,depth,-2095,-745,1427,1788587042183461
cross_device,1,2,depth,-2095,-747,1606,1788587042216954
cross_device,1,2,depth,-2095,-745,1555,1788587042250124
cross_device,1,2,depth,-2094,-747,1432,1788587042283458
cross_device,1,2,depth,-2095,-749,1707,1788587042316932
cross_device,1,2,depth,-2095,-749,1570,1788587042350141
cross_device,1,2,depth,-2096,-752,1408,1788587042383424
cross_device,1,2,depth,-2096,-752,1701,1788587042416928
cross_device,1,2,depth,-2096,-753,1563,1788587042450138
cross_device,1,2,depth,-2096,-753,1413,1788587042483450
cross_device,1,2,depth,-2097,-757,1464,1788587042516818
cross_device,1,2,depth,-2096,-759,1380,1788587042550098
cross_device,1,2,depth,-2096,-760,1512,1788587042583422
cross_device,1,2,depth,-2097,-760,1715,1788587042616935
cross_device,0,1,color,-145,-328,-15069,1788587012611892
cross_device,0,1,color,-146,261,66,1788587012645166
cross_device,0,1,color,-146,264,-8,1788587012678440
cross_device,0,1,color,-146,265,-107,1788587012711812
cross_device,0,1,color,-147,266,27,1788587012745138
cross_device,0,1,color,-146,268,165,1788587012778591
cross_device,0,1,color,-146,270,-158,1788587012811772
cross_device,0,1,color,-147,269,38,1788587012845133
cross_device,0,1,color,-146,273,30,1788587012878598
cross_device,0,1,color,-146,277,-113,1788587012911798
cross_device,0,1,color,-146,278,-115,1788587012945117
cross_device,0,1,color,-146,227,134,1788587012978595
cross_device,0,1,color,-147,225,-129,1788587013011800
cross_device,0,1,color,-146,227,-327,1788587013045117
cross_device,0,1,color,-147,226,-128,1788587013078581
cross_device,0,1,color,-147,226,-105,1788587013111814
cross_device,0,1,color,-147,226,57,1788587013145152
cross_device,0,1,color,-147,226,-12,1788587013178586
cross_device,0,1,color,-147,227,42,1788587013211802
cross_device,0,1,color,-147,227,-145,1788587013245146
cross_device,0,1,color,-147,227,-80,1788587013278482
cross_device,0,1,color,-147,227,17,1788587013312089
cross_device,0,1,color,-148,226,-146,1788587013345153
cross_device,0,1,color,-148,227,-177,1788587013378440
cross_device,0,1,color,-147,228,173,1788587013411926
cross_device,0,1,color,-148,227,-185,1788587013445289
cross_device,0,1,color,-148,228,-113,1788587013478600
cross_device,0,1,color,-147,227,-166,1788587013511776
cross_device,0,1,color,-148,227,165,1788587013545271
cross_device,0,1,color,-148,228,-111,1788587013578472
cross_device,0,1,color,-148,228,1,1788587013611774
cross_device,0,1,color,-148,-286,-30,1788587013645239
cross_device,0,1,color,-148,-287,-4,1788587013678718
cross_device,0,1,color,-149,-290,-96,1788587013711789
cross_device,0,1,color,-149,-291,-165,1788587013745263
cross_device,0,1,color,-148,-292,6,1788587013778459
cross_device,0,1,color,-149,-296,127,1788587013811886
cross_device,0,1,color,-149,-297,36,1788587013845280
cross_device,0,1,color,-148,-297,-79,1788587013878444
cross_device,0,1,color,-149,-301,-18,1788587013911763
cross_device,0,1,color,-148,-302,180,1788587013945274
cross_device,0,1,color,-149,-288,166,1788587013978756
cross_device,0,1,color,-149,-290,119,1788587014012059
cross_device,0,1,color,-149,-290,-26,1788587014045240
cross_device,0,1,color,-149,-292,88,1788587014078707
cross_device,0,1,color,-150,-292,111,1788587014112047
cross_device,0,1,color,-149,-293,-40,1788587014145241
cross_device,0,1,color,-149,-294,133,1788587014178710
cross_device,0,1,color,-149,-294,28,1788587014211918
cross_device,0,1,color,-150,-295,11,1788587014245555
cross_device,0,1,color,-150,-295,69,1788587014278674
cross_device,0,1,color,-150,-297,64,1788587014312015
cross_device,0,1,color,-150,-297,-14,1788587014345261
cross_device,0,1,color,-150,-298,25,1788587014378764
cross_device,0,1,color,-150,-298,117,1788587014412050
cross_device,0,1,color,-150,-299,142,1788587014445283
cross_device,0,1,color,-150,-300,-47,1788587014478561
cross_device,0,1,color,-151,-301,21,1788587014511913
cross_device,0,1,color,-151,-303,264,1788587014545411
cross_device,0,1,color,-150,-303,122,1788587014578591
cross_device,0,1,color,-150,-302,18,1788587014611919
cross_device,0,1,color,-150,-901,322,1788587014645431
cross_device,0,1,color,-151,-902,-45,1788587014678550
cross_device,0,1,color,-151,-903,-40,1788587014711755
cross_device,0,1,color,-150,-903,-55,1788587014745093
cross_device,0,1,color,-150,-903,20,1788587014778614
cross_device,0,1,color,-151,-905,-22,1788587014811768
cross_device,0,1,color,-151,-906,-192,1788587014845112
cross_device,0,1,color,-151,-907,90,1788587014878560
cross_device,0,1,color,-151,-908,124,1788587014911919
cross_device,0,1,color,-151,-908,6,1788587014945250
cross_device,0,1,color,-151,-771,197,1788587014978758
cross_device,0,1,color,-152,-772,219,1788587015012007
cross_device,0,1,color,-151,-771,113,1788587015045247
cross_device,0,1,color,-151,-775,263,1788587015078735
cross_device,0,1,color,-152,-775,135,1788587015112051
cross_device,0,1,color,-152,-776,-8,1788587015145111
cross_device,0,1,color,-152,-778,238,1788587015178707
cross_device,0,1,color,-152,-778,105,1788587015211905
cross_device,0,1,color,-152,-778,-5,1788587015245274
cross_device,0,1,color,-152,-779,132,1788587015278596
cross_device,0,1,color,-152,-780,14,1788587015311789
cross_device,0,1,color,-152,-779,0,1788587015345111
cross_device,0,1,color,-153,-783,80,1788587015378546
cross_device,0,1,color,-152,-784,24,1788587015411780
cross_device,0,1,color,-152,-783,-41,1788587015445090
cross_device,0,1,color,-152,-785,20,1788587015478441
cross_device,0,1,color,-152,-786,-214,1788587015512102
cross_device,0,1,color,-152,-784,-170,1788587015545272
cross_device,0,1,color,-152,-785,-143,1788587015578426
cross_device,0,1,color,-152,-789,-114,1788587015611774
cross_device,0,1,color,-153,-424,-16,1788587015645362
cross_device,0,1,color,-153,-426,79,1788587015678675
cross_device,0,1,color,-153,-427,-2,1788587015711776
cross_device,0,1,color,-152,-425,-142,1788587015745125
cross_device,0,1,color,-153,-427,-138,1788587015778578
cross_device,0,1,color,-153,-427,-41,1788587015811890
cross_device,0,1,color,-153,-427,-35,1788587015845098
cross_device,0,1,color,-153,-429,121,1788587015878571
cross_device,0,1,color,-153,-428,140,1788587015911914
cross_device,0,1,color,-153,-430,201,1788587015945287
cross_device,0,1,color,-153,-202,-85,1788587015978696
cross_device,0,1,color,-153,-201,-20,1788587016011918
cross_device,0,1,color,-154,-205,-5,1788587016045264
cross_device,0,1,color,-154,-205,-109,1788587016078453
cross_device,0,1,color,-154,-207,35,1788587016111807
cross_device,0,1,color,-154,-208,-5,1788587016145276
cross_device,0,1,color,-154,-207,-129,1788587016178440
cross_device,0,1,color,-154,-209,2,1788587016211776
cross_device,0,1,color,-154,-210,13,1788587016245162
cross_device,0,1,color,-153,-209,-10,1788587016278593
cross_device,0,1,color,-154,-212,190,1788587016312098
cross_device,0,1,color,-154,-213,46,1788587016345137
cross_device,0,1,color,-154,-213,127,1788587016378556
cross_device,0,1,color,-154,-216,37,1788587016411780
cross_device,0,1,color,-155,-216,20,1788587016445268
cross_device,0,1,color,-155,-218,-121,1788587016478586
cross_device,0,1,color,-154,-217,153,1788587016511919
cross_device,0,1,color,-155,-220,146,1788587016545442
cross_device,0,1,color,-155,-221,113,1788587016578556
cross_device,0,1,color,-154,-220,163,1788587016611914
cross_device,0,1,color,-155,-194,-120,1788587016645253
cross_device,0,1,color,-155,-193,137,1788587016678749
cross_device,0,1,color,-155,-193,4,1788587016712058
cross_device,0,1,color,-155,-193,-34,1788587016745252
cross_device,0,1,color,-155,-194,-37,1788587016778570
cross_device,0,1,color,-155,-193,71,1788587016812001
cross_device,0,1,color,-155,-195,-119,1788587016845131
cross_device,0,1,color,-156,-198,1,1788587016878598
cross_device,0,1,color,-156,-196,-158,1788587016911786
cross_device,0,1,color,-155,-196,-136,1788587016945120
cross_device,0,1,color,-156,292,20,1788587016978466
cross_device,0,1,color,-156,293,12,1788587017011934
cross_device,0,1,color,-156,294,-249,1788587017045123
cross_device,0,1,color,-156,294,-176,1788587017078436
cross_device,0,1,color,-156,294,-137,1788587017111801
cross_device,0,1,color,-156,295,34,1788587017145157
cross_device,0,1,color,-156,295,-21,1788587017178447
cross_device,0,1,color,-156,294,-130,1788587017211780
cross_device,0,1,color,-156,294,20,1788587017245288
cross_device,0,1,color,-157,295,-99,1788587017278593
cross_device,0,1,color,-157,295,-161,1788587017311786
cross_device,0,1,color,-156,296,-91,1788587017345140
cross_device,0,1,color,-157,297,-107,1788587017378460
cross_device,0,1,color,-157,296,-123,1788587017411795
cross_device,0,1,color,-157,296,-277,1788587017445432
cross_device,0,1,color,-157,296,21,1788587017478477
cross_device,0,1,color,-156,300,30,1788587017511825
cross_device,0,1,color,-157,298,180,1788587017545403
cross_device,0,1,color,-157,299,-130,1788587017578443
cross_device,0,1,color,-157,298,-21,1788587017611773
cross_device,0,1,color,-157,561,97,1788587017645224
cross_device,0,1,color,-157,560,-104,1788587017678476
cross_device,0,1,color,-158,558,-88,1788587017711801
cross_device,0,1,color,-157,559,-240,1788587017745146
cross_device,0,1,color,-157,560,-86,1788587017778487
cross_device,0,1,color,-157,559,53,1788587017811802
cross_device,0,1,color,-157,560,-270,1788587017845111
cross_device,0,1,color,-158,558,1,1788587017878436
cross_device,0,1,color,-158,558,144,1788587017911930
cross_device,0,1,color,-158,557,-16,1788587017945277
cross_device,0,1,color,-158,558,-279,1788587017978432
cross_device,0,1,color,-158,558,-34,1788587018011913
cross_device,0,1,color,-158,559,-144,1788587018045154
cross_device,0,1,color,-158,557,22,1788587018078595
cross_device,0,1,color,-158,557,-135,1788587018111768
cross_device,0,1,color,-158,557,-133,1788587018145272
cross_device,0,1,color,-158,557,111,1788587018178570
cross_device,0,1,color,-158,557,3,1788587018211925
cross_device,0,1,color,-158,558,-148,1788587018245431
cross_device,0,1,color,-159,555,-128,1788587018278578
cross_device,0,1,color,-159,556,134,1788587018311915
cross_device,0,1,color,-159,555,28,1788587018345284
cross_device,0,1,color,-159,556,47,1788587018378621
cross_device,0,1,color,-159,555,-14,1788587018411771
cross_device,0,1,color,-160,554,111,1788587018445246
cross_device,0,1,color,-159,553,-9,1788587018478598
cross_device,0,1,color,-159,555,-121,1788587018511790
cross_device,0,1,color,-159,554,-153,1788587018545106
cross_device,0,1,color,-160,553,55,1788587018578479
cross_device,0,1,color,-159,554,39,1788587018611796
cross_device,0,1,color,-159,553,-123,1788587018645141
cross_device,0,1,color,-159,554,-277,1788587018678449
cross_device,0,1,color,-160,553,-257,1788587018711802
cross_device,0,1,color,-160,552,-261,1788587018745125
cross_device,0,1,color,-159,554,-246,1788587018778462
cross_device,0,1,color,-159,554,-138,1788587018811773
cross_device,0,1,color,-160,551,-271,1788587018845117
cross_device,0,1,color,-160,553,36,1788587018878587
cross_device,0,1,color,-161,551,14,1788587018911796
cross_device,0,1,color,-160,552,-121,1788587018945134
cross_device,0,1,color,-160,551,153,1788587018978575
cross_device,0,1,color,-160,552,-5,1788587019011910
cross_device,0,1,color,-160,551,52,1788587019045147
cross_device,0,1,color,-160,551,58,1788587019078477
cross_device,0,1,color,-161,550,75,1788587019111866
cross_device,0,1,color,-161,551,97,1788587019145230
cross_device,0,1,color,-161,551,136,1788587019178582
cross_device,0,1,color,-160,551,7,1788587019211959
cross_device,0,1,color,-161,551,4,1788587019245250
cross_device,0,1,color,-161,550,-27,1788587019278558
cross_device,0,1,color,-161,549,-76,1788587019311908
cross_device,0,1,color,-161,550,133,1788587019345256
cross_device,0,1,color,-161,550,23,1788587019378441
cross_device,0,1,color,-161,550,20,1788587019411789
cross_device,0,1,color,-161,549,6,1788587019445118
cross_device,0,1,color,-161,549,-107,1788587019478440
cross_device,0,1,color,-161,549,80,1788587019511885
cross_device,0,1,color,-161,548,-36,1788587019545112
cross_device,0,1,color,-162,547,-25,1788587019578445
cross_device,0,1,color,-161,548,75,1788587019611888
cross_device,0,1,color,-162,548,273,1788587019645390
cross_device,0,1,color,-162,546,102,1788587019678582
cross_device,0,1,color,-162,546,133,1788587019712061
cross_device,0,1,color,-162,547,-177,1788587019745091
cross_device,0,1,color,-162,547,-28,1788587019778439
cross_device,0,1,color,-162,546,-154,1788587019811773
cross_device,0,1,color,-162,547,121,1788587019845238
cross_device,0,1,color,-162,546,161,1788587019878603
cross_device,0,1,color,-162,547,-47,1788587019911878
cross_device,0,1,color,-162,545,-67,1788587019945208
cross_device,0,1,color,-162,545,-21,1788587019978438
cross_device,0,1,color,-162,547,-123,1788587020011796
cross_device,0,1,color,-163,545,-188,1788587020045085
cross_device,0,1,color,-162,545,171,1788587020078618
cross_device,0,1,color,-162,545,8,1788587020111779
cross_device,0,1,color,-163,544,-1,1788587020145130
cross_device,0,1,color,-163,546,-9,1788587020178456
cross_device,0,1,color,-163,543,-188,1788587020211749
cross_device,0,1,color,-163,544,8,1788587020245264
cross_device,0,1,color,-163,545,111,1788587020278714
cross_device,0,1,color,-164,543,109,1788587020311914
cross_device,0,1,color,-163,543,131,1788587020345388
cross_device,0,1,color,-164,543,7,1788587020378574
cross_device,0,1,color,-163,544,81,1788587020411875
cross_device,0,1,color,-163,543,-39,1788587020445226
cross_device,0,1,color,-163,544,-136,1788587020478437
cross_device,0,1,color,-163,543,3,1788587020511777
cross_device,0,1,color,-164,542,-156,1788587020545082
cross_device,0,1,color,-164,540,-183,1788587020578405
cross_device,0,1,color,-164,541,-14,1788587020611786
cross_device,0,1,color,-164,542,-36,1788587020645102
cross_device,0,1,color,-164,542,-32,1788587020678425
cross_device,0,1,color,-164,541,-34,1788587020711757
cross_device,0,1,color,-164,541,117,1788587020745261
cross_device,0,1,color,-164,540,-3,1788587020778461
cross_device,0,1,color,-165,539,-194,1788587020811756
cross_device,0,1,color,-164,541,130,1788587020845250
cross_device,0,1,color,-164,542,138,1788587020878586
cross_device,0,1,color,-165,541,-61,1788587020911874
cross_device,0,1,color,-164,539,-53,1788587020945088
cross_device,0,1,color,-165,539,115,1788587020978572
cross_device,0,1,color,-165,399,147,1788587021011952
cross_device,0,1,color,-165,261,-10,1788587021045108
cross_device,0,1,color,-165,122,-30,1788587021078443
cross_device,0,1,color,-165,-14,92,1788587021111883
cross_device,0,1,color,-165,-149,-158,1788587021145097
cross_device,0,1,color,-166,-287,-127,1788587021178461
cross_device,0,1,color,-165,-421,1,1788587021211914
cross_device,0,1,color,-165,-553,-225,1788587021245228
cross_device,0,1,color,-165,-685,5,1788587021278745
cross_device,0,1,color,-166,-818,-120,1788587021311786
cross_device,0,1,color,-165,-948,-15,1788587021345116
cross_device,0,1,color,-166,-1079,82,1788587021378535
cross_device,0,1,color,-166,-1207,-39,1788587021411748
cross_device,0,1,color,-166,-1336,-117,1788587021445104
cross_device,0,1,color,-166,-1463,8,1788587021478432
cross_device,0,1,color,-166,-1592,-32,1788587021511753
cross_device,0,1,color,-166,-1717,-20,1788587021545276
cross_device,0,1,color,-166,-1843,-19,1788587021578446
cross_device,0,1,color,-166,-1965,-51,1788587021611751
cross_device,0,1,color,-167,-2091,147,1788587021645271
cross_device,0,1,color,-166,-2211,-8,1788587021678452
cross_device,0,1,color,-166,-2334,0,1788587021711780
cross_device,0,1,color,-166,-2455,1,1788587021745115
cross_device,0,1,color,-167,-2576,-133,1788587021778586
cross_device,0,1,color,-166,-2693,-122,1788587021811774
cross_device,0,1,color,-166,-2813,-165,1788587021845103
cross_device,0,1,color,-166,-2931,-97,1788587021878462
cross_device,0,1,color,-167,-3049,-3,1788587021911919
cross_device,0,1,color,-167,-3165,166,1788587021945430
cross_device,0,1,color,-167,-3278,24,1788587021978459
cross_device,0,1,color,-167,-3394,-12,1788587022011764
cross_device,0,1,color,-167,-3507,16,1788587022045165
cross_device,0,1,color,-167,-3620,-12,1788587022078454
cross_device,0,1,color,-167,-3733,139,1788587022111913
cross_device,0,1,color,-168,-3845,-135,1788587022145099
cross_device,0,1,color,-167,-3956,-98,1788587022178464
cross_device,0,1,color,-168,-4068,12,1788587022211774
cross_device,0,1,color,-168,-4177,-4,1788587022245264
cross_device,0,1,color,-167,-4282,88,1788587022278555
cross_device,0,1,color,-168,-4391,-47,1788587022311778
cross_device,0,1,color,-168,-4498,-35,1788587022345122
cross_device,0,1,color,-168,-4606,7,1788587022378452
cross_device,0,1,color,-168,-4711,-195,1788587022411749
cross_device,0,1,color,-168,-4817,-45,1788587022445234
cross_device,0,1,color,-168,-4922,-17,1788587022478594
cross_device,0,1,color,-168,-5025,-59,1788587022511882
cross_device,0,1,color,-168,-5126,3,1788587022545274
cross_device,0,1,color,-168,-5229,-32,1788587022578448
cross_device,0,1,color,-168,-5331,27,1788587022611784
cross_device,0,1,color,-168,-5433,141,1788587022645248
cross_device,0,1,color,-169,-5377,-5,1788587022678723
cross_device,0,1,color,-169,-5323,92,1788587022711911
cross_device,0,1,color,-169,-5268,165,1788587022745289
cross_device,0,1,color,-168,-5213,-21,1788587022778584
cross_device,0,1,color,-169,-5161,-48,1788587022811908
cross_device,0,1,color,-169,-5109,157,1788587022845292
cross_device,0,1,color,-169,-5056,-41,1788587022878425
cross_device,0,1,color,-170,-5005,80,1788587022911877
cross_device,0,1,color,-170,-4952,-21,1788587022945121
cross_device,0,1,color,-169,-4901,-44,1788587022978424
cross_device,0,1,color,-170,-4850,130,1788587023011908
cross_device,0,1,color,-170,-4798,114,1788587023045399
cross_device,0,1,color,-169,-4747,-49,1788587023078559
cross_device,0,1,color,-169,-4696,138,1788587023111931
cross_device,0,1,color,-169,-4648,-16,1788587023145124
cross_device,0,1,color,-169,-4597,78,1788587023178562
cross_device,0,1,color,-170,-4549,-162,1788587023211769
cross_device,0,1,color,-170,-4500,116,1788587023245288
cross_device,0,1,color,-170,-4451,-19,1788587023278581
cross_device,0,1,color,-170,-4404,118,1788587023311904
cross_device,0,1,color,-170,-4354,169,1788587023345283
cross_device,0,1,color,-170,-4305,87,1788587023378536
cross_device,0,1,color,-170,-4260,93,1788587023411895
cross_device,0,1,color,-170,-4213,-37,1788587023445249
cross_device,0,1,color,-170,-4164,165,1788587023478593
cross_device,0,1,color,-171,-4119,147,1788587023512071
cross_device,0,1,color,-170,-4072,111,1788587023545257
cross_device,0,1,color,-170,-4023,120,1788587023578726
cross_device,0,1,color,-171,-3980,5,1788587023611902
cross_device,0,1,color,-171,-3935,-59,1788587023645090
cross_device,0,1,color,-171,-3892,-78,1788587023678794
cross_device,0,1,color,-171,-3847,-112,1788587023711938
cross_device,0,1,color,-171,-3803,-152,1788587023745096
cross_device,0,1,color,-171,-3762,-28,1788587023778560
cross_device,0,1,color,-172,-3719,-2,1788587023811779
cross_device,0,1,color,-171,-3673,-41,1788587023845120
cross_device,0,1,color,-171,-3633,-149,1788587023878430
cross_device,0,1,color,-171,-3590,22,1788587023911781
cross_device,0,1,color,-171,-3549,-27,1788587023945121
cross_device,0,1,color,-172,-3507,-74,1788587023978474
cross_device,0,1,color,-172,-3465,-117,1788587024011788
cross_device,0,1,color,-172,-3425,-109,1788587024045156
cross_device,0,1,color,-172,-3385,-82,1788587024078478
cross_device,0,1,color,-171,-3342,-124,1788587024111785
cross_device,0,1,color,-171,-3303,-121,1788587024145282
cross_device,0,1,color,-172,-3264,-56,1788587024178483
cross_device,0,1,color,-172,-3226,-294,1788587024211809
cross_device,0,1,color,-172,-3187,-164,1788587024245491
cross_device,0,1,color,-172,-3147,-119,1788587024278590
cross_device,0,1,color,-173,-3111,-110,1788587024311803
cross_device,0,1,color,-172,-3072,-283,1788587024345172
cross_device,0,1,color,-172,-3034,-232,1788587024378487
cross_device,0,1,color,-172,-2998,-271,1788587024411792
cross_device,0,1,color,-173,-2961,-93,1788587024445162
cross_device,0,1,color,-173,-2923,-228,1788587024478478
cross_device,0,1,color,-173,-2888,-229,1788587024511816
cross_device,0,1,color,-172,-2849,-81,1788587024545157
cross_device,0,1,color,-173,-2814,-88,1788587024578484
cross_device,0,1,color,-173,-2779,-65,1788587024611815
cross_device,0,1,color,-173,-2741,-97,1788587024645155
cross_device,0,1,color,-173,-2704,-80,1788587024678482
cross_device,0,1,color,-173,-2668,133,1788587024711915
cross_device,0,1,color,-174,-2632,116,1788587024745259
cross_device,0,1,color,-173,-2594,87,1788587024778546
cross_device,0,1,color,-174,-2561,-227,1788587024811876
cross_device,0,1,color,-173,-2523,17,1788587024845408
cross_device,0,1,color,-173,-2490,-22,1788587024878576
cross_device,0,1,color,-174,-2456,-35,1788587024911763
cross_device,0,1,color,-174,-2421,-146,1788587024945114
cross_device,0,1,color,-174,-2387,126,1788587024978588
cross_device,0,1,color,-173,-2348,233,1788587025012033
cross_device,0,1,color,-174,-2317,-172,1788587025045107
cross_device,0,1,color,-174,-2282,-158,1788587025078433
cross_device,0,1,color,-174,-2251,118,1788587025111931
cross_device,0,1,color,-174,-2217,-21,1788587025145127
cross_device,0,1,color,-174,-2184,-39,1788587025178437
cross_device,0,1,color,-175,-2149,355,1788587025212158
cross_device,0,1,color,-174,-2114,318,1788587025245617
cross_device,0,1,color,-174,-2081,92,1788587025278821
cross_device,0,1,color,-175,-2048,260,1788587025312047
cross_device,0,1,color,-175,-2016,-22,1788587025345271
cross_device,0,1,color,-175,-1983,90,1788587025378546
cross_device,0,1,color,-175,-1950,132,1788587025411904
cross_device,0,1,color,-175,-1919,114,1788587025445259
cross_device,0,1,color,-175,-1887,-41,1788587025478554
cross_device,0,1,color,-175,-1856,-2,1788587025511903
cross_device,0,1,color,-176,-1827,-16,1788587025545121
cross_device,0,1,color,-175,-1796,-15,1788587025578452
cross_device,0,1,color,-176,-1767,-158,1788587025611769
cross_device,0,1,color,-175,-1735,15,1788587025645273
cross_device,0,1,color,-176,-1706,-22,1788587025678459
cross_device,0,1,color,-175,-1674,-12,1788587025711785
cross_device,0,1,color,-176,-1646,152,1788587025745403
cross_device,0,1,color,-175,-1614,329,1788587025778779
cross_device,0,1,color,-176,-1586,-19,1788587025811915
cross_device,0,1,color,-176,-1557,73,1788587025845233
cross_device,0,1,color,-176,-1526,11,1788587025878591
cross_device,0,1,color,-176,-1497,124,1788587025911924
cross_device,0,1,color,-176,-1468,83,1788587025945359
cross_device,0,1,color,-176,-1441,154,1788587025978579
cross_device,0,1,color,-177,-1411,-23,1788587026011784
cross_device,0,1,color,-176,-1382,134,1788587026045400
cross_device,0,1,color,-177,-1354,145,1788587026078577
cross_device,0,1,color,-177,-1325,214,1788587026112117
cross_device,0,1,color,-177,-1299,-60,1788587026145102
cross_device,0,1,color,-176,-1269,-4,1788587026178599
cross_device,0,1,color,-176,-1244,297,1788587026212094
cross_device,0,1,color,-176,-1215,16,1788587026245268
cross_device,0,1,color,-176,-1186,344,1788587026278804
cross_device,0,1,color,-177,-1160,225,1788587026312033
cross_device,0,1,color,-177,-1132,123,1788587026345393
cross_device,0,1,color,-177,-1104,129,1788587026378587
cross_device,0,1,color,-177,-1078,84,1788587026411894
cross_device,0,1,color,-177,-1051,215,1788587026445468
cross_device,0,1,color,-177,-1025,-9,1788587026478589
cross_device,0,1,color,-177,-1000,119,1788587026512066
cross_device,0,1,color,-177,-974,141,1788587026545259
cross_device,0,1,color,-178,-948,-46,1788587026578569
cross_device,0,1,color,-178,-925,-42,1788587026611755
cross_device,0,1,color,-178,-901,-159,1788587026645127
cross_device,0,1,color,-178,-876,163,1788587026678783
cross_device,0,1,color,-178,-853,5,1788587026711781
cross_device,0,1,color,-178,-828,7,1788587026745134
cross_device,0,1,color,-178,-803,50,1788587026778674
cross_device,0,1,color,-178,-780,-149,1788587026811805
cross_device,0,1,color,-178,-757,111,1788587026845260
cross_device,0,1,color,-178,-733,4,1788587026878599
cross_device,0,1,color,-178,-709,-13,1788587026911796
cross_device,0,1,color,-179,-687,88,1788587026945240
cross_device,0,1,color,-178,-662,126,1788587026978575
cross_device,0,1,color,-179,-640,102,1788587027011916
cross_device,0,1,color,-179,-614,262,1788587027045409
cross_device,0,1,color,-178,-590,143,1788587027078583
cross_device,0,1,color,-179,-569,102,1788587027111895
cross_device,0,1,color,-179,-543,290,1788587027145436
cross_device,0,1,color,-179,-518,271,1788587027178737
cross_device,0,1,color,-179,-495,347,1788587027212155
cross_device,0,1,color,-179,-474,-29,1788587027245401
cross_device,0,1,color,-179,-452,-214,1788587027278564
cross_device,0,1,color,-179,-429,7,1788587027311933
cross_device,0,1,color,-180,-409,125,1788587027345270
cross_device,0,1,color,-180,-388,97,1788587027378688
cross_device,0,1,color,-179,-366,142,1788587027412064
cross_device,0,1,color,-179,-342,228,1788587027445374
cross_device,0,1,color,-179,-320,-39,1788587027478559
cross_device,0,1,color,-179,-302,74,1788587027512040
cross_device,0,1,color,-180,-278,116,1788587027545277
cross_device,0,1,color,-180,-259,108,1788587027578579
cross_device,0,1,color,-179,-238,16,1788587027611926
cross_device,0,1,color,-180,-217,262,1788587027645390
cross_device,0,1,color,-180,-195,206,1788587027678689
cross_device,0,1,color,-180,-174,104,1788587027711911
cross_device,0,1,color,-180,-154,105,1788587027745255
cross_device,0,1,color,-180,-134,115,1788587027778593
cross_device,0,1,color,-180,-115,-34,1788587027811906
cross_device,0,1,color,-180,-93,134,1788587027845405
cross_device,0,1,color,-181,-75,78,1788587027878704
cross_device,0,1,color,-180,-57,95,1788587027912067
cross_device,0,1,color,-181,-36,214,1788587027945370
cross_device,0,1,color,-181,-15,20,1788587027978452
cross_device,0,1,color,-180,4,-3,1788587028011939
cross_device,0,1,color,-180,21,103,1788587028045253
cross_device,0,1,color,-181,40,145,1788587028078594
cross_device,0,1,color,-181,60,-29,1788587028111782
cross_device,0,1,color,-181,79,135,1788587028145439
cross_device,0,1,color,-181,97,134,1788587028178588
cross_device,0,1,color,-181,116,160,1788587028211944
cross_device,0,1,color,-181,134,91,1788587028245391
cross_device,0,1,color,-182,152,240,1788587028278720
cross_device,0,1,color,-182,171,67,1788587028311877
cross_device,0,1,color,-181,190,272,1788587028345396
cross_device,0,1,color,-182,209,231,1788587028378700
cross_device,0,1,color,-182,227,56,1788587028412025
cross_device,0,1,color,-181,246,162,1788587028445452
cross_device,0,1,color,-182,261,127,1788587028478792
cross_device,0,1,color,-181,282,115,1788587028512053
cross_device,0,1,color,-182,298,123,1788587028545406
cross_device,0,1,color,-182,313,6,1788587028578591
cross_device,0,1,color,-182,330,18,1788587028611785
cross_device,0,1,color,-182,347,-42,1788587028645090
cross_device,0,1,color,-182,364,11,1788587028678591
cross_device,0,1,color,-183,380,276,1788587028712078
cross_device,0,1,color,-183,394,-162,1788587028745128
cross_device,0,1,color,-182,411,-28,1788587028778452
cross_device,0,1,color,-183,426,13,1788587028811922
cross_device,0,1,color,-182,442,-51,1788587028845096
cross_device,0,1,color,-183,458,-19,1788587028878590
cross_device,0,1,color,-183,473,-31,1788587028911766
cross_device,0,1,color,-183,489,-52,1788587028945110
cross_device,0,1,color,-183,503,104,1788587028978578
cross_device,0,1,color,-183,518,82,1788587029012024
cross_device,0,1,color,-183,537,135,1788587029045260
cross_device,0,1,color,-183,552,112,1788587029078584
cross_device,0,1,color,-183,565,-44,1788587029111898
cross_device,0,1,color,-183,580,-197,1788587029145083
cross_device,0,1,color,-184,592,-157,1788587029178453
cross_device,0,1,color,-184,606,-15,1788587029211908
cross_device,0,1,color,-184,622,126,1788587029245382
cross_device,0,1,color,-184,639,362,1788587029278969
cross_device,0,1,color,-184,652,95,1788587029312034
cross_device,0,1,color,-184,668,64,1788587029345219
cross_device,0,1,color,-183,685,146,1788587029378593
cross_device,0,1,color,-184,697,61,1788587029412023
cross_device,0,1,color,-184,714,268,1788587029445406
cross_device,0,1,color,-184,730,237,1788587029478709
cross_device,0,1,color,-185,743,120,1788587029511925
cross_device,0,1,color,-184,756,18,1788587029545122
cross_device,0,1,color,-184,770,-52,1788587029578413
cross_device,0,1,color,-184,784,-63,1788587029611876
cross_device,0,1,color,-184,797,-32,1788587029645118
cross_device,0,1,color,-185,808,-14,1788587029678453
cross_device,0,1,color,-184,824,141,1788587029711913
cross_device,0,1,color,-185,838,285,1788587029745432
cross_device,0,1,color,-185,851,-60,1788587029778431
cross_device,0,1,color,-185,863,-51,1788587029811767
cross_device,0,1,color,-185,879,255,1788587029845557
cross_device,0,1,color,-185,890,-54,1788587029878429
cross_device,0,1,color,-185,903,-148,1788587029911801
cross_device,0,1,color,-185,917,144,1788587029945270
cross_device,0,1,color,-186,926,-168,1788587029978449
cross_device,0,1,color,-185,940,69,1788587030011896
cross_device,0,1,color,-185,952,82,1788587030045248
cross_device,0,1,color,-186,962,-76,1788587030078425
cross_device,0,1,color,-186,973,-151,1788587030111815
cross_device,0,1,color,-186,988,94,1788587030145265
cross_device,0,1,color,-186,1002,127,1788587030178600
cross_device,0,1,color,-186,1012,132,1788587030211933
cross_device,0,1,color,-186,1026,303,1788587030245611
cross_device,0,1,color,-186,1039,-52,1788587030278585
cross_device,0,1,color,-186,1052,135,1788587030311923
cross_device,0,1,color,-186,1062,-10,1788587030345291
cross_device,0,1,color,-186,1073,-50,1788587030378566
cross_device,0,1,color,-187,1084,14,1788587030411786
cross_device,0,1,color,-186,1097,162,1788587030445329
cross_device,0,1,color,-187,1108,151,1788587030478785
cross_device,0,1,color,-186,1121,279,1788587030512205
cross_device,0,1,color,-187,1134,100,1788587030545387
cross_device,0,1,color,-187,1147,249,1788587030578718
cross_device,0,1,color,-186,1159,-14,1788587030611924
cross_device,0,1,color,-187,1168,-49,1788587030645106
cross_device,0,1,color,-187,1180,136,1788587030678585
cross_device,0,1,color,-187,1189,-145,1788587030711790
cross_device,0,1,color,-187,1198,-148,1788587030745143
cross_device,0,1,color,-187,1208,-96,1788587030778479
cross_device,0,1,color,-187,1219,-51,1788587030811759
cross_device,0,1,color,-188,1228,4,1788587030845145
cross_device,0,1,color,-187,1241,-18,1788587030878607
cross_device,0,1,color,-187,1249,76,1788587030911896
cross_device,0,1,color,-187,1260,-167,1788587030945110
cross_device,0,1,color,-188,1269,-29,1788587030978595
cross_device,0,1,color,-187,1279,74,1788587031011882
cross_device,0,1,color,-187,1288,-162,1788587031045110
cross_device,0,1,color,-188,1298,135,1788587031078582
cross_device,0,1,color,-188,1309,127,1788587031111929
cross_device,0,1,color,-187,1321,141,1788587031145451
cross_device,0,1,color,-188,1330,127,1788587031178582
cross_device,0,1,color,-188,1340,8,1788587031211922
cross_device,0,1,color,-188,1352,-53,1788587031245115
cross_device,0,1,color,-188,1364,362,1788587031279032
cross_device,0,1,color,-189,1372,279,1788587031312236
cross_device,0,1,color,-188,1384,215,1788587031345470
cross_device,0,1,color,-189,1394,254,1788587031378730
cross_device,0,1,color,-189,1405,221,1788587031412043
cross_device,0,1,color,-188,1416,295,1788587031445459
cross_device,0,1,color,-188,1427,118,1788587031478724
cross_device,0,1,color,-189,1438,130,1788587031511915
cross_device,0,1,color,-189,1446,-131,1788587031545155
cross_device,0,1,color,-188,1454,3,1788587031578609
cross_device,0,1,color,-188,1466,67,1788587031611899
cross_device,0,1,color,-188,1473,1,1788587031645300
cross_device,0,1,color,-189,1481,87,1788587031678708
cross_device,0,1,color,-189,1492,64,1788587031711899
cross_device,0,1,color,-190,1499,121,1788587031745277
cross_device,0,1,color,-189,1511,299,1788587031778782
cross_device,0,1,color,-190,1521,117,1788587031811909
cross_device,0,1,color,-189,1528,-33,1788587031845278
cross_device,0,1,color,-190,1535,57,1788587031878560
cross_device,0,1,color,-190,1546,125,1788587031911927
cross_device,0,1,color,-190,1555,223,1788587031945378
cross_device,0,1,color,-190,1562,-39,1788587031978425
cross_device,0,1,color,-190,1574,100,1788587032011912
cross_device,0,1,color,-190,1580,-10,1788587032045152
cross_device,0,1,color,-190,1587,127,1788587032078578
cross_device,0,1,color,-190,1597,146,1788587032111926
cross_device,0,1,color,-190,1605,6,1788587032145134
cross_device,0,1,color,-190,1614,91,1788587032178569
cross_device,0,1,color,-190,1622,17,1788587032211785
cross_device,0,1,color,-190,1631,-32,1788587032245132
cross_device,0,1,color,-190,1638,284,1788587032278757
cross_device,0,1,color,-190,1648,130,1788587032311927
cross_device,0,1,color,-191,1655,144,1788587032345258
cross_device,0,1,color,-191,1663,279,1788587032378772
cross_device,0,1,color,-191,1672,-38,1788587032412093
cross_device,0,1,color,-191,1681,120,1788587032445393
cross_device,0,1,color,-191,1688,-34,1788587032478608
cross_device,0,1,color,-191,1694,-34,1788587032511932
cross_device,0,1,color,-192,1701,-48,1788587032545261
cross_device,0,1,color,-191,1709,2,1788587032578640
cross_device,0,1,color,-192,1715,66,1788587032611888
cross_device,0,1,color,-192,1724,79,1788587032645401
cross_device,0,1,color,-192,1731,182,1788587032678806
cross_device,0,1,color,-191,1740,126,1788587032711933
cross_device,0,1,color,-191,1749,7,1788587032745126
cross_device,0,1,color,-191,1757,135,1788587032778587
cross_device,0,1,color,-192,1763,300,1788587032812257
cross_device,0,1,color,-192,1772,20,1788587032845131
cross_device,0,1,color,-191,1780,160,1788587032878603
cross_device,0,1,color,-192,1784,-93,1788587032911923
cross_device,0,1,color,-192,1790,7,1788587032945126
cross_device,0,1,color,-192,1800,95,1788587032978567
cross_device,0,1,color,-192,1806,299,1788587033012103
cross_device,0,1,color,-192,1814,-25,1788587033045274
cross_device,0,1,color,-192,1820,6,1788587033078579
cross_device,0,1,color,-192,1828,144,1788587033112062
cross_device,0,1,color,-193,1833,-57,1788587033145476
cross_device,0,1,color,-192,1840,-23,1788587033178585
cross_device,0,1,color,-193,1846,226,1788587033212049
cross_device,0,1,color,-193,1852,-40,1788587033245275
cross_device,0,1,color,-193,1860,301,1788587033278768
cross_device,0,1,color,-192,1869,247,1788587033312049
cross_device,0,1,color,-193,1874,91,1788587033345390
cross_device,0,1,color,-193,1883,262,1788587033378764
cross_device,0,1,color,-193,1892,296,1788587033412136
cross_device,0,1,color,-193,1900,373,1788587033445518
cross_device,0,1,color,-193,1905,202,1788587033478689
cross_device,0,1,color,-193,1917,335,1788587033512147
cross_device,0,1,color,-193,1924,260,1788587033545415
cross_device,0,1,color,-193,1929,224,1788587033578711
cross_device,0,1,color,-194,1933,-43,1788587033611898
cross_device,0,1,color,-194,1943,261,1788587033645373
cross_device,0,1,color,-194,1947,219,1788587033678690
cross_device,0,1,color,-194,1957,219,1788587033712039
cross_device,0,1,color,-194,1964,138,1788587033745424
cross_device,0,1,color,-194,1968,89,1788587033778563
cross_device,0,1,color,-194,1975,115,1788587033811888
cross_device,0,1,color,-194,1982,239,1788587033845410
cross_device,0,1,color,-194,1988,75,1788587033878559
cross_device,0,1,color,-194,1994,72,1788587033911891
cross_device,0,1,color,-194,2000,116,1788587033945266
cross_device,0,1,color,-194,2006,220,1788587033978705
cross_device,0,1,color,-194,2013,337,1788587034012123
cross_device,0,1,color,-194,2022,320,1788587034045457
cross_device,0,1,color,-195,2028,237,1788587034078710
cross_device,0,1,color,-195,2033,269,1788587034112064
cross_device,0,1,color,-192,2044,270,1788587034145550
cross_device,0,1,color,-195,2049,252,1788587034178723
cross_device,0,1,color,-195,2057,335,1788587034212156
cross_device,0,1,color,-191,2064,300,1788587034245578
cross_device,0,1,color,-195,2067,148,1788587034278604
cross_device,0,1,color,-195,2074,63,1788587034311894
cross_device,0,1,color,-191,2083,293,1788587034345457
cross_device,0,1,color,-195,2086,281,1788587034378762
cross_device,0,1,color,-196,2091,331,1788587034412135
cross_device,0,1,color,-188,2106,292,1788587034445451
cross_device,0,1,color,-195,2107,238,1788587034478743
cross_device,0,1,color,-196,2111,233,1788587034512077
cross_device,0,1,color,-189,2124,262,1788587034545407
cross_device,0,1,color,-196,2123,161,1788587034578824
cross_device,0,1,color,-196,2129,207,1788587034612038
cross_device,0,1,color,-188,2142,220,1788587034645419
cross_device,0,1,color,-196,2140,241,1788587034678735
cross_device,0,1,color,-196,2147,228,1788587034712058
cross_device,0,1,color,-186,2162,226,1788587034745408
cross_device,0,1,color,-196,2157,234,1788587034778724
cross_device,0,1,color,-196,2162,102,1788587034811920
cross_device,0,1,color,-186,2176,-164,1788587034845129
cross_device,0,1,color,-197,2171,281,1788587034878748
cross_device,0,1,color,-196,2177,12,1788587034911800
cross_device,0,1,color,-188,2186,-167,1788587034945136
cross_device,0,1,color,-197,2182,117,1788587034978592
cross_device,0,1,color,-196,2189,287,1788587035012092
cross_device,0,1,color,-197,2196,303,1788587035045483
cross_device,0,1,color,-196,2201,266,1788587035078762
cross_device,0,1,color,-197,2206,293,1788587035112088
cross_device,0,1,color,-197,2214,276,1788587035145424
cross_device,0,1,color,-197,2219,291,1788587035178799
cross_device,0,1,color,-197,2221,-29,1788587035211780
cross_device,0,1,color,-197,2228,380,1788587035245538
cross_device,0,1,color,-197,2232,4,1788587035278588
cross_device,0,1,color,-197,2234,-39,1788587035311756
cross_device,0,1,color,-198,2238,162,1788587035345429
cross_device,0,1,color,-198,2243,-28,1788587035378441
cross_device,0,1,color,-198,2247,118,1788587035411914
cross_device,0,1,color,-198,2252,204,1788587035445309
cross_device,0,1,color,-197,2258,121,1788587035478549
cross_device,0,1,color,-198,2262,298,1788587035512101
cross_device,0,1,color,-198,2266,117,1788587035545247
cross_device,0,1,color,-198,2271,111,1788587035578577
cross_device,0,1,color,-198,2274,151,1788587035611919
cross_device,0,1,color,-199,2278,145,1788587035645273
cross_device,0,1,color,-199,2284,313,1788587035678781
cross_device,0,1,color,-198,2289,254,1788587035712046
cross_device,0,1,color,-198,2294,125,1788587035745246
cross_device,0,1,color,-198,2298,-27,1788587035778566
cross_device,0,1,color,-198,2301,-19,1788587035811795
cross_device,0,1,color,-199,2302,-34,1788587035845109
cross_device,0,1,color,-198,2308,336,1788587035878773
cross_device,0,1,color,-199,2311,-99,1788587035911805
cross_device,0,1,color,-199,2313,9,1788587035945136
cross_device,0,1,color,-199,2319,242,1788587035978713
cross_device,0,1,color,-199,2324,215,1788587036012144
cross_device,0,1,color,-199,2328,241,1788587036045397
cross_device,0,1,color,-199,2331,-63,1788587036078427
cross_device,0,1,color,-199,2335,154,1788587036111930
cross_device,0,1,color,-199,2339,108,1788587036145265
cross_device,0,1,color,-200,2340,9,1788587036178465
cross_device,0,1,color,-200,2344,154,1788587036211928
cross_device,0,1,color,-199,2349,-57,1788587036245118
cross_device,0,1,color,-200,2352,330,1788587036278944
cross_device,0,1,color,-200,2355,-62,1788587036311758
cross_device,0,1,color,-200,2359,-56,1788587036345109
cross_device,0,1,color,-200,2362,313,1788587036378794
cross_device,0,1,color,-200,2366,89,1788587036411903
cross_device,0,1,color,-200,2371,84,1788587036445254
cross_device,0,1,color,-199,2375,237,1788587036478729
cross_device,0,1,color,-200,2379,148,1788587036511969
cross_device,0,1,color,-200,2381,86,1788587036545243
cross_device,0,1,color,-201,2381,30,1788587036578664
cross_device,0,1,color,-200,2389,289,1788587036612106
cross_device,0,1,color,-200,2393,-23,1788587036645277
cross_device,0,1,color,-200,2394,-42,1788587036678772
cross_device,0,1,color,-200,2395,-10,1788587036711921
cross_device,0,1,color,-201,2397,126,1788587036745279
cross_device,0,1,color,-200,2404,112,1788587036778712
cross_device,0,1,color,-201,2407,11,1788587036811920
cross_device,0,1,color,-201,2407,80,1788587036845234
cross_device,0,1,color,-201,2409,-56,1788587036878563
cross_device,0,1,color,-202,2412,103,1788587036911923
cross_device,0,1,color,-201,2414,-36,1788587036945121
cross_device,0,1,color,-201,2417,-12,1788587036978442
cross_device,0,1,color,-201,2423,305,1788587037012077
cross_device,0,1,color,-202,2424,176,1788587037045465
cross_device,0,1,color,-201,2428,132,1788587037078775
cross_device,0,1,color,-202,2428,21,1788587037111947
cross_device,0,1,color,-201,2434,192,1788587037145479
cross_device,0,1,color,-202,2435,-13,1788587037178600
cross_device,0,1,color,-202,2439,93,1788587037211915
cross_device,0,1,color,-202,2442,309,1788587037245437
cross_device,0,1,color,-201,2445,-15,1788587037278616
cross_device,0,1,color,-202,2448,95,1788587037311911
cross_device,0,1,color,-202,2449,-49,1788587037345229
cross_device,0,1,color,-201,2452,135,1788587037378741
cross_device,0,1,color,-202,2455,119,1788587037411933
cross_device,0,1,color,-202,2458,69,1788587037445212
cross_device,0,1,color,-203,2459,278,1788587037478738
cross_device,0,1,color,-202,2465,251,1788587037512057
cross_device,0,1,color,-202,2468,145,1788587037545306
cross_device,0,1,color,-203,2468,-57,1788587037578429
cross_device,0,1,color,-203,2470,94,1788587037611914
cross_device,0,1,color,-203,2473,79,1788587037645242
cross_device,0,1,color,-203,2476,136,1788587037678589
cross_device,0,1,color,-203,2477,-51,1788587037711764
cross_device,0,1,color,-203,2482,248,1788587037745401
cross_device,0,1,color,-203,2484,157,1788587037778790
cross_device,0,1,color,-204,2488,100,1788587037811912
cross_device,0,1,color,-203,2492,298,1788587037845429
cross_device,0,1,color,-203,2495,-2,1788587037878456
cross_device,0,1,color,-203,2498,115,1788587037911921
cross_device,0,1,color,-204,2498,61,1788587037945232
cross_device,0,1,color,-203,2503,271,1788587037978721
cross_device,0,1,color,-203,2507,252,1788587038012053
cross_device,0,1,color,-203,2511,227,1788587038045400
cross_device,0,1,color,-203,2514,276,1788587038078757
cross_device,0,1,color,-204,2517,248,1788587038112073
cross_device,0,1,color,-204,2520,286,1788587038145424
cross_device,0,1,color,-204,2524,189,1788587038178800
cross_device,0,1,color,-204,2527,151,1788587038211961
cross_device,0,1,color,-204,2530,136,1788587038245430
cross_device,0,1,color,-204,2533,-52,1788587038278436
cross_device,0,1,color,-205,2533,309,1788587038312104
cross_device,0,1,color,-204,2537,-8,1788587038345132
cross_device,0,1,color,-204,2540,8,1788587038378456
cross_device,0,1,color,-205,2542,375,1788587038412164
cross_device,0,1,color,-204,2544,-57,1788587038445104
cross_device,0,1,color,-205,2545,-49,1788587038478427
cross_device,0,1,color,-205,2548,314,1788587038512146
cross_device,0,1,color,-205,2553,274,1788587038545423
cross_device,0,1,color,-205,2557,378,1788587038578826
cross_device,0,1,color,-205,2560,246,1788587038612053
cross_device,0,1,color,-205,2563,242,1788587038645394
cross_device,0,1,color,-206,2565,148,1788587038678630
cross_device,0,1,color,-206,2566,-8,1788587038711773
cross_device,0,1,color,-205,2569,264,1788587038745392
cross_device,0,1,color,-205,2572,92,1788587038778573
cross_device,0,1,color,-206,2574,125,1788587038811928
cross_device,0,1,color,-205,2577,79,1788587038845242
cross_device,0,1,color,-206,2579,163,1788587038878637
cross_device,0,1,color,-205,2581,85,1788587038911898
cross_device,0,1,color,-206,2582,120,1788587038945260
cross_device,0,1,color,-206,2587,157,1788587038978634
cross_device,0,1,color,-206,2590,141,1788587039011925
cross_device,0,1,color,-206,2593,302,1788587039045442
cross_device,0,1,color,-206,2594,95,1788587039078590
cross_device,0,1,color,-206,2596,75,1788587039111892
cross_device,0,1,color,-207,2597,103,1788587039145242
cross_device,0,1,color,-206,2601,246,1788587039178738
cross_device,0,1,color,-207,2602,-44,1788587039211767
cross_device,0,1,color,-206,2603,-41,1788587039245130
cross_device,0,1,color,-206,2604,-38,1788587039278423
cross_device,0,1,color,-207,2605,-4,1788587039311793
cross_device,0,1,color,-207,2608,400,1788587039345536
cross_device,0,1,color,-207,2611,0,1788587039378453
cross_device,0,1,color,-207,2611,10,1788587039411787
cross_device,0,1,color,-207,2617,296,1788587039445458
cross_device,0,1,color,-207,2618,106,1788587039478717
cross_device,0,1,color,-207,2618,-64,1788587039511763
cross_device,0,1,color,-207,2619,134,1788587039545270
cross_device,0,1,color,-207,2623,134,1788587039578614
cross_device,0,1,color,-207,2626,115,1788587039611930
cross_device,0,1,color,-207,2626,20,1788587039645138
cross_device,0,1,color,-207,2627,172,1788587039678619
cross_device,0,1,color,-208,2630,114,1788587039711922
cross_device,0,1,color,-208,2631,107,1788587039745273
cross_device,0,1,color,-208,2631,-48,1788587039778426
cross_device,0,1,color,-208,2632,-56,1788587039811758
cross_device,0,1,color,-208,2635,257,1788587039845405
cross_device,0,1,color,-208,2636,110,1788587039878605
cross_device,0,1,color,-208,2639,-59,1788587039911755
cross_device,0,1,color,-208,2639,-63,1788587039945096
cross_device,0,1,color,-208,2641,108,1788587039978720
cross_device,0,1,color,-208,2643,-7,1788587040011799
cross_device,0,1,color,-209,2645,156,1788587040045273
cross_device,0,1,color,-208,2647,291,1788587040078741
cross_device,0,1,color,-208,2651,284,1788587040112101
cross_device,0,1,color,-208,2654,283,1788587040145420
cross_device,0,1,color,-209,2655,260,1788587040178722
cross_device,0,1,color,-208,2657,125,1788587040211933
cross_device,0,1,color,-209,2660,251,1788587040245535
cross_device,0,1,color,-209,2662,153,1788587040278615
cross_device,0,1,color,-209,2662,-3,1788587040311784
cross_device,0,1,color,-209,2664,18,1788587040345145
cross_device,0,1,color,-209,2667,127,1788587040378601
cross_device,0,1,color,-209,2667,-9,1788587040411801
cross_device,0,1,color,-209,2668,-21,1788587040445151
cross_device,0,1,color,-209,2669,165,1788587040478601
cross_device,0,1,color,-209,2672,171,1788587040511920
cross_device,0,1,color,-210,2673,99,1788587040545391
cross_device,0,1,color,-210,2674,263,1788587040578732
cross_device,0,1,color,-209,2678,281,1788587040612041
cross_device,0,1,color,-209,2680,279,1788587040645392
cross_device,0,1,color,-209,2682,83,1788587040678545
cross_device,0,1,color,-210,2682,-22,1788587040711912
cross_device,0,1,color,-209,2683,-77,1788587040745152
cross_device,0,1,color,-210,2684,-5,1788587040778598
cross_device,0,1,color,-210,2683,76,1788587040812022
cross_device,0,1,color,-210,2688,150,1788587040845274
cross_device,0,1,color,-210,2690,111,1788587040878572
cross_device,0,1,color,-210,2691,327,1788587040912116
cross_device,0,1,color,-211,2691,3,1788587040945117
cross_device,0,1,color,-210,2691,-141,1788587040978444
cross_device,0,1,color,-211,2692,89,1788587041012165
cross_device,0,1,color,-210,2693,-15,1788587041045136
cross_device,0,1,color,-211,2693,-33,1788587041078425
cross_device,0,1,color,-211,2695,155,1788587041111912
cross_device,0,1,color,-211,2695,1,1788587041145264
cross_device,0,1,color,-210,2698,26,1788587041178480
cross_device,0,1,color,-211,2697,163,1788587041211925
cross_device,0,1,color,-211,2701,47,1788587041245297
cross_device,0,1,color,-211,2702,234,1788587041278687
cross_device,0,1,color,-211,2705,231,1788587041312009
cross_device,0,1,color,-212,2705,-136,1788587041345138
cross_device,0,1,color,-211,2706,110,1788587041378735
cross_device,0,1,color,-211,2705,-130,1788587041411782
cross_device,0,1,color,-211,2706,-123,1788587041445136
cross_device,0,1,color,-212,2708,277,1788587041478764
cross_device,0,1,color,-212,2709,26,1788587041511933
cross_device,0,1,color,-212,2707,-140,1788587041545134
cross_device,0,1,color,-212,2708,24,1788587041578614
cross_device,0,1,color,-212,2711,282,1788587041612223
cross_device,0,1,color,-212,2714,118,1788587041645428
cross_device,0,1,color,-212,2715,245,1788587041678722
cross_device,0,1,color,-212,2717,287,1788587041712054
cross_device,0,1,color,-212,2718,125,1788587041745394
cross_device,0,1,color,-212,2722,314,1788587041778724
cross_device,0,1,color,-212,2723,280,1788587041812057
cross_device,0,1,color,-212,2724,16,1788587041845278
cross_device,0,1,color,-212,2725,140,1788587041878582
cross_device,0,1,color,-212,2726,-26,1788587041911750
cross_device,0,1,color,-212,2726,25,1788587041945121
cross_device,0,1,color,-212,2729,264,1788587041978718
cross_device,0,1,color,-213,2729,139,1788587042011916
cross_device,0,1,color,-213,2733,268,1788587042045390
cross_device,0,1,color,-213,2733,127,1788587042078591
cross_device,0,1,color,-213,2735,132,1788587042111916
cross_device,0,1,color,-213,2735,119,1788587042145233
cross_device,0,1,color,-213,2737,105,1788587042178697
cross_device,0,1,color,-213,2738,105,1788587042212040
cross_device,0,1,color,-213,2740,75,1788587042245392
cross_device,0,1,color,-213,2739,30,1788587042278612
cross_device,0,1,color,-214,2741,137,1788587042311917
cross_device,0,1,color,-214,2744,259,1788587042345385
cross_device,0,1,color,-215,2744,-26,1788587042378586
cross_device,0,1,color,-214,2745,174,1788587042412108
cross_device,0,1,color,-214,2745,-115,1788587042445153
cross_device,0,1,color,-217,2741,-130,1788587042478469
cross_device,0,1,color,-214,2746,323,1788587042512091
cross_device,0,1,color,-214,2749,161,1788587042545263
cross_device,0,1,color,-216,2747,-3,1788587042578606
cross_device,0,1,color,-214,2750,84,1788587042612044
cross_device,0,2,color,-2071,143,-151,1788587012611892
cross_device,0,2,color,-2071,301,-260,1788587012645166
cross_device,0,2,color,-2072,302,-295,1788587012678440
cross_device,0,2,color,-2072,303,-227,1788587012711812
cross_device,0,2,color,-2073,302,-240,1788587012745138
cross_device,0,2,color,-2072,303,-135,1788587012778591
cross_device,0,2,color,-2073,303,-293,1788587012811772
cross_device,0,2,color,-2073,303,-280,1788587012845133
cross_device,0,2,color,-2073,304,-217,1788587012878598
cross_device,0,2,color,-2074,304,-262,1788587012911798
cross_device,0,2,color,-2074,306,-272,1788587012945117
cross_device,0,2,color,-2074,306,-102,1788587012978595
cross_device,0,2,color,-2075,305,-226,1788587013011800
cross_device,0,2,color,-2074,307,-437,1788587013045117
cross_device,0,2,color,-2075,307,-144,1788587013078581
cross_device,0,2,color,-2076,305,-219,1788587013111814
cross_device,0,2,color,-2076,306,-231,1788587013145152
cross_device,0,2,color,-2076,307,-115,1788587013178586
cross_device,0,2,color,-2076,307,-247,1788587013211802
cross_device,0,2,color,-2077,307,-240,1788587013245146
cross_device,0,2,color,-2077,308,-239,1788587013278482
cross_device,0,2,color,-2077,308,66,1788587013312089
cross_device,0,2,color,-2078,307,-221,1788587013345153
cross_device,0,2,color,-2078,308,-285,1788587013378440
cross_device,0,2,color,-2078,309,-114,1788587013411926
cross_device,0,2,color,-2079,309,-245,1788587013445289
cross_device,0,2,color,-2079,310,-152,1788587013478600
cross_device,0,2,color,-2078,310,-288,1788587013511776
cross_device,0,2,color,-2079,310,-106,1788587013545271
cross_device,0,2,color,-2080,310,-204,1788587013578472
cross_device,0,2,color,-2079,311,-270,1788587013611774
cross_device,0,2,color,-2079,-371,-148,1788587013645239
cross_device,0,2,color,-2080,-374,16,1788587013678718
cross_device,0,2,color,-2081,-377,-256,1788587013711789
cross_device,0,2,color,-2081,-379,-263,1788587013745263
cross_device,0,2,color,-2081,-382,-243,1788587013778459
cross_device,0,2,color,-2081,-385,-162,1788587013811886
cross_device,0,2,color,-2082,-388,-105,1788587013845280
cross_device,0,2,color,-2082,-390,-240,1788587013878444
cross_device,0,2,color,-2083,-392,-279,1788587013911763
cross_device,0,2,color,-2082,-395,-135,1788587013945274
cross_device,0,2,color,-2083,-398,78,1788587013978756
cross_device,0,2,color,-2083,-399,14,1788587014012059
cross_device,0,2,color,-2083,-402,-141,1788587014045240
cross_device,0,2,color,-2084,-406,14,1788587014078707
cross_device,0,2,color,-2084,-408,42,1788587014112047
cross_device,0,2,color,-2084,-411,-170,1788587014145241
cross_device,0,2,color,-2085,-414,8,1788587014178710
cross_device,0,2,color,-2085,-416,-247,1788587014211918
cross_device,0,2,color,-2086,-419,-77,1788587014245555
cross_device,0,2,color,-2086,-421,-42,1788587014278674
cross_device,0,2,color,-2086,-424,-12,1788587014312015
cross_device,0,2,color,-2086,-426,-106,1788587014345261
cross_device,0,2,color,-2087,-430,31,1788587014378764
cross_device,0,2,color,-2087,-432,32,1788587014412050
cross_device,0,2,color,-2087,-433,-60,1788587014445283
cross_device,0,2,color,-2087,-436,-268,1788587014478561
cross_device,0,2,color,-2088,-440,-257,1788587014511913
cross_device,0,2,color,-2088,-442,55,1788587014545411
cross_device,0,2,color,-2088,-445,-85,1788587014578591
cross_device,0,2,color,-2088,-446,-123,1788587014611919
cross_device,0,2,color,-2089,-994,58,1788587014645431
cross_device,0,2,color,-2089,-995,-157,1788587014678550
cross_device,0,2,color,-2089,-995,-299,1788587014711755
cross_device,0,2,color,-2089,-998,-299,1788587014745093
cross_device,0,2,color,-2089,-997,-63,1788587014778614
cross_device,0,2,color,-2088,-998,-285,1788587014811768
cross_device,0,2,color,-2090,-1001,-476,1788587014845112
cross_device,0,2,color,-2091,-1005,-141,1788587014878560
cross_device,0,2,color,-2090,-1003,-99,1788587014911919
cross_device,0,2,color,-2091,-1007,-254,1788587014945250
cross_device,0,2,color,-2091,-1009,-161,1788587014978758
cross_device,0,2,color,-2091,-1009,-35,1788587015012007
cross_device,0,2,color,-2092,-1010,-118,1788587015045247
cross_device,0,2,color,-2092,-1013,56,1788587015078735
cross_device,0,2,color,-2086,-1007,16,1788587015112051
cross_device,0,2,color,-2093,-1016,-266,1788587015145111
cross_device,0,2,color,-2093,-1018,29,1788587015178707
cross_device,0,2,color,-2086,-1011,-101,1788587015211905
cross_device,0,2,color,-2094,-1020,-146,1788587015245274
cross_device,0,2,color,-2095,-1023,-153,1788587015278596
cross_device,0,2,color,-2094,-1022,-260,1788587015311789
cross_device,0,2,color,-2095,-1025,-282,1788587015345111
cross_device,0,2,color,-2096,-1027,-162,1788587015378546
cross_device,0,2,color,-2088,-1022,-229,1788587015411780
cross_device,0,2,color,-2095,-1027,-309,1788587015445090
cross_device,0,2,color,-2096,-1031,-276,1788587015478441
cross_device,0,2,color,-2096,-1032,-614,1788587015512102
cross_device,0,2,color,-2096,-1032,-320,1788587015545272
cross_device,0,2,color,-2097,-1034,-287,1788587015578426
cross_device,0,2,color,-2097,-1037,-279,1788587015611774
cross_device,0,2,color,-2097,-300,-20,1788587015645362
cross_device,0,2,color,-2098,-303,-51,1788587015678675
cross_device,0,2,color,-2098,-304,-254,1788587015711776
cross_device,0,2,color,-2098,-304,-242,1788587015745125
cross_device,0,2,color,-2099,-306,-272,1788587015778578
cross_device,0,2,color,-2098,-304,-160,1788587015811890
cross_device,0,2,color,-2099,-306,-295,1788587015845098
cross_device,0,2,color,-2099,-308,-129,1788587015878571
cross_device,0,2,color,-2099,-307,-104,1788587015911914
cross_device,0,2,color,-2099,-309,-96,1788587015945287
cross_device,0,2,color,-2100,-311,-170,1788587015978696
cross_device,0,2,color,-2100,-310,-116,1788587016011918
cross_device,0,2,color,-2101,-313,-137,1788587016045264
cross_device,0,2,color,-2101,-312,-258,1788587016078453
cross_device,0,2,color,-2101,-314,-222,1788587016111807
cross_device,0,2,color,-2102,-315,-79,1788587016145276
cross_device,0,2,color,-2102,-314,-397,1788587016178440
cross_device,0,2,color,-2103,-317,-259,1788587016211776
cross_device,0,2,color,-2103,-317,-210,1788587016245162
cross_device,0,2,color,-2102,-316,-82,1788587016278593
cross_device,0,2,color,-2103,-318,38,1788587016312098
cross_device,0,2,color,-2103,-318,-252,1788587016345137
cross_device,0,2,color,-2103,-319,-162,1788587016378556
cross_device,0,2,color,-2104,-322,-274,1788587016411780
cross_device,0,2,color,-2104,-321,-212,1788587016445268
cross_device,0,2,color,-2105,-322,-288,1788587016478586
cross_device,0,2,color,-2105,-324,-146,1788587016511919
cross_device,0,2,color,-2105,-323,56,1788587016545442
cross_device,0,2,color,-2105,-325,-158,1788587016578556
cross_device,0,2,color,-2105,-324,-138,1788587016611914
cross_device,0,2,color,-2106,263,-100,1788587016645253
cross_device,0,2,color,-2106,264,83,1788587016678749
cross_device,0,2,color,-2106,263,51,1788587016712058
cross_device,0,2,color,-2107,264,-129,1788587016745252
cross_device,0,2,color,-2107,263,-144,1788587016778570
cross_device,0,2,color,-2107,263,-44,1788587016812001
cross_device,0,2,color,-2107,262,-230,1788587016845131
cross_device,0,2,color,-2108,259,-109,1788587016878598
cross_device,0,2,color,-2108,260,-276,1788587016911786
cross_device,0,2,color,-2108,260,-277,1788587016945120
cross_device,0,2,color,-2109,259,-219,1788587016978466
cross_device,0,2,color,-2109,259,-87,1788587017011934
cross_device,0,2,color,-2109,257,-276,1788587017045123
cross_device,0,2,color,-2110,257,-265,1788587017078436
cross_device,0,2,color,-2110,256,-219,1788587017111801
cross_device,0,2,color,-2110,258,-368,1788587017145157
cross_device,0,2,color,-2111,255,-291,1788587017178447
cross_device,0,2,color,-2111,255,-283,1788587017211780
cross_device,0,2,color,-2111,254,-250,1788587017245288
cross_device,0,2,color,-2112,255,-154,1788587017278593
cross_device,0,2,color,-2112,254,-295,1788587017311786
cross_device,0,2,color,-2112,254,-252,1788587017345140
cross_device,0,2,color,-2113,253,-233,1788587017378460
cross_device,0,2,color,-2112,253,-250,1788587017411795
cross_device,0,2,color,-2113,252,-585,1788587017445432
cross_device,0,2,color,-2114,251,-226,1788587017478477
cross_device,0,2,color,-2113,252,-199,1788587017511825
cross_device,0,2,color,-2114,250,-16,1788587017545403
cross_device,0,2,color,-2114,250,-379,1788587017578443
cross_device,0,2,color,-2114,250,-264,1788587017611773
cross_device,0,2,color,-2114,299,-162,1788587017645224
cross_device,0,2,color,-2114,299,-242,1788587017678476
cross_device,0,2,color,-2116,297,-255,1788587017711801
cross_device,0,2,color,-2115,298,-217,1788587017745146
cross_device,0,2,color,-2115,298,-209,1788587017778487
cross_device,0,2,color,-2116,298,-267,1788587017811802
cross_device,0,2,color,-2116,297,-279,1788587017845111
cross_device,0,2,color,-2116,297,-264,1788587017878436
cross_device,0,2,color,-2117,297,-98,1788587017911930
cross_device,0,2,color,-2117,296,-77,1788587017945277
cross_device,0,2,color,-2118,295,-290,1788587017978432
cross_device,0,2,color,-2118,297,-125,1788587018011913
cross_device,0,2,color,-2118,297,-282,1788587018045154
cross_device,0,2,color,-2119,294,-299,1788587018078595
cross_device,0,2,color,-2118,296,-296,1788587018111768
cross_device,0,2,color,-2119,295,-146,1788587018145272
cross_device,0,2,color,-2119,295,-131,1788587018178570
cross_device,0,2,color,-2119,294,-96,1788587018211925
cross_device,0,2,color,-2119,296,-211,1788587018245431
cross_device,0,2,color,-2120,293,-164,1788587018278578
cross_device,0,2,color,-2120,294,-132,1788587018311915
cross_device,0,2,color,-2120,293,-206,1788587018345284
cross_device,0,2,color,-2121,294,-87,1788587018378621
cross_device,0,2,color,-2122,292,-277,1788587018411771
cross_device,0,2,color,-2122,291,-152,1788587018445246
cross_device,0,2,color,-2122,292,-94,1788587018478598
cross_device,0,2,color,-2122,292,-238,1788587018511790
cross_device,0,2,color,-2123,290,-284,1788587018545106
cross_device,0,2,color,-2123,291,-249,1788587018578479
cross_device,0,2,color,-2123,291,-254,1788587018611796
cross_device,0,2,color,-2123,290,-252,1788587018645141
cross_device,0,2,color,-2123,290,-416,1788587018678449
cross_device,0,2,color,-2124,290,-409,1788587018711802
cross_device,0,2,color,-2124,290,-239,1788587018745125
cross_device,0,2,color,-2124,292,-229,1788587018778462
cross_device,0,2,color,-2124,290,-280,1788587018811773
cross_device,0,2,color,-2125,288,-273,1788587018845117
cross_device,0,2,color,-2125,289,-142,1788587018878587
cross_device,0,2,color,-2126,288,-220,1788587018911796
cross_device,0,2,color,-2126,288,-230,1788587018945134
cross_device,0,2,color,-2126,287,-153,1788587018978575
cross_device,0,2,color,-2126,288,-278,1788587019011910
cross_device,0,2,color,-2126,288,-277,1788587019045147
cross_device,0,2,color,-2127,287,-251,1788587019078477
cross_device,0,2,color,-2128,285,-164,1788587019111866
cross_device,0,2,color,-2128,287,-173,1788587019145230
cross_device,0,2,color,-2128,288,-97,1788587019178582
cross_device,0,2,color,-2128,287,-98,1788587019211959
cross_device,0,2,color,-2128,288,-305,1788587019245250
cross_device,0,2,color,-2128,287,-292,1788587019278558
cross_device,0,2,color,-2129,285,-133,1788587019311908
cross_device,0,2,color,-2129,285,-96,1788587019345256
cross_device,0,2,color,-2129,287,-277,1788587019378441
cross_device,0,2,color,-2129,286,-248,1788587019411789
cross_device,0,2,color,-2130,404,-266,1788587019445118
cross_device,0,2,color,-2130,524,-275,1788587019478440
cross_device,0,2,color,-2131,643,-159,1788587019511885
cross_device,0,2,color,-2130,762,-293,1788587019545112
cross_device,0,2,color,-2131,878,-246,1788587019578445
cross_device,0,2,color,-2131,995,-169,1788587019611888
cross_device,0,2,color,-2132,1110,1,1788587019645390
cross_device,0,2,color,-2132,1223,-111,1788587019678582
cross_device,0,2,color,-2133,1337,-180,1788587019712061
cross_device,0,2,color,-2133,1451,-320,1788587019745091
cross_device,0,2,color,-2133,1563,-264,1788587019778439
cross_device,0,2,color,-2133,1675,-260,1788587019811773
cross_device,0,2,color,-2133,1787,-153,1788587019845238
cross_device,0,2,color,-2134,1897,-112,1788587019878603
cross_device,0,2,color,-2133,2008,-287,1788587019911878
cross_device,0,2,color,-2134,2114,-185,1788587019945208
cross_device,0,2,color,-2134,2223,-256,1788587019978438
cross_device,0,2,color,-2135,2331,-238,1788587020011796
cross_device,0,2,color,-2135,2439,-313,1788587020045085
cross_device,0,2,color,-2135,2545,-114,1788587020078618
cross_device,0,2,color,-2135,2650,-267,1788587020111779
cross_device,0,2,color,-2136,2753,-230,1788587020145130
cross_device,0,2,color,-2136,2859,-230,1788587020178456
cross_device,0,2,color,-2136,2960,-297,1788587020211749
cross_device,0,2,color,-2137,3063,-285,1788587020245264
cross_device,0,2,color,-2137,3165,3,1788587020278714
cross_device,0,2,color,-2138,3266,-112,1788587020311914
cross_device,0,2,color,-2138,3365,-34,1788587020345388
cross_device,0,2,color,-2138,3466,-142,1788587020378574
cross_device,0,2,color,-2138,3567,-166,1788587020411875
cross_device,0,2,color,-2138,3664,-167,1788587020445226
cross_device,0,2,color,-2138,3762,-253,1788587020478437
cross_device,0,2,color,-2139,3860,-237,1788587020511777
cross_device,0,2,color,-2139,3957,-430,1788587020545082
cross_device,0,2,color,-2140,4049,-301,1788587020578405
cross_device,0,2,color,-2140,4147,-229,1788587020611786
cross_device,0,2,color,-2141,4241,-258,1788587020645102
cross_device,0,2,color,-2140,4336,-290,1788587020678425
cross_device,0,2,color,-2141,4428,-297,1788587020711757
cross_device,0,2,color,-2141,4521,-106,1788587020745261
cross_device,0,2,color,-2141,4615,-224,1788587020778461
cross_device,0,2,color,-2142,4703,-444,1788587020811756
cross_device,0,2,color,-2142,4796,-143,1788587020845250
cross_device,0,2,color,-2142,4886,-99,1788587020878586
cross_device,0,2,color,-2143,4976,-198,1788587020911874
cross_device,0,2,color,-2142,5064,-308,1788587020945088
cross_device,0,2,color,-2144,5153,-106,1788587020978572
cross_device,0,2,color,-2143,5102,-111,1788587021011952
cross_device,0,2,color,-2144,5051,-292,1788587021045108
cross_device,0,2,color,-2144,5001,-249,1788587021078443
cross_device,0,2,color,-2144,4950,-168,1788587021111883
cross_device,0,2,color,-2145,4898,-422,1788587021145097
cross_device,0,2,color,-2145,4848,-230,1788587021178461
cross_device,0,2,color,-2145,4798,-98,1788587021211914
cross_device,0,2,color,-2145,4749,-428,1788587021245228
cross_device,0,2,color,-2145,4701,-158,1788587021278745
cross_device,0,2,color,-2146,4651,-271,1788587021311786
cross_device,0,2,color,-2146,4602,-255,1788587021345116
cross_device,0,2,color,-2147,4552,-180,1788587021378535
cross_device,0,2,color,-2147,4506,-295,1788587021411748
cross_device,0,2,color,-2147,4458,-279,1788587021445104
cross_device,0,2,color,-2147,4412,-279,1788587021478432
cross_device,0,2,color,-2147,4364,-295,1788587021511753
cross_device,0,2,color,-2148,4317,-108,1788587021545276
cross_device,0,2,color,-2148,4269,-242,1788587021578446
cross_device,0,2,color,-2148,4225,-315,1788587021611751
cross_device,0,2,color,-2149,4179,-125,1788587021645271
cross_device,0,2,color,-2149,4134,-242,1788587021678452
cross_device,0,2,color,-2149,4088,-269,1788587021711780
cross_device,0,2,color,-2149,4044,-282,1788587021745115
cross_device,0,2,color,-2150,4000,-97,1788587021778586
cross_device,0,2,color,-2150,3956,-279,1788587021811774
cross_device,0,2,color,-2150,3910,-292,1788587021845103
cross_device,0,2,color,-2150,3868,-263,1788587021878462
cross_device,0,2,color,-2151,3823,-108,1788587021911919
cross_device,0,2,color,-2152,3780,76,1788587021945430
cross_device,0,2,color,-2152,3741,-238,1788587021978459
cross_device,0,2,color,-2152,3697,-276,1788587022011764
cross_device,0,2,color,-2152,3656,-191,1788587022045165
cross_device,0,2,color,-2152,3614,-246,1788587022078454
cross_device,0,2,color,-2152,3574,-127,1788587022111913
cross_device,0,2,color,-2153,3531,-280,1788587022145099
cross_device,0,2,color,-2153,3489,-239,1788587022178464
cross_device,0,2,color,-2154,3448,-271,1788587022211774
cross_device,0,2,color,-2154,3407,-410,1788587022245264
cross_device,0,2,color,-2154,3367,-171,1788587022278555
cross_device,0,2,color,-2155,3326,-265,1788587022311778
cross_device,0,2,color,-2154,3288,-239,1788587022345122
cross_device,0,2,color,-2155,3248,-245,1788587022378452
cross_device,0,2,color,-2155,3209,-284,1788587022411749
cross_device,0,2,color,-2156,3169,-144,1788587022445234
cross_device,0,2,color,-2155,3132,-77,1788587022478594
cross_device,0,2,color,-2156,3093,-142,1788587022511882
cross_device,0,2,color,-2157,3056,-92,1788587022545274
cross_device,0,2,color,-2156,3020,-239,1788587022578448
cross_device,0,2,color,-2157,2981,-251,1788587022611784
cross_device,0,2,color,-2157,2944,-124,1788587022645248
cross_device,0,2,color,-2158,2908,25,1788587022678723
cross_device,0,2,color,-2158,2873,-146,1788587022711911
cross_device,0,2,color,-2158,2838,-80,1788587022745289
cross_device,0,2,color,-2158,2801,-89,1788587022778584
cross_device,0,2,color,-2159,2767,-144,1788587022811908
cross_device,0,2,color,-2159,2730,-93,1788587022845292
cross_device,0,2,color,-2159,2696,-266,1788587022878425
cross_device,0,2,color,-2160,2660,-153,1788587022911877
cross_device,0,2,color,-2160,2625,-231,1788587022945121
cross_device,0,2,color,-2160,2590,-262,1788587022978424
cross_device,0,2,color,-2161,2555,-123,1788587023011908
cross_device,0,2,color,-2161,2521,-84,1788587023045399
cross_device,0,2,color,-2161,2488,-143,1788587023078559
cross_device,0,2,color,-2161,2454,-97,1788587023111931
cross_device,0,2,color,-2161,2420,-211,1788587023145124
cross_device,0,2,color,-2161,2390,-137,1788587023178562
cross_device,0,2,color,-2162,2354,-275,1788587023211769
cross_device,0,2,color,-2163,2321,-76,1788587023245288
cross_device,0,2,color,-2163,2289,-96,1788587023278581
cross_device,0,2,color,-2163,2256,-147,1788587023311904
cross_device,0,2,color,-2163,2225,-109,1788587023345283
cross_device,0,2,color,-2163,2194,-187,1788587023378536
cross_device,0,2,color,-2163,2161,-124,1788587023411895
cross_device,0,2,color,-2164,2129,-140,1788587023445249
cross_device,0,2,color,-2164,2099,-114,1788587023478593
cross_device,0,2,color,-2165,2069,15,1788587023512071
cross_device,0,2,color,-2164,2039,-103,1788587023545257
cross_device,0,2,color,-2165,2011,46,1788587023578726
cross_device,0,2,color,-2166,1978,-273,1788587023611902
cross_device,0,2,color,-2166,1948,-289,1788587023645090
cross_device,0,2,color,-2166,1915,-437,1788587023678794
cross_device,0,2,color,-2167,1885,-124,1788587023711938
cross_device,0,2,color,-2167,1855,-287,1788587023745096
cross_device,0,2,color,-2167,1824,-169,1788587023778560
cross_device,0,2,color,-2168,1794,-224,1788587023811779
cross_device,0,2,color,-2167,1767,-251,1788587023845120
cross_device,0,2,color,-2167,1737,-278,1788587023878430
cross_device,0,2,color,-2168,1707,-259,1788587023911781
cross_device,0,2,color,-2168,1678,-235,1788587023945121
cross_device,0,2,color,-2169,1649,-242,1788587023978474
cross_device,0,2,color,-2169,1621,-252,1788587024011788
cross_device,0,2,color,-2170,1592,-214,1788587024045156
cross_device,0,2,color,-2170,1564,-226,1788587024078478
cross_device,0,2,color,-2169,1537,-273,1788587024111785
cross_device,0,2,color,-2170,1509,-102,1788587024145282
cross_device,0,2,color,-2171,1481,-226,1788587024178483
cross_device,0,2,color,-2170,1454,-212,1788587024211809
cross_device,0,2,color,-2171,1426,-82,1788587024245491
cross_device,0,2,color,-2171,1401,-124,1788587024278590
cross_device,0,2,color,-2172,1373,-243,1788587024311803
cross_device,0,2,color,-2172,1345,-416,1788587024345172
cross_device,0,2,color,-2172,1320,-227,1788587024378487
cross_device,0,2,color,-2172,1293,-262,1788587024411792
cross_device,0,2,color,-2173,1265,-227,1788587024445162
cross_device,0,2,color,-2173,1241,-243,1788587024478478
cross_device,0,2,color,-2173,1216,-225,1788587024511816
cross_device,0,2,color,-2173,1190,-229,1788587024545157
cross_device,0,2,color,-2174,1164,-247,1788587024578484
cross_device,0,2,color,-2174,1137,-232,1788587024611815
cross_device,0,2,color,-2175,1113,-201,1788587024645155
cross_device,0,2,color,-2174,1089,-235,1788587024678482
cross_device,0,2,color,-2175,1064,-125,1788587024711915
cross_device,0,2,color,-2176,1039,-89,1788587024745259
cross_device,0,2,color,-2175,1018,-162,1788587024778546
cross_device,0,2,color,-2176,990,-530,1788587024811876
cross_device,0,2,color,-2176,968,6,1788587024845408
cross_device,0,2,color,-2176,943,-112,1788587024878576
cross_device,0,2,color,-2177,919,-281,1788587024911763
cross_device,0,2,color,-2177,896,-273,1788587024945114
cross_device,0,2,color,-2177,872,-99,1788587024978588
cross_device,0,2,color,-2177,853,14,1788587025012033
cross_device,0,2,color,-2178,828,-282,1788587025045107
cross_device,0,2,color,-2178,806,-280,1788587025078433
cross_device,0,2,color,-2178,782,-88,1788587025111931
cross_device,0,2,color,-2179,759,-229,1788587025145127
cross_device,0,2,color,-2179,736,-267,1788587025178437
cross_device,0,2,color,-2179,717,113,1788587025212158
cross_device,0,2,color,-2179,695,67,1788587025245617
cross_device,0,2,color,-2179,676,110,1788587025278821
cross_device,0,2,color,-2180,654,-7,1788587025312047
cross_device,0,2,color,-2180,633,-91,1788587025345271
cross_device,0,2,color,-2181,612,-169,1788587025378546
cross_device,0,2,color,-2181,591,-134,1788587025411904
cross_device,0,2,color,-2181,570,-107,1788587025445259
cross_device,0,2,color,-2181,550,-149,1788587025478554
cross_device,0,2,color,-2182,529,-299,1788587025511903
cross_device,0,2,color,-2182,508,-236,1788587025545121
cross_device,0,2,color,-2182,487,-231,1788587025578452
cross_device,0,2,color,-2183,463,-265,1788587025611769
cross_device,0,2,color,-2183,443,-257,1788587025645273
cross_device,0,2,color,-2183,423,-218,1788587025678459
cross_device,0,2,color,-2183,406,-247,1788587025711785
cross_device,0,2,color,-2184,383,-115,1788587025745403
cross_device,0,2,color,-2184,365,73,1788587025778779
cross_device,0,2,color,-2184,345,-101,1788587025811915
cross_device,0,2,color,-2184,326,-150,1788587025845233
cross_device,0,2,color,-2185,308,-112,1788587025878591
cross_device,0,2,color,-2185,289,-101,1788587025911924
cross_device,0,2,color,-2186,270,-46,1788587025945359
cross_device,0,2,color,-2185,251,-147,1788587025978579
cross_device,0,2,color,-2186,233,-225,1788587026011784
cross_device,0,2,color,-2186,218,45,1788587026045400
cross_device,0,2,color,-2187,197,-132,1788587026078577
cross_device,0,2,color,-2187,179,34,1788587026112117
cross_device,0,2,color,-2187,161,-302,1788587026145102
cross_device,0,2,color,-2187,144,-88,1788587026178599
cross_device,0,2,color,-2188,125,58,1788587026212094
cross_device,0,2,color,-2187,109,-126,1788587026245268
cross_device,0,2,color,-2188,92,114,1788587026278804
cross_device,0,2,color,-2188,76,2,1788587026312033
cross_device,0,2,color,-2189,59,19,1788587026345393
cross_device,0,2,color,-2189,41,-107,1788587026378587
cross_device,0,2,color,-2190,25,-163,1788587026411894
cross_device,0,2,color,-2190,7,-205,1788587026445468
cross_device,0,2,color,-2190,-10,-253,1788587026478589
cross_device,0,2,color,-2190,-26,41,1788587026512066
cross_device,0,2,color,-2190,-42,-116,1788587026545259
cross_device,0,2,color,-2191,-60,-134,1788587026578569
cross_device,0,2,color,-2191,-78,-289,1788587026611755
cross_device,0,2,color,-2192,-95,-240,1788587026645127
cross_device,0,2,color,-2192,-110,-76,1788587026678783
cross_device,0,2,color,-2192,-128,-266,1788587026711781
cross_device,0,2,color,-2192,-144,-258,1788587026745134
cross_device,0,2,color,-2192,-160,-260,1788587026778674
cross_device,0,2,color,-2193,-177,-220,1788587026811805
cross_device,0,2,color,-2193,-195,-136,1788587026845260
cross_device,0,2,color,-2193,-209,-114,1788587026878599
cross_device,0,2,color,-2194,-226,-228,1788587026911796
cross_device,0,2,color,-2194,-242,-151,1788587026945240
cross_device,0,2,color,-2194,-258,-131,1788587026978575
cross_device,0,2,color,-2195,-273,-100,1788587027011916
cross_device,0,2,color,-2195,-286,1,1788587027045409
cross_device,0,2,color,-2195,-300,-130,1788587027078583
cross_device,0,2,color,-2195,-315,-147,1788587027111895
cross_device,0,2,color,-2196,-331,52,1788587027145436
cross_device,0,2,color,-2196,-343,40,1788587027178737
cross_device,0,2,color,-2196,-356,140,1788587027212155
cross_device,0,2,color,-2196,-370,22,1788587027245401
cross_device,0,2,color,-2197,-387,-546,1788587027278564
cross_device,0,2,color,-2197,-400,-115,1788587027311933
cross_device,0,2,color,-2198,-415,-78,1788587027345270
cross_device,0,2,color,-2198,-429,-33,1788587027378688
cross_device,0,2,color,-2198,-443,22,1788587027412064
cross_device,0,2,color,-2198,-454,-4,1788587027445374
cross_device,0,2,color,-2198,-469,-153,1788587027478559
cross_device,0,2,color,-2198,-483,5,1788587027512040
cross_device,0,2,color,-2199,-495,-74,1788587027545277
cross_device,0,2,color,-2199,-509,-100,1788587027578579
cross_device,0,2,color,-2199,-523,-113,1788587027611926
cross_device,0,2,color,-2200,-536,-2,1788587027645390
cross_device,0,2,color,-2200,-546,-21,1788587027678689
cross_device,0,2,color,-2200,-560,-132,1788587027711911
cross_device,0,2,color,-2201,-574,-95,1788587027745255
cross_device,0,2,color,-2201,-586,-89,1788587027778593
cross_device,0,2,color,-2201,-601,-275,1788587027811906
cross_device,0,2,color,-2201,-612,23,1788587027845405
cross_device,0,2,color,-2202,-624,-5,1788587027878704
cross_device,0,2,color,-2202,-639,53,1788587027912067
cross_device,0,2,color,-2203,-648,-30,1788587027945370
cross_device,0,2,color,-2203,-662,-255,1788587027978452
cross_device,0,2,color,-2203,-675,-74,1788587028011939
cross_device,0,2,color,-2203,-687,-134,1788587028045253
cross_device,0,2,color,-2204,-700,-118,1788587028078594
cross_device,0,2,color,-2204,-711,-234,1788587028111782
cross_device,0,2,color,-2204,-723,80,1788587028145439
cross_device,0,2,color,-2204,-734,-139,1788587028178588
cross_device,0,2,color,-2205,-746,-96,1788587028211944
cross_device,0,2,color,-2205,-758,-128,1788587028245391
cross_device,0,2,color,-2205,-770,38,1788587028278720
cross_device,0,2,color,-2206,-783,-169,1788587028311877
cross_device,0,2,color,-2205,-794,12,1788587028345396
cross_device,0,2,color,-2206,-804,-12,1788587028378700
cross_device,0,2,color,-2206,-816,-195,1788587028412025
cross_device,0,2,color,-2206,-826,-86,1788587028445452
cross_device,0,2,color,-2207,-838,71,1788587028478792
cross_device,0,2,color,-2207,-847,4,1788587028512053
cross_device,0,2,color,-2208,-860,35,1788587028545406
cross_device,0,2,color,-2208,-871,-315,1788587028578591
cross_device,0,2,color,-2208,-883,-261,1788587028611785
cross_device,0,2,color,-2208,-894,-290,1788587028645090
cross_device,0,2,color,-2208,-905,-111,1788587028678591
cross_device,0,2,color,-2209,-915,42,1788587028712078
cross_device,0,2,color,-2209,-928,-225,1788587028745128
cross_device,0,2,color,-2209,-939,-238,1788587028778452
cross_device,0,2,color,-2210,-951,-322,1788587028811922
cross_device,0,2,color,-2210,-963,-294,1788587028845096
cross_device,0,2,color,-2210,-972,-311,1788587028878590
cross_device,0,2,color,-2211,-986,-276,1788587028911766
cross_device,0,2,color,-2211,-997,-277,1788587028945110
cross_device,0,2,color,-2211,-1008,-101,1788587028978578
cross_device,0,2,color,-2211,-1018,-24,1788587029012024
cross_device,0,2,color,-2211,-1026,-117,1788587029045260
cross_device,0,2,color,-2212,-1037,-105,1788587029078584
cross_device,0,2,color,-2212,-1048,-314,1788587029111898
cross_device,0,2,color,-2212,-1058,-310,1788587029145083
cross_device,0,2,color,-2213,-1070,-231,1788587029178453
cross_device,0,2,color,-2213,-1082,-231,1788587029211908
cross_device,0,2,color,-2213,-1090,-180,1788587029245382
cross_device,0,2,color,-2214,-1101,45,1788587029278969
cross_device,0,2,color,-2214,-1111,-136,1788587029312034
cross_device,0,2,color,-2214,-1118,-162,1788587029345219
cross_device,0,2,color,-2214,-1128,-113,1788587029378593
cross_device,0,2,color,-2215,-1138,-16,1788587029412023
cross_device,0,2,color,-2215,-1146,23,1788587029445406
cross_device,0,2,color,-2215,-1152,25,1788587029478709
cross_device,0,2,color,-2216,-1162,-92,1788587029511925
cross_device,0,2,color,-2216,-1172,-264,1788587029545122
cross_device,0,2,color,-2216,-1184,-296,1788587029578413
cross_device,0,2,color,-2216,-1193,-338,1788587029611876
cross_device,0,2,color,-2216,-1203,-248,1788587029645118
cross_device,0,2,color,-2217,-1213,-227,1788587029678453
cross_device,0,2,color,-2217,-1221,-125,1788587029711913
cross_device,0,2,color,-2218,-1231,28,1788587029745432
cross_device,0,2,color,-2218,-1239,-289,1788587029778431
cross_device,0,2,color,-2218,-1249,-284,1788587029811767
cross_device,0,2,color,-2218,-1256,173,1788587029845557
cross_device,0,2,color,-2219,-1266,-264,1788587029878429
cross_device,0,2,color,-2219,-1274,-235,1788587029911801
cross_device,0,2,color,-2219,-1281,-105,1788587029945270
cross_device,0,2,color,-2220,-1292,-264,1788587029978449
cross_device,0,2,color,-2219,-1300,-153,1788587030011896
cross_device,0,2,color,-2220,-1310,-155,1788587030045248
cross_device,0,2,color,-2220,-1319,-297,1788587030078425
cross_device,0,2,color,-2221,-1329,-374,1788587030111815
cross_device,0,2,color,-2221,-1337,-97,1788587030145265
cross_device,0,2,color,-2221,-1344,-118,1788587030178600
cross_device,0,2,color,-2222,-1353,-112,1788587030211933
cross_device,0,2,color,-2222,-1359,83,1788587030245611
cross_device,0,2,color,-2222,-1367,-140,1788587030278585
cross_device,0,2,color,-2222,-1374,-112,1788587030311923
cross_device,0,2,color,-2223,-1382,-62,1788587030345291
cross_device,0,2,color,-2223,-1391,-276,1788587030378566
cross_device,0,2,color,-2224,-1400,-268,1788587030411786
cross_device,0,2,color,-2223,-1406,-24,1788587030445329
cross_device,0,2,color,-2224,-1413,96,1788587030478785
cross_device,0,2,color,-2224,-1420,153,1788587030512205
cross_device,0,2,color,-2224,-1424,1,1788587030545387
cross_device,0,2,color,-2225,-1432,27,1788587030578718
cross_device,0,2,color,-2225,-1439,-271,1788587030611924
cross_device,0,2,color,-2225,-1448,-297,1788587030645106
cross_device,0,2,color,-2225,-1455,-134,1788587030678585
cross_device,0,2,color,-2226,-1465,-430,1788587030711790
cross_device,0,2,color,-2226,-1473,-249,1788587030745143
cross_device,0,2,color,-2226,-1481,-372,1788587030778479
cross_device,0,2,color,-2226,-1490,-293,1788587030811759
cross_device,0,2,color,-2227,-1499,-251,1788587030845145
cross_device,0,2,color,-2227,-1504,-88,1788587030878607
cross_device,0,2,color,-2227,-1513,-159,1788587030911896
cross_device,0,2,color,-2227,-1520,-401,1788587030945110
cross_device,0,2,color,-2228,-1528,-94,1788587030978595
cross_device,0,2,color,-2228,-1535,-132,1788587031011882
cross_device,0,2,color,-2228,-1542,-290,1788587031045110
cross_device,0,2,color,-2229,-1550,-118,1788587031078582
cross_device,0,2,color,-2229,-1555,-90,1788587031111929
cross_device,0,2,color,-2229,-1560,96,1788587031145451
cross_device,0,2,color,-2230,-1567,-128,1788587031178582
cross_device,0,2,color,-2230,-1574,-127,1788587031211922
cross_device,0,2,color,-2230,-1579,-281,1788587031245115
cross_device,0,2,color,-2230,-1585,83,1788587031279032
cross_device,0,2,color,-2231,-1592,21,1788587031312236
cross_device,0,2,color,-2231,-1598,-87,1788587031345470
cross_device,0,2,color,-2232,-1603,22,1788587031378730
cross_device,0,2,color,-2232,-1609,33,1788587031412043
cross_device,0,2,color,-2232,-1614,98,1788587031445459
cross_device,0,2,color,-2232,-1618,9,1788587031478724
cross_device,0,2,color,-2233,-1625,-126,1788587031511915
cross_device,0,2,color,-2233,-1632,-241,1788587031545155
cross_device,0,2,color,-2232,-1637,-102,1788587031578609
cross_device,0,2,color,-2233,-1643,-152,1788587031611899
cross_device,0,2,color,-2233,-1648,-97,1788587031645300
cross_device,0,2,color,-2234,-1654,-15,1788587031678708
cross_device,0,2,color,-2234,-1659,-147,1788587031711899
cross_device,0,2,color,-2235,-1667,-76,1788587031745277
cross_device,0,2,color,-2234,-1669,55,1788587031778782
cross_device,0,2,color,-2235,-1675,-132,1788587031811909
cross_device,0,2,color,-2235,-1682,-203,1788587031845278
cross_device,0,2,color,-2236,-1690,-141,1788587031878560
cross_device,0,2,color,-2236,-1693,-120,1788587031911927
cross_device,0,2,color,-2236,-1698,-8,1788587031945378
cross_device,0,2,color,-2236,-1706,-293,1788587031978425
cross_device,0,2,color,-2236,-1709,-111,1788587032011912
cross_device,0,2,color,-2236,-1717,-205,1788587032045152
cross_device,0,2,color,-2237,-1724,-132,1788587032078578
cross_device,0,2,color,-2238,-1729,-119,1788587032111926
cross_device,0,2,color,-2238,-1735,-245,1788587032145134
cross_device,0,2,color,-2238,-1741,-131,1788587032178569
cross_device,0,2,color,-2238,-1747,-262,1788587032211785
cross_device,0,2,color,-2238,-1751,-222,1788587032245132
cross_device,0,2,color,-2239,-1756,77,1788587032278757
cross_device,0,2,color,-2239,-1762,-120,1788587032311927
cross_device,0,2,color,-2239,-1766,-120,1788587032345258
cross_device,0,2,color,-2240,-1772,84,1788587032378772
cross_device,0,2,color,-2240,-1777,-369,1788587032412093
cross_device,0,2,color,-2240,-1783,-165,1788587032445393
cross_device,0,2,color,-2241,-1788,-75,1788587032478608
cross_device,0,2,color,-2241,-1793,-95,1788587032511932
cross_device,0,2,color,-2241,-1798,-121,1788587032545261
cross_device,0,2,color,-2241,-1803,-85,1788587032578640
cross_device,0,2,color,-2242,-1809,-167,1788587032611888
cross_device,0,2,color,-2242,-1812,8,1788587032645401
cross_device,0,2,color,-2242,-1816,-78,1788587032678806
cross_device,0,2,color,-2242,-1821,-92,1788587032711933
cross_device,0,2,color,-2243,-1827,-263,1788587032745126
cross_device,0,2,color,-2243,-1830,-125,1788587032778587
cross_device,0,2,color,-2243,-1833,233,1788587032812257
cross_device,0,2,color,-2244,-1840,-254,1788587032845131
cross_device,0,2,color,-2244,-1842,-114,1788587032878603
cross_device,0,2,color,-2244,-1849,-121,1788587032911923
cross_device,0,2,color,-2245,-1855,-271,1788587032945126
cross_device,0,2,color,-2244,-1859,-146,1788587032978567
cross_device,0,2,color,-2245,-1863,83,1788587033012103
cross_device,0,2,color,-2245,-1867,-88,1788587033045274
cross_device,0,2,color,-2245,-1870,-128,1788587033078579
cross_device,0,2,color,-2246,-1874,8,1788587033112062
cross_device,0,2,color,-2246,-1879,-105,1788587033145476
cross_device,0,2,color,-2246,-1883,-124,1788587033178585
cross_device,0,2,color,-2247,-1887,28,1788587033212049
cross_device,0,2,color,-2247,-1892,-205,1788587033245275
cross_device,0,2,color,-2248,-1897,49,1788587033278768
cross_device,0,2,color,-2247,-1900,1,1788587033312049
cross_device,0,2,color,-2248,-1904,-125,1788587033345390
cross_device,0,2,color,-2248,-1906,72,1788587033378764
cross_device,0,2,color,-2248,-1909,102,1788587033412136
cross_device,0,2,color,-2249,-1911,133,1788587033445518
cross_device,0,2,color,-2249,-1916,-24,1788587033478689
cross_device,0,2,color,-2249,-1916,97,1788587033512147
cross_device,0,2,color,-2249,-1919,12,1788587033545415
cross_device,0,2,color,-2249,-1924,32,1788587033578711
cross_device,0,2,color,-2250,-1930,-357,1788587033611898
cross_device,0,2,color,-2250,-1931,-13,1788587033645373
cross_device,0,2,color,-2248,-1935,-9,1788587033678690
cross_device,0,2,color,-2251,-1940,0,1788587033712039
cross_device,0,2,color,-2251,-1943,-114,1788587033745424
cross_device,0,2,color,-2248,-1944,-149,1788587033778563
cross_device,0,2,color,-2252,-1953,-126,1788587033811888
cross_device,0,2,color,-2252,-1954,22,1788587033845410
cross_device,0,2,color,-2246,-1953,-150,1788587033878559
cross_device,0,2,color,-2253,-1964,-153,1788587033911891
cross_device,0,2,color,-2253,-1968,-101,1788587033945266
cross_device,0,2,color,-2245,-1963,4,1788587033978705
cross_device,0,2,color,-2253,-1972,89,1788587034012123
cross_device,0,2,color,-2254,-1976,85,1788587034045457
cross_device,0,2,color,-2247,-1969,27,1788587034078710
cross_device,0,2,color,-2254,-1981,21,1788587034112064
cross_device,0,2,color,-2254,-1981,167,1788587034145550
cross_device,0,2,color,-2255,-1984,48,1788587034178723
cross_device,0,2,color,-2255,-1986,147,1788587034212156
cross_device,0,2,color,-2255,-1991,-1,1788587034245578
cross_device,0,2,color,-2256,-1992,-103,1788587034278604
cross_device,0,2,color,-2256,-1995,-148,1788587034311894
cross_device,0,2,color,-2256,-2000,98,1788587034345457
cross_device,0,2,color,-2256,-2000,49,1788587034378762
cross_device,0,2,color,-2257,-2005,101,1788587034412135
cross_device,0,2,color,-2257,-2006,62,1788587034445451
cross_device,0,2,color,-2257,-2008,49,1788587034478743
cross_device,0,2,color,-2258,-2012,35,1788587034512077
cross_device,0,2,color,-2258,-2013,21,1788587034545407
cross_device,0,2,color,-2259,-2016,111,1788587034578824
cross_device,0,2,color,-2259,-2019,-12,1788587034612038
cross_device,0,2,color,-2258,-2021,38,1788587034645419
cross_device,0,2,color,-2259,-2023,18,1788587034678735
cross_device,0,2,color,-2259,-2025,11,1788587034712058
cross_device,0,2,color,-2259,-2028,22,1788587034745408
cross_device,0,2,color,-2259,-2031,8,1788587034778724
cross_device,0,2,color,-2260,-2033,-93,1788587034811920
cross_device,0,2,color,-2260,-2039,-363,1788587034845129
cross_device,0,2,color,-2261,-2043,38,1788587034878748
cross_device,0,2,color,-2261,-2045,-247,1788587034911800
cross_device,0,2,color,-2261,-2052,-415,1788587034945136
cross_device,0,2,color,-2262,-2057,-108,1788587034978592
cross_device,0,2,color,-2262,-2058,50,1788587035012092
cross_device,0,2,color,-2262,-2058,126,1788587035045483
cross_device,0,2,color,-2262,-2060,70,1788587035078762
cross_device,0,2,color,-2263,-2063,39,1788587035112088
cross_device,0,2,color,-2263,-2064,40,1788587035145424
cross_device,0,2,color,-2264,-2067,105,1788587035178799
cross_device,0,2,color,-2263,-2069,-243,1788587035211780
cross_device,0,2,color,-2263,-2069,136,1788587035245538
cross_device,0,2,color,-2264,-2076,-112,1788587035278588
cross_device,0,2,color,-2264,-2079,-295,1788587035311756
cross_device,0,2,color,-2265,-2084,-124,1788587035345429
cross_device,0,2,color,-2265,-2086,-248,1788587035378441
cross_device,0,2,color,-2265,-2089,-109,1788587035411914
cross_device,0,2,color,-2266,-2092,-75,1788587035445309
cross_device,0,2,color,-2265,-2092,-161,1788587035478549
cross_device,0,2,color,-2266,-2096,63,1788587035512101
cross_device,0,2,color,-2267,-2100,-125,1788587035545247
cross_device,0,2,color,-2267,-2103,-104,1788587035578577
cross_device,0,2,color,-2267,-2105,-131,1788587035611919
cross_device,0,2,color,-2268,-2109,-127,1788587035645273
cross_device,0,2,color,-2268,-2110,97,1788587035678781
cross_device,0,2,color,-2268,-2113,4,1788587035712046
cross_device,0,2,color,-2268,-2115,-135,1788587035745246
cross_device,0,2,color,-2268,-2117,-251,1788587035778566
cross_device,0,2,color,-2268,-2121,-223,1788587035811795
cross_device,0,2,color,-2269,-2127,-270,1788587035845109
cross_device,0,2,color,-2269,-2128,67,1788587035878773
cross_device,0,2,color,-2270,-2131,-242,1788587035911805
cross_device,0,2,color,-2270,-2136,-249,1788587035945136
cross_device,0,2,color,-2270,-2137,-14,1788587035978713
cross_device,0,2,color,-2270,-2137,123,1788587036012144
cross_device,0,2,color,-2271,-2141,32,1788587036045397
cross_device,0,2,color,-2271,-2143,-290,1788587036078427
cross_device,0,2,color,-2271,-2145,-113,1788587036111930
cross_device,0,2,color,-2271,-2149,-227,1788587036145265
cross_device,0,2,color,-2272,-2154,-241,1788587036178465
cross_device,0,2,color,-2272,-2156,-111,1788587036211928
cross_device,0,2,color,-2272,-2158,-276,1788587036245118
cross_device,0,2,color,-2273,-2161,66,1788587036278944
cross_device,0,2,color,-2273,-2164,-295,1788587036311758
cross_device,0,2,color,-2273,-2166,-272,1788587036345109
cross_device,0,2,color,-2273,-2169,77,1788587036378794
cross_device,0,2,color,-2274,-2172,-144,1788587036411903
cross_device,0,2,color,-2274,-2172,-131,1788587036445254
cross_device,0,2,color,-2274,-2177,1,1788587036478729
cross_device,0,2,color,-2274,-2177,-56,1788587036511969
cross_device,0,2,color,-2275,-2180,-147,1788587036545243
cross_device,0,2,color,-2275,-2184,-48,1788587036578664
cross_device,0,2,color,-2275,-2183,60,1788587036612106
cross_device,0,2,color,-2275,-2184,-120,1788587036645277
cross_device,0,2,color,-2276,-2188,-137,1788587036678772
cross_device,0,2,color,-2276,-2192,-273,1788587036711921
cross_device,0,2,color,-2277,-2194,-95,1788587036745279
cross_device,0,2,color,-2276,-2194,-2,1788587036778712
cross_device,0,2,color,-2277,-2197,-248,1788587036811920
cross_device,0,2,color,-2277,-2201,-156,1788587036845234
cross_device,0,2,color,-2278,-2204,-149,1788587036878563
cross_device,0,2,color,-2278,-2206,-101,1788587036911923
cross_device,0,2,color,-2278,-2210,-235,1788587036945121
cross_device,0,2,color,-2278,-2211,-271,1788587036978442
cross_device,0,2,color,-2279,-2213,32,1788587037012077
cross_device,0,2,color,-2279,-2215,-64,1788587037045465
cross_device,0,2,color,-2279,-2215,-69,1788587037078775
cross_device,0,2,color,-2280,-2219,-92,1788587037111947
cross_device,0,2,color,-2279,-2220,74,1788587037145479
cross_device,0,2,color,-2281,-2222,-98,1788587037178600
cross_device,0,2,color,-2281,-2224,-129,1788587037211915
cross_device,0,2,color,-2280,-2225,48,1788587037245437
cross_device,0,2,color,-2280,-2224,-80,1788587037278616
cross_device,0,2,color,-2281,-2228,-130,1788587037311911
cross_device,0,2,color,-2282,-2232,-149,1788587037345229
cross_device,0,2,color,-2281,-2232,26,1788587037378741
cross_device,0,2,color,-2282,-2234,-80,1788587037411933
cross_device,0,2,color,-2282,-2234,-185,1788587037445212
cross_device,0,2,color,-2283,-2239,33,1788587037478738
cross_device,0,2,color,-2282,-2237,9,1788587037512057
cross_device,0,2,color,-2283,-2239,-85,1788587037545306
cross_device,0,2,color,-2283,-2244,-279,1788587037578429
cross_device,0,2,color,-2284,-2246,-108,1788587037611914
cross_device,0,2,color,-2284,-2247,-111,1788587037645242
cross_device,0,2,color,-2284,-2249,-133,1788587037678589
cross_device,0,2,color,-2285,-2254,-288,1788587037711764
cross_device,0,2,color,-2285,-2253,12,1788587037745401
cross_device,0,2,color,-2285,-2255,-115,1788587037778790
cross_device,0,2,color,-2286,-2255,-109,1788587037811912
cross_device,0,2,color,-2285,-2256,52,1788587037845429
cross_device,0,2,color,-2286,-2260,-266,1788587037878456
cross_device,0,2,color,-2286,-2261,-104,1788587037911921
cross_device,0,2,color,-2287,-2263,-165,1788587037945232
cross_device,0,2,color,-2287,-2265,-1,1788587037978721
cross_device,0,2,color,-2287,-2264,11,1788587038012053
cross_device,0,2,color,-2287,-2264,0,1788587038045400
cross_device,0,2,color,-2287,-2266,57,1788587038078757
cross_device,0,2,color,-2288,-2267,31,1788587038112073
cross_device,0,2,color,-2288,-2268,42,1788587038145424
cross_device,0,2,color,-2288,-2269,-68,1788587038178800
cross_device,0,2,color,-2289,-2270,-51,1788587038211961
cross_device,0,2,color,-2288,-2271,-102,1788587038245430
cross_device,0,2,color,-2289,-2274,-268,1788587038278436
cross_device,0,2,color,-2290,-2276,63,1788587038312104
cross_device,0,2,color,-2290,-2278,-347,1788587038345132
cross_device,0,2,color,-2290,-2280,-264,1788587038378456
cross_device,0,2,color,-2291,-2282,-23,1788587038412164
cross_device,0,2,color,-2290,-2284,-299,1788587038445104
cross_device,0,2,color,-2291,-2287,-277,1788587038478427
cross_device,0,2,color,-2291,-2286,121,1788587038512146
cross_device,0,2,color,-2291,-2288,-108,1788587038545423
cross_device,0,2,color,-2292,-2288,105,1788587038578826
cross_device,0,2,color,-2292,-2289,-126,1788587038612053
cross_device,0,2,color,-2292,-2289,25,1788587038645394
cross_device,0,2,color,-2293,-2292,-177,1788587038678630
cross_device,0,2,color,-2293,-2294,-276,1788587038711773
cross_device,0,2,color,-2293,-2295,13,1788587038745392
cross_device,0,2,color,-2293,-2296,-159,1788587038778573
cross_device,0,2,color,-2294,-2299,-240,1788587038811928
cross_device,0,2,color,-2294,-2301,-160,1788587038845242
cross_device,0,2,color,-2294,-2302,-77,1788587038878637
cross_device,0,2,color,-2294,-2303,-150,1788587038911898
cross_device,0,2,color,-2295,-2305,-98,1788587038945260
cross_device,0,2,color,-2295,-2305,-58,1788587038978634
cross_device,0,2,color,-2295,-2306,-122,1788587039011925
cross_device,0,2,color,-2296,-2307,43,1788587039045442
cross_device,0,2,color,-2296,-2309,-80,1788587039078590
cross_device,0,2,color,-2297,-2311,-161,1788587039111892
cross_device,0,2,color,-2297,-2312,-152,1788587039145242
cross_device,0,2,color,-2297,-2313,19,1788587039178738
cross_device,0,2,color,-2297,-2315,-281,1788587039211767
cross_device,0,2,color,-2297,-2316,-252,1788587039245130
cross_device,0,2,color,-2297,-2319,-264,1788587039278423
cross_device,0,2,color,-2298,-2320,-224,1788587039311793
cross_device,0,2,color,-2298,-2323,-12,1788587039345536
cross_device,0,2,color,-2299,-2325,-252,1788587039378453
cross_device,0,2,color,-2299,-2327,-244,1788587039411787
cross_device,0,2,color,-2299,-2324,100,1788587039445458
cross_device,0,2,color,-2300,-2328,25,1788587039478717
cross_device,0,2,color,-2299,-2328,-280,1788587039511763
cross_device,0,2,color,-2299,-2330,-111,1788587039545270
cross_device,0,2,color,-2300,-2329,-62,1788587039578614
cross_device,0,2,color,-2301,-2332,-101,1788587039611930
cross_device,0,2,color,-2301,-2333,-244,1788587039645138
cross_device,0,2,color,-2301,-2335,-88,1788587039678619
cross_device,0,2,color,-2301,-2335,-102,1788587039711922
cross_device,0,2,color,-2302,-2337,-81,1788587039745273
cross_device,0,2,color,-2302,-2340,-295,1788587039778426
cross_device,0,2,color,-2302,-2343,-287,1788587039811758
cross_device,0,2,color,-2302,-2342,31,1788587039845405
cross_device,0,2,color,-2303,-2343,-93,1788587039878605
cross_device,0,2,color,-2303,-2346,-492,1788587039911755
cross_device,0,2,color,-2303,-2348,-287,1788587039945096
cross_device,0,2,color,-2303,-2348,33,1788587039978720
cross_device,0,2,color,-2303,-2349,-217,1788587040011799
cross_device,0,2,color,-2304,-2351,-111,1788587040045273
cross_device,0,2,color,-2304,-2351,37,1788587040078741
cross_device,0,2,color,-2304,-2351,76,1788587040112101
cross_device,0,2,color,-2305,-2350,37,1788587040145420
cross_device,0,2,color,-2305,-2351,1,1788587040178722
cross_device,0,2,color,-2305,-2352,-90,1788587040211933
cross_device,0,2,color,-2306,-2350,173,1788587040245535
cross_device,0,2,color,-2306,-2353,-112,1788587040278615
cross_device,0,2,color,-2307,-2356,-263,1788587040311784
cross_device,0,2,color,-2306,-2356,-239,1788587040345145
cross_device,0,2,color,-2307,-2356,-122,1788587040378601
cross_device,0,2,color,-2307,-2360,-342,1788587040411801
cross_device,0,2,color,-2307,-2360,-228,1788587040445151
cross_device,0,2,color,-2308,-2362,-111,1788587040478601
cross_device,0,2,color,-2308,-2364,-268,1788587040511920
cross_device,0,2,color,-2308,-2365,29,1788587040545391
cross_device,0,2,color,-2309,-2365,46,1788587040578732
cross_device,0,2,color,-2309,-2365,3,1788587040612041
cross_device,0,2,color,-2309,-2366,15,1788587040645392
cross_device,0,2,color,-2309,-2367,-163,1788587040678545
cross_device,0,2,color,-2309,-2365,-136,1788587040711912
cross_device,0,2,color,-2310,-2370,-245,1788587040745152
cross_device,0,2,color,-2310,-2370,-86,1788587040778598
cross_device,0,2,color,-2310,-2371,-17,1788587040812022
cross_device,0,2,color,-2311,-2371,-107,1788587040845274
cross_device,0,2,color,-2311,-2372,-135,1788587040878572
cross_device,0,2,color,-2312,-2372,97,1788587040912116
cross_device,0,2,color,-2312,-2374,-238,1788587040945117
cross_device,0,2,color,-2312,-2376,-265,1788587040978444
cross_device,0,2,color,-2312,-2375,137,1788587041012165
cross_device,0,2,color,-2312,-2376,-214,1788587041045136
cross_device,0,2,color,-2313,-2379,-295,1788587041078425
cross_device,0,2,color,-2313,-2380,-141,1788587041111912
cross_device,0,2,color,-2314,-2382,-111,1788587041145264
cross_device,0,2,color,-2313,-2381,-193,1788587041178480
cross_device,0,2,color,-2314,-2384,-121,1788587041211925
cross_device,0,2,color,-2314,-2382,-85,1788587041245297
cross_device,0,2,color,-2315,-2383,-23,1788587041278687
cross_device,0,2,color,-2315,-2382,-42,1788587041312009
cross_device,0,2,color,-2315,-2384,-342,1788587041345138
cross_device,0,2,color,-2315,-2385,21,1788587041378735
cross_device,0,2,color,-2315,-2388,-259,1788587041411782
cross_device,0,2,color,-2315,-2388,-217,1788587041445136
cross_device,0,2,color,-2316,-2389,91,1788587041478764
cross_device,0,2,color,-2316,-2390,-256,1788587041511933
cross_device,0,2,color,-2317,-2393,-247,1788587041545134
cross_device,0,2,color,-2317,-2392,-86,1788587041578614
cross_device,0,2,color,-2317,-2391,184,1788587041612223
cross_device,0,2,color,-2318,-2389,42,1788587041645428
cross_device,0,2,color,-2318,-2390,50,1788587041678722
cross_device,0,2,color,-2318,-2389,45,1788587041712054
cross_device,0,2,color,-2318,-2390,21,1788587041745394
cross_device,0,2,color,-2318,-2389,0,1788587041778724
cross_device,0,2,color,-2318,-2390,42,1788587041812057
cross_device,0,2,color,-2318,-2391,-91,1788587041845278
cross_device,0,2,color,-2319,-2393,-137,1788587041878582
cross_device,0,2,color,-2319,-2393,-292,1788587041911750
cross_device,0,2,color,-2319,-2395,-243,1788587041945121
cross_device,0,2,color,-2320,-2395,48,1788587041978718
cross_device,0,2,color,-2321,-2397,-128,1788587042011916
cross_device,0,2,color,-2320,-2396,-9,1788587042045390
cross_device,0,2,color,-2321,-2398,-110,1788587042078591
cross_device,0,2,color,-2322,-2399,-118,1788587042111916
cross_device,0,2,color,-2321,-2399,-128,1788587042145233
cross_device,0,2,color,-2322,-2399,-6,1788587042178697
cross_device,0,2,color,-2322,-2399,-9,1788587042212040
cross_device,0,2,color,-2322,-2398,29,1788587042245392
cross_device,0,2,color,-2323,-2400,-93,1788587042278612
cross_device,0,2,color,-2323,-2399,-132,1788587042311917
cross_device,0,2,color,-2324,-2399,23,1788587042345385
cross_device,0,2,color,-2325,-2401,-126,1788587042378586
cross_device,0,2,color,-2324,-2400,52,1788587042412108
cross_device,0,2,color,-2325,-2403,-242,1788587042445153
cross_device,0,2,color,-2327,-2407,-222,1788587042478469
cross_device,0,2,color,-2325,-2403,38,1788587042512091
cross_device,0,2,color,-2324,-2401,-122,1788587042545263
cross_device,0,2,color,-2327,-2407,-80,1788587042578606
cross_device,0,2,color,-2325,-2403,21,1788587042612044
cross_device,1,2,color,-1926,471,14918,1788587012626961
cross_device,1,2,color,-1925,40,-326,1788587012645100
cross_device,1,2,color,-1926,38,-287,1788587012678448
cross_device,1,2,color,-1926,38,-120,1788587012711919
cross_device,1,2,color,-1926,36,-267,1788587012745111
cross_device,1,2,color,-1926,35,-300,1788587012778426
cross_device,1,2,color,-1927,33,-135,1788587012811930
cross_device,1,2,color,-1926,34,-318,1788587012845095
cross_device,1,2,color,-1927,31,-247,1788587012878568
cross_device,1,2,color,-1928,27,-149,1788587012911911
cross_device,1,2,color,-1928,28,-157,1788587012945232
cross_device,1,2,color,-1928,79,-236,1788587012978461
cross_device,1,2,color,-1928,80,-97,1788587013011929
cross_device,1,2,color,-1928,80,-110,1788587013045444
cross_device,1,2,color,-1928,81,-16,1788587013078709
cross_device,1,2,color,-1929,79,-114,1788587013111919
cross_device,1,2,color,-1929,80,-288,1788587013145095
cross_device,1,2,color,-1929,81,-103,1788587013178598
cross_device,1,2,color,-1929,80,-289,1788587013211760
cross_device,1,2,color,-1930,80,-95,1788587013245291
cross_device,1,2,color,-1930,81,-159,1788587013278562
cross_device,1,2,color,-1930,81,49,1788587013312072
cross_device,1,2,color,-1930,81,-75,1788587013345299
cross_device,1,2,color,-1930,81,-108,1788587013378617
cross_device,1,2,color,-1931,81,-287,1788587013411753
cross_device,1,2,color,-1931,82,-60,1788587013445474
cross_device,1,2,color,-1931,82,-39,1788587013478713
cross_device,1,2,color,-1931,83,-122,1788587013511942
cross_device,1,2,color,-1931,83,-271,1788587013545106
cross_device,1,2,color,-1932,82,-93,1788587013578583
cross_device,1,2,color,-1931,83,-271,1788587013611773
cross_device,1,2,color,-1931,-85,-118,1788587013645269
cross_device,1,2,color,-1932,-87,20,1788587013678722
cross_device,1,2,color,-1932,-87,-160,1788587013711885
cross_device,1,2,color,-1932,-88,-98,1788587013745428
cross_device,1,2,color,-1933,-90,-249,1788587013778453
cross_device,1,2,color,-1932,-89,-289,1788587013811759
cross_device,1,2,color,-1933,-91,-141,1788587013845244
cross_device,1,2,color,-1934,-93,-161,1788587013878523
cross_device,1,2,color,-1934,-91,-261,1788587013911781
cross_device,1,2,color,-1934,-93,-315,1788587013945094
cross_device,1,2,color,-1934,-110,-88,1788587013978590
cross_device,1,2,color,-1934,-109,-105,1788587014011940
cross_device,1,2,color,-1934,-112,-115,1788587014045266
cross_device,1,2,color,-1935,-114,-74,1788587014078619
cross_device,1,2,color,-1934,-116,-69,1788587014111936
cross_device,1,2,color,-1935,-118,-130,1788587014145281
cross_device,1,2,color,-1936,-120,-125,1788587014178577
cross_device,1,2,color,-1936,-122,-275,1788587014211890
cross_device,1,2,color,-1936,-124,-88,1788587014245544
cross_device,1,2,color,-1936,-126,-111,1788587014278605
cross_device,1,2,color,-1936,-127,-76,1788587014311951
cross_device,1,2,color,-1936,-129,-92,1788587014345275
cross_device,1,2,color,-1937,-132,6,1788587014378739
cross_device,1,2,color,-1937,-134,-85,1788587014411933
cross_device,1,2,color,-1937,-134,-202,1788587014445141
cross_device,1,2,color,-1937,-136,-221,1788587014478608
cross_device,1,2,color,-1937,-139,-278,1788587014511892
cross_device,1,2,color,-1937,-139,-209,1788587014545147
cross_device,1,2,color,-1938,-142,-207,1788587014578469
cross_device,1,2,color,-1938,-144,-141,1788587014611901
cross_device,1,2,color,-1939,-93,-264,1788587014645109
cross_device,1,2,color,-1938,-93,-112,1788587014678595
cross_device,1,2,color,-1938,-92,-259,1788587014711795
cross_device,1,2,color,-1939,-95,-244,1788587014745148
cross_device,1,2,color,-1939,-94,-83,1788587014778594
cross_device,1,2,color,-1937,-93,-263,1788587014811790
cross_device,1,2,color,-1939,-95,-284,1788587014845304
cross_device,1,2,color,-1940,-98,-231,1788587014878470
cross_device,1,2,color,-1939,-95,-223,1788587014911795
cross_device,1,2,color,-1940,-99,-260,1788587014945244
cross_device,1,2,color,-1940,-238,-358,1788587014978561
cross_device,1,2,color,-1939,-237,-254,1788587015011788
cross_device,1,2,color,-1941,-239,-231,1788587015045134
cross_device,1,2,color,-1941,-238,-207,1788587015078472
cross_device,1,2,color,-1934,-232,-119,1788587015111916
cross_device,1,2,color,-1941,-240,-258,1788587015145119
cross_device,1,2,color,-1941,-240,-209,1788587015178469
cross_device,1,2,color,-1934,-233,-206,1788587015211800
cross_device,1,2,color,-1942,-242,-141,1788587015245279
cross_device,1,2,color,-1943,-244,-285,1788587015278464
cross_device,1,2,color,-1942,-242,-274,1788587015311775
cross_device,1,2,color,-1943,-246,-282,1788587015345111
cross_device,1,2,color,-1943,-244,-242,1788587015378466
cross_device,1,2,color,-1936,-238,-253,1788587015411756
cross_device,1,2,color,-1943,-244,-268,1788587015445131
cross_device,1,2,color,-1944,-246,-296,1788587015478421
cross_device,1,2,color,-1944,-246,-400,1788587015512316
cross_device,1,2,color,-1944,-248,-150,1788587015545442
cross_device,1,2,color,-1945,-249,-144,1788587015578569
cross_device,1,2,color,-1945,-248,-165,1788587015611888
cross_device,1,2,color,-1944,124,-4,1788587015645378
cross_device,1,2,color,-1945,123,-130,1788587015678596
cross_device,1,2,color,-1945,123,-252,1788587015711778
cross_device,1,2,color,-1946,121,-100,1788587015745267
cross_device,1,2,color,-1946,121,-134,1788587015778716
cross_device,1,2,color,-1945,123,-119,1788587015811931
cross_device,1,2,color,-1946,121,-260,1788587015845133
cross_device,1,2,color,-1946,121,-250,1788587015878450
cross_device,1,2,color,-1946,121,-244,1788587015911774
cross_device,1,2,color,-1946,121,-297,1788587015945086
cross_device,1,2,color,-1947,-109,-85,1788587015978781
cross_device,1,2,color,-1947,-109,-96,1788587016011938
cross_device,1,2,color,-1947,-108,-132,1788587016045269
cross_device,1,2,color,-1947,-107,-149,1788587016078562
cross_device,1,2,color,-1947,-107,-257,1788587016111772
cross_device,1,2,color,-1948,-107,-74,1788587016145281
cross_device,1,2,color,-1948,-107,-268,1788587016178569
cross_device,1,2,color,-1949,-108,-261,1788587016211774
cross_device,1,2,color,-1949,-107,-223,1788587016245149
cross_device,1,2,color,-1949,-107,-72,1788587016278603
cross_device,1,2,color,-1949,-106,-152,1788587016311908
cross_device,1,2,color,-1949,-105,-298,1788587016345091
cross_device,1,2,color,-1949,-106,-289,1788587016378429
cross_device,1,2,color,-1950,-106,-311,1788587016411743
cross_device,1,2,color,-1949,-105,-232,1788587016445248
cross_device,1,2,color,-1950,-104,-167,1788587016478707
cross_device,1,2,color,-1951,-107,-299,1788587016511766
cross_device,1,2,color,-1950,-103,-90,1788587016545296
cross_device,1,2,color,-1950,-104,-271,1788587016578443
cross_device,1,2,color,-1951,-104,-301,1788587016611751
cross_device,1,2,color,-1951,457,20,1788587016645373
cross_device,1,2,color,-1951,457,-54,1788587016678612
cross_device,1,2,color,-1951,456,47,1788587016712054
cross_device,1,2,color,-1952,457,-95,1788587016745286
cross_device,1,2,color,-1952,457,-107,1788587016778607
cross_device,1,2,color,-1952,456,-115,1788587016811930
cross_device,1,2,color,-1952,457,-111,1788587016845250
cross_device,1,2,color,-1952,457,-110,1788587016878597
cross_device,1,2,color,-1952,456,-118,1788587016911944
cross_device,1,2,color,-1953,456,-141,1788587016945256
cross_device,1,2,color,-1953,-33,-239,1788587016978446
cross_device,1,2,color,-1953,-34,-99,1788587017011922
cross_device,1,2,color,-1953,-37,-27,1788587017045372
cross_device,1,2,color,-1954,-37,-89,1788587017078612
cross_device,1,2,color,-1954,-38,-82,1788587017111938
cross_device,1,2,color,-1954,-37,-402,1788587017145123
cross_device,1,2,color,-1955,-40,-270,1788587017178468
cross_device,1,2,color,-1955,-39,-153,1788587017211910
cross_device,1,2,color,-1955,-40,-270,1788587017245268
cross_device,1,2,color,-1955,-40,-55,1788587017278692
cross_device,1,2,color,-1955,-41,-134,1788587017311947
cross_device,1,2,color,-1956,-42,-161,1788587017345231
cross_device,1,2,color,-1956,-44,-126,1788587017378567
cross_device,1,2,color,-1955,-43,-127,1788587017411918
cross_device,1,2,color,-1956,-44,-308,1788587017445709
cross_device,1,2,color,-1957,-45,-247,1788587017478456
cross_device,1,2,color,-1957,-48,-229,1788587017511795
cross_device,1,2,color,-1957,-48,-196,1788587017545223
cross_device,1,2,color,-1957,-49,-249,1788587017578573
cross_device,1,2,color,-1957,-48,-243,1788587017611794
cross_device,1,2,color,-1957,-262,-259,1788587017645127
cross_device,1,2,color,-1957,-261,-138,1788587017678580
cross_device,1,2,color,-1958,-261,-167,1788587017711889
cross_device,1,2,color,-1958,-261,23,1788587017745386
cross_device,1,2,color,-1958,-262,-123,1788587017778573
cross_device,1,2,color,-1959,-261,-320,1788587017811749
cross_device,1,2,color,-1959,-263,-9,1788587017845381
cross_device,1,2,color,-1958,-261,-265,1788587017878435
cross_device,1,2,color,-1959,-261,-242,1788587017911786
cross_device,1,2,color,-1959,-261,-61,1788587017945293
cross_device,1,2,color,-1960,-263,-11,1788587017978711
cross_device,1,2,color,-1960,-261,-91,1788587018011947
cross_device,1,2,color,-1960,-262,-138,1788587018045298
cross_device,1,2,color,-1961,-263,-321,1788587018078573
cross_device,1,2,color,-1960,-261,-161,1788587018111903
cross_device,1,2,color,-1961,-262,-13,1788587018145405
cross_device,1,2,color,-1961,-262,-242,1788587018178459
cross_device,1,2,color,-1961,-263,-99,1788587018211922
cross_device,1,2,color,-1961,-262,-63,1788587018245579
cross_device,1,2,color,-1961,-262,-36,1788587018278706
cross_device,1,2,color,-1961,-262,-266,1788587018311781
cross_device,1,2,color,-1961,-262,-234,1788587018345256
cross_device,1,2,color,-1962,-262,-134,1788587018378574
cross_device,1,2,color,-1963,-263,-263,1788587018411785
cross_device,1,2,color,-1962,-263,-263,1788587018445135
cross_device,1,2,color,-1963,-261,-85,1788587018478607
cross_device,1,2,color,-1963,-263,-117,1788587018511911
cross_device,1,2,color,-1964,-264,-131,1788587018545259
cross_device,1,2,color,-1963,-262,-304,1788587018578424
cross_device,1,2,color,-1964,-263,-293,1788587018611757
cross_device,1,2,color,-1964,-263,-129,1788587018645264
cross_device,1,2,color,-1964,-264,-139,1788587018678726
cross_device,1,2,color,-1964,-263,-152,1788587018712059
cross_device,1,2,color,-1964,-262,22,1788587018745386
cross_device,1,2,color,-1965,-262,17,1788587018778708
cross_device,1,2,color,-1965,-264,-142,1788587018811911
cross_device,1,2,color,-1965,-263,-2,1788587018845388
cross_device,1,2,color,-1965,-264,-178,1788587018878551
cross_device,1,2,color,-1965,-263,-234,1788587018911782
cross_device,1,2,color,-1966,-264,-109,1788587018945255
cross_device,1,2,color,-1966,-264,-306,1788587018978422
cross_device,1,2,color,-1966,-264,-273,1788587019011915
cross_device,1,2,color,-1966,-263,-329,1788587019045095
cross_device,1,2,color,-1967,-264,-309,1788587019078419
cross_device,1,2,color,-1967,-265,-239,1788587019111791
cross_device,1,2,color,-1967,-264,-270,1788587019145133
cross_device,1,2,color,-1967,-263,-233,1788587019178446
cross_device,1,2,color,-1968,-264,-105,1788587019211952
cross_device,1,2,color,-1967,-263,-309,1788587019245246
cross_device,1,2,color,-1967,-263,-265,1788587019278585
cross_device,1,2,color,-1968,-264,-57,1788587019311984
cross_device,1,2,color,-1968,-265,-229,1788587019345123
cross_device,1,2,color,-1968,-263,-300,1788587019378418
cross_device,1,2,color,-1968,-264,-268,1788587019411769
cross_device,1,2,color,-1969,-145,-272,1788587019445112
cross_device,1,2,color,-1969,-25,-168,1788587019478547
cross_device,1,2,color,-1970,94,-239,1788587019511805
cross_device,1,2,color,-1969,214,-257,1788587019545148
cross_device,1,2,color,-1969,331,-221,1788587019578470
cross_device,1,2,color,-1970,447,-244,1788587019611813
cross_device,1,2,color,-1970,562,-272,1788587019645117
cross_device,1,2,color,-1970,677,-213,1788587019678480
cross_device,1,2,color,-1971,791,-313,1788587019711928
cross_device,1,2,color,-1971,904,-143,1788587019745268
cross_device,1,2,color,-1971,1016,-236,1788587019778467
cross_device,1,2,color,-1971,1129,-106,1788587019811927
cross_device,1,2,color,-1971,1240,-274,1788587019845117
cross_device,1,2,color,-1972,1351,-273,1788587019878442
cross_device,1,2,color,-1971,1461,-240,1788587019911925
cross_device,1,2,color,-1972,1569,-118,1788587019945275
cross_device,1,2,color,-1972,1678,-235,1788587019978459
cross_device,1,2,color,-1973,1784,-115,1788587020011919
cross_device,1,2,color,-1972,1894,-125,1788587020045273
cross_device,1,2,color,-1973,2000,-285,1788587020078447
cross_device,1,2,color,-1973,2105,-275,1788587020111771
cross_device,1,2,color,-1973,2209,-229,1788587020145131
cross_device,1,2,color,-1973,2313,-221,1788587020178465
cross_device,1,2,color,-1973,2417,-109,1788587020211937
cross_device,1,2,color,-1974,2519,-293,1788587020245256
cross_device,1,2,color,-1974,2620,-108,1788587020278603
cross_device,1,2,color,-1974,2723,-221,1788587020311805
cross_device,1,2,color,-1975,2822,-165,1788587020345257
cross_device,1,2,color,-1974,2923,-149,1788587020378567
cross_device,1,2,color,-1975,3023,-247,1788587020411794
cross_device,1,2,color,-1975,3121,-128,1788587020445265
cross_device,1,2,color,-1975,3218,-117,1788587020478573
cross_device,1,2,color,-1976,3317,-240,1788587020511774
cross_device,1,2,color,-1975,3415,-274,1788587020545238
cross_device,1,2,color,-1976,3509,-118,1788587020578588
cross_device,1,2,color,-1976,3606,-215,1788587020611800
cross_device,1,2,color,-1977,3699,-222,1788587020645138
cross_device,1,2,color,-1976,3794,-258,1788587020678457
cross_device,1,2,color,-1977,3887,-263,1788587020711791
cross_device,1,2,color,-1977,3980,-223,1788587020745144
cross_device,1,2,color,-1977,4075,-221,1788587020778464
cross_device,1,2,color,-1977,4164,-250,1788587020811950
cross_device,1,2,color,-1978,4255,-273,1788587020845120
cross_device,1,2,color,-1978,4344,-237,1788587020878448
cross_device,1,2,color,-1978,4435,-137,1788587020911935
cross_device,1,2,color,-1978,4525,-255,1788587020945141
cross_device,1,2,color,-1979,4614,-221,1788587020978457
cross_device,1,2,color,-1978,4703,-258,1788587021011805
cross_device,1,2,color,-1979,4790,-282,1788587021045118
cross_device,1,2,color,-1979,4879,-219,1788587021078473
cross_device,1,2,color,-1979,4964,-260,1788587021111791
cross_device,1,2,color,-1980,5047,-264,1788587021145255
cross_device,1,2,color,-1979,5135,-103,1788587021178588
cross_device,1,2,color,-1980,5219,-99,1788587021211913
cross_device,1,2,color,-1980,5302,-203,1788587021245453
cross_device,1,2,color,-1980,5386,-163,1788587021278740
cross_device,1,2,color,-1980,5469,-151,1788587021311906
cross_device,1,2,color,-1981,5550,-240,1788587021345131
cross_device,1,2,color,-1981,5631,-262,1788587021378453
cross_device,1,2,color,-1981,5713,-256,1788587021411787
cross_device,1,2,color,-1981,5794,-162,1788587021445221
cross_device,1,2,color,-1981,5875,-287,1788587021478424
cross_device,1,2,color,-1981,5956,-263,1788587021511785
cross_device,1,2,color,-1982,6034,-88,1788587021545296
cross_device,1,2,color,-1982,6112,-223,1788587021578465
cross_device,1,2,color,-1982,6190,-264,1788587021611802
cross_device,1,2,color,-1982,6270,-272,1788587021645124
cross_device,1,2,color,-1983,6345,-234,1788587021678460
cross_device,1,2,color,-1983,6422,-269,1788587021711780
cross_device,1,2,color,-1983,6499,-283,1788587021745114
cross_device,1,2,color,-1983,6576,36,1788587021778719
cross_device,1,2,color,-1984,6649,-157,1788587021811896
cross_device,1,2,color,-1984,6723,-127,1788587021845268
cross_device,1,2,color,-1984,6799,-166,1788587021878559
cross_device,1,2,color,-1984,6872,-105,1788587021911922
cross_device,1,2,color,-1985,6945,-90,1788587021945264
cross_device,1,2,color,-1985,7019,-262,1788587021978435
cross_device,1,2,color,-1985,7091,-264,1788587022011776
cross_device,1,2,color,-1985,7163,-207,1788587022045149
cross_device,1,2,color,-1985,7234,-234,1788587022078466
cross_device,1,2,color,-1985,7307,-266,1788587022111774
cross_device,1,2,color,-1985,7376,-145,1788587022145234
cross_device,1,2,color,-1986,7445,-141,1788587022178562
cross_device,1,2,color,-1986,7516,-283,1788587022211762
cross_device,1,2,color,-1986,7584,-406,1788587022245268
cross_device,1,2,color,-1987,7649,-259,1788587022278467
cross_device,1,2,color,-1987,7717,-218,1788587022311825
cross_device,1,2,color,-1986,7786,-204,1788587022345157
cross_device,1,2,color,-1987,7854,-252,1788587022378445
cross_device,1,2,color,-1987,7920,-89,1788587022411944
cross_device,1,2,color,-1988,7986,-99,1788587022445279
cross_device,1,2,color,-1987,8054,-60,1788587022478611
cross_device,1,2,color,-1988,8118,-83,1788587022511941
cross_device,1,2,color,-1989,8182,-95,1788587022545271
cross_device,1,2,color,-1988,8249,-207,1788587022578480
cross_device,1,2,color,-1989,8312,-278,1788587022611757
cross_device,1,2,color,-1989,8377,-265,1788587022645107
cross_device,1,2,color,-1989,8285,30,1788587022678728
cross_device,1,2,color,-1989,8196,-238,1788587022711819
cross_device,1,2,color,-1989,8106,-245,1788587022745124
cross_device,1,2,color,-1990,8014,-68,1788587022778605
cross_device,1,2,color,-1990,7928,-96,1788587022811956
cross_device,1,2,color,-1990,7839,-250,1788587022845135
cross_device,1,2,color,-1990,7752,-225,1788587022878466
cross_device,1,2,color,-1990,7665,-233,1788587022911797
cross_device,1,2,color,-1990,7577,-210,1788587022945142
cross_device,1,2,color,-1991,7491,-218,1788587022978468
cross_device,1,2,color,-1991,7405,-253,1788587023011778
cross_device,1,2,color,-1991,7319,-198,1788587023045285
cross_device,1,2,color,-1992,7235,-94,1788587023078608
cross_device,1,2,color,-1992,7150,-235,1788587023111793
cross_device,1,2,color,-1992,7068,-195,1788587023145140
cross_device,1,2,color,-1992,6987,-215,1788587023178484
cross_device,1,2,color,-1992,6903,-113,1788587023211931
cross_device,1,2,color,-1993,6821,-192,1788587023245172
cross_device,1,2,color,-1993,6740,-77,1788587023278600
cross_device,1,2,color,-1993,6660,-265,1788587023311786
cross_device,1,2,color,-1993,6579,-278,1788587023345114
cross_device,1,2,color,-1993,6499,-274,1788587023378449
cross_device,1,2,color,-1993,6421,-217,1788587023411802
cross_device,1,2,color,-1994,6342,-103,1788587023445286
cross_device,1,2,color,-1994,6263,-279,1788587023478428
cross_device,1,2,color,-1994,6188,-132,1788587023511924
cross_device,1,2,color,-1994,6111,-214,1788587023545146
cross_device,1,2,color,-1995,6034,-74,1788587023578606
cross_device,1,2,color,-1995,5958,-278,1788587023611897
cross_device,1,2,color,-1995,5883,-230,1788587023645149
cross_device,1,2,color,-1995,5807,-359,1788587023678872
cross_device,1,2,color,-1996,5732,-12,1788587023712050
cross_device,1,2,color,-1996,5658,-135,1788587023745248
cross_device,1,2,color,-1996,5586,-141,1788587023778588
cross_device,1,2,color,-1996,5513,-222,1788587023811781
cross_device,1,2,color,-1996,5440,-210,1788587023845161
cross_device,1,2,color,-1996,5370,-129,1788587023878579
cross_device,1,2,color,-1997,5297,-281,1788587023911759
cross_device,1,2,color,-1997,5227,-208,1788587023945148
cross_device,1,2,color,-1997,5156,-168,1788587023978548
cross_device,1,2,color,-1997,5086,-135,1788587024011905
cross_device,1,2,color,-1998,5017,-105,1788587024045265
cross_device,1,2,color,-1998,4949,-144,1788587024078560
cross_device,1,2,color,-1998,4879,-149,1788587024111909
cross_device,1,2,color,-1999,4812,19,1788587024145403
cross_device,1,2,color,-1999,4745,-170,1788587024178539
cross_device,1,2,color,-1998,4680,82,1788587024212103
cross_device,1,2,color,-1999,4613,82,1788587024245655
cross_device,1,2,color,-1999,4548,-5,1788587024278709
cross_device,1,2,color,-1999,4484,-133,1788587024311913
cross_device,1,2,color,-2000,4417,-133,1788587024345455
cross_device,1,2,color,-2000,4354,5,1788587024378719
cross_device,1,2,color,-2000,4291,9,1788587024412063
cross_device,1,2,color,-2000,4226,-134,1788587024445255
cross_device,1,2,color,-2000,4164,-15,1788587024478706
cross_device,1,2,color,-2000,4104,4,1788587024512045
cross_device,1,2,color,-2001,4039,-148,1788587024545238
cross_device,1,2,color,-2001,3978,-159,1788587024578572
cross_device,1,2,color,-2001,3916,-167,1788587024611880
cross_device,1,2,color,-2002,3854,-104,1788587024645252
cross_device,1,2,color,-2001,3793,-155,1788587024678562
cross_device,1,2,color,-2002,3732,-258,1788587024711782
cross_device,1,2,color,-2002,3671,-205,1788587024745143
cross_device,1,2,color,-2002,3612,-249,1788587024778459
cross_device,1,2,color,-2002,3551,-303,1788587024812103
cross_device,1,2,color,-2003,3491,-11,1788587024845391
cross_device,1,2,color,-2003,3433,-90,1788587024878598
cross_device,1,2,color,-2003,3375,-246,1788587024911798
cross_device,1,2,color,-2003,3317,-127,1788587024945260
cross_device,1,2,color,-2003,3259,-225,1788587024978462
cross_device,1,2,color,-2004,3201,-219,1788587025011800
cross_device,1,2,color,-2004,3145,-110,1788587025045279
cross_device,1,2,color,-2004,3088,-122,1788587025078591
cross_device,1,2,color,-2004,3033,-206,1788587025111813
cross_device,1,2,color,-2005,2976,-208,1788587025145148
cross_device,1,2,color,-2005,2920,-228,1788587025178476
cross_device,1,2,color,-2004,2866,-242,1788587025211803
cross_device,1,2,color,-2005,2809,-251,1788587025245299
cross_device,1,2,color,-2005,2757,18,1788587025278729
cross_device,1,2,color,-2005,2702,-267,1788587025311787
cross_device,1,2,color,-2005,2649,-69,1788587025345293
cross_device,1,2,color,-2006,2595,-259,1788587025378456
cross_device,1,2,color,-2006,2541,-266,1788587025411772
cross_device,1,2,color,-2006,2489,-221,1788587025445145
cross_device,1,2,color,-2006,2437,-108,1788587025478595
cross_device,1,2,color,-2007,2385,-297,1788587025511905
cross_device,1,2,color,-2006,2335,-220,1788587025545137
cross_device,1,2,color,-2007,2283,-216,1788587025578467
cross_device,1,2,color,-2007,2230,-107,1788587025611927
cross_device,1,2,color,-2008,2178,-272,1788587025645258
cross_device,1,2,color,-2007,2129,-196,1788587025678481
cross_device,1,2,color,-2008,2080,-235,1788587025711797
cross_device,1,2,color,-2008,2029,-267,1788587025745251
cross_device,1,2,color,-2009,1979,-256,1788587025778450
cross_device,1,2,color,-2008,1931,-82,1788587025811934
cross_device,1,2,color,-2008,1883,-223,1788587025845160
cross_device,1,2,color,-2009,1834,-123,1788587025878580
cross_device,1,2,color,-2009,1786,-225,1788587025911800
cross_device,1,2,color,-2010,1738,-129,1788587025945276
cross_device,1,2,color,-2009,1692,-301,1788587025978425
cross_device,1,2,color,-2009,1644,-202,1788587026011807
cross_device,1,2,color,-2010,1600,-89,1788587026045266
cross_device,1,2,color,-2010,1551,-277,1788587026078432
cross_device,1,2,color,-2010,1504,-180,1788587026111903
cross_device,1,2,color,-2010,1460,-242,1788587026145162
cross_device,1,2,color,-2011,1413,-84,1788587026178603
cross_device,1,2,color,-2012,1369,-239,1788587026211797
cross_device,1,2,color,-2011,1324,-142,1788587026245252
cross_device,1,2,color,-2012,1278,-230,1788587026278460
cross_device,1,2,color,-2011,1236,-223,1788587026311808
cross_device,1,2,color,-2012,1191,-104,1788587026345270
cross_device,1,2,color,-2012,1145,-236,1788587026378458
cross_device,1,2,color,-2013,1103,-247,1788587026411810
cross_device,1,2,color,-2013,1058,-420,1788587026445253
cross_device,1,2,color,-2013,1015,-244,1788587026478598
cross_device,1,2,color,-2013,974,-78,1788587026511947
cross_device,1,2,color,-2013,932,-257,1788587026545118
cross_device,1,2,color,-2013,888,-88,1788587026578615
cross_device,1,2,color,-2013,847,-247,1788587026611797
cross_device,1,2,color,-2014,806,-81,1788587026645286
cross_device,1,2,color,-2014,766,-239,1788587026678620
cross_device,1,2,color,-2014,725,-271,1788587026711776
cross_device,1,2,color,-2014,684,-265,1788587026745127
cross_device,1,2,color,-2014,643,-310,1788587026778624
cross_device,1,2,color,-2015,603,-71,1788587026811954
cross_device,1,2,color,-2015,562,-247,1788587026845149
cross_device,1,2,color,-2015,524,-118,1788587026878595
cross_device,1,2,color,-2016,483,-215,1788587026911809
cross_device,1,2,color,-2015,445,-239,1788587026945152
cross_device,1,2,color,-2016,404,-257,1788587026978449
cross_device,1,2,color,-2016,367,-202,1788587027011814
cross_device,1,2,color,-2016,328,-261,1788587027045147
cross_device,1,2,color,-2017,290,-273,1788587027078440
cross_device,1,2,color,-2016,254,-249,1788587027111793
cross_device,1,2,color,-2017,212,-238,1788587027145146
cross_device,1,2,color,-2017,175,-231,1788587027178466
cross_device,1,2,color,-2017,139,-207,1788587027211808
cross_device,1,2,color,-2017,104,51,1788587027245430
cross_device,1,2,color,-2018,65,-332,1788587027278778
cross_device,1,2,color,-2018,29,-122,1788587027311926
cross_device,1,2,color,-2018,-6,-203,1788587027345145
cross_device,1,2,color,-2018,-41,-130,1788587027378591
cross_device,1,2,color,-2019,-77,-120,1788587027411922
cross_device,1,2,color,-2019,-112,-232,1788587027445146
cross_device,1,2,color,-2019,-149,-114,1788587027478598
cross_device,1,2,color,-2019,-181,-69,1788587027511966
cross_device,1,2,color,-2019,-217,-190,1788587027545161
cross_device,1,2,color,-2019,-250,-208,1788587027578471
cross_device,1,2,color,-2020,-285,-129,1788587027611910
cross_device,1,2,color,-2020,-319,-264,1788587027645128
cross_device,1,2,color,-2020,-351,-227,1788587027678483
cross_device,1,2,color,-2020,-386,-236,1788587027711807
cross_device,1,2,color,-2021,-420,-200,1788587027745150
cross_device,1,2,color,-2021,-452,-204,1788587027778478
cross_device,1,2,color,-2021,-486,-241,1788587027811940
cross_device,1,2,color,-2021,-519,-111,1788587027845271
cross_device,1,2,color,-2021,-549,-83,1788587027878626
cross_device,1,2,color,-2022,-582,-42,1788587027911972
cross_device,1,2,color,-2022,-612,-244,1788587027945156
cross_device,1,2,color,-2022,-647,-275,1788587027978432
cross_device,1,2,color,-2023,-679,-71,1788587028011942
cross_device,1,2,color,-2023,-708,-237,1788587028045150
cross_device,1,2,color,-2023,-740,-263,1788587028078449
cross_device,1,2,color,-2023,-771,-205,1788587028111811
cross_device,1,2,color,-2023,-802,-55,1788587028145304
cross_device,1,2,color,-2023,-831,-273,1788587028178454
cross_device,1,2,color,-2024,-862,-256,1788587028211784
cross_device,1,2,color,-2024,-892,-219,1788587028245300
cross_device,1,2,color,-2023,-922,-202,1788587028278480
cross_device,1,2,color,-2024,-954,-236,1788587028311810
cross_device,1,2,color,-2024,-984,-260,1788587028345124
cross_device,1,2,color,-2024,-1013,-243,1788587028378469
cross_device,1,2,color,-2024,-1043,-251,1788587028411969
cross_device,1,2,color,-2025,-1072,-248,1788587028445290
cross_device,1,2,color,-2025,-1099,-56,1788587028478665
cross_device,1,2,color,-2026,-1129,-111,1788587028511938
cross_device,1,2,color,-2026,-1158,-88,1788587028545283
cross_device,1,2,color,-2026,-1184,-321,1788587028578585
cross_device,1,2,color,-2026,-1213,-279,1788587028611767
cross_device,1,2,color,-2026,-1241,-248,1788587028645132
cross_device,1,2,color,-2026,-1269,-122,1788587028678580
cross_device,1,2,color,-2026,-1295,-234,1788587028711802
cross_device,1,2,color,-2026,-1322,-63,1788587028745290
cross_device,1,2,color,-2027,-1350,-210,1788587028778480
cross_device,1,2,color,-2027,-1377,-335,1788587028811909
cross_device,1,2,color,-2028,-1405,-243,1788587028845147
cross_device,1,2,color,-2027,-1430,-292,1788587028878609
cross_device,1,2,color,-2028,-1459,-245,1788587028911797
cross_device,1,2,color,-2028,-1486,-225,1788587028945162
cross_device,1,2,color,-2028,-1511,-205,1788587028978474
cross_device,1,2,color,-2028,-1536,-106,1788587029011942
cross_device,1,2,color,-2028,-1563,-252,1788587029045125
cross_device,1,2,color,-2029,-1589,-217,1788587029078472
cross_device,1,2,color,-2029,-1613,-270,1788587029111942
cross_device,1,2,color,-2029,-1638,-113,1788587029145280
cross_device,1,2,color,-2029,-1662,-74,1788587029178610
cross_device,1,2,color,-2029,-1688,-216,1788587029211923
cross_device,1,2,color,-2029,-1712,-306,1788587029245256
cross_device,1,2,color,-2030,-1740,-317,1788587029278607
cross_device,1,2,color,-2030,-1763,-231,1788587029311939
cross_device,1,2,color,-2030,-1786,-226,1788587029345155
cross_device,1,2,color,-2031,-1813,-259,1788587029378447
cross_device,1,2,color,-2031,-1835,-77,1788587029411962
cross_device,1,2,color,-2031,-1860,-245,1788587029445138
cross_device,1,2,color,-2031,-1882,-212,1788587029478472
cross_device,1,2,color,-2031,-1905,-212,1788587029511805
cross_device,1,2,color,-2032,-1928,-282,1788587029545104
cross_device,1,2,color,-2032,-1954,-244,1788587029578465
cross_device,1,2,color,-2032,-1977,-275,1788587029611939
cross_device,1,2,color,-2032,-2000,-216,1788587029645150
cross_device,1,2,color,-2032,-2021,-213,1788587029678467
cross_device,1,2,color,-2033,-2045,-266,1788587029711772
cross_device,1,2,color,-2033,-2069,-257,1788587029745147
cross_device,1,2,color,-2033,-2090,-229,1788587029778491
cross_device,1,2,color,-2033,-2112,-233,1788587029811818
cross_device,1,2,color,-2033,-2135,-82,1788587029845302
cross_device,1,2,color,-2034,-2156,-210,1788587029878483
cross_device,1,2,color,-2034,-2177,-87,1788587029911949
cross_device,1,2,color,-2034,-2198,-249,1788587029945126
cross_device,1,2,color,-2034,-2218,-96,1788587029978617
cross_device,1,2,color,-2034,-2240,-222,1788587030011827
cross_device,1,2,color,-2035,-2262,-237,1788587030045166
cross_device,1,2,color,-2034,-2281,-221,1788587030078501
cross_device,1,2,color,-2035,-2302,-223,1788587030111966
cross_device,1,2,color,-2035,-2325,-191,1788587030145171
cross_device,1,2,color,-2035,-2346,-245,1788587030178473
cross_device,1,2,color,-2036,-2365,-244,1788587030211801
cross_device,1,2,color,-2036,-2385,-220,1788587030245308
cross_device,1,2,color,-2036,-2406,-88,1788587030278637
cross_device,1,2,color,-2036,-2426,-247,1788587030311788
cross_device,1,2,color,-2037,-2444,-52,1788587030345301
cross_device,1,2,color,-2037,-2464,-226,1788587030378616
cross_device,1,2,color,-2037,-2484,-282,1788587030411772
cross_device,1,2,color,-2037,-2503,-186,1788587030445167
cross_device,1,2,color,-2037,-2521,-55,1788587030478634
cross_device,1,2,color,-2038,-2541,-126,1788587030511926
cross_device,1,2,color,-2037,-2558,-99,1788587030545287
cross_device,1,2,color,-2038,-2579,-222,1788587030578469
cross_device,1,2,color,-2039,-2598,-257,1788587030611938
cross_device,1,2,color,-2038,-2616,-248,1788587030645155
cross_device,1,2,color,-2038,-2635,-270,1788587030678449
cross_device,1,2,color,-2039,-2654,-285,1788587030711935
cross_device,1,2,color,-2039,-2671,-101,1788587030745291
cross_device,1,2,color,-2039,-2689,-276,1788587030778575
cross_device,1,2,color,-2039,-2709,-242,1788587030811810
cross_device,1,2,color,-2039,-2727,-255,1788587030845141
cross_device,1,2,color,-2040,-2745,-70,1788587030878625
cross_device,1,2,color,-2040,-2762,-235,1788587030911820
cross_device,1,2,color,-2040,-2780,-234,1788587030945277
cross_device,1,2,color,-2040,-2797,-65,1788587030978624
cross_device,1,2,color,-2041,-2814,-206,1788587031011808
cross_device,1,2,color,-2041,-2830,-128,1788587031045272
cross_device,1,2,color,-2041,-2848,-253,1788587031078447
cross_device,1,2,color,-2041,-2864,-217,1788587031111802
cross_device,1,2,color,-2042,-2881,-45,1788587031145310
cross_device,1,2,color,-2042,-2897,-255,1788587031178455
cross_device,1,2,color,-2042,-2914,-135,1788587031211914
cross_device,1,2,color,-2042,-2931,-228,1788587031245168
cross_device,1,2,color,-2042,-2949,-279,1788587031278670
cross_device,1,2,color,-2042,-2964,-258,1788587031311957
cross_device,1,2,color,-2043,-2982,-302,1788587031345255
cross_device,1,2,color,-2043,-2997,-232,1788587031378476
cross_device,1,2,color,-2043,-3014,-188,1788587031411822
cross_device,1,2,color,-2044,-3030,-197,1788587031445164
cross_device,1,2,color,-2044,-3045,-109,1788587031478606
cross_device,1,2,color,-2044,-3063,-256,1788587031511785
cross_device,1,2,color,-2044,-3078,-110,1788587031545286
cross_device,1,2,color,-2044,-3091,-105,1788587031578606
cross_device,1,2,color,-2045,-3109,-219,1788587031611832
cross_device,1,2,color,-2045,-3121,-98,1788587031645299
cross_device,1,2,color,-2045,-3135,-102,1788587031678621
cross_device,1,2,color,-2045,-3151,-211,1788587031711835
cross_device,1,2,color,-2045,-3166,-197,1788587031745156
cross_device,1,2,color,-2045,-3180,-244,1788587031778483
cross_device,1,2,color,-2045,-3196,-249,1788587031811792
cross_device,1,2,color,-2046,-3210,-170,1788587031845311
cross_device,1,2,color,-2046,-3225,-198,1788587031878503
cross_device,1,2,color,-2046,-3239,-245,1788587031911802
cross_device,1,2,color,-2046,-3253,-231,1788587031945155
cross_device,1,2,color,-2046,-3268,-254,1788587031978464
cross_device,1,2,color,-2046,-3283,-211,1788587032011812
cross_device,1,2,color,-2046,-3297,-195,1788587032045162
cross_device,1,2,color,-2047,-3311,-259,1788587032078451
cross_device,1,2,color,-2048,-3326,-265,1788587032111780
cross_device,1,2,color,-2048,-3340,-251,1788587032145128
cross_device,1,2,color,-2048,-3355,-222,1788587032178478
cross_device,1,2,color,-2048,-3369,-279,1788587032211768
cross_device,1,2,color,-2048,-3382,-190,1788587032245164
cross_device,1,2,color,-2049,-3394,-207,1788587032278473
cross_device,1,2,color,-2049,-3410,-250,1788587032311797
cross_device,1,2,color,-2048,-3421,-264,1788587032345114
cross_device,1,2,color,-2049,-3435,-195,1788587032378493
cross_device,1,2,color,-2049,-3449,-331,1788587032412131
cross_device,1,2,color,-2049,-3464,-285,1788587032445273
cross_device,1,2,color,-2050,-3476,-41,1788587032478642
cross_device,1,2,color,-2050,-3487,-61,1788587032511966
cross_device,1,2,color,-2049,-3499,-73,1788587032545309
cross_device,1,2,color,-2050,-3512,-87,1788587032578638
cross_device,1,2,color,-2050,-3524,-233,1788587032611822
cross_device,1,2,color,-2050,-3536,-71,1788587032645322
cross_device,1,2,color,-2050,-3547,-260,1788587032678624
cross_device,1,2,color,-2051,-3561,-218,1788587032711807
cross_device,1,2,color,-2052,-3576,-270,1788587032745119
cross_device,1,2,color,-2052,-3587,-260,1788587032778452
cross_device,1,2,color,-2051,-3596,-67,1788587032811957
cross_device,1,2,color,-2052,-3612,-274,1788587032845111
cross_device,1,2,color,-2053,-3622,-274,1788587032878443
cross_device,1,2,color,-2052,-3633,-28,1788587032912016
cross_device,1,2,color,-2053,-3645,-278,1788587032945119
cross_device,1,2,color,-2052,-3659,-241,1788587032978472
cross_device,1,2,color,-2053,-3669,-216,1788587033011804
cross_device,1,2,color,-2053,-3681,-63,1788587033045299
cross_device,1,2,color,-2053,-3690,-134,1788587033078573
cross_device,1,2,color,-2054,-3702,-136,1788587033111918
cross_device,1,2,color,-2053,-3712,-48,1788587033145533
cross_device,1,2,color,-2054,-3723,-101,1788587033178608
cross_device,1,2,color,-2054,-3733,-198,1788587033211823
cross_device,1,2,color,-2054,-3744,-165,1788587033245315
cross_device,1,2,color,-2055,-3757,-252,1788587033278467
cross_device,1,2,color,-2055,-3769,-246,1788587033311802
cross_device,1,2,color,-2055,-3778,-216,1788587033345299
cross_device,1,2,color,-2055,-3789,-190,1788587033378502
cross_device,1,2,color,-2055,-3801,-194,1788587033411840
cross_device,1,2,color,-2056,-3811,-240,1788587033445145
cross_device,1,2,color,-2056,-3821,-226,1788587033478487
cross_device,1,2,color,-2056,-3833,-238,1788587033511812
cross_device,1,2,color,-2056,-3843,-248,1788587033545155
cross_device,1,2,color,-2056,-3853,-192,1788587033578487
cross_device,1,2,color,-2056,-3863,-314,1788587033611941
cross_device,1,2,color,-2056,-3874,-274,1788587033645112
cross_device,1,2,color,-2054,-3882,-228,1788587033678471
cross_device,1,2,color,-2057,-3897,-219,1788587033711820
cross_device,1,2,color,-2057,-3907,-252,1788587033745286
cross_device,1,2,color,-2054,-3912,-238,1788587033778474
cross_device,1,2,color,-2058,-3928,-241,1788587033811773
cross_device,1,2,color,-2058,-3936,-217,1788587033845171
cross_device,1,2,color,-2052,-3941,-225,1788587033878484
cross_device,1,2,color,-2059,-3958,-225,1788587033911819
cross_device,1,2,color,-2059,-3968,-217,1788587033945150
cross_device,1,2,color,-2051,-3969,-216,1788587033978485
cross_device,1,2,color,-2059,-3985,-248,1788587034011786
cross_device,1,2,color,-2060,-3998,-235,1788587034045137
cross_device,1,2,color,-2052,-3997,-210,1788587034078473
cross_device,1,2,color,-2059,-4014,-248,1788587034111795
cross_device,1,2,color,-2062,-4025,-103,1788587034145280
cross_device,1,2,color,-2060,-4033,-204,1788587034178471
cross_device,1,2,color,-2060,-4043,-188,1788587034211821
cross_device,1,2,color,-2064,-4055,-301,1788587034245278
cross_device,1,2,color,-2061,-4059,-251,1788587034278456
cross_device,1,2,color,-2061,-4069,-211,1788587034311831
cross_device,1,2,color,-2065,-4083,-195,1788587034345164
cross_device,1,2,color,-2061,-4086,-232,1788587034378481
cross_device,1,2,color,-2061,-4096,-230,1788587034411804
cross_device,1,2,color,-2069,-4112,-230,1788587034445159
cross_device,1,2,color,-2062,-4115,-189,1788587034478505
cross_device,1,2,color,-2062,-4123,-198,1788587034511844
cross_device,1,2,color,-2069,-4137,-241,1788587034545145
cross_device,1,2,color,-2063,-4139,-50,1788587034578663
cross_device,1,2,color,-2063,-4148,-219,1788587034611831
cross_device,1,2,color,-2070,-4163,-182,1788587034645199
cross_device,1,2,color,-2063,-4163,-223,1788587034678494
cross_device,1,2,color,-2063,-4172,-217,1788587034711830
cross_device,1,2,color,-2073,-4190,-204,1788587034745182
cross_device,1,2,color,-2063,-4188,-226,1788587034778490
cross_device,1,2,color,-2064,-4195,-195,1788587034811818
cross_device,1,2,color,-2074,-4215,-199,1788587034845293
cross_device,1,2,color,-2064,-4214,-243,1788587034878467
cross_device,1,2,color,-2065,-4222,-259,1788587034911788
cross_device,1,2,color,-2073,-4238,-248,1788587034945303
cross_device,1,2,color,-2065,-4239,-225,1788587034978475
cross_device,1,2,color,-2066,-4247,-237,1788587035011805
cross_device,1,2,color,-2065,-4254,-177,1788587035045180
cross_device,1,2,color,-2066,-4261,-196,1788587035078496
cross_device,1,2,color,-2066,-4269,-254,1788587035111795
cross_device,1,2,color,-2066,-4278,-236,1788587035145148
cross_device,1,2,color,-2067,-4286,-186,1788587035178508
cross_device,1,2,color,-2066,-4290,-214,1788587035211809
cross_device,1,2,color,-2066,-4297,-244,1788587035245158
cross_device,1,2,color,-2067,-4308,-116,1788587035278584
cross_device,1,2,color,-2067,-4313,-256,1788587035311795
cross_device,1,2,color,-2067,-4322,-286,1788587035345267
cross_device,1,2,color,-2067,-4329,-220,1788587035378469
cross_device,1,2,color,-2067,-4336,-227,1788587035411796
cross_device,1,2,color,-2068,-4344,-279,1788587035445105
cross_device,1,2,color,-2068,-4350,-282,1788587035478428
cross_device,1,2,color,-2068,-4358,-235,1788587035511803
cross_device,1,2,color,-2069,-4366,-242,1788587035545130
cross_device,1,2,color,-2069,-4374,-215,1788587035578466
cross_device,1,2,color,-2069,-4379,-282,1788587035611768
cross_device,1,2,color,-2069,-4387,-272,1788587035645128
cross_device,1,2,color,-2069,-4394,-216,1788587035678468
cross_device,1,2,color,-2070,-4402,-250,1788587035711792
cross_device,1,2,color,-2070,-4409,-260,1788587035745121
cross_device,1,2,color,-2070,-4415,-224,1788587035778593
cross_device,1,2,color,-2070,-4422,-204,1788587035811814
cross_device,1,2,color,-2070,-4429,-236,1788587035845143
cross_device,1,2,color,-2071,-4436,-269,1788587035878437
cross_device,1,2,color,-2071,-4442,-143,1788587035911904
cross_device,1,2,color,-2071,-4449,-258,1788587035945127
cross_device,1,2,color,-2071,-4456,-256,1788587035978471
cross_device,1,2,color,-2071,-4461,-92,1788587036011929
cross_device,1,2,color,-2072,-4469,-209,1788587036045156
cross_device,1,2,color,-2072,-4474,-227,1788587036078490
cross_device,1,2,color,-2072,-4480,-267,1788587036111776
cross_device,1,2,color,-2072,-4488,-335,1788587036145157
cross_device,1,2,color,-2072,-4494,-250,1788587036178456
cross_device,1,2,color,-2072,-4500,-265,1788587036211774
cross_device,1,2,color,-2073,-4507,-219,1788587036245175
cross_device,1,2,color,-2073,-4513,-264,1788587036278614
cross_device,1,2,color,-2073,-4519,-233,1788587036311820
cross_device,1,2,color,-2073,-4525,-216,1788587036345165
cross_device,1,2,color,-2073,-4531,-236,1788587036378481
cross_device,1,2,color,-2074,-4538,-233,1788587036411814
cross_device,1,2,color,-2074,-4543,-215,1788587036445170
cross_device,1,2,color,-2075,-4552,-236,1788587036478492
cross_device,1,2,color,-2074,-4556,-204,1788587036511821
cross_device,1,2,color,-2075,-4561,-233,1788587036545157
cross_device,1,2,color,-2074,-4565,-78,1788587036578634
cross_device,1,2,color,-2075,-4572,-229,1788587036611817
cross_device,1,2,color,-2075,-4577,-97,1788587036645300
cross_device,1,2,color,-2076,-4582,-95,1788587036678814
cross_device,1,2,color,-2076,-4587,-263,1788587036711931
cross_device,1,2,color,-2076,-4591,-221,1788587036745153
cross_device,1,2,color,-2076,-4598,-114,1788587036778600
cross_device,1,2,color,-2076,-4604,-259,1788587036811909
cross_device,1,2,color,-2076,-4608,-236,1788587036845154
cross_device,1,2,color,-2077,-4613,-93,1788587036878619
cross_device,1,2,color,-2076,-4618,-204,1788587036911820
cross_device,1,2,color,-2077,-4624,-199,1788587036945157
cross_device,1,2,color,-2077,-4628,-259,1788587036978454
cross_device,1,2,color,-2078,-4636,-273,1788587037011772
cross_device,1,2,color,-2077,-4639,-240,1788587037045289
cross_device,1,2,color,-2078,-4643,-201,1788587037078643
cross_device,1,2,color,-2078,-4647,-113,1788587037111926
cross_device,1,2,color,-2078,-4654,-118,1788587037145287
cross_device,1,2,color,-2079,-4657,-85,1788587037178613
cross_device,1,2,color,-2079,-4663,-222,1788587037211822
cross_device,1,2,color,-2078,-4667,-261,1788587037245128
cross_device,1,2,color,-2079,-4669,-65,1788587037278631
cross_device,1,2,color,-2079,-4676,-225,1788587037311816
cross_device,1,2,color,-2080,-4681,-100,1788587037345278
cross_device,1,2,color,-2080,-4684,-109,1788587037378606
cross_device,1,2,color,-2080,-4689,-199,1788587037411814
cross_device,1,2,color,-2080,-4692,-254,1788587037445143
cross_device,1,2,color,-2080,-4698,-245,1788587037478460
cross_device,1,2,color,-2080,-4702,-242,1788587037511806
cross_device,1,2,color,-2081,-4707,-230,1788587037545161
cross_device,1,2,color,-2080,-4712,-222,1788587037578486
cross_device,1,2,color,-2081,-4716,-202,1788587037611820
cross_device,1,2,color,-2081,-4720,-190,1788587037645163
cross_device,1,2,color,-2081,-4725,-269,1788587037678453
cross_device,1,2,color,-2082,-4731,-237,1788587037711815
cross_device,1,2,color,-2082,-4735,-236,1788587037745153
cross_device,1,2,color,-2082,-4739,-272,1788587037778633
cross_device,1,2,color,-2082,-4743,-209,1788587037811812
cross_device,1,2,color,-2082,-4748,-246,1788587037845131
cross_device,1,2,color,-2083,-4755,-264,1788587037878458
cross_device,1,2,color,-2083,-4759,-219,1788587037911806
cross_device,1,2,color,-2083,-4761,-226,1788587037945171
cross_device,1,2,color,-2084,-4768,-272,1788587037978450
cross_device,1,2,color,-2084,-4771,-241,1788587038011801
cross_device,1,2,color,-2084,-4775,-227,1788587038045173
cross_device,1,2,color,-2084,-4780,-219,1788587038078481
cross_device,1,2,color,-2084,-4784,-217,1788587038111825
cross_device,1,2,color,-2084,-4788,-244,1788587038145138
cross_device,1,2,color,-2084,-4793,-257,1788587038178611
cross_device,1,2,color,-2085,-4797,-202,1788587038211810
cross_device,1,2,color,-2084,-4801,-238,1788587038245294
cross_device,1,2,color,-2085,-4807,-216,1788587038278488
cross_device,1,2,color,-2085,-4809,-246,1788587038311795
cross_device,1,2,color,-2086,-4815,-339,1788587038345140
cross_device,1,2,color,-2086,-4820,-272,1788587038378448
cross_device,1,2,color,-2086,-4824,-398,1788587038411789
cross_device,1,2,color,-2086,-4828,-242,1788587038445161
cross_device,1,2,color,-2086,-4832,-228,1788587038478476
cross_device,1,2,color,-2086,-4834,-193,1788587038511832
cross_device,1,2,color,-2086,-4841,-382,1788587038545149
cross_device,1,2,color,-2087,-4845,-273,1788587038578448
cross_device,1,2,color,-2087,-4849,-372,1788587038611807
cross_device,1,2,color,-2087,-4852,-217,1788587038645152
cross_device,1,2,color,-2087,-4857,-325,1788587038678482
cross_device,1,2,color,-2087,-4860,-268,1788587038711781
cross_device,1,2,color,-2088,-4864,-251,1788587038745128
cross_device,1,2,color,-2088,-4868,-251,1788587038778481
cross_device,1,2,color,-2088,-4873,-365,1788587038811803
cross_device,1,2,color,-2089,-4878,-239,1788587038845163
cross_device,1,2,color,-2088,-4881,-240,1788587038878474
cross_device,1,2,color,-2089,-4884,-235,1788587038911813
cross_device,1,2,color,-2089,-4887,-218,1788587038945140
cross_device,1,2,color,-2089,-4892,-215,1788587038978477
cross_device,1,2,color,-2089,-4896,-263,1788587039011784
cross_device,1,2,color,-2090,-4900,-259,1788587039045140
cross_device,1,2,color,-2090,-4903,-175,1788587039078495
cross_device,1,2,color,-2091,-4907,-236,1788587039111817
cross_device,1,2,color,-2090,-4909,-255,1788587039145139
cross_device,1,2,color,-2091,-4914,-227,1788587039178492
cross_device,1,2,color,-2090,-4917,-237,1788587039211811
cross_device,1,2,color,-2091,-4919,-211,1788587039245171
cross_device,1,2,color,-2091,-4923,-226,1788587039278461
cross_device,1,2,color,-2091,-4925,-220,1788587039311797
cross_device,1,2,color,-2091,-4931,-412,1788587039345136
cross_device,1,2,color,-2092,-4936,-252,1788587039378453
cross_device,1,2,color,-2092,-4938,-254,1788587039411777
cross_device,1,2,color,-2092,-4941,-196,1788587039445162
cross_device,1,2,color,-2093,-4946,-81,1788587039478611
cross_device,1,2,color,-2092,-4946,-216,1788587039511827
cross_device,1,2,color,-2092,-4949,-245,1788587039545136
cross_device,1,2,color,-2093,-4952,-196,1788587039578480
cross_device,1,2,color,-2094,-4958,-216,1788587039611815
cross_device,1,2,color,-2094,-4959,-264,1788587039645118
cross_device,1,2,color,-2094,-4962,-260,1788587039678447
cross_device,1,2,color,-2093,-4965,-216,1788587039711808
cross_device,1,2,color,-2094,-4968,-188,1788587039745166
cross_device,1,2,color,-2094,-4971,-247,1788587039778474
cross_device,1,2,color,-2094,-4975,-231,1788587039811814
cross_device,1,2,color,-2094,-4977,-226,1788587039845148
cross_device,1,2,color,-2095,-4979,-203,1788587039878495
cross_device,1,2,color,-2095,-4985,-433,1788587039911814
cross_device,1,2,color,-2095,-4987,-224,1788587039945159
cross_device,1,2,color,-2095,-4989,-75,1788587039978612
cross_device,1,2,color,-2095,-4992,-210,1788587040011806
cross_device,1,2,color,-2095,-4996,-267,1788587040045117
cross_device,1,2,color,-2096,-4998,-254,1788587040078450
cross_device,1,2,color,-2096,-5002,-208,1788587040111817
cross_device,1,2,color,-2097,-5004,-246,1788587040145137
cross_device,1,2,color,-2096,-5006,-259,1788587040178462
cross_device,1,2,color,-2097,-5009,-215,1788587040211808
cross_device,1,2,color,-2097,-5010,-78,1788587040245284
cross_device,1,2,color,-2097,-5015,-265,1788587040278462
cross_device,1,2,color,-2098,-5018,-260,1788587040311787
cross_device,1,2,color,-2097,-5020,-257,1788587040345127
cross_device,1,2,color,-2098,-5023,-249,1788587040378474
cross_device,1,2,color,-2098,-5027,-333,1788587040411810
cross_device,1,2,color,-2098,-5028,-207,1788587040445172
cross_device,1,2,color,-2099,-5031,-276,1788587040478436
cross_device,1,2,color,-2099,-5036,-439,1788587040511749
cross_device,1,2,color,-2098,-5038,-70,1788587040545292
cross_device,1,2,color,-2099,-5039,-217,1788587040578469
cross_device,1,2,color,-2100,-5043,-278,1788587040611760
cross_device,1,2,color,-2100,-5046,-264,1788587040645113
cross_device,1,2,color,-2100,-5049,-246,1788587040678462
cross_device,1,2,color,-2099,-5047,-114,1788587040711934
cross_device,1,2,color,-2101,-5053,-168,1788587040745229
cross_device,1,2,color,-2100,-5054,-81,1788587040778603
cross_device,1,2,color,-2100,-5054,-93,1788587040811946
cross_device,1,2,color,-2101,-5059,-257,1788587040845124
cross_device,1,2,color,-2101,-5062,-246,1788587040878461
cross_device,1,2,color,-2102,-5063,-230,1788587040911789
cross_device,1,2,color,-2101,-5065,-241,1788587040945114
cross_device,1,2,color,-2102,-5067,-124,1788587040978585
cross_device,1,2,color,-2101,-5067,48,1788587041012076
cross_device,1,2,color,-2102,-5069,-199,1788587041045151
cross_device,1,2,color,-2102,-5072,-262,1788587041078458
cross_device,1,2,color,-2102,-5075,-296,1788587041111757
cross_device,1,2,color,-2103,-5077,-112,1788587041145263
cross_device,1,2,color,-2103,-5079,-219,1788587041178454
cross_device,1,2,color,-2103,-5081,-284,1788587041211762
cross_device,1,2,color,-2103,-5083,-132,1788587041245250
cross_device,1,2,color,-2104,-5085,-257,1788587041278453
cross_device,1,2,color,-2104,-5087,-273,1788587041311778
cross_device,1,2,color,-2103,-5089,-206,1788587041345274
cross_device,1,2,color,-2104,-5091,-89,1788587041378625
cross_device,1,2,color,-2104,-5093,-129,1788587041411912
cross_device,1,2,color,-2104,-5094,-94,1788587041445259
cross_device,1,2,color,-2104,-5097,-186,1788587041478487
cross_device,1,2,color,-2104,-5099,-282,1788587041511907
cross_device,1,2,color,-2105,-5100,-107,1788587041545274
cross_device,1,2,color,-2105,-5100,-110,1788587041578590
cross_device,1,2,color,-2105,-5102,-98,1788587041611941
cross_device,1,2,color,-2106,-5103,-76,1788587041645310
cross_device,1,2,color,-2106,-5105,-195,1788587041678477
cross_device,1,2,color,-2106,-5106,-242,1788587041711767
cross_device,1,2,color,-2106,-5108,-104,1788587041745269
cross_device,1,2,color,-2106,-5111,-314,1788587041778410
cross_device,1,2,color,-2106,-5113,-238,1788587041811777
cross_device,1,2,color,-2106,-5115,-107,1788587041845262
cross_device,1,2,color,-2107,-5118,-277,1788587041878442
cross_device,1,2,color,-2107,-5119,-266,1788587041911776
cross_device,1,2,color,-2107,-5121,-268,1788587041945096
cross_device,1,2,color,-2108,-5124,-216,1788587041978454
cross_device,1,2,color,-2108,-5126,-267,1788587042011777
cross_device,1,2,color,-2107,-5129,-277,1788587042045122
cross_device,1,2,color,-2108,-5131,-237,1788587042078464
cross_device,1,2,color,-2109,-5134,-250,1788587042111784
cross_device,1,2,color,-2108,-5134,-247,1788587042145114
cross_device,1,2,color,-2109,-5136,-111,1788587042178592
cross_device,1,2,color,-2109,-5137,-114,1788587042211935
cross_device,1,2,color,-2109,-5138,-46,1788587042245317
cross_device,1,2,color,-2110,-5139,-123,1788587042278582
cross_device,1,2,color,-2109,-5140,-269,1788587042311780
cross_device,1,2,color,-2110,-5143,-236,1788587042345126
cross_device,1,2,color,-2110,-5145,-100,1788587042378612
cross_device,1,2,color,-2110,-5145,-122,1788587042411934
cross_device,1,2,color,-2111,-5148,-127,1788587042445268
cross_device,1,2,color,-2110,-5148,-92,1788587042478599
cross_device,1,2,color,-2111,-5149,-285,1788587042511768
cross_device,1,2,color,-2110,-5150,-283,1788587042545102
cross_device,1,2,color,-2111,-5154,-77,1788587042578609
cross_device,1,2,color,-2111,-5153,-63,1788587042611960
multi_device,0,0,depth_all,2056,487,0,0
multi_device,0,0,depth_all,2057,315,0,0
multi_device,0,0,depth_all,2058,315,0,0
multi_device,0,0,depth_all,2057,317,0,0
multi_device,0,0,depth_all,2057,317,0,0
multi_device,0,0,depth_all,2058,317,0,0
multi_device,0,0,depth_all,2059,316,0,0
multi_device,0,0,depth_all,2058,319,0,0
multi_device,0,0,depth_all,2059,319,0,0
multi_device,0,0,depth_all,2059,320,0,0
multi_device,0,0,depth_all,2060,318,0,0
multi_device,0,0,depth_all,2060,321,0,0
multi_device,0,0,depth_all,2061,320,0,0
multi_device,0,0,depth_all,2060,320,0,0
multi_device,0,0,depth_all,2061,321,0,0
multi_device,0,0,depth_all,2061,320,0,0
multi_device,0,0,depth_all,2062,320,0,0
multi_device,0,0,depth_all,2062,321,0,0
multi_device,0,0,depth_all,2062,321,0,0
multi_device,0,0,depth_all,2062,322,0,0
multi_device,0,0,depth_all,2062,321,0,0
multi_device,0,0,depth_all,2063,323,0,0
multi_device,0,0,depth_all,2063,323,0,0
multi_device,0,0,depth_all,2063,325,0,0
multi_device,0,0,depth_all,2064,323,0,0
multi_device,0,0,depth_all,2063,325,0,0
multi_device,0,0,depth_all,2064,324,0,0
multi_device,0,0,depth_all,2064,325,0,0
multi_device,0,0,depth_all,2065,325,0,0
multi_device,0,0,depth_all,2065,325,0,0
multi_device,0,0,depth_all,2065,325,0,0
multi_device,0,0,depth_all,2065,357,0,0
multi_device,0,0,depth_all,2066,359,0,0
multi_device,0,0,depth_all,2066,362,0,0
multi_device,0,0,depth_all,2066,364,0,0
multi_device,0,0,depth_all,2067,368,0,0
multi_device,0,0,depth_all,2067,371,0,0
multi_device,0,0,depth_all,2068,374,0,0
multi_device,0,0,depth_all,2067,376,0,0
multi_device,0,0,depth_all,2067,377,0,0
multi_device,0,0,depth_all,2068,381,0,0
multi_device,0,0,depth_all,2068,382,0,0
multi_device,0,0,depth_all,2069,387,0,0
multi_device,0,0,depth_all,2069,390,0,0
multi_device,0,0,depth_all,2070,392,0,0
multi_device,0,0,depth_all,2069,394,0,0
multi_device,0,0,depth_all,2070,397,0,0
multi_device,0,0,depth_all,2071,401,0,0
multi_device,0,0,depth_all,2070,401,0,0
multi_device,0,0,depth_all,2071,404,0,0
multi_device,0,0,depth_all,2071,407,0,0
multi_device,0,0,depth_all,2072,410,0,0
multi_device,0,0,depth_all,2071,412,0,0
multi_device,0,0,depth_all,2072,414,0,0
multi_device,0,0,depth_all,2072,418,0,0
multi_device,0,0,depth_all,2072,420,0,0
multi_device,0,0,depth_all,2073,422,0,0
multi_device,0,0,depth_all,2073,425,0,0
multi_device,0,0,depth_all,2073,429,0,0
multi_device,0,0,depth_all,2074,430,0,0
multi_device,0,0,depth_all,2074,434,0,0
multi_device,0,0,depth_all,2074,979,0,0
multi_device,0,0,depth_all,2074,981,0,0
multi_device,0,0,depth_all,2075,982,0,0
multi_device,0,0,depth_all,2075,983,0,0
multi_device,0,0,depth_all,2075,985,0,0
multi_device,0,0,depth_all,2074,985,0,0
multi_device,0,0,depth_all,2076,988,0,0
multi_device,0,0,depth_all,2076,991,0,0
multi_device,0,0,depth_all,2076,989,0,0
multi_device,0,0,depth_all,2077,993,0,0
multi_device,0,0,depth_all,2077,994,0,0
multi_device,0,0,depth_all,2076,995,0,0
multi_device,0,0,depth_all,2078,997,0,0
multi_device,0,0,depth_all,2078,997,0,0
multi_device,0,0,depth_all,2071,992,0,0
multi_device,0,0,depth_all,2079,1003,0,0
multi_device,0,0,depth_all,2079,1004,0,0
multi_device,0,0,depth_all,2071,998,0,0
multi_device,0,0,depth_all,2079,1004,0,0
multi_device,0,0,depth_all,2079,1008,0,0
multi_device,0,0,depth_all,2080,1009,0,0
multi_device,0,0,depth_all,2081,1010,0,0
multi_device,0,0,depth_all,2080,1012,0,0
multi_device,0,0,depth_all,2073,1005,0,0
multi_device,0,0,depth_all,2081,1014,0,0
multi_device,0,0,depth_all,2082,1016,0,0
multi_device,0,0,depth_all,2082,1018,0,0
multi_device,0,0,depth_all,2082,1019,0,0
multi_device,0,0,depth_all,2082,1020,0,0
multi_device,0,0,depth_all,2082,1023,0,0
multi_device,0,0,depth_all,2083,425,0,0
multi_device,0,0,depth_all,2083,426,0,0
multi_device,0,0,depth_all,2084,425,0,0
multi_device,0,0,depth_all,2084,426,0,0
multi_device,0,0,depth_all,2084,426,0,0
multi_device,0,0,depth_all,2084,427,0,0
multi_device,0,0,depth_all,2084,428,0,0
multi_device,0,0,depth_all,2085,428,0,0
multi_device,0,0,depth_all,2085,428,0,0
multi_device,0,0,depth_all,2085,431,0,0
multi_device,0,0,depth_all,2086,296,0,0
multi_device,0,0,depth_all,2086,296,0,0
multi_device,0,0,depth_all,2086,298,0,0
multi_device,0,0,depth_all,2086,297,0,0
multi_device,0,0,depth_all,2087,299,0,0
multi_device,0,0,depth_all,2087,300,0,0
multi_device,0,0,depth_all,2088,302,0,0
multi_device,0,0,depth_all,2088,302,0,0
multi_device,0,0,depth_all,2088,303,0,0
multi_device,0,0,depth_all,2088,302,0,0
multi_device,0,0,depth_all,2088,304,0,0
multi_device,0,0,depth_all,2089,304,0,0
multi_device,0,0,depth_all,2089,306,0,0
multi_device,0,0,depth_all,2090,306,0,0
multi_device,0,0,depth_all,2089,306,0,0
multi_device,0,0,depth_all,2091,308,0,0
multi_device,0,0,depth_all,2090,308,0,0
multi_device,0,0,depth_all,2091,310,0,0
multi_device,0,0,depth_all,2091,310,0,0
multi_device,0,0,depth_all,2091,311,0,0
multi_device,0,0,depth_all,2091,472,0,0
multi_device,0,0,depth_all,2092,471,0,0
multi_device,0,0,depth_all,2092,472,0,0
multi_device,0,0,depth_all,2093,471,0,0
multi_device,0,0,depth_all,2093,470,0,0
multi_device,0,0,depth_all,2093,470,0,0
multi_device,0,0,depth_all,2093,472,0,0
multi_device,0,0,depth_all,2094,471,0,0
multi_device,0,0,depth_all,2094,472,0,0
multi_device,0,0,depth_all,2094,471,0,0
multi_device,0,0,depth_all,2095,293,0,0
multi_device,0,0,depth_all,2095,294,0,0
multi_device,0,0,depth_all,2095,294,0,0
multi_device,0,0,depth_all,2095,294,0,0
multi_device,0,0,depth_all,2095,295,0,0
multi_device,0,0,depth_all,2096,295,0,0
multi_device,0,0,depth_all,2097,294,0,0
multi_device,0,0,depth_all,2097,295,0,0
multi_device,0,0,depth_all,2097,294,0,0
multi_device,0,0,depth_all,2097,296,0,0
multi_device,0,0,depth_all,2098,296,0,0
multi_device,0,0,depth_all,2098,297,0,0
multi_device,0,0,depth_all,2097,297,0,0
multi_device,0,0,depth_all,2098,295,0,0
multi_device,0,0,depth_all,2099,296,0,0
multi_device,0,0,depth_all,2098,296,0,0
multi_device,0,0,depth_all,2099,298,0,0
multi_device,0,0,depth_all,2100,296,0,0
multi_device,0,0,depth_all,2100,298,0,0
multi_device,0,0,depth_all,2100,298,0,0
multi_device,0,0,depth_all,2100,560,0,0
multi_device,0,0,depth_all,2100,560,0,0
multi_device,0,0,depth_all,2100,560,0,0
multi_device,0,0,depth_all,2101,558,0,0
multi_device,0,0,depth_all,2101,560,0,0
multi_device,0,0,depth_all,2102,559,0,0
multi_device,0,0,depth_all,2102,559,0,0
multi_device,0,0,depth_all,2102,559,0,0
multi_device,0,0,depth_all,2102,559,0,0
multi_device,0,0,depth_all,2102,558,0,0
multi_device,0,0,depth_all,2103,559,0,0
multi_device,0,0,depth_all,2104,559,0,0
multi_device,0,0,depth_all,2104,559,0,0
multi_device,0,0,depth_all,2104,556,0,0
multi_device,0,0,depth_all,2104,557,0,0
multi_device,0,0,depth_all,2104,556,0,0
multi_device,0,0,depth_all,2105,556,0,0
multi_device,0,0,depth_all,2105,557,0,0
multi_device,0,0,depth_all,2105,557,0,0
multi_device,0,0,depth_all,2105,557,0,0
multi_device,0,0,depth_all,2106,555,0,0
multi_device,0,0,depth_all,2106,556,0,0
multi_device,0,0,depth_all,2106,555,0,0
multi_device,0,0,depth_all,2106,554,0,0
multi_device,0,0,depth_all,2107,554,0,0
multi_device,0,0,depth_all,2107,555,0,0
multi_device,0,0,depth_all,2108,555,0,0
multi_device,0,0,depth_all,2107,555,0,0
multi_device,0,0,depth_all,2108,555,0,0
multi_device,0,0,depth_all,2108,554,0,0
multi_device,0,0,depth_all,2109,554,0,0
multi_device,0,0,depth_all,2109,553,0,0
multi_device,0,0,depth_all,2110,552,0,0
multi_device,0,0,depth_all,2110,553,0,0
multi_device,0,0,depth_all,2110,552,0,0
multi_device,0,0,depth_all,2110,600,0,0
multi_device,0,0,depth_all,2111,746,0,0
multi_device,0,0,depth_all,2111,892,0,0
multi_device,0,0,depth_all,2111,1036,0,0
multi_device,0,0,depth_all,2111,1180,0,0
multi_device,0,0,depth_all,2112,1322,0,0
multi_device,0,0,depth_all,2112,1464,0,0
multi_device,0,0,depth_all,2112,1604,0,0
multi_device,0,0,depth_all,2113,1742,0,0
multi_device,0,0,depth_all,2112,1882,0,0
multi_device,0,0,depth_all,2113,2018,0,0
multi_device,0,0,depth_all,2113,2156,0,0
multi_device,0,0,depth_all,2113,2290,0,0
multi_device,0,0,depth_all,2114,2423,0,0
multi_device,0,0,depth_all,2114,2558,0,0
multi_device,0,0,depth_all,2115,2691,0,0
multi_device,0,0,depth_all,2115,2823,0,0
multi_device,0,0,depth_all,2115,2955,0,0
multi_device,0,0,depth_all,2115,3088,0,0
multi_device,0,0,depth_all,2116,3217,0,0
multi_device,0,0,depth_all,2116,3346,0,0
multi_device,0,0,depth_all,2116,3475,0,0
multi_device,0,0,depth_all,2116,3602,0,0
multi_device,0,0,depth_all,2117,3729,0,0
multi_device,0,0,depth_all,2117,3855,0,0
multi_device,0,0,depth_all,2117,3980,0,0
multi_device,0,0,depth_all,2118,4102,0,0
multi_device,0,0,depth_all,2118,4226,0,0
multi_device,0,0,depth_all,2118,4349,0,0
multi_device,0,0,depth_all,2118,4471,0,0
multi_device,0,0,depth_all,2119,4590,0,0
multi_device,0,0,depth_all,2119,4712,0,0
multi_device,0,0,depth_all,2120,4830,0,0
multi_device,0,0,depth_all,2119,4949,0,0
multi_device,0,0,depth_all,2120,5067,0,0
multi_device,0,0,depth_all,2120,5183,0,0
multi_device,0,0,depth_all,2120,5299,0,0
multi_device,0,0,depth_all,2121,5414,0,0
multi_device,0,0,depth_all,2121,5529,0,0
multi_device,0,0,depth_all,2121,5640,0,0
multi_device,0,0,depth_all,2121,5754,0,0
multi_device,0,0,depth_all,2122,5867,0,0
multi_device,0,0,depth_all,2122,5978,0,0
multi_device,0,0,depth_all,2122,6088,0,0
multi_device,0,0,depth_all,2123,6197,0,0
multi_device,0,0,depth_all,2123,6307,0,0
multi_device,0,0,depth_all,2124,6278,0,0
multi_device,0,0,depth_all,2124,6249,0,0
multi_device,0,0,depth_all,2124,6223,0,0
multi_device,0,0,depth_all,2124,6194,0,0
multi_device,0,0,depth_all,2124,6298,0,0
multi_device,0,0,depth_all,2125,6402,0,0
multi_device,0,0,depth_all,2125,6510,0,0
multi_device,0,0,depth_all,2125,6613,0,0
multi_device,0,0,depth_all,2125,6719,0,0
multi_device,0,0,depth_all,2126,6819,0,0
multi_device,0,0,depth_all,2126,6919,0,0
multi_device,0,0,depth_all,2127,7021,0,0
multi_device,0,0,depth_all,2127,7122,0,0
multi_device,0,0,depth_all,2127,7222,0,0
multi_device,0,0,depth_all,2127,7321,0,0
multi_device,0,0,depth_all,2128,7418,0,0
multi_device,0,0,depth_all,2128,7516,0,0
multi_device,0,0,depth_all,2128,7612,0,0
multi_device,0,0,depth_all,2128,7710,0,0
multi_device,0,0,depth_all,2128,7807,0,0
multi_device,0,0,depth_all,2129,7902,0,0
multi_device,0,0,depth_all,2129,7995,0,0
multi_device,0,0,depth_all,2129,8091,0,0
multi_device,0,0,depth_all,2130,8183,0,0
multi_device,0,0,depth_all,2130,8275,0,0
multi_device,0,0,depth_all,2130,8367,0,0
multi_device,0,0,depth_all,2131,8460,0,0
multi_device,0,0,depth_all,2131,8550,0,0
multi_device,0,0,depth_all,2131,8638,0,0
multi_device,0,0,depth_all,2131,8727,0,0
multi_device,0,0,depth_all,2132,8818,0,0
multi_device,0,0,depth_all,2132,8906,0,0
multi_device,0,0,depth_all,2132,8995,0,0
multi_device,0,0,depth_all,2133,9083,0,0
multi_device,0,0,depth_all,2133,9170,0,0
multi_device,0,0,depth_all,2133,9256,0,0
multi_device,0,0,depth_all,2134,9341,0,0
multi_device,0,0,depth_all,2134,9424,0,0
multi_device,0,0,depth_all,2134,9509,0,0
multi_device,0,0,depth_all,2134,9594,0,0
multi_device,0,0,depth_all,2134,9676,0,0
multi_device,0,0,depth_all,2135,9759,0,0
multi_device,0,0,depth_all,2135,9840,0,0
multi_device,0,0,depth_all,2135,9924,0,0
multi_device,0,0,depth_all,2136,10003,0,0
multi_device,0,0,depth_all,2136,10084,0,0
multi_device,0,0,depth_all,2136,10166,0,0
multi_device,0,0,depth_all,2137,10244,0,0
multi_device,0,0,depth_all,2137,10322,0,0
multi_device,0,0,depth_all,2137,10401,0,0
multi_device,0,0,depth_all,2137,10324,0,0
multi_device,0,0,depth_all,2138,10251,0,0
multi_device,0,0,depth_all,2138,10178,0,0
multi_device,0,0,depth_all,2138,10103,0,0
multi_device,0,0,depth_all,2138,10030,0,0
multi_device,0,0,depth_all,2139,9956,0,0
multi_device,0,0,depth_all,2140,9884,0,0
multi_device,0,0,depth_all,2140,9814,0,0
multi_device,0,0,depth_all,2140,9740,0,0
multi_device,0,0,depth_all,2140,9670,0,0
multi_device,0,0,depth_all,2140,9599,0,0
multi_device,0,0,depth_all,2141,9529,0,0
multi_device,0,0,depth_all,2141,9459,0,0
multi_device,0,0,depth_all,2142,9390,0,0
multi_device,0,0,depth_all,2141,9322,0,0
multi_device,0,0,depth_all,2142,9254,0,0
multi_device,0,0,depth_all,2142,9186,0,0
multi_device,0,0,depth_all,2142,9120,0,0
multi_device,0,0,depth_all,2143,9051,0,0
multi_device,0,0,depth_all,2143,8987,0,0
multi_device,0,0,depth_all,2143,8921,0,0
multi_device,0,0,depth_all,2143,8854,0,0
multi_device,0,0,depth_all,2143,8792,0,0
multi_device,0,0,depth_all,2144,8727,0,0
multi_device,0,0,depth_all,2145,8662,0,0
multi_device,0,0,depth_all,2145,8599,0,0
multi_device,0,0,depth_all,2145,8537,0,0
multi_device,0,0,depth_all,2145,8474,0,0
multi_device,0,0,depth_all,2145,8411,0,0
multi_device,0,0,depth_all,2146,8351,0,0
multi_device,0,0,depth_all,2146,8287,0,0
multi_device,0,0,depth_all,2147,8225,0,0
multi_device,0,0,depth_all,2147,8165,0,0
multi_device,0,0,depth_all,2147,8105,0,0
multi_device,0,0,depth_all,2147,8046,0,0
multi_device,0,0,depth_all,2147,7986,0,0
multi_device,0,0,depth_all,2148,7929,0,0
multi_device,0,0,depth_all,2148,7869,0,0
multi_device,0,0,depth_all,2148,7809,0,0
multi_device,0,0,depth_all,2149,7750,0,0
multi_device,0,0,depth_all,2149,7695,0,0
multi_device,0,0,depth_all,2149,7636,0,0
multi_device,0,0,depth_all,2149,7580,0,0
multi_device,0,0,depth_all,2150,7522,0,0
multi_device,0,0,depth_all,2150,7465,0,0
multi_device,0,0,depth_all,2150,7408,0,0
multi_device,0,0,depth_all,2150,7353,0,0
multi_device,0,0,depth_all,2151,7299,0,0
multi_device,0,0,depth_all,2151,7245,0,0
multi_device,0,0,depth_all,2152,7191,0,0
multi_device,0,0,depth_all,2152,7137,0,0
multi_device,0,0,depth_all,2152,7084,0,0
multi_device,0,0,depth_all,2153,7029,0,0
multi_device,0,0,depth_all,2153,6977,0,0
multi_device,0,0,depth_all,2153,6923,0,0
multi_device,0,0,depth_all,2153,6870,0,0
multi_device,0,0,depth_all,2153,6820,0,0
multi_device,0,0,depth_all,2154,6768,0,0
multi_device,0,0,depth_all,2154,6718,0,0
multi_device,0,0,depth_all,2154,6666,0,0
multi_device,0,0,depth_all,2155,6617,0,0
multi_device,0,0,depth_all,2154,6567,0,0
multi_device,0,0,depth_all,2155,6516,0,0
multi_device,0,0,depth_all,2155,6466,0,0
multi_device,0,0,depth_all,2155,6416,0,0
multi_device,0,0,depth_all,2156,6368,0,0
multi_device,0,0,depth_all,2156,6320,0,0
multi_device,0,0,depth_all,2157,6270,0,0
multi_device,0,0,depth_all,2157,6223,0,0
multi_device,0,0,depth_all,2157,6175,0,0
multi_device,0,0,depth_all,2158,6127,0,0
multi_device,0,0,depth_all,2158,6082,0,0
multi_device,0,0,depth_all,2158,6035,0,0
multi_device,0,0,depth_all,2158,5989,0,0
multi_device,0,0,depth_all,2159,5942,0,0
multi_device,0,0,depth_all,2158,5898,0,0
multi_device,0,0,depth_all,2159,5853,0,0
multi_device,0,0,depth_all,2159,5809,0,0
multi_device,0,0,depth_all,2159,5766,0,0
multi_device,0,0,depth_all,2160,5719,0,0
multi_device,0,0,depth_all,2160,5674,0,0
multi_device,0,0,depth_all,2161,5631,0,0
multi_device,0,0,depth_all,2161,5589,0,0
multi_device,0,0,depth_all,2161,5546,0,0
multi_device,0,0,depth_all,2161,5505,0,0
multi_device,0,0,depth_all,2162,5462,0,0
multi_device,0,0,depth_all,2162,5419,0,0
multi_device,0,0,depth_all,2163,5375,0,0
multi_device,0,0,depth_all,2162,5333,0,0
multi_device,0,0,depth_all,2163,5292,0,0
multi_device,0,0,depth_all,2163,5251,0,0
multi_device,0,0,depth_all,2163,5210,0,0
multi_device,0,0,depth_all,2164,5170,0,0
multi_device,0,0,depth_all,2164,5129,0,0
multi_device,0,0,depth_all,2164,5089,0,0
multi_device,0,0,depth_all,2165,5048,0,0
multi_device,0,0,depth_all,2164,5008,0,0
multi_device,0,0,depth_all,2165,4966,0,0
multi_device,0,0,depth_all,2165,4928,0,0
multi_device,0,0,depth_all,2166,4889,0,0
multi_device,0,0,depth_all,2166,4850,0,0
multi_device,0,0,depth_all,2166,4811,0,0
multi_device,0,0,depth_all,2167,4773,0,0
multi_device,0,0,depth_all,2167,4735,0,0
multi_device,0,0,depth_all,2167,4698,0,0
multi_device,0,0,depth_all,2168,4659,0,0
multi_device,0,0,depth_all,2167,4624,0,0
multi_device,0,0,depth_all,2168,4587,0,0
multi_device,0,0,depth_all,2168,4553,0,0
multi_device,0,0,depth_all,2168,4515,0,0
multi_device,0,0,depth_all,2168,4479,0,0
multi_device,0,0,depth_all,2169,4442,0,0
multi_device,0,0,depth_all,2169,4406,0,0
multi_device,0,0,depth_all,2169,4371,0,0
multi_device,0,0,depth_all,2170,4333,0,0
multi_device,0,0,depth_all,2170,4302,0,0
multi_device,0,0,depth_all,2170,4265,0,0
multi_device,0,0,depth_all,2171,4231,0,0
multi_device,0,0,depth_all,2170,4196,0,0
multi_device,0,0,depth_all,2171,4164,0,0
multi_device,0,0,depth_all,2171,4132,0,0
multi_device,0,0,depth_all,2172,4096,0,0
multi_device,0,0,depth_all,2172,4062,0,0
multi_device,0,0,depth_all,2172,4030,0,0
multi_device,0,0,depth_all,2173,3998,0,0
multi_device,0,0,depth_all,2173,3966,0,0
multi_device,0,0,depth_all,2173,3933,0,0
multi_device,0,0,depth_all,2173,3899,0,0
multi_device,0,0,depth_all,2174,3867,0,0
multi_device,0,0,depth_all,2174,3836,0,0
multi_device,0,0,depth_all,2175,3804,0,0
multi_device,0,0,depth_all,2174,3772,0,0
multi_device,0,0,depth_all,2175,3742,0,0
multi_device,0,0,depth_all,2175,3710,0,0
multi_device,0,0,depth_all,2176,3679,0,0
multi_device,0,0,depth_all,2176,3648,0,0
multi_device,0,0,depth_all,2176,3619,0,0
multi_device,0,0,depth_all,2177,3588,0,0
multi_device,0,0,depth_all,2177,3559,0,0
multi_device,0,0,depth_all,2177,3528,0,0
multi_device,0,0,depth_all,2177,3500,0,0
multi_device,0,0,depth_all,2177,3468,0,0
multi_device,0,0,depth_all,2178,3442,0,0
multi_device,0,0,depth_all,2178,3411,0,0
multi_device,0,0,depth_all,2178,3386,0,0
multi_device,0,0,depth_all,2179,3355,0,0
multi_device,0,0,depth_all,2179,3327,0,0
multi_device,0,0,depth_all,2180,3299,0,0
multi_device,0,0,depth_all,2179,3270,0,0
multi_device,0,0,depth_all,2180,3241,0,0
multi_device,0,0,depth_all,2180,3213,0,0
multi_device,0,0,depth_all,2181,3184,0,0
multi_device,0,0,depth_all,2181,3159,0,0
multi_device,0,0,depth_all,2181,3130,0,0
multi_device,0,0,depth_all,2181,3103,0,0
multi_device,0,0,depth_all,2182,3075,0,0
multi_device,0,0,depth_all,2182,3049,0,0
multi_device,0,0,depth_all,2182,3029,0,0
multi_device,0,0,depth_all,2182,3021,0,0
multi_device,0,0,depth_all,2182,3016,0,0
multi_device,0,0,depth_all,2183,3007,0,0
multi_device,0,0,depth_all,2183,3000,0,0
multi_device,0,0,depth_all,2183,2996,0,0
multi_device,0,0,depth_all,2184,2989,0,0
multi_device,0,0,depth_all,2184,2981,0,0
multi_device,0,0,depth_all,2184,2975,0,0
multi_device,0,0,depth_all,2184,2969,0,0
multi_device,0,0,depth_all,2185,2963,0,0
multi_device,0,0,depth_all,2185,2957,0,0
multi_device,0,0,depth_all,2186,2948,0,0
multi_device,0,0,depth_all,2186,2943,0,0
multi_device,0,0,depth_all,2186,2937,0,0
multi_device,0,0,depth_all,2186,2929,0,0
multi_device,0,0,depth_all,2187,2920,0,0
multi_device,0,0,depth_all,2187,2913,0,0
multi_device,0,0,depth_all,2187,2907,0,0
multi_device,0,0,depth_all,2187,2901,0,0
multi_device,0,0,depth_all,2188,2893,0,0
multi_device,0,0,depth_all,2188,2888,0,0
multi_device,0,0,depth_all,2188,2882,0,0
multi_device,0,0,depth_all,2188,2877,0,0
multi_device,0,0,depth_all,2188,2870,0,0
multi_device,0,0,depth_all,2190,2863,0,0
multi_device,0,0,depth_all,2189,2858,0,0
multi_device,0,0,depth_all,2190,2849,0,0
multi_device,0,0,depth_all,2190,2845,0,0
multi_device,0,0,depth_all,2191,2839,0,0
multi_device,0,0,depth_all,2190,2831,0,0
multi_device,0,0,depth_all,2190,2828,0,0
multi_device,0,0,depth_all,2191,2820,0,0
multi_device,0,0,depth_all,2191,2813,0,0
multi_device,0,0,depth_all,2191,2808,0,0
multi_device,0,0,depth_all,2192,2803,0,0
multi_device,0,0,depth_all,2192,2797,0,0
multi_device,0,0,depth_all,2193,2789,0,0
multi_device,0,0,depth_all,2192,2786,0,0
multi_device,0,0,depth_all,2193,2778,0,0
multi_device,0,0,depth_all,2193,2773,0,0
multi_device,0,0,depth_all,2194,2767,0,0
multi_device,0,0,depth_all,2194,2762,0,0
multi_device,0,0,depth_all,2194,2755,0,0
multi_device,0,0,depth_all,2194,2748,0,0
multi_device,0,0,depth_all,2194,2744,0,0
multi_device,0,0,depth_all,2195,2736,0,0
multi_device,0,0,depth_all,2195,2731,0,0
multi_device,0,0,depth_all,2196,2726,0,0
multi_device,0,0,depth_all,2195,2720,0,0
multi_device,0,0,depth_all,2196,2714,0,0
multi_device,0,0,depth_all,2196,2709,0,0
multi_device,0,0,depth_all,2197,2701,0,0
multi_device,0,0,depth_all,2197,2697,0,0
multi_device,0,0,depth_all,2197,2692,0,0
multi_device,0,0,depth_all,2197,2686,0,0
multi_device,0,0,depth_all,2198,2681,0,0
multi_device,0,0,depth_all,2198,2677,0,0
multi_device,0,0,depth_all,2198,2671,0,0
multi_device,0,0,depth_all,2198,2665,0,0
multi_device,0,0,depth_all,2198,2660,0,0
multi_device,0,0,depth_all,2199,2653,0,0
multi_device,0,0,depth_all,2200,2645,0,0
multi_device,0,0,depth_all,2200,2642,0,0
multi_device,0,0,depth_all,2200,2638,0,0
multi_device,0,0,depth_all,2200,2633,0,0
multi_device,0,0,depth_all,2201,2627,0,0
multi_device,0,0,depth_all,2201,2622,0,0
multi_device,0,0,depth_all,2201,2617,0,0
multi_device,0,0,depth_all,2201,2612,0,0
multi_device,0,0,depth_all,2202,2607,0,0
multi_device,0,0,depth_all,2202,2604,0,0
multi_device,0,0,depth_all,2202,2601,0,0
multi_device,0,0,depth_all,2203,2595,0,0
multi_device,0,0,depth_all,2203,2591,0,0
multi_device,0,0,depth_all,2203,2589,0,0
multi_device,0,0,depth_all,2203,2583,0,0
multi_device,0,0,depth_all,2204,2577,0,0
multi_device,0,0,depth_all,2204,2570,0,0
multi_device,0,0,depth_all,2205,2567,0,0
multi_device,0,0,depth_all,2205,2560,0,0
multi_device,0,0,depth_all,2205,2557,0,0
multi_device,0,0,depth_all,2205,2552,0,0
multi_device,0,0,depth_all,2205,2548,0,0
multi_device,0,0,depth_all,2205,2543,0,0
multi_device,0,0,depth_all,2206,2536,0,0
multi_device,0,0,depth_all,2206,2534,0,0
multi_device,0,0,depth_all,2206,2530,0,0
multi_device,0,0,depth_all,2207,2526,0,0
multi_device,0,0,depth_all,2207,2520,0,0
multi_device,0,0,depth_all,2207,2514,0,0
multi_device,0,0,depth_all,2208,2511,0,0
multi_device,0,0,depth_all,2208,2508,0,0
multi_device,0,0,depth_all,2209,2503,0,0
multi_device,0,0,depth_all,2209,2499,0,0
multi_device,0,0,depth_all,2208,2496,0,0
multi_device,0,0,depth_all,2209,2492,0,0
multi_device,0,0,depth_all,2209,2487,0,0
multi_device,0,0,depth_all,2210,2483,0,0
multi_device,0,0,depth_all,2210,2480,0,0
multi_device,0,0,depth_all,2211,2475,0,0
multi_device,0,0,depth_all,2210,2474,0,0
multi_device,0,0,depth_all,2211,2468,0,0
multi_device,0,0,depth_all,2211,2466,0,0
multi_device,0,0,depth_all,2212,2461,0,0
multi_device,0,0,depth_all,2212,2459,0,0
multi_device,0,0,depth_all,2212,2453,0,0
multi_device,0,0,depth_all,2212,2450,0,0
multi_device,0,0,depth_all,2212,2448,0,0
multi_device,0,0,depth_all,2213,2444,0,0
multi_device,0,0,depth_all,2213,2443,0,0
multi_device,0,0,depth_all,2213,2442,0,0
multi_device,0,0,depth_all,2213,2437,0,0
multi_device,0,0,depth_all,2214,2433,0,0
multi_device,0,0,depth_all,2214,2429,0,0
multi_device,0,0,depth_all,2214,2426,0,0
multi_device,0,0,depth_all,2214,2421,0,0
multi_device,0,0,depth_all,2215,2416,0,0
multi_device,0,0,depth_all,2215,2412,0,0
multi_device,0,0,depth_all,2215,2409,0,0
multi_device,0,0,depth_all,2216,2404,0,0
multi_device,0,0,depth_all,2216,2404,0,0
multi_device,0,0,depth_all,2216,2400,0,0
multi_device,0,0,depth_all,2217,2397,0,0
multi_device,0,0,depth_all,2216,2397,0,0
multi_device,0,0,depth_all,2217,2394,0,0
multi_device,0,0,depth_all,2218,2391,0,0
multi_device,0,0,depth_all,2218,2387,0,0
multi_device,0,0,depth_all,2218,2384,0,0
multi_device,0,0,depth_all,2219,2381,0,0
multi_device,0,0,depth_all,2218,2380,0,0
multi_device,0,0,depth_all,2219,2375,0,0
multi_device,0,0,depth_all,2219,2371,0,0
multi_device,0,0,depth_all,2220,2366,0,0
multi_device,0,0,depth_all,2220,2362,0,0
multi_device,0,0,depth_all,2220,2359,0,0
multi_device,0,0,depth_all,2220,2358,0,0
multi_device,0,0,depth_all,2220,2356,0,0
multi_device,0,0,depth_all,2221,2352,0,0
multi_device,0,0,depth_all,2221,2349,0,0
multi_device,0,0,depth_all,2221,2345,0,0
multi_device,0,0,depth_all,2222,2345,0,0
multi_device,0,0,depth_all,2222,2342,0,0
multi_device,0,0,depth_all,2222,2339,0,0
multi_device,0,0,depth_all,2222,2336,0,0
multi_device,0,0,depth_all,2223,2333,0,0
multi_device,0,0,depth_all,2223,2331,0,0
multi_device,0,0,depth_all,2224,2330,0,0
multi_device,0,0,depth_all,2224,2327,0,0
multi_device,0,0,depth_all,2224,2325,0,0
multi_device,0,0,depth_all,2224,2322,0,0
multi_device,0,0,depth_all,2224,2317,0,0
multi_device,0,0,depth_all,2225,2315,0,0
multi_device,0,0,depth_all,2225,2312,0,0
multi_device,0,0,depth_all,2226,2308,0,0
multi_device,0,0,depth_all,2226,2304,0,0
multi_device,0,0,depth_all,2226,2302,0,0
multi_device,0,0,depth_all,2226,2300,0,0
multi_device,0,0,depth_all,2226,2298,0,0
multi_device,0,0,depth_all,2226,2296,0,0
multi_device,0,0,depth_all,2227,2293,0,0
multi_device,0,0,depth_all,2227,2289,0,0
multi_device,0,0,depth_all,2227,2288,0,0
multi_device,0,0,depth_all,2228,2284,0,0
multi_device,0,0,depth_all,2228,2282,0,0
multi_device,0,0,depth_all,2228,2280,0,0
multi_device,0,0,depth_all,2229,2276,0,0
multi_device,0,0,depth_all,2229,2274,0,0
multi_device,0,0,depth_all,2230,2272,0,0
multi_device,0,0,depth_all,2229,2270,0,0
multi_device,0,0,depth_all,2229,2268,0,0
multi_device,0,0,depth_all,2230,2267,0,0
multi_device,0,0,depth_all,2230,2264,0,0
multi_device,0,0,depth_all,2231,2262,0,0
multi_device,0,0,depth_all,2231,2259,0,0
multi_device,0,0,depth_all,2231,2259,0,0
multi_device,0,0,depth_all,2232,2254,0,0
multi_device,0,0,depth_all,2232,2252,0,0
multi_device,0,0,depth_all,2232,2250,0,0
multi_device,0,0,depth_all,2232,2247,0,0
multi_device,0,0,depth_all,2232,2246,0,0
multi_device,0,0,depth_all,2232,2242,0,0
multi_device,0,0,depth_all,2233,2240,0,0
multi_device,0,0,depth_all,2234,2237,0,0
multi_device,0,0,depth_all,2234,2234,0,0
multi_device,0,0,depth_all,2234,2230,0,0
multi_device,0,0,depth_all,2234,2228,0,0
multi_device,0,0,depth_all,2235,2225,0,0
multi_device,0,0,depth_all,2235,2224,0,0
multi_device,0,0,depth_all,2235,2222,0,0
multi_device,0,0,depth_all,2235,2220,0,0
multi_device,0,0,depth_all,2235,2219,0,0
multi_device,0,0,depth_all,2236,2217,0,0
multi_device,0,0,depth_all,2234,2216,0,0
multi_device,0,0,depth_all,2236,2211,0,0
multi_device,0,0,depth_all,2237,2210,0,0
multi_device,0,0,depth_all,2234,2211,0,0
multi_device,0,0,depth_all,2237,2205,0,0
multi_device,0,0,depth_all,2238,2204,0,0
multi_device,0,0,depth_all,2232,2206,0,0
multi_device,0,0,depth_all,2239,2199,0,0
multi_device,0,0,depth_all,2239,2197,0,0
multi_device,0,0,depth_all,2231,2204,0,0
multi_device,0,0,depth_all,2239,2193,0,0
multi_device,0,0,depth_all,2239,2194,0,0
multi_device,0,0,depth_all,2232,2199,0,0
multi_device,0,0,depth_all,2240,2191,0,0
multi_device,0,0,depth_all,2240,2188,0,0
multi_device,0,0,depth_all,2241,2187,0,0
multi_device,0,0,depth_all,2241,2183,0,0
multi_device,0,0,depth_all,2241,2180,0,0
multi_device,0,0,depth_all,2241,2178,0,0
multi_device,0,0,depth_all,2242,2176,0,0
multi_device,0,0,depth_all,2242,2174,0,0
multi_device,0,0,depth_all,2242,2175,0,0
multi_device,0,0,depth_all,2242,2180,0,0
multi_device,0,0,depth_all,2243,2191,0,0
multi_device,0,0,depth_all,2243,2191,0,0
multi_device,0,0,depth_all,2244,2194,0,0
multi_device,0,0,depth_all,2243,2204,0,0
multi_device,0,0,depth_all,2244,2204,0,0
multi_device,0,0,depth_all,2244,2208,0,0
multi_device,0,0,depth_all,2244,2217,0,0
multi_device,0,0,depth_all,2245,2215,0,0
multi_device,0,0,depth_all,2245,2220,0,0
multi_device,0,0,depth_all,2245,2233,0,0
multi_device,0,0,depth_all,2245,2229,0,0
multi_device,0,0,depth_all,2246,2233,0,0
multi_device,0,0,depth_all,2246,2246,0,0
multi_device,0,0,depth_all,2246,2240,0,0
multi_device,0,0,depth_all,2247,2242,0,0
multi_device,0,0,depth_all,2247,2255,0,0
multi_device,0,0,depth_all,2247,2250,0,0
multi_device,0,0,depth_all,2247,2255,0,0
multi_device,0,0,depth_all,2248,2259,0,0
multi_device,0,0,depth_all,2248,2263,0,0
multi_device,0,0,depth_all,2248,2266,0,0
multi_device,0,0,depth_all,2249,2270,0,0
multi_device,0,0,depth_all,2248,2273,0,0
multi_device,0,0,depth_all,2249,2280,0,0
multi_device,0,0,depth_all,2249,2282,0,0
multi_device,0,0,depth_all,2250,2286,0,0
multi_device,0,0,depth_all,2250,2290,0,0
multi_device,0,0,depth_all,2250,2294,0,0
multi_device,0,0,depth_all,2250,2297,0,0
multi_device,0,0,depth_all,2250,2301,0,0
multi_device,0,0,depth_all,2251,2301,0,0
multi_device,0,0,depth_all,2251,2305,0,0
multi_device,0,0,depth_all,2252,2308,0,0
multi_device,0,0,depth_all,2252,2313,0,0
multi_device,0,0,depth_all,2253,2315,0,0
multi_device,0,0,depth_all,2253,2318,0,0
multi_device,0,0,depth_all,2252,2323,0,0
multi_device,0,0,depth_all,2253,2327,0,0
multi_device,0,0,depth_all,2254,2330,0,0
multi_device,0,0,depth_all,2254,2334,0,0
multi_device,0,0,depth_all,2254,2337,0,0
multi_device,0,0,depth_all,2254,2339,0,0
multi_device,0,0,depth_all,2254,2343,0,0
multi_device,0,0,depth_all,2255,2347,0,0
multi_device,0,0,depth_all,2255,2350,0,0
multi_device,0,0,depth_all,2255,2353,0,0
multi_device,0,0,depth_all,2255,2358,0,0
multi_device,0,0,depth_all,2256,2362,0,0
multi_device,0,0,depth_all,2256,2363,0,0
multi_device,0,0,depth_all,2256,2367,0,0
multi_device,0,0,depth_all,2257,2371,0,0
multi_device,0,0,depth_all,2257,2372,0,0
multi_device,0,0,depth_all,2257,2376,0,0
multi_device,0,0,depth_all,2257,2383,0,0
multi_device,0,0,depth_all,2258,2383,0,0
multi_device,0,0,depth_all,2258,2386,0,0
multi_device,0,0,depth_all,2259,2387,0,0
multi_device,0,0,depth_all,2258,2393,0,0
multi_device,0,0,depth_all,2258,2394,0,0
multi_device,0,0,depth_all,2259,2397,0,0
multi_device,0,0,depth_all,2260,2400,0,0
multi_device,0,0,depth_all,2260,2403,0,0
multi_device,0,0,depth_all,2260,2407,0,0
multi_device,0,0,depth_all,2261,2411,0,0
multi_device,0,0,depth_all,2260,2414,0,0
multi_device,0,0,depth_all,2261,2418,0,0
multi_device,0,0,depth_all,2261,2422,0,0
multi_device,0,0,depth_all,2262,2424,0,0
multi_device,0,0,depth_all,2262,2427,0,0
multi_device,0,0,depth_all,2262,2431,0,0
multi_device,0,0,depth_all,2262,2434,0,0
multi_device,0,0,depth_all,2263,2436,0,0
multi_device,0,0,depth_all,2263,2439,0,0
multi_device,0,0,depth_all,2263,2444,0,0
multi_device,0,0,depth_all,2263,2447,0,0
multi_device,0,0,depth_all,2263,2449,0,0
multi_device,0,0,depth_all,2264,2452,0,0
multi_device,0,0,depth_all,2265,2453,0,0
multi_device,0,0,depth_all,2265,2457,0,0
multi_device,0,0,depth_all,2265,2460,0,0
multi_device,0,0,depth_all,2265,2462,0,0
multi_device,0,0,depth_all,2265,2465,0,0
multi_device,0,0,depth_all,2265,2467,0,0
multi_device,0,0,depth_all,2266,2471,0,0
multi_device,0,0,depth_all,2266,2474,0,0
multi_device,0,0,depth_all,2266,2476,0,0
multi_device,0,0,depth_all,2267,2479,0,0
multi_device,0,0,depth_all,2267,2481,0,0
multi_device,0,0,depth_all,2267,2483,0,0
multi_device,0,0,depth_all,2268,2487,0,0
multi_device,0,0,depth_all,2268,2489,0,0
multi_device,0,0,depth_all,2268,2491,0,0
multi_device,0,0,depth_all,2268,2493,0,0
multi_device,0,0,depth_all,2269,2495,0,0
multi_device,0,0,depth_all,2269,2497,0,0
multi_device,0,0,depth_all,2269,2500,0,0
multi_device,0,0,depth_all,2270,2503,0,0
multi_device,0,0,depth_all,2270,2502,0,0
multi_device,0,0,depth_all,2270,2507,0,0
multi_device,0,0,depth_all,2270,2510,0,0
multi_device,0,0,depth_all,2270,2513,0,0
multi_device,0,0,depth_all,2271,2514,0,0
multi_device,0,0,depth_all,2271,2517,0,0
multi_device,0,0,depth_all,2272,2520,0,0
multi_device,0,0,depth_all,2272,2522,0,0
multi_device,0,0,depth_all,2272,2524,0,0
multi_device,0,0,depth_all,2272,2526,0,0
multi_device,0,0,depth_all,2273,2530,0,0
multi_device,0,0,depth_all,2273,2532,0,0
multi_device,0,0,depth_all,2273,2535,0,0
multi_device,0,0,depth_all,2274,2537,0,0
multi_device,0,0,depth_all,2274,2539,0,0
multi_device,0,0,depth_all,2274,2542,0,0
multi_device,0,0,depth_all,2275,2545,0,0
multi_device,0,0,depth_all,2274,2548,0,0
multi_device,0,0,depth_all,2275,2548,0,0
multi_device,0,0,depth_all,2275,2551,0,0
multi_device,0,0,depth_all,2275,2554,0,0
multi_device,0,0,depth_all,2275,2554,0,0
multi_device,0,0,depth_all,2276,2558,0,0
multi_device,0,0,depth_all,2276,2559,0,0
multi_device,0,0,depth_all,2277,2559,0,0
multi_device,0,0,depth_all,2277,2560,0,0
multi_device,0,0,depth_all,2277,2563,0,0
multi_device,0,0,depth_all,2277,2567,0,0
multi_device,0,0,depth_all,2277,2567,0,0
multi_device,0,0,depth_all,2278,2568,0,0
multi_device,0,0,depth_all,2278,2570,0,0
multi_device,0,0,depth_all,2278,2573,0,0
multi_device,0,0,depth_all,2279,2576,0,0
multi_device,0,0,depth_all,2279,2576,0,0
multi_device,0,0,depth_all,2280,2577,0,0
multi_device,0,0,depth_all,2280,2579,0,0
multi_device,0,0,depth_all,2280,2580,0,0
multi_device,0,0,depth_all,2280,2581,0,0
multi_device,0,0,depth_all,2281,2584,0,0
multi_device,0,0,depth_all,2280,2587,0,0
multi_device,0,0,depth_all,2281,2588,0,0
multi_device,0,0,depth_all,2281,2591,0,0
multi_device,0,0,depth_all,2282,2594,0,0
multi_device,0,0,depth_all,2282,2597,0,0
multi_device,0,0,depth_all,2282,2599,0,0
multi_device,0,0,depth_all,2283,2602,0,0
multi_device,0,0,depth_all,2282,2603,0,0
multi_device,0,0,depth_all,2283,2606,0,0
multi_device,0,0,depth_all,2283,2605,0,0
multi_device,0,0,depth_all,2283,2607,0,0
multi_device,0,0,depth_all,2284,2606,0,0
multi_device,0,0,depth_all,2284,2607,0,0
multi_device,0,0,depth_all,2285,2610,0,0
multi_device,0,0,depth_all,2285,2609,0,0
multi_device,0,0,depth_all,2285,2610,0,0
multi_device,0,0,depth_all,2285,2611,0,0
multi_device,0,0,depth_all,2285,2613,0,0
multi_device,0,0,depth_all,2286,2614,0,0
multi_device,0,0,depth_all,2286,2616,0,0
multi_device,0,0,depth_all,2287,2617,0,0
multi_device,0,0,depth_all,2287,2620,0,0
multi_device,0,0,depth_all,2287,2620,0,0
multi_device,0,0,depth_all,2287,2622,0,0
multi_device,0,0,depth_all,2287,2624,0,0
multi_device,0,0,depth_all,2287,2625,0,0
multi_device,0,0,depth_all,2288,2625,0,0
multi_device,0,0,depth_all,2289,2626,0,0
multi_device,0,0,depth_all,2289,2629,0,0
multi_device,0,0,depth_all,2289,2630,0,0
multi_device,0,0,depth_all,2289,2631,0,0
multi_device,0,0,depth_all,2289,2634,0,0
multi_device,0,0,depth_all,2289,2634,0,0
multi_device,0,0,depth_all,2290,2636,0,0
multi_device,0,0,depth_all,2290,2640,0,0
multi_device,0,0,depth_all,2290,2641,0,0
multi_device,0,0,depth_all,2290,2642,0,0
multi_device,0,0,depth_all,2291,2645,0,0
multi_device,0,0,depth_all,2291,2648,0,0
multi_device,0,0,depth_all,2292,2650,0,0
multi_device,0,0,depth_all,2291,2651,0,0
multi_device,0,0,depth_all,2292,2651,0,0
multi_device,0,0,depth_all,2292,2656,0,0
multi_device,0,0,depth_all,2293,2658,0,0
multi_device,0,0,depth_all,2293,2658,0,0
multi_device,0,0,depth_all,2293,2659,0,0
multi_device,0,0,depth_all,2294,2662,0,0
multi_device,0,0,depth_all,2294,2662,0,0
multi_device,0,0,depth_all,2294,2664,0,0
multi_device,0,0,depth_all,2295,2664,0,0
multi_device,0,0,depth_all,2295,2666,0,0
multi_device,0,0,depth_all,2295,2665,0,0
multi_device,0,0,depth_all,2295,2668,0,0
multi_device,0,0,depth_all,2295,2670,0,0
multi_device,0,0,depth_all,2296,2673,0,0
multi_device,0,0,depth_all,2296,2673,0,0
multi_device,0,0,depth_all,2297,2674,0,0
multi_device,0,0,depth_all,2297,2674,0,0
multi_device,0,0,depth_all,2296,2675,0,0
multi_device,0,0,depth_all,2297,2677,0,0
multi_device,0,0,depth_all,2298,2679,0,0
multi_device,0,0,depth_all,2298,2679,0,0
multi_device,0,0,depth_all,2298,2680,0,0
multi_device,0,0,depth_all,2298,2682,0,0
multi_device,0,0,depth_all,2299,2682,0,0
multi_device,0,0,depth_all,2298,2683,0,0
multi_device,0,0,depth_all,2299,2687,0,0
multi_device,0,0,depth_all,2299,2686,0,0
multi_device,0,0,depth_all,2299,2690,0,0
multi_device,0,0,depth_all,2300,2690,0,0
multi_device,0,0,depth_all,2301,2689,0,0
multi_device,0,0,depth_all,2300,2690,0,0
multi_device,0,0,depth_all,2301,2692,0,0
multi_device,0,0,depth_all,2301,2693,0,0
multi_device,0,0,depth_all,2301,2695,0,0
multi_device,0,0,depth_all,2302,2695,0,0
multi_device,0,0,depth_all,2302,2696,0,0
multi_device,0,0,depth_all,2302,2698,0,0
multi_device,0,0,depth_all,2302,2698,0,0
multi_device,0,0,depth_all,2303,2699,0,0
multi_device,0,0,depth_all,2303,2702,0,0
multi_device,0,0,depth_all,2304,2703,0,0
multi_device,0,0,depth_all,2304,2703,0,0
multi_device,0,0,depth_all,2304,2704,0,0
multi_device,0,0,depth_all,2304,2706,0,0
multi_device,0,0,depth_all,2304,2706,0,0
multi_device,0,0,depth_all,2304,2708,0,0
multi_device,0,0,depth_all,2305,2709,0,0
multi_device,0,0,depth_all,2305,2708,0,0
multi_device,0,0,depth_all,2305,2710,0,0
multi_device,0,0,depth_all,2306,2710,0,0
multi_device,0,0,depth_all,2306,2712,0,0
multi_device,0,0,depth_all,2306,2712,0,0
multi_device,0,0,depth_all,2307,2714,0,0
multi_device,0,0,depth_all,2307,2715,0,0
multi_device,0,0,depth_all,2307,2716,0,0
multi_device,0,0,depth_all,2308,2718,0,0
multi_device,0,0,depth_all,2308,2721,0,0
multi_device,0,0,depth_all,2308,2721,0,0
multi_device,0,0,depth_all,2308,2723,0,0
multi_device,0,0,depth_all,2308,2726,0,0
multi_device,0,0,depth_all,2308,2727,0,0
multi_device,0,0,depth_all,2310,2726,0,0
multi_device,0,0,depth_all,2310,2726,0,0
multi_device,0,0,depth_all,2309,2728,0,0
multi_device,0,0,depth_all,2312,2726,0,0
multi_device,0,0,depth_all,2311,2729,0,0
multi_device,0,0,depth_all,2310,2731,0,0
multi_device,0,0,depth_all,2312,2729,0,0
multi_device,0,0,depth_all,2311,2733,0,0
multi_device,0,0,color_all,2071,471,0,0
multi_device,0,0,color_all,2071,301,0,0
multi_device,0,0,color_all,2072,302,0,0
multi_device,0,0,color_all,2072,303,0,0
multi_device,0,0,color_all,2073,302,0,0
multi_device,0,0,color_all,2072,303,0,0
multi_device,0,0,color_all,2073,303,0,0
multi_device,0,0,color_all,2073,303,0,0
multi_device,0,0,color_all,2073,304,0,0
multi_device,0,0,color_all,2074,304,0,0
multi_device,0,0,color_all,2074,306,0,0
multi_device,0,0,color_all,2074,306,0,0
multi_device,0,0,color_all,2075,305,0,0
multi_device,0,0,color_all,2074,307,0,0
multi_device,0,0,color_all,2075,307,0,0
multi_device,0,0,color_all,2076,305,0,0
multi_device,0,0,color_all,2076,306,0,0
multi_device,0,0,color_all,2076,307,0,0
multi_device,0,0,color_all,2076,307,0,0
multi_device,0,0,color_all,2077,307,0,0
multi_device,0,0,color_all,2077,308,0,0
multi_device,0,0,color_all,2077,308,0,0
multi_device,0,0,color_all,2078,307,0,0
multi_device,0,0,color_all,2078,308,0,0
multi_device,0,0,color_all,2078,309,0,0
multi_device,0,0,color_all,2079,309,0,0
multi_device,0,0,color_all,2079,310,0,0
multi_device,0,0,color_all,2078,310,0,0
multi_device,0,0,color_all,2079,310,0,0
multi_device,0,0,color_all,2080,310,0,0
multi_device,0,0,color_all,2079,311,0,0
multi_device,0,0,color_all,2079,371,0,0
multi_device,0,0,color_all,2080,374,0,0
multi_device,0,0,color_all,2081,377,0,0
multi_device,0,0,color_all,2081,379,0,0
multi_device,0,0,color_all,2081,382,0,0
multi_device,0,0,color_all,2081,385,0,0
multi_device,0,0,color_all,2082,388,0,0
multi_device,0,0,color_all,2082,390,0,0
multi_device,0,0,color_all,2083,392,0,0
multi_device,0,0,color_all,2082,395,0,0
multi_device,0,0,color_all,2083,398,0,0
multi_device,0,0,color_all,2083,399,0,0
multi_device,0,0,color_all,2083,402,0,0
multi_device,0,0,color_all,2084,406,0,0
multi_device,0,0,color_all,2084,408,0,0
multi_device,0,0,color_all,2084,411,0,0
multi_device,0,0,color_all,2085,414,0,0
multi_device,0,0,color_all,2085,416,0,0
multi_device,0,0,color_all,2086,419,0,0
multi_device,0,0,color_all,2086,421,0,0
multi_device,0,0,color_all,2086,424,0,0
multi_device,0,0,color_all,2086,426,0,0
multi_device,0,0,color_all,2087,430,0,0
multi_device,0,0,color_all,2087,432,0,0
multi_device,0,0,color_all,2087,433,0,0
multi_device,0,0,color_all,2087,436,0,0
multi_device,0,0,color_all,2088,440,0,0
multi_device,0,0,color_all,2088,442,0,0
multi_device,0,0,color_all,2088,445,0,0
multi_device,0,0,color_all,2088,446,0,0
multi_device,0,0,color_all,2089,994,0,0
multi_device,0,0,color_all,2089,995,0,0
multi_device,0,0,color_all,2089,995,0,0
multi_device,0,0,color_all,2089,998,0,0
multi_device,0,0,color_all,2089,997,0,0
multi_device,0,0,color_all,2088,998,0,0
multi_device,0,0,color_all,2090,1001,0,0
multi_device,0,0,color_all,2091,1005,0,0
multi_device,0,0,color_all,2090,1003,0,0
multi_device,0,0,color_all,2091,1007,0,0
multi_device,0,0,color_all,2091,1009,0,0
multi_device,0,0,color_all,2091,1009,0,0
multi_device,0,0,color_all,2092,1010,0,0
multi_device,0,0,color_all,2092,1013,0,0
multi_device,0,0,color_all,2086,1007,0,0
multi_device,0,0,color_all,2093,1016,0,0
multi_device,0,0,color_all,2093,1018,0,0
multi_device,0,0,color_all,2086,1011,0,0
multi_device,0,0,color_all,2094,1020,0,0
multi_device,0,0,color_all,2095,1023,0,0
multi_device,0,0,color_all,2094,1022,0,0
multi_device,0,0,color_all,2095,1025,0,0
multi_device,0,0,color_all,2096,1027,0,0
multi_device,0,0,color_all,2088,1022,0,0
multi_device,0,0,color_all,2095,1027,0,0
multi_device,0,0,color_all,2096,1031,0,0
multi_device,0,0,color_all,2096,1032,0,0
multi_device,0,0,color_all,2096,1032,0,0
multi_device,0,0,color_all,2097,1034,0,0
multi_device,0,0,color_all,2097,1037,0,0
multi_device,0,0,color_all,2097,424,0,0
multi_device,0,0,color_all,2098,426,0,0
multi_device,0,0,color_all,2098,427,0,0
multi_device,0,0,color_all,2098,425,0,0
multi_device,0,0,color_all,2099,427,0,0
multi_device,0,0,color_all,2098,427,0,0
multi_device,0,0,color_all,2099,427,0,0
multi_device,0,0,color_all,2099,429,0,0
multi_device,0,0,color_all,2099,428,0,0
multi_device,0,0,color_all,2099,430,0,0
multi_device,0,0,color_all,2100,311,0,0
multi_device,0,0,color_all,2100,310,0,0
multi_device,0,0,color_all,2101,313,0,0
multi_device,0,0,color_all,2101,312,0,0
multi_device,0,0,color_all,2101,314,0,0
multi_device,0,0,color_all,2102,315,0,0
multi_device,0,0,color_all,2102,314,0,0
multi_device,0,0,color_all,2103,317,0,0
multi_device,0,0,color_all,2103,317,0,0
multi_device,0,0,color_all,2102,316,0,0
multi_device,0,0,color_all,2103,318,0,0
multi_device,0,0,color_all,2103,318,0,0
multi_device,0,0,color_all,2103,319,0,0
multi_device,0,0,color_all,2104,322,0,0
multi_device,0,0,color_all,2104,321,0,0
multi_device,0,0,color_all,2105,322,0,0
multi_device,0,0,color_all,2105,324,0,0
multi_device,0,0,color_all,2105,323,0,0
multi_device,0,0,color_all,2105,325,0,0
multi_device,0,0,color_all,2105,324,0,0
multi_device,0,0,color_all,2106,457,0,0
multi_device,0,0,color_all,2106,457,0,0
multi_device,0,0,color_all,2106,456,0,0
multi_device,0,0,color_all,2107,457,0,0
multi_device,0,0,color_all,2107,457,0,0
multi_device,0,0,color_all,2107,456,0,0
multi_device,0,0,color_all,2107,457,0,0
multi_device,0,0,color_all,2108,457,0,0
multi_device,0,0,color_all,2108,456,0,0
multi_device,0,0,color_all,2108,456,0,0
multi_device,0,0,color_all,2109,292,0,0
multi_device,0,0,color_all,2109,293,0,0
multi_device,0,0,color_all,2109,294,0,0
multi_device,0,0,color_all,2110,294,0,0
multi_device,0,0,color_all,2110,294,0,0
multi_device,0,0,color_all,2110,295,0,0
multi_device,0,0,color_all,2111,295,0,0
multi_device,0,0,color_all,2111,294,0,0
multi_device,0,0,color_all,2111,294,0,0
multi_device,0,0,color_all,2112,295,0,0
multi_device,0,0,color_all,2112,295,0,0
multi_device,0,0,color_all,2112,296,0,0
multi_device,0,0,color_all,2113,297,0,0
multi_device,0,0,color_all,2112,296,0,0
multi_device,0,0,color_all,2113,296,0,0
multi_device,0,0,color_all,2114,296,0,0
multi_device,0,0,color_all,2113,300,0,0
multi_device,0,0,color_all,2114,298,0,0
multi_device,0,0,color_all,2114,299,0,0
multi_device,0,0,color_all,2114,298,0,0
multi_device,0,0,color_all,2114,561,0,0
multi_device,0,0,color_all,2114,560,0,0
multi_device,0,0,color_all,2116,558,0,0
multi_device,0,0,color_all,2115,559,0,0
multi_device,0,0,color_all,2115,560,0,0
multi_device,0,0,color_all,2116,559,0,0
multi_device,0,0,color_all,2116,560,0,0
multi_device,0,0,color_all,2116,558,0,0
multi_device,0,0,color_all,2117,558,0,0
multi_device,0,0,color_all,2117,557,0,0
multi_device,0,0,color_all,2118,558,0,0
multi_device,0,0,color_all,2118,558,0,0
multi_device,0,0,color_all,2118,559,0,0
multi_device,0,0,color_all,2119,557,0,0
multi_device,0,0,color_all,2118,557,0,0
multi_device,0,0,color_all,2119,557,0,0
multi_device,0,0,color_all,2119,557,0,0
multi_device,0,0,color_all,2119,557,0,0
multi_device,0,0,color_all,2119,558,0,0
multi_device,0,0,color_all,2120,555,0,0
multi_device,0,0,color_all,2120,556,0,0
multi_device,0,0,color_all,2120,555,0,0
multi_device,0,0,color_all,2121,556,0,0
multi_device,0,0,color_all,2122,555,0,0
multi_device,0,0,color_all,2122,554,0,0
multi_device,0,0,color_all,2122,553,0,0
multi_device,0,0,color_all,2122,555,0,0
multi_device,0,0,color_all,2123,554,0,0
multi_device,0,0,color_all,2123,553,0,0
multi_device,0,0,color_all,2123,554,0,0
multi_device,0,0,color_all,2123,553,0,0
multi_device,0,0,color_all,2123,554,0,0
multi_device,0,0,color_all,2124,553,0,0
multi_device,0,0,color_all,2124,552,0,0
multi_device,0,0,color_all,2124,554,0,0
multi_device,0,0,color_all,2124,554,0,0
multi_device,0,0,color_all,2125,551,0,0
multi_device,0,0,color_all,2125,553,0,0
multi_device,0,0,color_all,2126,551,0,0
multi_device,0,0,color_all,2126,552,0,0
multi_device,0,0,color_all,2126,551,0,0
multi_device,0,0,color_all,2126,552,0,0
multi_device,0,0,color_all,2126,551,0,0
multi_device,0,0,color_all,2127,551,0,0
multi_device,0,0,color_all,2128,550,0,0
multi_device,0,0,color_all,2128,551,0,0
multi_device,0,0,color_all,2128,551,0,0
multi_device,0,0,color_all,2128,551,0,0
multi_device,0,0,color_all,2128,551,0,0
multi_device,0,0,color_all,2128,550,0,0
multi_device,0,0,color_all,2129,549,0,0
multi_device,0,0,color_all,2129,550,0,0
multi_device,0,0,color_all,2129,550,0,0
multi_device,0,0,color_all,2129,550,0,0
multi_device,0,0,color_all,2130,549,0,0
multi_device,0,0,color_all,2130,549,0,0
multi_device,0,0,color_all,2131,643,0,0
multi_device,0,0,color_all,2130,762,0,0
multi_device,0,0,color_all,2131,878,0,0
multi_device,0,0,color_all,2131,995,0,0
multi_device,0,0,color_all,2132,1110,0,0
multi_device,0,0,color_all,2132,1223,0,0
multi_device,0,0,color_all,2133,1337,0,0
multi_device,0,0,color_all,2133,1451,0,0
multi_device,0,0,color_all,2133,1563,0,0
multi_device,0,0,color_all,2133,1675,0,0
multi_device,0,0,color_all,2133,1787,0,0
multi_device,0,0,color_all,2134,1897,0,0
multi_device,0,0,color_all,2133,2008,0,0
multi_device,0,0,color_all,2134,2114,0,0
multi_device,0,0,color_all,2134,2223,0,0
multi_device,0,0,color_all,2135,2331,0,0
multi_device,0,0,color_all,2135,2439,0,0
multi_device,0,0,color_all,2135,2545,0,0
multi_device,0,0,color_all,2135,2650,0,0
multi_device,0,0,color_all,2136,2753,0,0
multi_device,0,0,color_all,2136,2859,0,0
multi_device,0,0,color_all,2136,2960,0,0
multi_device,0,0,color_all,2137,3063,0,0
multi_device,0,0,color_all,2137,3165,0,0
multi_device,0,0,color_all,2138,3266,0,0
multi_device,0,0,color_all,2138,3365,0,0
multi_device,0,0,color_all,2138,3466,0,0
multi_device,0,0,color_all,2138,3567,0,0
multi_device,0,0,color_all,2138,3664,0,0
multi_device,0,0,color_all,2138,3762,0,0
multi_device,0,0,color_all,2139,3860,0,0
multi_device,0,0,color_all,2139,3957,0,0
multi_device,0,0,color_all,2140,4049,0,0
multi_device,0,0,color_all,2140,4147,0,0
multi_device,0,0,color_all,2141,4241,0,0
multi_device,0,0,color_all,2140,4336,0,0
multi_device,0,0,color_all,2141,4428,0,0
multi_device,0,0,color_all,2141,4521,0,0
multi_device,0,0,color_all,2141,4615,0,0
multi_device,0,0,color_all,2142,4703,0,0
multi_device,0,0,color_all,2142,4796,0,0
multi_device,0,0,color_all,2142,4886,0,0
multi_device,0,0,color_all,2143,4976,0,0
multi_device,0,0,color_all,2142,5064,0,0
multi_device,0,0,color_all,2144,5153,0,0
multi_device,0,0,color_all,2143,5102,0,0
multi_device,0,0,color_all,2144,5051,0,0
multi_device,0,0,color_all,2144,5001,0,0
multi_device,0,0,color_all,2144,4964,0,0
multi_device,0,0,color_all,2145,5047,0,0
multi_device,0,0,color_all,2145,5135,0,0
multi_device,0,0,color_all,2145,5219,0,0
multi_device,0,0,color_all,2145,5302,0,0
multi_device,0,0,color_all,2145,5386,0,0
multi_device,0,0,color_all,2146,5469,0,0
multi_device,0,0,color_all,2146,5550,0,0
multi_device,0,0,color_all,2147,5631,0,0
multi_device,0,0,color_all,2147,5713,0,0
multi_device,0,0,color_all,2147,5794,0,0
multi_device,0,0,color_all,2147,5875,0,0
multi_device,0,0,color_all,2147,5956,0,0
multi_device,0,0,color_all,2148,6034,0,0
multi_device,0,0,color_all,2148,6112,0,0
multi_device,0,0,color_all,2148,6190,0,0
multi_device,0,0,color_all,2149,6270,0,0
multi_device,0,0,color_all,2149,6345,0,0
multi_device,0,0,color_all,2149,6422,0,0
multi_device,0,0,color_all,2149,6499,0,0
multi_device,0,0,color_all,2150,6576,0,0
multi_device,0,0,color_all,2150,6649,0,0
multi_device,0,0,color_all,2150,6723,0,0
multi_device,0,0,color_all,2150,6799,0,0
multi_device,0,0,color_all,2151,6872,0,0
multi_device,0,0,color_all,2152,6945,0,0
multi_device,0,0,color_all,2152,7019,0,0
multi_device,0,0,color_all,2152,7091,0,0
multi_device,0,0,color_all,2152,7163,0,0
multi_device,0,0,color_all,2152,7234,0,0
multi_device,0,0,color_all,2152,7307,0,0
multi_device,0,0,color_all,2153,7376,0,0
multi_device,0,0,color_all,2153,7445,0,0
multi_device,0,0,color_all,2154,7516,0,0
multi_device,0,0,color_all,2154,7584,0,0
multi_device,0,0,color_all,2154,7649,0,0
multi_device,0,0,color_all,2155,7717,0,0
multi_device,0,0,color_all,2154,7786,0,0
multi_device,0,0,color_all,2155,7854,0,0
multi_device,0,0,color_all,2155,7920,0,0
multi_device,0,0,color_all,2156,7986,0,0
multi_device,0,0,color_all,2155,8054,0,0
multi_device,0,0,color_all,2156,8118,0,0
multi_device,0,0,color_all,2157,8182,0,0
multi_device,0,0,color_all,2156,8249,0,0
multi_device,0,0,color_all,2157,8312,0,0
multi_device,0,0,color_all,2157,8377,0,0
multi_device,0,0,color_all,2158,8285,0,0
multi_device,0,0,color_all,2158,8196,0,0
multi_device,0,0,color_all,2158,8106,0,0
multi_device,0,0,color_all,2158,8014,0,0
multi_device,0,0,color_all,2159,7928,0,0
multi_device,0,0,color_all,2159,7839,0,0
multi_device,0,0,color_all,2159,7752,0,0
multi_device,0,0,color_all,2160,7665,0,0
multi_device,0,0,color_all,2160,7577,0,0
multi_device,0,0,color_all,2160,7491,0,0
multi_device,0,0,color_all,2161,7405,0,0
multi_device,0,0,color_all,2161,7319,0,0
multi_device,0,0,color_all,2161,7235,0,0
multi_device,0,0,color_all,2161,7150,0,0
multi_device,0,0,color_all,2161,7068,0,0
multi_device,0,0,color_all,2161,6987,0,0
multi_device,0,0,color_all,2162,6903,0,0
multi_device,0,0,color_all,2163,6821,0,0
multi_device,0,0,color_all,2163,6740,0,0
multi_device,0,0,color_all,2163,6660,0,0
multi_device,0,0,color_all,2163,6579,0,0
multi_device,0,0,color_all,2163,6499,0,0
multi_device,0,0,color_all,2163,6421,0,0
multi_device,0,0,color_all,2164,6342,0,0
multi_device,0,0,color_all,2164,6263,0,0
multi_device,0,0,color_all,2165,6188,0,0
multi_device,0,0,color_all,2164,6111,0,0
multi_device,0,0,color_all,2165,6034,0,0
multi_device,0,0,color_all,2166,5958,0,0
multi_device,0,0,color_all,2166,5883,0,0
multi_device,0,0,color_all,2166,5807,0,0
multi_device,0,0,color_all,2167,5732,0,0
multi_device,0,0,color_all,2167,5658,0,0
multi_device,0,0,color_all,2167,5586,0,0
multi_device,0,0,color_all,2168,5513,0,0
multi_device,0,0,color_all,2167,5440,0,0
multi_device,0,0,color_all,2167,5370,0,0
multi_device,0,0,color_all,2168,5297,0,0
multi_device,0,0,color_all,2168,5227,0,0
multi_device,0,0,color_all,2169,5156,0,0
multi_device,0,0,color_all,2169,5086,0,0
multi_device,0,0,color_all,2170,5017,0,0
multi_device,0,0,color_all,2170,4949,0,0
multi_device,0,0,color_all,2169,4879,0,0
multi_device,0,0,color_all,2170,4812,0,0
multi_device,0,0,color_all,2171,4745,0,0
multi_device,0,0,color_all,2170,4680,0,0
multi_device,0,0,color_all,2171,4613,0,0
multi_device,0,0,color_all,2171,4548,0,0
multi_device,0,0,color_all,2172,4484,0,0
multi_device,0,0,color_all,2172,4417,0,0
multi_device,0,0,color_all,2172,4354,0,0
multi_device,0,0,color_all,2172,4291,0,0
multi_device,0,0,color_all,2173,4226,0,0
multi_device,0,0,color_all,2173,4164,0,0
multi_device,0,0,color_all,2173,4104,0,0
multi_device,0,0,color_all,2173,4039,0,0
multi_device,0,0,color_all,2174,3978,0,0
multi_device,0,0,color_all,2174,3916,0,0
multi_device,0,0,color_all,2175,3854,0,0
multi_device,0,0,color_all,2174,3793,0,0
multi_device,0,0,color_all,2175,3732,0,0
multi_device,0,0,color_all,2176,3671,0,0
multi_device,0,0,color_all,2175,3612,0,0
multi_device,0,0,color_all,2176,3551,0,0
multi_device,0,0,color_all,2176,3491,0,0
multi_device,0,0,color_all,2176,3433,0,0
multi_device,0,0,color_all,2177,3375,0,0
multi_device,0,0,color_all,2177,3317,0,0
multi_device,0,0,color_all,2177,3259,0,0
multi_device,0,0,color_all,2177,3201,0,0
multi_device,0,0,color_all,2178,3145,0,0
multi_device,0,0,color_all,2178,3088,0,0
multi_device,0,0,color_all,2178,3033,0,0
multi_device,0,0,color_all,2179,2976,0,0
multi_device,0,0,color_all,2179,2920,0,0
multi_device,0,0,color_all,2179,2866,0,0
multi_device,0,0,color_all,2179,2809,0,0
multi_device,0,0,color_all,2179,2757,0,0
multi_device,0,0,color_all,2180,2702,0,0
multi_device,0,0,color_all,2180,2649,0,0
multi_device,0,0,color_all,2181,2595,0,0
multi_device,0,0,color_all,2181,2541,0,0
multi_device,0,0,color_all,2181,2489,0,0
multi_device,0,0,color_all,2181,2437,0,0
multi_device,0,0,color_all,2182,2385,0,0
multi_device,0,0,color_all,2182,2335,0,0
multi_device,0,0,color_all,2182,2283,0,0
multi_device,0,0,color_all,2183,2230,0,0
multi_device,0,0,color_all,2183,2178,0,0
multi_device,0,0,color_all,2183,2129,0,0
multi_device,0,0,color_all,2183,2080,0,0
multi_device,0,0,color_all,2184,2029,0,0
multi_device,0,0,color_all,2184,1979,0,0
multi_device,0,0,color_all,2184,1931,0,0
multi_device,0,0,color_all,2184,1883,0,0
multi_device,0,0,color_all,2185,1834,0,0
multi_device,0,0,color_all,2185,1786,0,0
multi_device,0,0,color_all,2186,1738,0,0
multi_device,0,0,color_all,2185,1692,0,0
multi_device,0,0,color_all,2186,1644,0,0
multi_device,0,0,color_all,2186,1600,0,0
multi_device,0,0,color_all,2187,1551,0,0
multi_device,0,0,color_all,2187,1504,0,0
multi_device,0,0,color_all,2187,1460,0,0
multi_device,0,0,color_all,2187,1413,0,0
multi_device,0,0,color_all,2188,1369,0,0
multi_device,0,0,color_all,2187,1324,0,0
multi_device,0,0,color_all,2188,1278,0,0
multi_device,0,0,color_all,2188,1236,0,0
multi_device,0,0,color_all,2189,1191,0,0
multi_device,0,0,color_all,2189,1145,0,0
multi_device,0,0,color_all,2190,1103,0,0
multi_device,0,0,color_all,2190,1058,0,0
multi_device,0,0,color_all,2190,1025,0,0
multi_device,0,0,color_all,2190,1000,0,0
multi_device,0,0,color_all,2190,974,0,0
multi_device,0,0,color_all,2191,948,0,0
multi_device,0,0,color_all,2191,925,0,0
multi_device,0,0,color_all,2192,901,0,0
multi_device,0,0,color_all,2192,876,0,0
multi_device,0,0,color_all,2192,853,0,0
multi_device,0,0,color_all,2192,828,0,0
multi_device,0,0,color_all,2192,803,0,0
multi_device,0,0,color_all,2193,780,0,0
multi_device,0,0,color_all,2193,757,0,0
multi_device,0,0,color_all,2193,733,0,0
multi_device,0,0,color_all,2194,709,0,0
multi_device,0,0,color_all,2194,687,0,0
multi_device,0,0,color_all,2194,662,0,0
multi_device,0,0,color_all,2195,640,0,0
multi_device,0,0,color_all,2195,614,0,0
multi_device,0,0,color_all,2195,590,0,0
multi_device,0,0,color_all,2195,569,0,0
multi_device,0,0,color_all,2196,543,0,0
multi_device,0,0,color_all,2196,518,0,0
multi_device,0,0,color_all,2196,495,0,0
multi_device,0,0,color_all,2196,474,0,0
multi_device,0,0,color_all,2197,452,0,0
multi_device,0,0,color_all,2197,429,0,0
multi_device,0,0,color_all,2198,415,0,0
multi_device,0,0,color_all,2198,429,0,0
multi_device,0,0,color_all,2198,443,0,0
multi_device,0,0,color_all,2198,454,0,0
multi_device,0,0,color_all,2198,469,0,0
multi_device,0,0,color_all,2198,483,0,0
multi_device,0,0,color_all,2199,495,0,0
multi_device,0,0,color_all,2199,509,0,0
multi_device,0,0,color_all,2199,523,0,0
multi_device,0,0,color_all,2200,536,0,0
multi_device,0,0,color_all,2200,546,0,0
multi_device,0,0,color_all,2200,560,0,0
multi_device,0,0,color_all,2201,574,0,0
multi_device,0,0,color_all,2201,586,0,0
multi_device,0,0,color_all,2201,601,0,0
multi_device,0,0,color_all,2201,612,0,0
multi_device,0,0,color_all,2202,624,0,0
multi_device,0,0,color_all,2202,639,0,0
multi_device,0,0,color_all,2203,648,0,0
multi_device,0,0,color_all,2203,662,0,0
multi_device,0,0,color_all,2203,679,0,0
multi_device,0,0,color_all,2203,708,0,0
multi_device,0,0,color_all,2204,740,0,0
multi_device,0,0,color_all,2204,771,0,0
multi_device,0,0,color_all,2204,802,0,0
multi_device,0,0,color_all,2204,831,0,0
multi_device,0,0,color_all,2205,862,0,0
multi_device,0,0,color_all,2205,892,0,0
multi_device,0,0,color_all,2205,922,0,0
multi_device,0,0,color_all,2206,954,0,0
multi_device,0,0,color_all,2205,984,0,0
multi_device,0,0,color_all,2206,1013,0,0
multi_device,0,0,color_all,2206,1043,0,0
multi_device,0,0,color_all,2206,1072,0,0
multi_device,0,0,color_all,2207,1099,0,0
multi_device,0,0,color_all,2207,1129,0,0
multi_device,0,0,color_all,2208,1158,0,0
multi_device,0,0,color_all,2208,1184,0,0
multi_device,0,0,color_all,2208,1213,0,0
multi_device,0,0,color_all,2208,1241,0,0
multi_device,0,0,color_all,2208,1269,0,0
multi_device,0,0,color_all,2209,1295,0,0
multi_device,0,0,color_all,2209,1322,0,0
multi_device,0,0,color_all,2209,1350,0,0
multi_device,0,0,color_all,2210,1377,0,0
multi_device,0,0,color_all,2210,1405,0,0
multi_device,0,0,color_all,2210,1430,0,0
multi_device,0,0,color_all,2211,1459,0,0
multi_device,0,0,color_all,2211,1486,0,0
multi_device,0,0,color_all,2211,1511,0,0
multi_device,0,0,color_all,2211,1536,0,0
multi_device,0,0,color_all,2211,1563,0,0
multi_device,0,0,color_all,2212,1589,0,0
multi_device,0,0,color_all,2212,1613,0,0
multi_device,0,0,color_all,2212,1638,0,0
multi_device,0,0,color_all,2213,1662,0,0
multi_device,0,0,color_all,2213,1688,0,0
multi_device,0,0,color_all,2213,1712,0,0
multi_device,0,0,color_all,2214,1740,0,0
multi_device,0,0,color_all,2214,1763,0,0
multi_device,0,0,color_all,2214,1786,0,0
multi_device,0,0,color_all,2214,1813,0,0
multi_device,0,0,color_all,2215,1835,0,0
multi_device,0,0,color_all,2215,1860,0,0
multi_device,0,0,color_all,2215,1882,0,0
multi_device,0,0,color_all,2216,1905,0,0
multi_device,0,0,color_all,2216,1928,0,0
multi_device,0,0,color_all,2216,1954,0,0
multi_device,0,0,color_all,2216,1977,0,0
multi_device,0,0,color_all,2216,2000,0,0
multi_device,0,0,color_all,2217,2021,0,0
multi_device,0,0,color_all,2217,2045,0,0
multi_device,0,0,color_all,2218,2069,0,0
multi_device,0,0,color_all,2218,2090,0,0
multi_device,0,0,color_all,2218,2112,0,0
multi_device,0,0,color_all,2218,2135,0,0
multi_device,0,0,color_all,2219,2156,0,0
multi_device,0,0,color_all,2219,2177,0,0
multi_device,0,0,color_all,2219,2198,0,0
multi_device,0,0,color_all,2220,2218,0,0
multi_device,0,0,color_all,2219,2240,0,0
multi_device,0,0,color_all,2220,2262,0,0
multi_device,0,0,color_all,2220,2281,0,0
multi_device,0,0,color_all,2221,2302,0,0
multi_device,0,0,color_all,2221,2325,0,0
multi_device,0,0,color_all,2221,2346,0,0
multi_device,0,0,color_all,2222,2365,0,0
multi_device,0,0,color_all,2222,2385,0,0
multi_device,0,0,color_all,2222,2406,0,0
multi_device,0,0,color_all,2222,2426,0,0
multi_device,0,0,color_all,2223,2444,0,0
multi_device,0,0,color_all,2223,2464,0,0
multi_device,0,0,color_all,2224,2484,0,0
multi_device,0,0,color_all,2223,2503,0,0
multi_device,0,0,color_all,2224,2521,0,0
multi_device,0,0,color_all,2224,2541,0,0
multi_device,0,0,color_all,2224,2558,0,0
multi_device,0,0,color_all,2225,2579,0,0
multi_device,0,0,color_all,2225,2598,0,0
multi_device,0,0,color_all,2225,2616,0,0
multi_device,0,0,color_all,2225,2635,0,0
multi_device,0,0,color_all,2226,2654,0,0
multi_device,0,0,color_all,2226,2671,0,0
multi_device,0,0,color_all,2226,2689,0,0
multi_device,0,0,color_all,2226,2709,0,0
multi_device,0,0,color_all,2227,2727,0,0
multi_device,0,0,color_all,2227,2745,0,0
multi_device,0,0,color_all,2227,2762,0,0
multi_device,0,0,color_all,2227,2780,0,0
multi_device,0,0,color_all,2228,2797,0,0
multi_device,0,0,color_all,2228,2814,0,0
multi_device,0,0,color_all,2228,2830,0,0
multi_device,0,0,color_all,2229,2848,0,0
multi_device,0,0,color_all,2229,2864,0,0
multi_device,0,0,color_all,2229,2881,0,0
multi_device,0,0,color_all,2230,2897,0,0
multi_device,0,0,color_all,2230,2914,0,0
multi_device,0,0,color_all,2230,2931,0,0
multi_device,0,0,color_all,2230,2949,0,0
multi_device,0,0,color_all,2231,2964,0,0
multi_device,0,0,color_all,2231,2982,0,0
multi_device,0,0,color_all,2232,2997,0,0
multi_device,0,0,color_all,2232,3014,0,0
multi_device,0,0,color_all,2232,3030,0,0
multi_device,0,0,color_all,2232,3045,0,0
multi_device,0,0,color_all,2233,3063,0,0
multi_device,0,0,color_all,2233,3078,0,0
multi_device,0,0,color_all,2232,3091,0,0
multi_device,0,0,color_all,2233,3109,0,0
multi_device,0,0,color_all,2233,3121,0,0
multi_device,0,0,color_all,2234,3135,0,0
multi_device,0,0,color_all,2234,3151,0,0
multi_device,0,0,color_all,2235,3166,0,0
multi_device,0,0,color_all,2234,3180,0,0
multi_device,0,0,color_all,2235,3196,0,0
multi_device,0,0,color_all,2235,3210,0,0
multi_device,0,0,color_all,2236,3225,0,0
multi_device,0,0,color_all,2236,3239,0,0
multi_device,0,0,color_all,2236,3253,0,0
multi_device,0,0,color_all,2236,3268,0,0
multi_device,0,0,color_all,2236,3283,0,0
multi_device,0,0,color_all,2236,3297,0,0
multi_device,0,0,color_all,2237,3311,0,0
multi_device,0,0,color_all,2238,3326,0,0
multi_device,0,0,color_all,2238,3340,0,0
multi_device,0,0,color_all,2238,3355,0,0
multi_device,0,0,color_all,2238,3369,0,0
multi_device,0,0,color_all,2238,3382,0,0
multi_device,0,0,color_all,2239,3394,0,0
multi_device,0,0,color_all,2239,3410,0,0
multi_device,0,0,color_all,2239,3421,0,0
multi_device,0,0,color_all,2240,3435,0,0
multi_device,0,0,color_all,2240,3449,0,0
multi_device,0,0,color_all,2240,3464,0,0
multi_device,0,0,color_all,2241,3476,0,0
multi_device,0,0,color_all,2241,3487,0,0
multi_device,0,0,color_all,2241,3499,0,0
multi_device,0,0,color_all,2241,3512,0,0
multi_device,0,0,color_all,2242,3524,0,0
multi_device,0,0,color_all,2242,3536,0,0
multi_device,0,0,color_all,2242,3547,0,0
multi_device,0,0,color_all,2242,3561,0,0
multi_device,0,0,color_all,2243,3576,0,0
multi_device,0,0,color_all,2243,3587,0,0
multi_device,0,0,color_all,2243,3596,0,0
multi_device,0,0,color_all,2244,3612,0,0
multi_device,0,0,color_all,2244,3622,0,0
multi_device,0,0,color_all,2244,3633,0,0
multi_device,0,0,color_all,2245,3645,0,0
multi_device,0,0,color_all,2244,3659,0,0
multi_device,0,0,color_all,2245,3669,0,0
multi_device,0,0,color_all,2245,3681,0,0
multi_device,0,0,color_all,2245,3690,0,0
multi_device,0,0,color_all,2246,3702,0,0
multi_device,0,0,color_all,2246,3712,0,0
multi_device,0,0,color_all,2246,3723,0,0
multi_device,0,0,color_all,2247,3733,0,0
multi_device,0,0,color_all,2247,3744,0,0
multi_device,0,0,color_all,2248,3757,0,0
multi_device,0,0,color_all,2247,3769,0,0
multi_device,0,0,color_all,2248,3778,0,0
multi_device,0,0,color_all,2248,3789,0,0
multi_device,0,0,color_all,2248,3801,0,0
multi_device,0,0,color_all,2249,3811,0,0
multi_device,0,0,color_all,2249,3821,0,0
multi_device,0,0,color_all,2249,3833,0,0
multi_device,0,0,color_all,2249,3843,0,0
multi_device,0,0,color_all,2249,3853,0,0
multi_device,0,0,color_all,2250,3863,0,0
multi_device,0,0,color_all,2250,3874,0,0
multi_device,0,0,color_all,2248,3882,0,0
multi_device,0,0,color_all,2251,3897,0,0
multi_device,0,0,color_all,2251,3907,0,0
multi_device,0,0,color_all,2248,3912,0,0
multi_device,0,0,color_all,2252,3928,0,0
multi_device,0,0,color_all,2252,3936,0,0
multi_device,0,0,color_all,2246,3941,0,0
multi_device,0,0,color_all,2253,3958,0,0
multi_device,0,0,color_all,2253,3968,0,0
multi_device,0,0,color_all,2245,3969,0,0
multi_device,0,0,color_all,2253,3985,0,0
multi_device,0,0,color_all,2254,3998,0,0
multi_device,0,0,color_all,2247,3997,0,0
multi_device,0,0,color_all,2254,4014,0,0
multi_device,0,0,color_all,2254,4025,0,0
multi_device,0,0,color_all,2255,4033,0,0
multi_device,0,0,color_all,2255,4043,0,0
multi_device,0,0,color_all,2255,4055,0,0
multi_device,0,0,color_all,2256,4059,0,0
multi_device,0,0,color_all,2256,4069,0,0
multi_device,0,0,color_all,2256,4083,0,0
multi_device,0,0,color_all,2256,4086,0,0
multi_device,0,0,color_all,2257,4096,0,0
multi_device,0,0,color_all,2257,4112,0,0
multi_device,0,0,color_all,2257,4115,0,0
multi_device,0,0,color_all,2258,4123,0,0
multi_device,0,0,color_all,2258,4137,0,0
multi_device,0,0,color_all,2259,4139,0,0
multi_device,0,0,color_all,2259,4148,0,0
multi_device,0,0,color_all,2258,4163,0,0
multi_device,0,0,color_all,2259,4163,0,0
multi_device,0,0,color_all,2259,4172,0,0
multi_device,0,0,color_all,2259,4190,0,0
multi_device,0,0,color_all,2259,4188,0,0
multi_device,0,0,color_all,2260,4195,0,0
multi_device,0,0,color_all,2260,4215,0,0
multi_device,0,0,color_all,2261,4214,0,0
multi_device,0,0,color_all,2261,4222,0,0
multi_device,0,0,color_all,2261,4238,0,0
multi_device,0,0,color_all,2262,4239,0,0
multi_device,0,0,color_all,2262,4247,0,0
multi_device,0,0,color_all,2262,4254,0,0
multi_device,0,0,color_all,2262,4261,0,0
multi_device,0,0,color_all,2263,4269,0,0
multi_device,0,0,color_all,2263,4278,0,0
multi_device,0,0,color_all,2264,4286,0,0
multi_device,0,0,color_all,2263,4290,0,0
multi_device,0,0,color_all,2263,4297,0,0
multi_device,0,0,color_all,2264,4308,0,0
multi_device,0,0,color_all,2264,4313,0,0
multi_device,0,0,color_all,2265,4322,0,0
multi_device,0,0,color_all,2265,4329,0,0
multi_device,0,0,color_all,2265,4336,0,0
multi_device,0,0,color_all,2266,4344,0,0
multi_device,0,0,color_all,2265,4350,0,0
multi_device,0,0,color_all,2266,4358,0,0
multi_device,0,0,color_all,2267,4366,0,0
multi_device,0,0,color_all,2267,4374,0,0
multi_device,0,0,color_all,2267,4379,0,0
multi_device,0,0,color_all,2268,4387,0,0
multi_device,0,0,color_all,2268,4394,0,0
multi_device,0,0,color_all,2268,4402,0,0
multi_device,0,0,color_all,2268,4409,0,0
multi_device,0,0,color_all,2268,4415,0,0
multi_device,0,0,color_all,2268,4422,0,0
multi_device,0,0,color_all,2269,4429,0,0
multi_device,0,0,color_all,2269,4436,0,0
multi_device,0,0,color_all,2270,4442,0,0
multi_device,0,0,color_all,2270,4449,0,0
multi_device,0,0,color_all,2270,4456,0,0
multi_device,0,0,color_all,2270,4461,0,0
multi_device,0,0,color_all,2271,4469,0,0
multi_device,0,0,color_all,2271,4474,0,0
multi_device,0,0,color_all,2271,4480,0,0
multi_device,0,0,color_all,2271,4488,0,0
multi_device,0,0,color_all,2272,4494,0,0
multi_device,0,0,color_all,2272,4500,0,0
multi_device,0,0,color_all,2272,4507,0,0
multi_device,0,0,color_all,2273,4513,0,0
multi_device,0,0,color_all,2273,4519,0,0
multi_device,0,0,color_all,2273,4525,0,0
multi_device,0,0,color_all,2273,4531,0,0
multi_device,0,0,color_all,2274,4538,0,0
multi_device,0,0,color_all,2274,4543,0,0
multi_device,0,0,color_all,2274,4552,0,0
multi_device,0,0,color_all,2274,4556,0,0
multi_device,0,0,color_all,2275,4561,0,0
multi_device,0,0,color_all,2275,4565,0,0
multi_device,0,0,color_all,2275,4572,0,0
multi_device,0,0,color_all,2275,4577,0,0
multi_device,0,0,color_all,2276,4582,0,0
multi_device,0,0,color_all,2276,4587,0,0
multi_device,0,0,color_all,2277,4591,0,0
multi_device,0,0,color_all,2276,4598,0,0
multi_device,0,0,color_all,2277,4604,0,0
multi_device,0,0,color_all,2277,4608,0,0
multi_device,0,0,color_all,2278,4613,0,0
multi_device,0,0,color_all,2278,4618,0,0
multi_device,0,0,color_all,2278,4624,0,0
multi_device,0,0,color_all,2278,4628,0,0
multi_device,0,0,color_all,2279,4636,0,0
multi_device,0,0,color_all,2279,4639,0,0
multi_device,0,0,color_all,2279,4643,0,0
multi_device,0,0,color_all,2280,4647,0,0
multi_device,0,0,color_all,2279,4654,0,0
multi_device,0,0,color_all,2281,4657,0,0
multi_device,0,0,color_all,2281,4663,0,0
multi_device,0,0,color_all,2280,4667,0,0
multi_device,0,0,color_all,2280,4669,0,0
multi_device,0,0,color_all,2281,4676,0,0
multi_device,0,0,color_all,2282,4681,0,0
multi_device,0,0,color_all,2281,4684,0,0
multi_device,0,0,color_all,2282,4689,0,0
multi_device,0,0,color_all,2282,4692,0,0
multi_device,0,0,color_all,2283,4698,0,0
multi_device,0,0,color_all,2282,4702,0,0
multi_device,0,0,color_all,2283,4707,0,0
multi_device,0,0,color_all,2283,4712,0,0
multi_device,0,0,color_all,2284,4716,0,0
multi_device,0,0,color_all,2284,4720,0,0
multi_device,0,0,color_all,2284,4725,0,0
multi_device,0,0,color_all,2285,4731,0,0
multi_device,0,0,color_all,2285,4735,0,0
multi_device,0,0,color_all,2285,4739,0,0
multi_device,0,0,color_all,2286,4743,0,0
multi_device,0,0,color_all,2285,4748,0,0
multi_device,0,0,color_all,2286,4755,0,0
multi_device,0,0,color_all,2286,4759,0,0
multi_device,0,0,color_all,2287,4761,0,0
multi_device,0,0,color_all,2287,4768,0,0
multi_device,0,0,color_all,2287,4771,0,0
multi_device,0,0,color_all,2287,4775,0,0
multi_device,0,0,color_all,2287,4780,0,0
multi_device,0,0,color_all,2288,4784,0,0
multi_device,0,0,color_all,2288,4788,0,0
multi_device,0,0,color_all,2288,4793,0,0
multi_device,0,0,color_all,2289,4797,0,0
multi_device,0,0,color_all,2288,4801,0,0
multi_device,0,0,color_all,2289,4807,0,0
multi_device,0,0,color_all,2290,4809,0,0
multi_device,0,0,color_all,2290,4815,0,0
multi_device,0,0,color_all,2290,4820,0,0
multi_device,0,0,color_all,2291,4824,0,0
multi_device,0,0,color_all,2290,4828,0,0
multi_device,0,0,color_all,2291,4832,0,0
multi_device,0,0,color_all,2291,4834,0,0
multi_device,0,0,color_all,2291,4841,0,0
multi_device,0,0,color_all,2292,4845,0,0
multi_device,0,0,color_all,2292,4849,0,0
multi_device,0,0,color_all,2292,4852,0,0
multi_device,0,0,color_all,2293,4857,0,0
multi_device,0,0,color_all,2293,4860,0,0
multi_device,0,0,color_all,2293,4864,0,0
multi_device,0,0,color_all,2293,4868,0,0
multi_device,0,0,color_all,2294,4873,0,0
multi_device,0,0,color_all,2294,4878,0,0
multi_device,0,0,color_all,2294,4881,0,0
multi_device,0,0,color_all,2294,4884,0,0
multi_device,0,0,color_all,2295,4887,0,0
multi_device,0,0,color_all,2295,4892,0,0
multi_device,0,0,color_all,2295,4896,0,0
multi_device,0,0,color_all,2296,4900,0,0
multi_device,0,0,color_all,2296,4903,0,0
multi_device,0,0,color_all,2297,4907,0,0
multi_device,0,0,color_all,2297,4909,0,0
multi_device,0,0,color_all,2297,4914,0,0
multi_device,0,0,color_all,2297,4917,0,0
multi_device,0,0,color_all,2297,4919,0,0
multi_device,0,0,color_all,2297,4923,0,0
multi_device,0,0,color_all,2298,4925,0,0
multi_device,0,0,color_all,2298,4931,0,0
multi_device,0,0,color_all,2299,4936,0,0
multi_device,0,0,color_all,2299,4938,0,0
multi_device,0,0,color_all,2299,4941,0,0
multi_device,0,0,color_all,2300,4946,0,0
multi_device,0,0,color_all,2299,4946,0,0
multi_device,0,0,color_all,2299,4949,0,0
multi_device,0,0,color_all,2300,4952,0,0
multi_device,0,0,color_all,2301,4958,0,0
multi_device,0,0,color_all,2301,4959,0,0
multi_device,0,0,color_all,2301,4962,0,0
multi_device,0,0,color_all,2301,4965,0,0
multi_device,0,0,color_all,2302,4968,0,0
multi_device,0,0,color_all,2302,4971,0,0
multi_device,0,0,color_all,2302,4975,0,0
multi_device,0,0,color_all,2302,4977,0,0
multi_device,0,0,color_all,2303,4979,0,0
multi_device,0,0,color_all,2303,4985,0,0
multi_device,0,0,color_all,2303,4987,0,0
multi_device,0,0,color_all,2303,4989,0,0
multi_device,0,0,color_all,2303,4992,0,0
multi_device,0,0,color_all,2304,4996,0,0
multi_device,0,0,color_all,2304,4998,0,0
multi_device,0,0,color_all,2304,5002,0,0
multi_device,0,0,color_all,2305,5004,0,0
multi_device,0,0,color_all,2305,5006,0,0
multi_device,0,0,color_all,2305,5009,0,0
multi_device,0,0,color_all,2306,5010,0,0
multi_device,0,0,color_all,2306,5015,0,0
multi_device,0,0,color_all,2307,5018,0,0
multi_device,0,0,color_all,2306,5020,0,0
multi_device,0,0,color_all,2307,5023,0,0
multi_device,0,0,color_all,2307,5027,0,0
multi_device,0,0,color_all,2307,5028,0,0
multi_device,0,0,color_all,2308,5031,0,0
multi_device,0,0,color_all,2308,5036,0,0
multi_device,0,0,color_all,2308,5038,0,0
multi_device,0,0,color_all,2309,5039,0,0
multi_device,0,0,color_all,2309,5043,0,0
multi_device,0,0,color_all,2309,5046,0,0
multi_device,0,0,color_all,2309,5049,0,0
multi_device,0,0,color_all,2309,5047,0,0
multi_device,0,0,color_all,2310,5053,0,0
multi_device,0,0,color_all,2310,5054,0,0
multi_device,0,0,color_all,2310,5054,0,0
multi_device,0,0,color_all,2311,5059,0,0
multi_device,0,0,color_all,2311,5062,0,0
multi_device,0,0,color_all,2312,5063,0,0
multi_device,0,0,color_all,2312,5065,0,0
multi_device,0,0,color_all,2312,5067,0,0
multi_device,0,0,color_all,2312,5067,0,0
multi_device,0,0,color_all,2312,5069,0,0
multi_device,0,0,color_all,2313,5072,0,0
multi_device,0,0,color_all,2313,5075,0,0
multi_device,0,0,color_all,2314,5077,0,0
multi_device,0,0,color_all,2313,5079,0,0
multi_device,0,0,color_all,2314,5081,0,0
multi_device,0,0,color_all,2314,5083,0,0
multi_device,0,0,color_all,2315,5085,0,0
multi_device,0,0,color_all,2315,5087,0,0
multi_device,0,0,color_all,2315,5089,0,0
multi_device,0,0,color_all,2315,5091,0,0
multi_device,0,0,color_all,2315,5093,0,0
multi_device,0,0,color_all,2315,5094,0,0
multi_device,0,0,color_all,2316,5097,0,0
multi_device,0,0,color_all,2316,5099,0,0
multi_device,0,0,color_all,2317,5100,0,0
multi_device,0,0,color_all,2317,5100,0,0
multi_device,0,0,color_all,2317,5102,0,0
multi_device,0,0,color_all,2318,5103,0,0
multi_device,0,0,color_all,2318,5105,0,0
multi_device,0,0,color_all,2318,5106,0,0
multi_device,0,0,color_all,2318,5108,0,0
multi_device,0,0,color_all,2318,5111,0,0
multi_device,0,0,color_all,2318,5113,0,0
multi_device,0,0,color_all,2318,5115,0,0
multi_device,0,0,color_all,2319,5118,0,0
multi_device,0,0,color_all,2319,5119,0,0
multi_device,0,0,color_all,2319,5121,0,0
multi_device,0,0,color_all,2320,5124,0,0
multi_device,0,0,color_all,2321,5126,0,0
multi_device,0,0,color_all,2320,5129,0,0
multi_device,0,0,color_all,2321,5131,0,0
multi_device,0,0,color_all,2322,5134,0,0
multi_device,0,0,color_all,2321,5134,0,0
multi_device,0,0,color_all,2322,5136,0,0
multi_device,0,0,color_all,2322,5137,0,0
multi_device,0,0,color_all,2322,5138,0,0
multi_device,0,0,color_all,2323,5139,0,0
multi_device,0,0,color_all,2323,5140,0,0
multi_device,0,0,color_all,2324,5143,0,0
multi_device,0,0,color_all,2325,5145,0,0
multi_device,0,0,color_all,2324,5145,0,0
multi_device,0,0,color_all,2325,5148,0,0
multi_device,0,0,color_all,2327,5148,0,0
multi_device,0,0,color_all,2325,5149,0,0
multi_device,0,0,color_all,2324,5150,0,0
multi_device,0,0,color_all,2327,5154,0,0
multi_device,0,0,color_all,2325,5153,0,0
