comparison_type,device_i,device_j,stream,hw_diff_us,global_diff_us,sys_diff_us,timestamp_us
cross_stream,0,0,depth+color,-1,-1,-1000,1788587088784331
cross_stream,0,0,depth+color,-1,0,4991,1788587088816917
cross_stream,0,0,depth+color,0,0,5122,1788587088850249
cross_stream,0,0,depth+color,0,0,4993,1788587088883548
cross_stream,0,0,depth+color,-1,0,5122,1788587088916891
cross_stream,0,0,depth+color,-1,0,5131,1788587088950255
cross_stream,0,0,depth+color,-1,-1,5127,1788587088983588
cross_stream,0,0,depth+color,-1,-1,4972,1788587089016883
cross_stream,0,0,depth+color,0,-1,5078,1788587089050201
cross_stream,0,0,depth+color,-1,-1,5090,1788587089083553
cross_stream,0,0,depth+color,0,0,5402,1788587089117151
cross_stream,0,0,depth+color,-1,1,5136,1788587089150237
cross_stream,0,0,depth+color,-1,-1,4974,1788587089183539
cross_stream,0,0,depth+color,0,0,5120,1788587089216898
cross_stream,0,0,depth+color,-1,-1,4761,1788587089250236
cross_stream,0,0,depth+color,0,0,4932,1788587089283528
cross_stream,0,0,depth+color,0,0,4809,1788587089316827
cross_stream,0,0,depth+color,-1,-1,4944,1788587089350202
cross_stream,0,0,depth+color,0,0,5104,1788587089383535
cross_stream,0,0,depth+color,-1,-1,4834,1788587089416911
cross_stream,0,0,depth+color,-1,-2,4871,1788587089450268
cross_stream,0,0,depth+color,-1,-1,5078,1788587089483519
cross_stream,0,0,depth+color,-1,-1,4674,1788587089516870
cross_stream,0,0,depth+color,-1,-1,5022,1788587089550239
cross_stream,0,0,depth+color,-1,-1,4848,1788587089583550
cross_stream,0,0,depth+color,-1,-1,5133,1788587089616903
cross_stream,0,0,depth+color,-1,-1,5009,1788587089650236
cross_stream,0,0,depth+color,-1,-1,4964,1788587089683701
cross_stream,0,0,depth+color,-1,0,5009,1788587089716899
cross_stream,0,0,depth+color,-1,-1,4797,1788587089750230
cross_stream,0,0,depth+color,0,0,5150,1788587089783721
cross_stream,0,0,depth+color,0,-1,5278,1788587089817076
cross_stream,0,0,depth+color,-1,-2,4993,1788587089850241
cross_stream,0,0,depth+color,0,0,5137,1788587089883718
cross_stream,0,0,depth+color,0,0,5122,1788587089916886
cross_stream,0,0,depth+color,-1,-1,5085,1788587089950192
cross_stream,0,0,depth+color,-1,0,5066,1788587089983522
cross_stream,0,0,depth+color,-1,0,5005,1788587090016932
cross_stream,0,0,depth+color,-1,0,5005,1788587090050247
cross_stream,0,0,depth+color,-1,1,4910,1788587090083585
cross_stream,0,0,depth+color,-1,-1,5293,1788587090117045
cross_stream,0,0,depth+color,0,0,4920,1788587090150192
cross_stream,0,0,depth+color,-1,-2,4801,1788587090183670
cross_stream,0,0,depth+color,0,0,5259,1788587090217024
cross_stream,0,0,depth+color,-1,-1,5074,1788587090250318
cross_stream,0,0,depth+color,-1,0,4968,1788587090283658
cross_stream,0,0,depth+color,-1,-2,4831,1788587090316851
cross_stream,0,0,depth+color,0,0,4974,1788587090350221
cross_stream,0,0,depth+color,-1,0,5118,1788587090383680
cross_stream,0,0,depth+color,0,0,4984,1788587090416912
cross_stream,0,0,depth+color,0,0,5093,1788587090450203
cross_stream,0,0,depth+color,0,1,5118,1788587090483685
cross_stream,0,0,depth+color,-1,-1,5163,1788587090516899
cross_stream,0,0,depth+color,-1,0,4839,1788587090550203
cross_stream,0,0,depth+color,-1,-1,5150,1788587090583721
cross_stream,0,0,depth+color,0,0,4982,1788587090616902
cross_stream,0,0,depth+color,-1,-2,5021,1788587090650247
cross_stream,0,0,depth+color,-1,-1,5100,1788587090683543
cross_stream,0,0,depth+color,-1,0,4952,1788587090716861
cross_stream,0,0,depth+color,0,0,4824,1788587090750256
cross_stream,0,0,depth+color,-1,0,5130,1788587090783674
cross_stream,0,0,depth+color,-1,-1,5093,1788587090817011
cross_stream,0,0,depth+color,-1,-1,5060,1788587090850160
cross_stream,0,0,depth+color,-1,-1,5298,1788587090883857
cross_stream,0,0,depth+color,-1,-1,4974,1788587090917072
cross_stream,0,0,depth+color,-1,-1,5153,1788587090950270
cross_stream,0,0,depth+color,-1,-2,5263,1788587090983703
cross_stream,0,0,depth+color,-1,-1,5194,1788587091017056
cross_stream,0,0,depth+color,-1,-1,5113,1788587091050216
cross_stream,0,0,depth+color,0,0,5093,1788587091083673
cross_stream,0,0,depth+color,-1,-1,5226,1788587091117017
cross_stream,0,0,depth+color,-1,-1,4967,1788587091150208
cross_stream,0,0,depth+color,-1,0,4966,1788587091183534
cross_stream,0,0,depth+color,0,1,5121,1788587091217034
cross_stream,0,0,depth+color,-1,-2,5109,1788587091250246
cross_stream,0,0,depth+color,-1,-1,5058,1788587091283514
cross_stream,0,0,depth+color,-1,0,4848,1788587091316878
cross_stream,0,0,depth+color,-1,-1,4914,1788587091350157
cross_stream,0,0,depth+color,-1,-2,5039,1788587091383500
cross_stream,0,0,depth+color,-1,-2,4948,1788587091416862
cross_stream,0,0,depth+color,-1,-1,5067,1788587091450178
cross_stream,0,0,depth+color,-1,-2,5112,1788587091483549
cross_stream,0,0,depth+color,-1,-1,4979,1788587091516874
cross_stream,0,0,depth+color,-1,-1,4981,1788587091550233
cross_stream,0,0,depth+color,-1,0,5223,1788587091583664
cross_stream,0,0,depth+color,-1,-1,5155,1788587091616914
cross_stream,0,0,depth+color,-1,-1,4944,1788587091650199
cross_stream,0,0,depth+color,-1,-2,5035,1788587091683494
cross_stream,0,0,depth+color,0,0,4978,1788587091716885
cross_stream,0,0,depth+color,-1,-1,4984,1788587091750216
cross_stream,0,0,depth+color,-1,-1,5001,1788587091783565
cross_stream,0,0,depth+color,-1,-1,5057,1788587091816843
cross_stream,0,0,depth+color,-1,-1,5120,1788587091850215
cross_stream,0,0,depth+color,-1,-1,5024,1788587091883483
cross_stream,0,0,depth+color,0,0,5117,1788587091916897
cross_stream,0,0,depth+color,-1,-2,4978,1788587091950210
cross_stream,0,0,depth+color,-1,-1,4974,1788587091983539
cross_stream,0,0,depth+color,-1,-1,5049,1788587092016836
cross_stream,0,0,depth+color,0,1,4942,1788587092050181
cross_stream,0,0,depth+color,-1,0,4954,1788587092083549
cross_stream,0,0,depth+color,-1,-2,4741,1788587092116831
cross_stream,0,0,depth+color,-1,0,5245,1788587092150378
cross_stream,0,0,depth+color,0,-1,5059,1788587092183519
cross_stream,0,0,depth+color,-1,-1,5122,1788587092216919
cross_stream,0,0,depth+color,-1,-1,5116,1788587092250245
cross_stream,0,0,depth+color,-1,-1,5084,1788587092283543
cross_stream,0,0,depth+color,0,0,5109,1788587092317026
cross_stream,0,0,depth+color,-1,-1,5139,1788587092350377
cross_stream,0,0,depth+color,0,1,5142,1788587092383719
cross_stream,0,0,depth+color,-1,-1,5246,1788587092417197
cross_stream,0,0,depth+color,-1,-1,5194,1788587092450354
cross_stream,0,0,depth+color,0,0,5095,1788587092483706
cross_stream,0,0,depth+color,-1,0,5245,1788587092517021
cross_stream,0,0,depth+color,0,0,5114,1788587092550243
cross_stream,0,0,depth+color,-1,-2,4941,1788587092583534
cross_stream,0,0,depth+color,-1,-2,5130,1788587092616905
cross_stream,0,0,depth+color,-1,-1,5114,1788587092650225
cross_stream,0,0,depth+color,-1,-1,5094,1788587092683555
cross_stream,0,0,depth+color,-1,-1,5088,1788587092716872
cross_stream,0,0,depth+color,0,0,4919,1788587092750228
cross_stream,0,0,depth+color,-1,-1,4813,1788587092783567
cross_stream,0,0,depth+color,-1,-1,4675,1788587092816857
cross_stream,0,0,depth+color,-1,-1,5068,1788587092850216
cross_stream,0,0,depth+color,-1,-2,5067,1788587092883506
cross_stream,0,0,depth+color,-1,-1,4948,1788587092917021
cross_stream,0,0,depth+color,-1,-1,4927,1788587092950189
cross_stream,0,0,depth+color,-1,-1,4935,1788587092983537
cross_stream,0,0,depth+color,0,0,5000,1788587093016906
cross_stream,0,0,depth+color,-1,-1,4968,1788587093050230
cross_stream,0,0,depth+color,-1,-2,5237,1788587093083692
cross_stream,0,0,depth+color,-1,0,5254,1788587093117043
cross_stream,0,0,depth+color,-1,-1,4695,1788587093150255
cross_stream,0,0,depth+color,0,0,5105,1788587093183537
cross_stream,0,0,depth+color,0,0,5119,1788587093216869
cross_stream,0,0,depth+color,-1,-1,4970,1788587093250200
cross_stream,0,0,depth+color,-1,-1,5221,1788587093283687
cross_stream,0,0,depth+color,-1,-2,5167,1788587093317053
cross_stream,0,0,depth+color,0,-1,5056,1788587093350314
cross_stream,0,0,depth+color,-1,-1,5133,1788587093383697
cross_stream,0,0,depth+color,-1,-2,5197,1788587093417229
cross_stream,0,0,depth+color,-1,-2,5320,1788587093450413
cross_stream,0,0,depth+color,-1,-2,5274,1788587093483713
cross_stream,0,0,depth+color,0,0,5118,1788587093516879
cross_stream,0,0,depth+color,-1,0,5101,1788587093550199
cross_stream,0,0,depth+color,-1,0,4938,1788587093583510
cross_stream,0,0,depth+color,-1,-1,5152,1788587093616918
cross_stream,0,0,depth+color,0,0,4954,1788587093650217
cross_stream,0,0,depth+color,-1,-1,5091,1788587093683692
cross_stream,0,0,depth+color,-1,-1,5070,1788587093716860
cross_stream,0,0,depth+color,-1,0,5120,1788587093750236
cross_stream,0,0,depth+color,0,0,5241,1788587093783683
cross_stream,0,0,depth+color,0,-1,4941,1788587093816838
cross_stream,0,0,depth+color,-1,-2,4833,1788587093850211
cross_stream,0,0,depth+color,-1,0,5207,1788587093883666
cross_stream,0,0,depth+color,0,0,4956,1788587093916887
cross_stream,0,0,depth+color,-1,1,5231,1788587093950327
cross_stream,0,0,depth+color,-1,-1,5120,1788587093983557
cross_stream,0,0,depth+color,-1,-2,5120,1788587094017035
cross_stream,0,0,depth+color,0,1,5120,1788587094050242
cross_stream,0,0,depth+color,-1,0,4511,1788587094083523
cross_stream,0,0,depth+color,-1,-3,5011,1788587094116919
cross_stream,0,0,depth+color,-1,-1,4948,1788587094150212
cross_stream,0,0,depth+color,-1,-1,5097,1788587094183868
cross_stream,0,0,depth+color,-1,-1,5007,1788587094216919
cross_stream,0,0,depth+color,-1,-1,4921,1788587094250166
cross_stream,0,0,depth+color,-1,-2,5100,1788587094283674
cross_stream,0,0,depth+color,0,0,5248,1788587094317025
cross_stream,0,0,depth+color,0,-1,4977,1788587094350198
cross_stream,0,0,depth+color,0,0,5083,1788587094383507
cross_stream,0,0,depth+color,-1,-2,4949,1788587094416884
cross_stream,0,0,depth+color,0,0,5027,1788587094450157
cross_stream,0,0,depth+color,-1,-1,5118,1788587094483679
cross_stream,0,0,depth+color,-1,-2,4993,1788587094516887
cross_stream,0,0,depth+color,-1,0,4966,1788587094550243
cross_stream,0,0,depth+color,-1,-2,4942,1788587094583529
cross_stream,0,0,depth+color,-1,-1,5065,1788587094616990
cross_stream,0,0,depth+color,-1,-1,4826,1788587094650198
cross_stream,0,0,depth+color,-1,-1,5278,1788587094683712
cross_stream,0,0,depth+color,-1,-1,5129,1788587094716906
cross_stream,0,0,depth+color,-1,0,5114,1788587094750224
cross_stream,0,0,depth+color,-1,0,4966,1788587094783532
cross_stream,0,0,depth+color,-1,-1,5126,1788587094816913
cross_stream,0,0,depth+color,-1,0,4993,1788587094850253
cross_stream,0,0,depth+color,-1,-2,5247,1788587094883699
cross_stream,0,0,depth+color,-1,-1,5012,1788587094916905
cross_stream,0,0,depth+color,0,1,5084,1788587094950357
cross_stream,0,0,depth+color,0,0,4922,1788587094983522
cross_stream,0,0,depth+color,-1,-2,4945,1788587095016860
cross_stream,0,0,depth+color,-1,-1,4669,1788587095050194
cross_stream,0,0,depth+color,-1,-1,5049,1788587095083515
cross_stream,0,0,depth+color,-1,-2,5155,1788587095116912
cross_stream,0,0,depth+color,-1,-1,4776,1788587095150246
cross_stream,0,0,depth+color,-1,0,4969,1788587095183540
cross_stream,0,0,depth+color,-1,-1,4928,1788587095216836
cross_stream,0,0,depth+color,-1,-1,4743,1788587095250228
cross_stream,0,0,depth+color,-1,-1,5089,1788587095283667
cross_stream,0,0,depth+color,-1,-2,5080,1788587095316863
cross_stream,0,0,depth+color,0,0,5064,1788587095350193
cross_stream,0,0,depth+color,-1,-2,5233,1788587095383702
cross_stream,0,0,depth+color,-1,-1,5027,1788587095417204
cross_stream,0,0,depth+color,-1,-2,5149,1788587095450393
cross_stream,0,0,depth+color,-1,0,5302,1788587095483734
cross_stream,0,0,depth+color,-1,-1,5034,1788587095517070
cross_stream,0,0,depth+color,0,0,5282,1788587095550354
cross_stream,0,0,depth+color,-1,-2,5132,1788587095583704
cross_stream,0,0,depth+color,0,-1,5102,1788587095616874
cross_stream,0,0,depth+color,-1,-1,5097,1788587095650175
cross_stream,0,0,depth+color,-1,-1,4703,1788587095683568
cross_stream,0,0,depth+color,-1,-1,5091,1788587095716878
cross_stream,0,0,depth+color,0,0,5134,1788587095750249
cross_stream,0,0,depth+color,-1,-1,4966,1788587095783548
cross_stream,0,0,depth+color,0,0,5041,1788587095816914
cross_stream,0,0,depth+color,-1,-1,4855,1788587095850202
cross_stream,0,0,depth+color,-1,-1,5006,1788587095883713
cross_stream,0,0,depth+color,-1,0,4789,1788587095916859
cross_stream,0,0,depth+color,-1,-3,5093,1788587095950204
cross_stream,0,0,depth+color,-1,-1,4982,1788587095983523
cross_stream,0,0,depth+color,-1,-2,4910,1788587096016829
cross_stream,0,0,depth+color,-1,-2,5149,1788587096050245
cross_stream,0,0,depth+color,-1,-1,5033,1788587096083573
cross_stream,0,0,depth+color,-1,0,5109,1788587096117026
cross_stream,0,0,depth+color,0,0,4930,1788587096150212
cross_stream,0,0,depth+color,-1,-1,5144,1788587096183574
cross_stream,0,0,depth+color,0,0,5124,1788587096217050
cross_stream,0,0,depth+color,-1,-2,4982,1788587096250212
cross_stream,0,0,depth+color,-1,-1,5255,1788587096283660
cross_stream,0,0,depth+color,-1,0,4702,1788587096316852
cross_stream,0,0,depth+color,-1,-2,5138,1788587096350242
cross_stream,0,0,depth+color,0,-1,5316,1788587096383714
cross_stream,0,0,depth+color,-1,-1,4720,1788587096416848
cross_stream,0,0,depth+color,-1,0,4866,1788587096450122
cross_stream,0,0,depth+color,-1,-1,4915,1788587096483701
cross_stream,0,0,depth+color,-1,-1,4950,1788587096516896
cross_stream,0,0,depth+color,-1,-3,4916,1788587096550216
cross_stream,0,0,depth+color,-1,-1,5011,1788587096583561
cross_stream,0,0,depth+color,-1,-1,4984,1788587096616898
cross_stream,0,0,depth+color,-1,-1,4907,1788587096650175
cross_stream,0,0,depth+color,-1,-2,4958,1788587096683729
cross_stream,0,0,depth+color,-1,-1,4956,1788587096716851
cross_stream,0,0,depth+color,0,0,4950,1788587096750222
cross_stream,0,0,depth+color,-1,-1,5222,1788587096783669
cross_stream,0,0,depth+color,-1,-1,5150,1788587096816931
cross_stream,0,0,depth+color,-1,-1,5093,1788587096850192
cross_stream,0,0,depth+color,0,0,4946,1788587096883651
cross_stream,0,0,depth+color,-1,-1,4789,1788587096916856
cross_stream,0,0,depth+color,-1,-2,4939,1788587096950196
cross_stream,0,0,depth+color,0,0,4972,1788587096983570
cross_stream,0,0,depth+color,-1,0,4854,1788587097016927
cross_stream,0,0,depth+color,-1,-1,4971,1788587097050250
cross_stream,0,0,depth+color,-1,-1,5093,1788587097083537
cross_stream,0,0,depth+color,0,0,4854,1788587097116918
cross_stream,0,0,depth+color,-1,-1,5047,1788587097150175
cross_stream,0,0,depth+color,0,0,4897,1788587097183503
cross_stream,0,0,depth+color,-1,-2,4956,1788587097216867
cross_stream,0,0,depth+color,-1,-1,4888,1788587097250167
cross_stream,0,0,depth+color,-1,0,4944,1788587097283548
cross_stream,0,0,depth+color,0,1,4777,1788587097317047
cross_stream,0,0,depth+color,0,-1,4928,1788587097350231
cross_stream,0,0,depth+color,-1,-1,4974,1788587097383535
cross_stream,0,0,depth+color,0,-1,4915,1788587097417006
cross_stream,0,0,depth+color,-1,-1,5118,1788587097450363
cross_stream,0,0,depth+color,0,0,5066,1788587097483767
cross_stream,0,0,depth+color,0,1,5165,1788587097517058
cross_stream,0,0,depth+color,-1,-2,5091,1788587097550370
cross_stream,0,0,depth+color,-1,-1,5215,1788587097583667
cross_stream,0,0,depth+color,-1,-1,5295,1788587097617035
cross_stream,0,0,depth+color,0,1,5094,1788587097650198
cross_stream,0,0,depth+color,-1,-2,5150,1788587097683722
cross_stream,0,0,depth+color,0,-1,4840,1788587097716862
cross_stream,0,0,depth+color,0,0,5146,1788587097750245
cross_stream,0,0,depth+color,-1,-2,5085,1788587097783533
cross_stream,0,0,depth+color,-1,-1,5122,1788587097817028
cross_stream,0,0,depth+color,-1,-1,4979,1788587097850235
cross_stream,0,0,depth+color,-1,-1,4905,1788587097883473
cross_stream,0,0,depth+color,0,1,4813,1788587097916833
cross_stream,0,0,depth+color,-1,0,4984,1788587097950107
cross_stream,0,0,depth+color,-1,-1,4871,1788587097983415
cross_stream,0,0,depth+color,0,0,4830,1788587098016754
cross_stream,0,0,depth+color,0,0,4839,1788587098050106
cross_stream,0,0,depth+color,-1,-1,4672,1788587098083362
cross_stream,0,0,depth+color,-1,-1,4906,1788587098116919
cross_stream,0,0,depth+color,-1,-144,4821,1788587098150108
cross_stream,0,0,depth+color,-1,-287,4629,1788587098183385
cross_stream,0,0,depth+color,-1,-429,5002,1788587098216906
cross_stream,0,0,depth+color,-1,-568,4808,1788587098250079
cross_stream,0,0,depth+color,-1,-710,4941,1788587098283381
cross_stream,0,0,depth+color,-1,-849,4873,1788587098316797
cross_stream,0,0,depth+color,-1,-987,4441,1788587098350105
cross_stream,0,0,depth+color,-1,-1126,4946,1788587098383365
cross_stream,0,0,depth+color,-1,-1260,5160,1788587098416933
cross_stream,0,0,depth+color,-1,-1397,4596,1788587098450202
cross_stream,0,0,depth+color,-1,-1530,4601,1788587098483411
cross_stream,0,0,depth+color,-1,-1664,4847,1788587098516742
cross_stream,0,0,depth+color,0,-1795,4822,1788587098550113
cross_stream,0,0,depth+color,-1,-1929,4998,1788587098583568
cross_stream,0,0,depth+color,-1,-2059,4845,1788587098616750
cross_stream,0,0,depth+color,0,-2189,4896,1788587098650133
cross_stream,0,0,depth+color,-1,-2318,4903,1788587098683587
cross_stream,0,0,depth+color,-1,-2446,4863,1788587098716766
cross_stream,0,0,depth+color,0,-2573,4865,1788587098750130
cross_stream,0,0,depth+color,-1,-2700,5041,1788587098783598
cross_stream,0,0,depth+color,-1,-2681,5002,1788587098816776
cross_stream,0,0,depth+color,-1,-2661,4830,1788587098850098
cross_stream,0,0,depth+color,0,-2641,5150,1788587098883574
cross_stream,0,0,depth+color,-1,-2621,4671,1788587098916757
cross_stream,0,0,depth+color,-1,-2606,4852,1788587098950128
cross_stream,0,0,depth+color,0,-2585,4971,1788587098983558
cross_stream,0,0,depth+color,-1,-2568,4925,1788587099016804
cross_stream,0,0,depth+color,-1,-2550,4920,1788587099050144
cross_stream,0,0,depth+color,-1,-2532,4860,1788587099083451
cross_stream,0,0,depth+color,-1,-2513,4701,1788587099116770
cross_stream,0,0,depth+color,0,-2495,4862,1788587099150126
cross_stream,0,0,depth+color,-1,-2479,4754,1788587099183441
cross_stream,0,0,depth+color,0,-2461,4850,1788587099216761
cross_stream,0,0,depth+color,0,-2444,4561,1788587099250087
cross_stream,0,0,depth+color,0,-2428,4857,1788587099283428
cross_stream,0,0,depth+color,-1,-2411,5023,1788587099316774
cross_stream,0,0,depth+color,-1,-2393,4883,1788587099350138
cross_stream,0,0,depth+color,-1,-2376,4830,1788587099383554
cross_stream,0,0,depth+color,-1,-2359,4967,1788587099416755
cross_stream,0,0,depth+color,-1,-2342,5038,1788587099450131
cross_stream,0,0,depth+color,-1,-2325,4835,1788587099483568
cross_stream,0,0,depth+color,-1,-2307,4866,1788587099516902
cross_stream,0,0,depth+color,-1,-2291,4899,1788587099550314
cross_stream,0,0,depth+color,-1,-2276,4884,1788587099583587
cross_stream,0,0,depth+color,-1,-2258,4916,1788587099616792
cross_stream,0,0,depth+color,0,-2242,4907,1788587099650142
cross_stream,0,0,depth+color,-1,-2225,4835,1788587099683409
cross_stream,0,0,depth+color,-1,-2211,4844,1788587099716758
cross_stream,0,0,depth+color,-1,-2195,5018,1788587099750269
cross_stream,0,0,depth+color,-1,-2180,4778,1788587099783452
cross_stream,0,0,depth+color,0,-2161,4879,1788587099816809
cross_stream,0,0,depth+color,0,-2146,4999,1788587099850243
cross_stream,0,0,depth+color,-1,-2131,4849,1788587099883448
cross_stream,0,0,depth+color,-1,-2115,5200,1788587099916938
cross_stream,0,0,depth+color,-1,-2100,4873,1788587099950137
cross_stream,0,0,depth+color,-1,-2084,4890,1788587099983452
cross_stream,0,0,depth+color,-1,-2070,4909,1788587100016944
cross_stream,0,0,depth+color,0,-2053,4881,1788587100050256
cross_stream,0,0,depth+color,0,-2038,4703,1788587100083409
cross_stream,0,0,depth+color,-1,-2026,4744,1788587100116761
cross_stream,0,0,depth+color,0,-2012,4698,1788587100150259
cross_stream,0,0,depth+color,-1,-2000,4763,1788587100183434
cross_stream,0,0,depth+color,-1,-1985,4772,1788587100216801
cross_stream,0,0,depth+color,-1,-1970,4978,1788587100250225
cross_stream,0,0,depth+color,-1,-1955,4998,1788587100283577
cross_stream,0,0,depth+color,-1,-1941,4843,1788587100316954
cross_stream,0,0,depth+color,-1,-1926,5048,1788587100350274
cross_stream,0,0,depth+color,0,-1911,5025,1788587100383582
cross_stream,0,0,depth+color,0,-1895,4834,1788587100416883
cross_stream,0,0,depth+color,-1,-1883,5019,1788587100450132
cross_stream,0,0,depth+color,0,-1869,4703,1788587100483454
cross_stream,0,0,depth+color,-1,-1857,4717,1788587100516788
cross_stream,0,0,depth+color,-1,-1844,4944,1788587100550084
cross_stream,0,0,depth+color,0,-1829,4999,1788587100583456
cross_stream,0,0,depth+color,0,-1814,5147,1788587100616941
cross_stream,0,0,depth+color,0,-1801,4998,1788587100650143
cross_stream,0,0,depth+color,-1,-1787,4834,1788587100683424
cross_stream,0,0,depth+color,-1,-1774,4981,1788587100716768
cross_stream,0,0,depth+color,-1,-1761,5006,1788587100750136
cross_stream,0,0,depth+color,0,-1745,4986,1788587100783595
cross_stream,0,0,depth+color,-1,-1734,4967,1788587100816762
cross_stream,0,0,depth+color,-1,-1720,5005,1788587100850139
cross_stream,0,0,depth+color,0,-1704,4972,1788587100883428
cross_stream,0,0,depth+color,-1,-1693,5048,1788587100916950
cross_stream,0,0,depth+color,-1,-1680,5119,1788587100950265
cross_stream,0,0,depth+color,-1,-1667,5126,1788587100983581
cross_stream,0,0,depth+color,-1,-1652,5019,1788587101016940
cross_stream,0,0,depth+color,0,-1638,4956,1788587101050086
cross_stream,0,0,depth+color,-1,-1628,5023,1788587101083459
cross_stream,0,0,depth+color,-1,-1612,5141,1788587101116921
cross_stream,0,0,depth+color,0,-1597,5137,1788587101150269
cross_stream,0,0,depth+color,-1,-1584,5147,1788587101183605
cross_stream,0,0,depth+color,0,-1571,5136,1788587101216905
cross_stream,0,0,depth+color,0,-1558,4992,1788587101250250
cross_stream,0,0,depth+color,0,-1547,4840,1788587101283436
cross_stream,0,0,depth+color,-1,-1536,5141,1788587101316903
cross_stream,0,0,depth+color,-1,-1521,5102,1788587101350250
cross_stream,0,0,depth+color,0,-1508,5216,1788587101383672
cross_stream,0,0,depth+color,-1,-1500,4657,1788587101416765
cross_stream,0,0,depth+color,-1,-1487,5100,1788587101450221
cross_stream,0,0,depth+color,-1,-1475,4980,1788587101483432
cross_stream,0,0,depth+color,-1,-1464,5106,1788587101516889
cross_stream,0,0,depth+color,-1,-1450,5073,1788587101550224
cross_stream,0,0,depth+color,-1,-1439,4726,1788587101583420
cross_stream,0,0,depth+color,-1,-1429,4846,1788587101616782
cross_stream,0,0,depth+color,-1,-1419,5117,1788587101650246
cross_stream,0,0,depth+color,-1,-1407,4835,1788587101683426
cross_stream,0,0,depth+color,-1,-1397,5017,1788587101716786
cross_stream,0,0,depth+color,-1,-1385,4949,1788587101750090
cross_stream,0,0,depth+color,0,-1373,4854,1788587101783433
cross_stream,0,0,depth+color,-1,-1364,5094,1788587101816894
cross_stream,0,0,depth+color,-1,-1351,5016,1788587101850127
cross_stream,0,0,depth+color,-1,-1342,4974,1788587101883431
cross_stream,0,0,depth+color,-1,-1330,4870,1788587101916774
cross_stream,0,0,depth+color,-1,-1320,5114,1788587101950235
cross_stream,0,0,depth+color,-1,-1309,4990,1788587101983550
cross_stream,0,0,depth+color,-1,-1298,5035,1788587102016937
cross_stream,0,0,depth+color,0,-1286,5126,1788587102050245
cross_stream,0,0,depth+color,0,-1273,5103,1788587102083552
cross_stream,0,0,depth+color,-1,-1265,4999,1788587102116768
cross_stream,0,0,depth+color,0,-1253,4833,1788587102150106
cross_stream,0,0,depth+color,-1,-1246,4844,1788587102183439
cross_stream,0,0,depth+color,-1,-1235,4964,1788587102216751
cross_stream,0,0,depth+color,-1,-1227,4838,1788587102250074
cross_stream,0,0,depth+color,0,-1216,4816,1788587102283403
cross_stream,0,0,depth+color,0,-1207,5016,1788587102316790
cross_stream,0,0,depth+color,-1,-1197,4983,1788587102350110
cross_stream,0,0,depth+color,-1,-1188,4993,1788587102383421
cross_stream,0,0,depth+color,-1,-1179,4993,1788587102416786
cross_stream,0,0,depth+color,-1,-1169,5075,1788587102450212
cross_stream,0,0,depth+color,-1,-1159,4998,1788587102483455
cross_stream,0,0,depth+color,-1,-1149,4999,1788587102516783
cross_stream,0,0,depth+color,-1,-1139,5009,1788587102550257
cross_stream,0,0,depth+color,-1,-1129,5098,1788587102583585
cross_stream,0,0,depth+color,-1,-1119,4963,1788587102616914
cross_stream,0,0,depth+color,-1,-1110,4997,1788587102650260
cross_stream,0,0,depth+color,0,-1100,4845,1788587102683414
cross_stream,0,0,depth+color,0,-1092,4851,1788587102716754
cross_stream,0,0,depth+color,-1,-1085,4858,1788587102750112
cross_stream,0,0,depth+color,-1,-1077,4860,1788587102783440
cross_stream,0,0,depth+color,-1,-1067,5024,1788587102816930
cross_stream,0,0,depth+color,-1,-1060,4995,1788587102850234
cross_stream,0,0,depth+color,-1,-1050,5015,1788587102883456
cross_stream,0,0,depth+color,-1,-1040,5048,1788587102916917
cross_stream,0,0,depth+color,-1,-1031,5105,1788587102950204
cross_stream,0,0,depth+color,0,-1021,5092,1788587102983546
cross_stream,0,0,depth+color,-1,-1014,4844,1788587103016908
cross_stream,0,0,depth+color,-1,-1006,4691,1788587103050110
cross_stream,0,0,depth+color,0,-999,4667,1788587103083418
cross_stream,0,0,depth+color,-1,-992,4772,1788587103116780
cross_stream,0,0,depth+color,0,-986,4535,1788587103150121
cross_stream,0,0,depth+color,-1,-979,5124,1788587103183560
cross_stream,0,0,depth+color,-1,-971,4706,1788587103216752
cross_stream,0,0,depth+color,0,-964,4533,1788587103250069
cross_stream,0,0,depth+color,-1,-958,4997,1788587103283560
cross_stream,0,0,depth+color,-1,-950,4984,1788587103316894
cross_stream,0,0,depth+color,-1,-942,4762,1788587103350203
cross_stream,0,0,depth+color,-1,-937,4894,1788587103383580
cross_stream,0,0,depth+color,-1,-929,4866,1788587103416889
cross_stream,0,0,depth+color,-1,-921,4989,1788587103450237
cross_stream,0,0,depth+color,-1,-912,4846,1788587103483545
cross_stream,0,0,depth+color,0,-905,5007,1788587103516769
cross_stream,0,0,depth+color,-1,-898,4847,1788587103550105
cross_stream,0,0,depth+color,-1,-890,5108,1788587103583535
cross_stream,0,0,depth+color,0,-881,4873,1788587103616781
cross_stream,0,0,depth+color,0,-873,5015,1788587103650115
cross_stream,0,0,depth+color,-1,-866,4846,1788587103683428
cross_stream,0,0,depth+color,-1,-861,4875,1788587103716784
cross_stream,0,0,depth+color,0,-852,5005,1788587103750126
cross_stream,0,0,depth+color,0,-846,4713,1788587103783436
cross_stream,0,0,depth+color,-1,-841,4842,1788587103816746
cross_stream,0,0,depth+color,0,-832,4974,1788587103850217
cross_stream,0,0,depth+color,-1,-828,4712,1788587103883427
cross_stream,0,0,depth+color,-1,-821,4872,1788587103916757
cross_stream,0,0,depth+color,-1,-813,5000,1788587103950242
cross_stream,0,0,depth+color,0,-805,5013,1788587103983581
cross_stream,0,0,depth+color,-1,-799,4990,1788587104016909
cross_stream,0,0,depth+color,-1,-793,4990,1788587104050219
cross_stream,0,0,depth+color,-1,-786,5027,1788587104083571
cross_stream,0,0,depth+color,-1,-778,4851,1788587104116927
cross_stream,0,0,depth+color,-1,-770,4866,1788587104150120
cross_stream,0,0,depth+color,-1,-767,4709,1788587104183424
cross_stream,0,0,depth+color,-1,-760,4971,1788587104216752
cross_stream,0,0,depth+color,-1,-754,4854,1788587104250115
cross_stream,0,0,depth+color,-1,-747,4749,1788587104283441
cross_stream,0,0,depth+color,0,-742,4850,1788587104316747
cross_stream,0,0,depth+color,-1,-736,4875,1788587104350113
cross_stream,0,0,depth+color,-1,-731,4849,1788587104383429
cross_stream,0,0,depth+color,0,-724,4876,1788587104416794
cross_stream,0,0,depth+color,0,-716,4893,1788587104450123
cross_stream,0,0,depth+color,0,-711,4955,1788587104483540
cross_stream,0,0,depth+color,-1,-705,4970,1788587104516905
cross_stream,0,0,depth+color,-1,-699,4844,1788587104550077
cross_stream,0,0,depth+color,0,-694,4842,1788587104583586
cross_stream,0,0,depth+color,0,-688,4659,1788587104616889
cross_stream,0,0,depth+color,-1,-684,4850,1788587104650229
cross_stream,0,0,depth+color,0,-677,4863,1788587104683595
cross_stream,0,0,depth+color,-1,-673,4872,1788587104716894
cross_stream,0,0,depth+color,-1,-668,4839,1788587104750233
cross_stream,0,0,depth+color,-1,-662,4818,1788587104783568
cross_stream,0,0,depth+color,-1,-657,4879,1788587104816932
cross_stream,0,0,depth+color,-1,-653,4840,1788587104850084
cross_stream,0,0,depth+color,-1,-645,4911,1788587104883623
cross_stream,0,0,depth+color,-1,-639,5148,1788587104916915
cross_stream,0,0,depth+color,-1,-633,4972,1788587104950074
cross_stream,0,0,depth+color,0,-626,5053,1788587104983597
cross_stream,0,0,depth+color,0,-621,4862,1788587105016731
cross_stream,0,0,depth+color,0,-615,4869,1788587105050112
cross_stream,0,0,depth+color,-1,-611,4723,1788587105083453
cross_stream,0,0,depth+color,-1,-608,4756,1788587105116773
cross_stream,0,0,depth+color,-1,-602,4894,1788587105150218
cross_stream,0,0,depth+color,-1,-596,4994,1788587105183603
cross_stream,0,0,depth+color,-1,-591,4990,1788587105216757
cross_stream,0,0,depth+color,-1,-587,4846,1788587105250066
cross_stream,0,0,depth+color,-1,-579,5090,1788587105283541
cross_stream,0,0,depth+color,0,-572,5077,1788587105316984
cross_stream,0,0,depth+color,0,-567,4611,1788587105350066
cross_stream,0,0,depth+color,-1,-565,4890,1788587105383571
cross_stream,0,0,depth+color,-1,-560,4970,1788587105416892
cross_stream,0,0,depth+color,-1,-552,4859,1788587105450237
cross_stream,0,0,depth+color,-1,-548,4953,1788587105483531
cross_stream,0,0,depth+color,-1,-546,4699,1788587105516774
cross_stream,0,0,depth+color,-1,-541,4848,1788587105550077
cross_stream,0,0,depth+color,-1,-535,4956,1788587105583534
cross_stream,0,0,depth+color,-1,-529,4982,1788587105616912
cross_stream,0,0,depth+color,-1,-525,4877,1788587105650102
cross_stream,0,0,depth+color,-1,-520,4723,1788587105683431
cross_stream,0,0,depth+color,-1,-516,4712,1788587105716778
cross_stream,0,0,depth+color,-1,-515,4802,1788587105750239
cross_stream,0,0,depth+color,-1,-508,4846,1788587105783403
cross_stream,0,0,depth+color,-1,-506,4886,1788587105816898
cross_stream,0,0,depth+color,-1,-501,4833,1788587105850081
cross_stream,0,0,depth+color,0,-496,4864,1788587105883435
cross_stream,0,0,depth+color,-1,-491,4858,1788587105916871
cross_stream,0,0,depth+color,-1,-487,4842,1788587105950094
cross_stream,0,0,depth+color,0,-482,4843,1788587105983427
cross_stream,0,0,depth+color,-1,-478,5145,1788587106016927
cross_stream,0,0,depth+color,-1,-472,4852,1788587106050093
cross_stream,0,0,depth+color,-1,-466,5116,1788587106083570
cross_stream,0,0,depth+color,0,-461,5025,1788587106116930
cross_stream,0,0,depth+color,-1,-459,4695,1788587106150117
cross_stream,0,0,depth+color,-1,-457,4676,1788587106183408
cross_stream,0,0,depth+color,0,-450,4994,1788587106216890
cross_stream,0,0,depth+color,-1,-446,4836,1788587106250214
cross_stream,0,0,depth+color,-1,-444,4774,1788587106283538
cross_stream,0,0,depth+color,-1,-440,4822,1788587106316898
cross_stream,0,0,depth+color,-1,-437,4670,1788587106350237
cross_stream,0,0,depth+color,-1,-434,4733,1788587106383438
cross_stream,0,0,depth+color,-1,-430,4750,1788587106416787
cross_stream,0,0,depth+color,-1,-426,4916,1788587106450146
cross_stream,0,0,depth+color,-1,-423,4864,1788587106483443
cross_stream,0,0,depth+color,-1,-420,4738,1788587106516760
cross_stream,0,0,depth+color,-1,-417,4664,1788587106550091
cross_stream,0,0,depth+color,-1,-414,4870,1788587106583423
cross_stream,0,0,depth+color,-1,-407,5127,1788587106616899
cross_stream,0,0,depth+color,-1,-404,4679,1788587106650116
cross_stream,0,0,depth+color,-1,-403,4734,1788587106683455
cross_stream,0,0,depth+color,0,-396,4910,1788587106716804
cross_stream,0,0,depth+color,-1,-393,5010,1788587106750261
cross_stream,0,0,depth+color,-1,-391,4754,1788587106783462
cross_stream,0,0,depth+color,-1,-387,4865,1788587106816759
cross_stream,0,0,depth+color,-1,-382,4884,1788587106850105
cross_stream,0,0,depth+color,0,-378,4828,1788587106883411
cross_stream,0,0,depth+color,-1,-378,4677,1788587106916769
cross_stream,0,0,depth+color,-1,-376,4850,1788587106950107
cross_stream,0,0,depth+color,-1,-370,5047,1788587106983464
cross_stream,0,0,depth+color,-1,-367,4905,1788587107016815
cross_stream,0,0,depth+color,0,-361,5017,1788587107050124
cross_stream,0,0,depth+color,-1,-357,4885,1788587107083449
cross_stream,0,0,depth+color,-1,-355,4737,1788587107116802
cross_stream,0,0,depth+color,-1,-352,4530,1788587107150108
cross_stream,0,0,depth+color,-1,-349,5065,1788587107183641
cross_stream,0,0,depth+color,-1,-345,4846,1788587107216761
cross_stream,0,0,depth+color,-1,-343,4702,1788587107250121
cross_stream,0,0,depth+color,-1,-339,5008,1788587107283584
cross_stream,0,0,depth+color,-1,-336,4907,1788587107316811
cross_stream,0,0,depth+color,-1,-333,4709,1788587107350104
cross_stream,0,0,depth+color,0,-328,4869,1788587107383539
cross_stream,0,0,depth+color,-1,-326,4882,1788587107416805
cross_stream,0,0,depth+color,0,-323,4742,1788587107450115
cross_stream,0,0,depth+color,-1,-320,4846,1788587107483547
cross_stream,0,0,depth+color,-1,-317,4897,1788587107516775
cross_stream,0,0,depth+color,-1,-314,4737,1788587107550125
cross_stream,0,0,depth+color,0,-309,5093,1788587107583543
cross_stream,0,0,depth+color,0,-306,4890,1788587107616778
cross_stream,0,0,depth+color,0,-302,5115,1788587107650210
cross_stream,0,0,depth+color,-1,-298,4810,1788587107683531
cross_stream,0,0,depth+color,-1,-297,4736,1788587107716768
cross_stream,0,0,depth+color,-1,-296,4732,1788587107750112
cross_stream,0,0,depth+color,-1,-293,4859,1788587107783608
cross_stream,0,0,depth+color,0,-289,4739,1788587107816783
cross_stream,0,0,depth+color,0,-284,4879,1788587107850109
cross_stream,0,0,depth+color,-1,-284,4892,1788587107883438
cross_stream,0,0,depth+color,0,-278,4866,1788587107916961
cross_stream,0,0,depth+color,-1,-279,4867,1788587107950116
cross_stream,0,0,depth+color,0,-274,4848,1788587107983407
cross_stream,0,0,depth+color,-1,-271,5001,1788587108016897
cross_stream,0,0,depth+color,-1,-268,4879,1788587108050135
cross_stream,0,0,depth+color,-1,-265,5006,1788587108083455
cross_stream,0,0,depth+color,-1,-260,5165,1788587108116931
cross_stream,0,0,depth+color,-1,-258,4537,1788587108150094
cross_stream,0,0,depth+color,-1,-257,4673,1788587108183423
cross_stream,0,0,depth+color,0,-253,5028,1788587108216802
cross_stream,0,0,depth+color,0,-250,4699,1788587108250084
cross_stream,0,0,depth+color,-1,-248,4863,1788587108283427
cross_stream,0,0,depth+color,-1,-248,4695,1788587108316759
cross_stream,0,0,depth+color,-1,-244,4903,1788587108350121
cross_stream,0,0,depth+color,-1,-240,4858,1788587108383408
cross_stream,0,0,depth+color,-1,-239,4815,1788587108416896
cross_stream,0,0,depth+color,0,-236,4655,1788587108450106
cross_stream,0,0,depth+color,-1,-237,4732,1788587108483437
cross_stream,0,0,depth+color,-1,-235,4724,1788587108516764
cross_stream,0,0,depth+color,-1,-232,4726,1788587108550115
cross_stream,0,0,depth+color,-1,-230,4854,1788587108583546
cross_stream,0,0,depth+color,-1,-229,4683,1788587108616821
cross_stream,0,0,depth+color,-1,-227,4731,1788587108650106
cross_stream,0,0,depth+color,-1,-224,4960,1788587108683549
cross_stream,0,0,depth+color,-1,-221,4916,1788587108716914
cross_stream,0,0,depth+color,-1,-219,4802,1788587108750235
cross_stream,0,0,depth+color,-1,-217,4749,1788587108783440
cross_stream,0,0,depth+color,-1,-216,4764,1788587108816801
cross_stream,0,0,depth+color,-1,-213,4905,1788587108850274
cross_stream,0,0,depth+color,-1,-210,4875,1788587108883457
cross_stream,0,0,depth+color,-1,-208,4762,1788587108916781
cross_stream,0,0,depth+color,0,-204,5023,1788587108950270
cross_stream,0,0,depth+color,-1,-203,4622,1788587108983425
cross_stream,0,0,depth+color,0,-199,4871,1788587109016766
cross_stream,0,0,depth+color,-1,-200,4817,1788587109050098
cross_stream,0,0,depth+color,-1,-197,5046,1788587109083599
cross_stream,0,0,depth+color,-1,-192,5048,1788587109116804
cross_stream,0,0,depth+color,0,-190,4737,1788587109150126
cross_stream,0,0,depth+color,-1,-190,4895,1788587109183466
cross_stream,0,0,depth+color,0,-184,4904,1788587109216801
cross_stream,0,0,depth+color,-1,-183,4792,1788587109250220
cross_stream,0,0,depth+color,-1,-180,4994,1788587109283580
cross_stream,0,0,depth+color,-1,-179,4902,1788587109316807
cross_stream,0,0,depth+color,-1,-177,4827,1788587109350206
cross_stream,0,0,depth+color,-1,-175,4789,1788587109383459
cross_stream,0,0,depth+color,-1,-172,4719,1788587109416760
cross_stream,0,0,depth+color,0,-169,4911,1788587109450265
cross_stream,0,0,depth+color,-1,-169,4874,1788587109483582
cross_stream,0,0,depth+color,-1,-165,4933,1788587109516935
cross_stream,0,0,depth+color,0,-163,4898,1788587109550272
cross_stream,0,0,depth+color,-1,-160,5008,1788587109583431
cross_stream,0,0,depth+color,-1,-160,4502,1788587109616801
cross_stream,0,0,depth+color,-1,-159,4998,1788587109650099
cross_stream,0,0,depth+color,0,-153,4969,1788587109683424
cross_stream,0,0,depth+color,0,-153,4551,1788587109716800
cross_stream,0,0,depth+color,-1,-153,4775,1788587109750128
cross_stream,0,0,depth+color,-1,-152,4893,1788587109783443
cross_stream,0,0,depth+color,-1,-149,4919,1788587109816815
cross_stream,0,0,depth+color,-1,-147,4860,1788587109850119
cross_stream,0,0,depth+color,-1,-144,4994,1788587109883428
cross_stream,0,0,depth+color,-1,-142,4887,1788587109916773
cross_stream,0,0,depth+color,-1,-140,4715,1788587109950103
cross_stream,0,0,depth+color,-1,-139,4854,1788587109983412
cross_stream,0,0,depth+color,-1,-136,4795,1788587110016794
cross_stream,0,0,depth+color,-1,-134,4941,1788587110050172
cross_stream,0,0,depth+color,-1,-133,4631,1788587110083474
cross_stream,0,0,depth+color,-1,-131,4991,1788587110116892
cross_stream,0,0,depth+color,-1,-127,4959,1788587110150076
cross_stream,0,0,depth+color,-1,-127,4862,1788587110183421
cross_stream,0,0,depth+color,-1,-122,5171,1788587110216972
cross_stream,0,0,depth+color,-1,-120,4961,1788587110250218
cross_stream,0,0,depth+color,-1,-119,4721,1788587110283412
cross_stream,0,0,depth+color,0,-115,5037,1788587110316922
cross_stream,0,0,depth+color,0,-112,4992,1788587110350227
cross_stream,0,0,depth+color,-1,-109,5019,1788587110383592
cross_stream,0,0,depth+color,-1,-105,5198,1788587110416952
cross_stream,0,0,depth+color,0,-104,4905,1788587110450134
cross_stream,0,0,depth+color,-1,-103,4842,1788587110483433
cross_stream,0,0,depth+color,-1,-101,5045,1788587110516957
cross_stream,0,0,depth+color,-1,-100,4833,1788587110550245
cross_stream,0,0,depth+color,-1,-95,5036,1788587110583469
cross_stream,0,0,depth+color,-1,-93,4957,1788587110616888
cross_stream,0,0,depth+color,-1,-92,5046,1788587110650149
cross_stream,0,0,depth+color,-1,-87,5025,1788587110683457
cross_stream,0,0,depth+color,-1,-85,5027,1788587110716943
cross_stream,0,0,depth+color,-1,-84,4648,1788587110750098
cross_stream,0,0,depth+color,-1,-84,4843,1788587110783431
cross_stream,0,0,depth+color,-1,-81,5020,1788587110816957
cross_stream,0,0,depth+color,0,-79,4883,1788587110850123
cross_stream,0,0,depth+color,-1,-76,4840,1788587110883454
cross_stream,0,0,depth+color,-1,-75,4855,1788587110916766
cross_stream,0,0,depth+color,-1,-74,4840,1788587110950104
cross_stream,0,0,depth+color,-1,-71,5052,1788587110983478
cross_stream,0,0,depth+color,-1,-69,4982,1788587111016793
cross_stream,0,0,depth+color,-1,-68,4849,1788587111050128
cross_stream,0,0,depth+color,-1,-65,5007,1788587111083601
cross_stream,0,0,depth+color,-1,-63,4938,1788587111116823
cross_stream,0,0,depth+color,-1,-61,4962,1788587111150225
cross_stream,0,0,depth+color,0,-57,5139,1788587111183564
cross_stream,0,0,depth+color,-1,-54,5196,1788587111216953
cross_stream,0,0,depth+color,-1,-51,5183,1788587111250431
cross_stream,0,0,depth+color,-1,-48,4961,1788587111283727
cross_stream,0,0,depth+color,-1,-48,4784,1788587111316815
cross_stream,0,0,depth+color,-1,-48,4864,1788587111350097
cross_stream,0,0,depth+color,0,-44,4861,1788587111383455
cross_stream,0,0,depth+color,-1,-43,4902,1788587111416819
cross_stream,0,0,depth+color,-1,-41,4856,1788587111450088
cross_stream,0,0,depth+color,-1,-41,4743,1788587111483480
cross_stream,0,0,depth+color,-1,-42,4643,1788587111516776
cross_stream,0,0,depth+color,-1,-41,4731,1788587111550148
cross_stream,0,0,depth+color,-1,-40,4758,1788587111583431
cross_stream,0,0,depth+color,0,-38,4896,1788587111616804
cross_stream,0,0,depth+color,-1,-37,4974,1788587111650088
cross_stream,0,0,depth+color,-1,-35,4896,1788587111683459
cross_stream,0,0,depth+color,0,-33,4745,1788587111716800
cross_stream,0,0,depth+color,0,-32,4856,1788587111750103
cross_stream,0,0,depth+color,-1,-33,4757,1788587111783458
cross_stream,0,0,depth+color,0,-31,4746,1788587111816781
cross_stream,0,0,depth+color,0,-30,4791,1788587111850144
cross_stream,0,0,depth+color,-1,-30,4739,1788587111883481
cross_stream,0,0,depth+color,-1,-31,4717,1788587111916809
cross_stream,0,0,depth+color,-1,-29,4849,1788587111950096
cross_stream,0,0,depth+color,-1,-27,4906,1788587111983440
cross_stream,0,0,depth+color,-1,-28,4750,1788587112016777
cross_stream,0,0,depth+color,0,-26,4691,1788587112050115
cross_stream,0,0,depth+color,-1,-26,4906,1788587112083469
cross_stream,0,0,depth+color,-1,-25,4811,1788587112116823
cross_stream,0,0,depth+color,0,-23,4883,1788587112150140
cross_stream,0,0,depth+color,0,-22,4870,1788587112183446
cross_stream,0,0,depth+color,-1,-20,4900,1788587112216796
cross_stream,0,0,depth+color,-1,-17,4875,1788587112250100
cross_stream,0,0,depth+color,-1,-20,4650,1788587112283414
cross_stream,0,0,depth+color,-1,-19,4628,1788587112316774
cross_stream,0,0,depth+color,-1,-21,4689,1788587112350095
cross_stream,0,0,depth+color,-1,-21,4569,1788587112383466
cross_stream,0,0,depth+color,0,-19,4619,1788587112416798
cross_stream,0,0,depth+color,0,-20,4742,1788587112450126
cross_stream,0,0,depth+color,0,-21,4526,1788587112483480
cross_stream,0,0,depth+color,0,-22,4705,1788587112516774
cross_stream,0,0,depth+color,-1,-21,4768,1788587112550158
cross_stream,0,0,depth+color,-1,-21,4677,1788587112583463
cross_stream,0,0,depth+color,-1,-22,4693,1788587112616772
cross_stream,0,0,depth+color,0,-18,4868,1788587112650120
cross_stream,0,0,depth+color,0,-19,4738,1788587112683472
cross_stream,0,0,depth+color,-1,-20,4756,1788587112716827
cross_stream,0,0,depth+color,0,-18,4797,1788587112750155
cross_stream,0,0,depth+color,-1,-15,5045,1788587112783602
cross_stream,0,0,depth+color,-1,-15,4876,1788587112816774
cross_stream,0,0,depth+color,-1,-14,4686,1788587112850150
cross_stream,0,0,depth+color,-1,-14,4784,1788587112883469
cross_stream,0,0,depth+color,-1,-14,4644,1788587112916781
cross_stream,0,0,depth+color,0,-12,4857,1788587112950118
cross_stream,0,0,depth+color,-1,-11,5026,1788587112983440
cross_stream,0,0,depth+color,-1,-11,4701,1788587113016786
cross_stream,0,0,depth+color,-1,-10,4767,1788587113050142
cross_stream,0,0,depth+color,0,-8,4751,1788587113083459
cross_stream,0,0,depth+color,-1,-10,4769,1788587113116803
cross_stream,0,0,depth+color,-1,-7,4909,1788587113150142
cross_stream,0,0,depth+color,-1,-5,5013,1788587113183474
cross_stream,0,0,depth+color,-1,-4,5033,1788587113216813
cross_stream,0,0,depth+color,-1,-3,4839,1788587113250088
cross_stream,0,0,depth+color,0,-1,4845,1788587113283438
cross_stream,0,0,depth+color,-1,-1,4894,1788587113316799
cross_stream,0,0,depth+color,-1,-1,4808,1788587113350250
cross_stream,0,0,depth+color,-1,1,4692,1788587113383454
cross_stream,0,0,depth+color,0,0,4681,1788587113416753
cross_stream,0,0,depth+color,-1,1,5031,1788587113450260
cross_stream,0,0,depth+color,0,5,4995,1788587113483561
cross_stream,0,0,depth+color,-1,7,5027,1788587113516936
cross_stream,0,0,depth+color,0,6,4721,1788587113550120
cross_stream,0,0,depth+color,-1,6,4717,1788587113583433
cross_stream,0,0,depth+color,-1,7,4773,1788587113616788
cross_stream,0,0,depth+color,-1,8,4752,1788587113650120
cross_stream,0,0,depth+color,-1,8,4868,1788587113683460
cross_stream,0,0,depth+color,-1,11,5128,1788587113716930
cross_stream,0,0,depth+color,-1,11,4803,1788587113750093
cross_stream,0,0,depth+color,-1,13,4855,1788587113783423
cross_stream,0,0,depth+color,-1,11,4780,1788587113816946
cross_stream,0,0,depth+color,-1,14,4847,1788587113850262
cross_stream,0,0,depth+color,-1,15,4901,1788587113883615
cross_stream,0,0,depth+color,-1,16,4923,1788587113916801
cross_stream,0,0,depth+color,-1,16,4679,1788587113950095
cross_stream,0,0,depth+color,-1,17,4882,1788587113983452
cross_stream,0,0,depth+color,-1,17,4699,1788587114016782
cross_stream,0,0,depth+color,0,18,4742,1788587114050114
cross_stream,0,0,depth+color,-1,18,4698,1788587114083467
cross_stream,0,0,depth+color,-1,19,4897,1788587114116773
cross_stream,0,0,depth+color,-1,18,4939,1788587114150161
cross_stream,0,0,depth+color,-1,21,4882,1788587114183442
cross_stream,0,0,depth+color,-1,20,4876,1788587114216783
cross_stream,0,0,depth+color,-1,23,5012,1788587114250268
cross_stream,0,0,depth+color,-1,23,4682,1788587114283415
cross_stream,0,0,depth+color,0,25,4696,1788587114316779
cross_stream,0,0,depth+color,0,25,4845,1788587114350095
cross_stream,0,0,depth+color,-1,24,4775,1788587114383455
cross_stream,0,0,depth+color,-1,25,4860,1788587114416775
cross_stream,0,0,depth+color,0,27,4898,1788587114450137
cross_stream,0,0,depth+color,0,28,4700,1788587114483467
cross_stream,0,0,depth+color,0,28,4993,1788587114516756
cross_stream,0,0,depth+color,0,30,4908,1788587114550140
cross_stream,0,0,depth+color,-1,31,4841,1788587114583432
cross_stream,0,0,depth+color,0,30,4718,1788587114616772
cross_stream,0,0,depth+color,0,32,4882,1788587114650115
cross_stream,0,0,depth+color,0,31,4741,1788587114683466
cross_stream,0,0,depth+color,0,33,4887,1788587114716779
cross_stream,0,0,depth+color,-1,34,4885,1788587114750141
cross_stream,0,0,depth+color,0,35,5056,1788587114783475
cross_stream,0,0,depth+color,-1,36,5023,1788587114816778
cross_stream,0,0,depth+color,-1,37,4739,1788587114850157
cross_stream,0,0,depth+color,0,37,4661,1788587114883418
cross_stream,0,0,depth+color,0,36,4566,1788587114916773
cross_stream,0,0,depth+color,-1,36,5014,1788587114950115
cross_stream,0,0,depth+color,-1,39,4871,1788587114983444
cross_stream,0,0,depth+color,-1,38,4675,1788587115016798
cross_stream,0,0,depth+color,-1,37,4755,1788587115050120
cross_stream,0,0,depth+color,0,39,4863,1788587115083578
cross_stream,0,0,depth+color,0,40,4664,1788587115116788
cross_stream,0,0,depth+color,0,39,4760,1788587115150134
cross_stream,0,0,depth+color,-1,39,4861,1788587115183599
cross_stream,0,0,depth+color,0,43,5155,1788587115216926
cross_stream,0,0,depth+color,-1,43,4831,1788587115250259
cross_stream,0,0,depth+color,-1,46,5162,1788587115283606
cross_stream,0,0,depth+color,-1,46,4919,1788587115316793
cross_stream,0,0,depth+color,-1,46,4695,1788587115350133
cross_stream,0,0,depth+color,0,46,4646,1788587115383466
cross_stream,0,0,depth+color,-1,46,4741,1788587115416792
cross_stream,0,0,depth+color,-1,46,4906,1788587115450162
cross_stream,0,0,depth+color,-1,46,4802,1788587115483511
cross_stream,0,0,depth+color,-1,46,4833,1788587115516907
cross_stream,0,0,depth+color,-1,47,4746,1788587115550175
cross_stream,0,0,depth+color,0,48,4767,1788587115583489
cross_stream,0,0,depth+color,0,47,4722,1788587115616829
cross_stream,0,0,depth+color,-1,47,4772,1788587115650136
cross_stream,0,0,depth+color,-1,48,4871,1788587115683465
cross_stream,0,0,depth+color,-1,50,4882,1788587115716795
cross_stream,0,0,depth+color,-1,49,4801,1788587115750254
cross_stream,0,0,depth+color,-1,50,4786,1788587115783459
cross_stream,0,0,depth+color,-1,50,4916,1788587115816809
cross_stream,0,0,depth+color,0,52,4989,1788587115850249
cross_stream,0,0,depth+color,0,54,4989,1788587115883573
cross_stream,0,0,depth+color,-1,54,4853,1788587115916926
cross_stream,0,0,depth+color,-1,56,5058,1788587115950304
cross_stream,0,0,depth+color,0,58,4927,1788587115983475
cross_stream,0,0,depth+color,0,58,4876,1788587116016788
cross_stream,0,0,depth+color,-1,61,5074,1788587116050181
cross_stream,0,0,depth+color,-1,61,4902,1788587116083448
cross_stream,0,0,depth+color,0,63,4911,1788587116116784
cross_stream,0,0,depth+color,-1,63,4996,1788587116150106
cross_stream,0,0,depth+color,-1,65,5033,1788587116183476
cross_stream,0,0,depth+color,-1,67,5036,1788587116216815
cross_stream,0,0,depth+color,-1,70,5048,1788587116250274
cross_stream,0,0,depth+color,-1,69,4754,1788587116283466
cross_stream,0,0,depth+color,-1,70,5036,1788587116316804
cross_stream,0,0,depth+color,-1,71,4916,1788587116350140
cross_stream,0,0,depth+color,0,72,4701,1788587116383452
cross_stream,0,0,depth+color,-1,73,4897,1788587116416819
cross_stream,0,0,depth+color,0,72,4855,1788587116450102
cross_stream,0,0,depth+color,-1,73,4738,1788587116483437
cross_stream,0,0,depth+color,0,76,5055,1788587116516811
cross_stream,0,0,depth+color,-1,74,4722,1788587116550118
cross_stream,0,0,depth+color,-1,74,4809,1788587116583494
cross_stream,0,0,depth+color,-1,76,4894,1788587116616787
cross_stream,0,0,depth+color,0,77,4893,1788587116650130
cross_stream,0,0,depth+color,0,78,4996,1788587116683443
cross_stream,0,0,depth+color,-1,79,5065,1788587116716825
cross_stream,0,0,depth+color,-1,78,4868,1788587116750111
cross_stream,0,0,depth+color,0,81,5013,1788587116783451
cross_stream,0,0,depth+color,-1,82,4869,1788587116816791
cross_stream,0,0,depth+color,-1,82,5023,1788587116850122
cross_stream,0,0,depth+color,-1,82,4762,1788587116883446
cross_stream,0,0,depth+color,-1,83,4735,1788587116916807
cross_stream,0,0,depth+color,-1,84,4847,1788587116950122
cross_stream,0,0,depth+color,0,83,4871,1788587116983431
cross_stream,0,0,depth+color,0,86,4925,1788587117016813
cross_stream,0,0,depth+color,0,85,4867,1788587117050097
cross_stream,0,0,depth+color,-1,88,5139,1788587117083595
cross_stream,0,0,depth+color,-1,90,5078,1788587117116972
cross_stream,0,0,depth+color,-1,91,4855,1788587117150085
cross_stream,0,0,depth+color,-1,90,4869,1788587117183571
cross_stream,0,0,depth+color,0,93,5147,1788587117216930
cross_stream,0,0,depth+color,-1,94,4994,1788587117250119
cross_stream,0,0,depth+color,-1,93,4891,1788587117283469
cross_stream,0,0,depth+color,-1,96,5058,1788587117316821
cross_stream,0,0,depth+color,-1,96,4816,1788587117350239
cross_stream,0,0,depth+color,-1,96,4716,1788587117383450
cross_stream,0,0,depth+color,-1,97,4789,1788587117416809
cross_stream,0,0,depth+color,0,98,4882,1788587117450273
cross_stream,0,0,depth+color,-1,98,5121,1788587117483562
cross_stream,0,0,depth+color,-1,98,4836,1788587117516928
cross_stream,0,0,depth+color,-1,99,4866,1788587117550142
cross_stream,0,0,depth+color,-1,100,4907,1788587117583477
cross_stream,0,0,depth+color,-1,100,4725,1788587117616830
cross_stream,0,0,depth+color,-1,100,4772,1788587117650161
cross_stream,0,0,depth+color,-1,98,4746,1788587117683437
cross_stream,0,0,depth+color,-1,100,4917,1788587117716830
cross_stream,0,0,depth+color,-1,99,4770,1788587117750161
cross_stream,0,0,depth+color,-1,99,4862,1788587117783453
cross_stream,0,0,depth+color,-1,100,4856,1788587117816919
cross_stream,0,0,depth+color,-1,101,4984,1788587117850096
cross_stream,0,0,depth+color,0,103,4990,1788587117883436
cross_stream,0,0,depth+color,-1,102,4724,1788587117916941
cross_stream,0,0,depth+color,0,105,5160,1788587117950280
cross_stream,0,0,depth+color,-1,107,5139,1788587117983558
cross_stream,0,0,depth+color,-1,106,4723,1788587118016818
cross_stream,0,0,depth+color,-1,106,4731,1788587118050115
cross_stream,0,0,depth+color,0,107,4924,1788587118083481
cross_stream,0,0,depth+color,-1,106,4787,1788587118116820
cross_stream,0,0,depth+color,-1,108,4887,1788587118150169
cross_stream,0,0,depth+color,-1,106,4684,1788587118183431
cross_stream,0,0,depth+color,0,108,4889,1788587118216801
cross_stream,0,0,depth+color,0,108,4882,1788587118250148
cross_stream,0,0,depth+color,0,108,4847,1788587118283435
cross_stream,0,0,depth+color,-1,107,4884,1788587118316799
cross_stream,0,0,depth+color,-1,108,4896,1788587118350135
cross_stream,0,0,depth+color,0,108,4715,1788587118383459
cross_stream,0,0,depth+color,-1,107,4686,1788587118416783
cross_stream,0,0,depth+color,-1,106,4665,1788587118450259
cross_stream,0,0,depth+color,-1,104,4631,1788587118483432
cross_stream,0,0,depth+color,-1,105,4733,1788587118516816
cross_stream,0,0,depth+color,-1,103,4715,1788587118550155
cross_stream,0,0,depth+color,-1,103,4665,1788587118583420
cross_stream,0,0,depth+color,-1,101,4860,1788587118616783
cross_stream,0,0,depth+color,0,104,4768,1788587118650149
cross_stream,0,0,depth+color,-1,101,4704,1788587118683462
cross_stream,0,0,depth+color,-1,102,4875,1788587118716783
cross_stream,0,0,depth+color,-1,102,4710,1788587118750131
cross_stream,1,1,depth+color,0,1,4916,1788587088783465
cross_stream,1,1,depth+color,-1,-1,4809,1788587088816773
cross_stream,1,1,depth+color,-1,-2,4993,1788587088850111
cross_stream,1,1,depth+color,-1,-2,4882,1788587088883478
cross_stream,1,1,depth+color,0,0,4885,1788587088916804
cross_stream,1,1,depth+color,0,1,4843,1788587088950109
cross_stream,1,1,depth+color,-1,-1,4988,1788587088983419
cross_stream,1,1,depth+color,-1,0,4853,1788587089016762
cross_stream,1,1,depth+color,-1,-1,4995,1788587089050129
cross_stream,1,1,depth+color,0,0,4977,1788587089083447
cross_stream,1,1,depth+color,0,257,4846,1788587089116779
cross_stream,1,1,depth+color,-1,-1,4930,1788587089150093
cross_stream,1,1,depth+color,-1,-1,5020,1788587089183463
cross_stream,1,1,depth+color,0,0,4986,1788587089216764
cross_stream,1,1,depth+color,-1,-1,4803,1788587089250250
cross_stream,1,1,depth+color,-1,-2,4843,1788587089283419
cross_stream,1,1,depth+color,-1,-1,4720,1788587089316797
cross_stream,1,1,depth+color,-1,-1,4861,1788587089350123
cross_stream,1,1,depth+color,-1,0,4877,1788587089383470
cross_stream,1,1,depth+color,-1,0,4737,1788587089416785
cross_stream,1,1,depth+color,-1,-1,4886,1788587089450134
cross_stream,1,1,depth+color,-1,-2,4843,1788587089483429
cross_stream,1,1,depth+color,-1,-1,4806,1788587089516883
cross_stream,1,1,depth+color,-1,-1,4692,1788587089550114
cross_stream,1,1,depth+color,-1,-2,4734,1788587089583426
cross_stream,1,1,depth+color,-1,-1,4974,1788587089616775
cross_stream,1,1,depth+color,-1,-1,5091,1788587089650238
cross_stream,1,1,depth+color,-1,-1,4961,1788587089683426
cross_stream,1,1,depth+color,0,1,5029,1788587089716803
cross_stream,1,1,depth+color,-1,-2,4817,1788587089750088
cross_stream,1,1,depth+color,-1,-1,4722,1788587089783423
cross_stream,1,1,depth+color,-1,-2,4990,1788587089816772
cross_stream,1,1,depth+color,0,0,4691,1788587089850123
cross_stream,1,1,depth+color,-1,-1,4819,1788587089883408
cross_stream,1,1,depth+color,-1,-2,4968,1788587089916776
cross_stream,1,1,depth+color,-1,-1,4949,1788587089950084
cross_stream,1,1,depth+color,0,0,4880,1788587089983460
cross_stream,1,1,depth+color,-1,0,5111,1788587090016898
cross_stream,1,1,depth+color,-1,-1,4869,1788587090050105
cross_stream,1,1,depth+color,-1,0,4969,1788587090083417
cross_stream,1,1,depth+color,-1,-1,5001,1788587090116790
cross_stream,1,1,depth+color,-1,-1,4839,1788587090150126
cross_stream,1,1,depth+color,-1,1,4683,1788587090183539
cross_stream,1,1,depth+color,-1,0,4960,1788587090216765
cross_stream,1,1,depth+color,-1,-2,4825,1788587090250256
cross_stream,1,1,depth+color,0,-1,4907,1788587090283475
cross_stream,1,1,depth+color,-1,-1,5007,1788587090316799
cross_stream,1,1,depth+color,-1,-2,4865,1788587090350140
cross_stream,1,1,depth+color,-1,0,5014,1788587090383449
cross_stream,1,1,depth+color,-1,-1,5000,1788587090416785
cross_stream,1,1,depth+color,0,-1,4895,1788587090450148
cross_stream,1,1,depth+color,0,0,4965,1788587090483437
cross_stream,1,1,depth+color,-1,-2,4986,1788587090516793
cross_stream,1,1,depth+color,-1,0,4860,1788587090550147
cross_stream,1,1,depth+color,-1,0,4854,1788587090583435
cross_stream,1,1,depth+color,-1,-1,4876,1788587090616809
cross_stream,1,1,depth+color,-1,0,5022,1788587090650157
cross_stream,1,1,depth+color,-1,0,5034,1788587090683471
cross_stream,1,1,depth+color,0,-1,5041,1788587090716807
cross_stream,1,1,depth+color,-1,-1,5210,1788587090750345
cross_stream,1,1,depth+color,-1,-1,4854,1788587090783447
cross_stream,1,1,depth+color,0,0,4858,1788587090816768
cross_stream,1,1,depth+color,-1,-2,4846,1788587090850104
cross_stream,1,1,depth+color,-1,-2,4974,1788587090883581
cross_stream,1,1,depth+color,-1,-1,4843,1788587090916781
cross_stream,1,1,depth+color,-1,-2,5014,1788587090950140
cross_stream,1,1,depth+color,-1,0,4859,1788587090983431
cross_stream,1,1,depth+color,-1,-1,4977,1788587091016775
cross_stream,1,1,depth+color,-1,-2,4864,1788587091050109
cross_stream,1,1,depth+color,0,0,5101,1788587091083553
cross_stream,1,1,depth+color,0,0,5013,1788587091116778
cross_stream,1,1,depth+color,-1,-1,4988,1788587091150123
cross_stream,1,1,depth+color,0,0,4820,1788587091183428
cross_stream,1,1,depth+color,-1,-1,4879,1788587091216805
cross_stream,1,1,depth+color,0,0,5010,1788587091250120
cross_stream,1,1,depth+color,-1,-1,4901,1788587091283454
cross_stream,1,1,depth+color,0,0,4726,1788587091316775
cross_stream,1,1,depth+color,0,1,4959,1788587091350102
cross_stream,1,1,depth+color,0,0,4995,1788587091383426
cross_stream,1,1,depth+color,0,0,4704,1788587091416798
cross_stream,1,1,depth+color,-1,-1,5011,1788587091450143
cross_stream,1,1,depth+color,-1,-2,5007,1788587091483464
cross_stream,1,1,depth+color,-1,-1,4771,1788587091516790
cross_stream,1,1,depth+color,0,0,5017,1788587091550137
cross_stream,1,1,depth+color,-1,0,4889,1788587091583438
cross_stream,1,1,depth+color,0,0,4872,1788587091616781
cross_stream,1,1,depth+color,-1,-1,5005,1788587091650113
cross_stream,1,1,depth+color,-1,-1,5006,1788587091683458
cross_stream,1,1,depth+color,-1,1,5030,1788587091716777
cross_stream,1,1,depth+color,-1,-1,5030,1788587091750137
cross_stream,1,1,depth+color,-1,0,4848,1788587091783425
cross_stream,1,1,depth+color,-1,0,4886,1788587091816807
cross_stream,1,1,depth+color,-1,-1,4878,1788587091850143
cross_stream,1,1,depth+color,-1,0,4690,1788587091883447
cross_stream,1,1,depth+color,0,0,4890,1788587091916778
cross_stream,1,1,depth+color,-1,-2,5002,1788587091950126
cross_stream,1,1,depth+color,-1,0,4870,1788587091983439
cross_stream,1,1,depth+color,-1,-1,4878,1788587092016775
cross_stream,1,1,depth+color,-1,-1,4836,1788587092050114
cross_stream,1,1,depth+color,-1,-1,4705,1788587092083436
cross_stream,1,1,depth+color,0,0,4732,1788587092116809
cross_stream,1,1,depth+color,0,-1,4850,1788587092150115
cross_stream,1,1,depth+color,-1,-1,4996,1788587092183433
cross_stream,1,1,depth+color,-1,-1,5055,1788587092216804
cross_stream,1,1,depth+color,-1,-1,5019,1788587092250124
cross_stream,1,1,depth+color,-1,-1,5022,1788587092283456
cross_stream,1,1,depth+color,-1,-1,5577,1788587092317376
cross_stream,1,1,depth+color,-1,0,4847,1788587092350114
cross_stream,1,1,depth+color,0,1,4746,1788587092383427
cross_stream,1,1,depth+color,-1,-1,5424,1788587092417191
cross_stream,1,1,depth+color,-1,-2,4868,1788587092450143
cross_stream,1,1,depth+color,-1,-1,4734,1788587092483418
cross_stream,1,1,depth+color,-1,-1,4768,1788587092516808
cross_stream,1,1,depth+color,-1,-1,4716,1788587092550114
cross_stream,1,1,depth+color,-1,0,4820,1788587092583423
cross_stream,1,1,depth+color,0,1,5026,1788587092616794
cross_stream,1,1,depth+color,-1,-1,5051,1788587092650139
cross_stream,1,1,depth+color,-1,0,4871,1788587092683442
cross_stream,1,1,depth+color,-1,-1,5112,1788587092716889
cross_stream,1,1,depth+color,-1,-1,4870,1788587092750140
cross_stream,1,1,depth+color,-1,-2,4488,1788587092783458
cross_stream,1,1,depth+color,-1,-1,4700,1788587092816774
cross_stream,1,1,depth+color,-1,-1,4738,1788587092850118
cross_stream,1,1,depth+color,-1,-2,4847,1788587092883425
cross_stream,1,1,depth+color,-1,-1,4775,1788587092916893
cross_stream,1,1,depth+color,-1,-1,4706,1788587092950089
cross_stream,1,1,depth+color,0,0,4829,1788587092983422
cross_stream,1,1,depth+color,-1,0,5005,1788587093016896
cross_stream,1,1,depth+color,0,-1,4736,1788587093050124
cross_stream,1,1,depth+color,-1,0,4757,1788587093083470
cross_stream,1,1,depth+color,-1,-1,4910,1788587093116936
cross_stream,1,1,depth+color,-1,-1,4352,1788587093150119
cross_stream,1,1,depth+color,-1,-1,4746,1788587093183462
cross_stream,1,1,depth+color,-1,-1,5007,1788587093216777
cross_stream,1,1,depth+color,-1,-1,4640,1788587093250085
cross_stream,1,1,depth+color,0,0,4984,1788587093283439
cross_stream,1,1,depth+color,-1,-1,4989,1788587093316887
cross_stream,1,1,depth+color,0,1,4661,1788587093350135
cross_stream,1,1,depth+color,-1,-1,4714,1788587093383422
cross_stream,1,1,depth+color,-1,-1,4806,1788587093416882
cross_stream,1,1,depth+color,0,0,4887,1788587093450138
cross_stream,1,1,depth+color,-1,-1,4952,1788587093483424
cross_stream,1,1,depth+color,-1,-1,4881,1788587093516809
cross_stream,1,1,depth+color,0,-1,4835,1788587093550098
cross_stream,1,1,depth+color,-1,-1,4982,1788587093583428
cross_stream,1,1,depth+color,-1,0,5028,1788587093616816
cross_stream,1,1,depth+color,-1,-1,4980,1788587093650118
cross_stream,1,1,depth+color,-1,-1,4850,1788587093683450
cross_stream,1,1,depth+color,-1,-1,5065,1788587093716817
cross_stream,1,1,depth+color,-1,-1,4994,1788587093750093
cross_stream,1,1,depth+color,0,0,5019,1788587093783458
cross_stream,1,1,depth+color,0,0,4700,1788587093816793
cross_stream,1,1,depth+color,-1,-1,4909,1788587093850135
cross_stream,1,1,depth+color,-1,-1,4974,1788587093883418
cross_stream,1,1,depth+color,-1,-1,4936,1788587093916819
cross_stream,1,1,depth+color,0,0,5095,1788587093950217
cross_stream,1,1,depth+color,-1,-2,4837,1788587093983434
cross_stream,1,1,depth+color,0,-1,5008,1788587094016924
cross_stream,1,1,depth+color,-1,0,4886,1788587094050141
cross_stream,1,1,depth+color,-1,-2,4592,1788587094083426
cross_stream,1,1,depth+color,-1,1,4686,1788587094116774
cross_stream,1,1,depth+color,-1,0,4864,1788587094150110
cross_stream,1,1,depth+color,-1,-1,4948,1788587094183771
cross_stream,1,1,depth+color,0,0,4918,1788587094216799
cross_stream,1,1,depth+color,-1,-1,4690,1788587094250137
cross_stream,1,1,depth+color,-1,-1,4986,1788587094283440
cross_stream,1,1,depth+color,-1,-2,5128,1788587094316924
cross_stream,1,1,depth+color,-1,-1,4728,1788587094350113
cross_stream,1,1,depth+color,-1,-1,4890,1788587094383441
cross_stream,1,1,depth+color,0,0,4827,1788587094416757
cross_stream,1,1,depth+color,-1,-2,4980,1788587094450120
cross_stream,1,1,depth+color,-1,-1,4879,1788587094483471
cross_stream,1,1,depth+color,-1,-2,4866,1788587094516797
cross_stream,1,1,depth+color,-1,-1,4968,1788587094550103
cross_stream,1,1,depth+color,0,0,4854,1788587094583430
cross_stream,1,1,depth+color,-1,0,4819,1788587094616918
cross_stream,1,1,depth+color,-1,0,4987,1788587094650141
cross_stream,1,1,depth+color,-1,0,4879,1788587094683483
cross_stream,1,1,depth+color,0,0,5023,1788587094716828
cross_stream,1,1,depth+color,-1,-2,4871,1788587094750143
cross_stream,1,1,depth+color,-1,-1,4990,1788587094783443
cross_stream,1,1,depth+color,-1,-2,5001,1788587094816802
cross_stream,1,1,depth+color,0,0,4827,1788587094850107
cross_stream,1,1,depth+color,0,0,4871,1788587094883442
cross_stream,1,1,depth+color,-1,-1,5119,1788587094916916
cross_stream,1,1,depth+color,-1,-1,4978,1788587094950249
cross_stream,1,1,depth+color,-1,-1,4768,1788587094983464
cross_stream,1,1,depth+color,0,0,5132,1788587095016906
cross_stream,1,1,depth+color,-1,-2,4862,1788587095050134
cross_stream,1,1,depth+color,0,1,5095,1788587095083557
cross_stream,1,1,depth+color,-1,-2,5008,1788587095116803
cross_stream,1,1,depth+color,-1,0,4711,1788587095150159
cross_stream,1,1,depth+color,-1,0,4986,1788587095183464
cross_stream,1,1,depth+color,-1,-1,5018,1788587095216806
cross_stream,1,1,depth+color,-1,-1,4848,1788587095250127
cross_stream,1,1,depth+color,-1,-1,5023,1788587095283475
cross_stream,1,1,depth+color,0,0,5148,1788587095316917
cross_stream,1,1,depth+color,-1,0,5010,1788587095350136
cross_stream,1,1,depth+color,-1,-1,4863,1788587095383438
cross_stream,1,1,depth+color,0,1,5000,1788587095416917
cross_stream,1,1,depth+color,0,1,5110,1788587095450230
cross_stream,1,1,depth+color,-1,-1,4990,1788587095483424
cross_stream,1,1,depth+color,-1,-1,4873,1788587095516768
cross_stream,1,1,depth+color,-1,-2,5014,1788587095550131
cross_stream,1,1,depth+color,-1,-1,5006,1788587095583458
cross_stream,1,1,depth+color,-1,-2,5018,1788587095616812
cross_stream,1,1,depth+color,0,-1,5121,1788587095650256
cross_stream,1,1,depth+color,-1,-2,4707,1788587095683433
cross_stream,1,1,depth+color,-1,-1,5004,1788587095716903
cross_stream,1,1,depth+color,-1,-1,5012,1788587095750143
cross_stream,1,1,depth+color,0,0,4700,1788587095783434
cross_stream,1,1,depth+color,-1,-1,4989,1788587095816779
cross_stream,1,1,depth+color,-1,-1,4826,1788587095850093
cross_stream,1,1,depth+color,-1,-2,4755,1788587095883463
cross_stream,1,1,depth+color,-1,-1,5045,1788587095916941
cross_stream,1,1,depth+color,-1,-2,4898,1788587095950130
cross_stream,1,1,depth+color,-1,-2,5009,1788587095983451
cross_stream,1,1,depth+color,0,0,4866,1788587096016805
cross_stream,1,1,depth+color,-1,0,4987,1788587096050109
cross_stream,1,1,depth+color,0,1,4731,1788587096083434
cross_stream,1,1,depth+color,-1,-1,5008,1788587096116793
cross_stream,1,1,depth+color,-1,0,4834,1788587096150109
cross_stream,1,1,depth+color,-1,-1,4974,1788587096183424
cross_stream,1,1,depth+color,-1,-2,5018,1788587096216813
cross_stream,1,1,depth+color,0,0,5016,1788587096250122
cross_stream,1,1,depth+color,0,0,5303,1788587096283766
cross_stream,1,1,depth+color,-1,-1,4660,1788587096316813
cross_stream,1,1,depth+color,-1,-2,4986,1788587096350128
cross_stream,1,1,depth+color,0,1,5016,1788587096383567
cross_stream,1,1,depth+color,-1,-2,4841,1788587096416766
cross_stream,1,1,depth+color,-1,-1,5082,1788587096450209
cross_stream,1,1,depth+color,-1,-2,4988,1788587096483440
cross_stream,1,1,depth+color,-1,-158,4831,1788587096516762
cross_stream,1,1,depth+color,-1,-313,4884,1788587096550138
cross_stream,1,1,depth+color,0,-465,4888,1788587096583467
cross_stream,1,1,depth+color,0,-618,4851,1788587096616776
cross_stream,1,1,depth+color,0,-770,4894,1788587096650143
cross_stream,1,1,depth+color,-1,-924,4865,1788587096683447
cross_stream,1,1,depth+color,-1,-1073,4856,1788587096716779
cross_stream,1,1,depth+color,-1,-1221,4839,1788587096750102
cross_stream,1,1,depth+color,0,-1369,5008,1788587096783442
cross_stream,1,1,depth+color,-1,-1518,5017,1788587096816794
cross_stream,1,1,depth+color,-1,-1664,4869,1788587096850103
cross_stream,1,1,depth+color,0,-1808,5010,1788587096883453
cross_stream,1,1,depth+color,0,-1951,5178,1788587096916941
cross_stream,1,1,depth+color,-1,-2096,4979,1788587096950093
cross_stream,1,1,depth+color,0,-2238,4984,1788587096983424
cross_stream,1,1,depth+color,-1,-2381,5003,1788587097016803
cross_stream,1,1,depth+color,0,-2521,4857,1788587097050116
cross_stream,1,1,depth+color,-1,-2661,5139,1788587097083584
cross_stream,1,1,depth+color,-1,-2798,4916,1788587097116805
cross_stream,1,1,depth+color,-1,-2936,4834,1788587097150095
cross_stream,1,1,depth+color,-1,-2938,4990,1788587097183413
cross_stream,1,1,depth+color,-1,-2938,5007,1788587097216769
cross_stream,1,1,depth+color,-1,-2940,4893,1788587097250139
cross_stream,1,1,depth+color,-1,-2940,4972,1788587097283420
cross_stream,1,1,depth+color,0,-2942,4855,1788587097316786
cross_stream,1,1,depth+color,0,-2943,4874,1788587097350121
cross_stream,1,1,depth+color,-1,-2945,4984,1788587097383441
cross_stream,1,1,depth+color,0,-2944,4994,1788587097416915
cross_stream,1,1,depth+color,-1,-2947,5022,1788587097450281
cross_stream,1,1,depth+color,-1,-2948,4836,1788587097483423
cross_stream,1,1,depth+color,-1,-2950,4870,1788587097516787
cross_stream,1,1,depth+color,0,-2951,4843,1788587097550092
cross_stream,1,1,depth+color,-1,-2954,4910,1788587097583456
cross_stream,1,1,depth+color,-1,-2955,4898,1788587097616823
cross_stream,1,1,depth+color,-1,-2956,4846,1788587097650098
cross_stream,1,1,depth+color,-1,-2959,4828,1788587097683433
cross_stream,1,1,depth+color,0,-2960,4902,1788587097716812
cross_stream,1,1,depth+color,0,-2960,4977,1788587097750103
cross_stream,1,1,depth+color,0,-2960,5036,1788587097783471
cross_stream,1,1,depth+color,-1,-2962,4996,1788587097816780
cross_stream,1,1,depth+color,-1,-2962,5134,1788587097850229
cross_stream,1,1,depth+color,-1,-2964,4975,1788587097883427
cross_stream,1,1,depth+color,-1,-2963,5028,1788587097916796
cross_stream,1,1,depth+color,-1,-2963,5142,1788587097950240
cross_stream,1,1,depth+color,-1,-2964,5128,1788587097983570
cross_stream,1,1,depth+color,-1,-2963,5094,1788587098016894
cross_stream,1,1,depth+color,-1,-2964,5119,1788587098050253
cross_stream,1,1,depth+color,-1,-2965,4926,1788587098083535
cross_stream,1,1,depth+color,0,-2963,5164,1788587098116949
cross_stream,1,1,depth+color,-1,-2963,5075,1788587098150226
cross_stream,1,1,depth+color,-1,-2963,5148,1788587098183749
cross_stream,1,1,depth+color,-1,-2964,4967,1788587098216914
cross_stream,1,1,depth+color,-1,-2964,5139,1788587098250267
cross_stream,1,1,depth+color,0,-2963,5121,1788587098283717
cross_stream,1,1,depth+color,0,-2962,4961,1788587098316887
cross_stream,1,1,depth+color,-1,-2965,5017,1788587098350272
cross_stream,1,1,depth+color,-1,-2966,5164,1788587098383604
cross_stream,1,1,depth+color,0,-2964,5156,1788587098416961
cross_stream,1,1,depth+color,-1,-2964,5251,1788587098450510
cross_stream,1,1,depth+color,-1,-2963,4950,1788587098483537
cross_stream,1,1,depth+color,-1,-2964,5103,1788587098516885
cross_stream,1,1,depth+color,0,-2964,5085,1788587098550232
cross_stream,1,1,depth+color,-1,-2966,5076,1788587098583547
cross_stream,1,1,depth+color,-1,-2965,5210,1788587098617008
cross_stream,1,1,depth+color,-1,-2965,5220,1788587098650338
cross_stream,1,1,depth+color,-1,-2964,5178,1788587098683637
cross_stream,1,1,depth+color,-1,-2964,5009,1788587098716810
cross_stream,1,1,depth+color,-1,-2965,5024,1788587098750140
cross_stream,1,1,depth+color,-1,-2964,5165,1788587098783611
cross_stream,1,1,depth+color,0,-2963,5031,1788587098816837
cross_stream,1,1,depth+color,-1,-2964,5022,1788587098850170
cross_stream,1,1,depth+color,-1,-2964,5178,1788587098883632
cross_stream,1,1,depth+color,-1,-2964,5004,1788587098916797
cross_stream,1,1,depth+color,0,-2965,4973,1788587098950114
cross_stream,1,1,depth+color,-1,-2966,5007,1788587098983479
cross_stream,1,1,depth+color,0,-2964,5161,1788587099016957
cross_stream,1,1,depth+color,-1,-2966,5022,1788587099050147
cross_stream,1,1,depth+color,-1,-2967,5010,1788587099083474
cross_stream,1,1,depth+color,-1,-2968,5004,1788587099116807
cross_stream,1,1,depth+color,-1,-2970,4877,1788587099150171
cross_stream,1,1,depth+color,-1,-2970,4972,1788587099183438
cross_stream,1,1,depth+color,-1,-2969,4995,1788587099216769
cross_stream,1,1,depth+color,-1,-2971,4805,1788587099250107
cross_stream,1,1,depth+color,-1,-2973,4967,1788587099283431
cross_stream,1,1,depth+color,-1,-2973,5024,1788587099316826
cross_stream,1,1,depth+color,-1,-2973,5194,1788587099350334
cross_stream,1,1,depth+color,-1,-2974,5004,1788587099383456
cross_stream,1,1,depth+color,-1,-2974,4977,1788587099416771
cross_stream,1,1,depth+color,-1,-2976,5018,1788587099450147
cross_stream,1,1,depth+color,-1,-2975,5178,1788587099483623
cross_stream,1,1,depth+color,-1,-2974,5197,1788587099516970
cross_stream,1,1,depth+color,0,-2974,4735,1788587099550247
cross_stream,1,1,depth+color,-1,-2976,5054,1788587099583634
cross_stream,1,1,depth+color,0,-2976,4994,1788587099616785
cross_stream,1,1,depth+color,-1,-2977,4998,1788587099650126
cross_stream,1,1,depth+color,-1,-2978,5012,1788587099683473
cross_stream,1,1,depth+color,-1,-2978,5014,1788587099716804
cross_stream,1,1,depth+color,-1,-2978,5124,1788587099750231
cross_stream,1,1,depth+color,-1,-2979,4975,1788587099783429
cross_stream,1,1,depth+color,-1,-2978,4986,1788587099816785
cross_stream,1,1,depth+color,0,-2978,5071,1788587099850184
cross_stream,1,1,depth+color,-1,-2980,5117,1788587099883577
cross_stream,1,1,depth+color,-1,-2981,4999,1788587099916793
cross_stream,1,1,depth+color,-1,-2980,5092,1788587099950252
cross_stream,1,1,depth+color,-1,-2979,5244,1788587099983696
cross_stream,1,1,depth+color,-1,-2979,5158,1788587100016952
cross_stream,1,1,depth+color,-1,-2978,5111,1788587100050253
cross_stream,1,1,depth+color,-1,-2978,5110,1788587100083582
cross_stream,1,1,depth+color,-1,-2980,5112,1788587100116920
cross_stream,1,1,depth+color,-1,-2978,4820,1788587100150110
cross_stream,1,1,depth+color,0,-2980,5028,1788587100183489
cross_stream,1,1,depth+color,0,-2980,5038,1788587100216823
cross_stream,1,1,depth+color,0,-2980,5035,1788587100250159
cross_stream,1,1,depth+color,-1,-2983,4941,1788587100283426
cross_stream,1,1,depth+color,-1,-2982,5039,1788587100316819
cross_stream,1,1,depth+color,-1,-2983,5020,1788587100350158
cross_stream,1,1,depth+color,0,-2980,5208,1788587100383655
cross_stream,1,1,depth+color,0,-2979,5117,1788587100416931
cross_stream,1,1,depth+color,-1,-2982,5002,1788587100450123
cross_stream,1,1,depth+color,-1,-2982,5111,1788587100483547
cross_stream,1,1,depth+color,-1,-2984,4995,1788587100516911
cross_stream,1,1,depth+color,0,-2982,5131,1788587100550280
cross_stream,1,1,depth+color,-1,-2982,5123,1788587100583581
cross_stream,1,1,depth+color,-1,-2982,5002,1788587100616814
cross_stream,1,1,depth+color,-1,-2983,5033,1788587100650166
cross_stream,1,1,depth+color,-1,-2983,5010,1788587100683453
cross_stream,1,1,depth+color,0,-2982,5025,1788587100716816
cross_stream,1,1,depth+color,-1,-2985,4997,1788587100750131
cross_stream,1,1,depth+color,0,-2983,4983,1788587100783452
cross_stream,1,1,depth+color,0,-2983,5021,1788587100816799
cross_stream,1,1,depth+color,-1,-2987,5039,1788587100850161
cross_stream,1,1,depth+color,-1,-2986,5097,1788587100883566
cross_stream,1,1,depth+color,0,-2986,4884,1788587100916814
cross_stream,1,1,depth+color,-1,-2986,5010,1788587100950141
cross_stream,1,1,depth+color,0,-2986,5158,1788587100983605
cross_stream,1,1,depth+color,-1,-2986,5168,1788587101016975
cross_stream,1,1,depth+color,-1,-2986,5094,1788587101050227
cross_stream,1,1,depth+color,-1,-2987,5138,1788587101083611
cross_stream,1,1,depth+color,-1,-2986,5170,1788587101116969
cross_stream,1,1,depth+color,0,-2984,5014,1788587101150158
cross_stream,1,1,depth+color,-1,-2986,5014,1788587101183456
cross_stream,1,1,depth+color,0,-2986,5032,1788587101216836
cross_stream,1,1,depth+color,0,-2985,5209,1788587101250329
cross_stream,1,1,depth+color,-1,-2985,4996,1788587101283476
cross_stream,1,1,depth+color,-1,-2987,5032,1788587101316823
cross_stream,1,1,depth+color,-1,-2987,4977,1788587101350124
cross_stream,1,1,depth+color,-1,-2986,4976,1788587101383435
cross_stream,1,1,depth+color,-1,-2988,5012,1788587101416962
cross_stream,1,1,depth+color,-1,-2988,5018,1788587101450144
cross_stream,1,1,depth+color,-1,-2990,4994,1788587101483449
cross_stream,1,1,depth+color,-1,-2988,5094,1788587101516897
cross_stream,1,1,depth+color,0,-2989,4953,1788587101550117
cross_stream,1,1,depth+color,0,-2989,4840,1788587101583418
cross_stream,1,1,depth+color,-1,-2993,4975,1788587101616764
cross_stream,1,1,depth+color,-1,-2990,4969,1788587101650113
cross_stream,1,1,depth+color,-1,-2993,4980,1788587101683441
cross_stream,1,1,depth+color,-1,-2994,5001,1788587101716786
cross_stream,1,1,depth+color,0,-2993,4980,1788587101750095
cross_stream,1,1,depth+color,-1,-2995,4992,1788587101783464
cross_stream,1,1,depth+color,0,-2995,4965,1788587101816768
cross_stream,1,1,depth+color,-1,-2996,5023,1788587101850141
cross_stream,1,1,depth+color,-1,-2996,5007,1788587101883456
cross_stream,1,1,depth+color,-1,-2996,5110,1788587101916904
cross_stream,1,1,depth+color,-1,-2995,4943,1788587101950079
cross_stream,1,1,depth+color,0,-2997,4999,1788587101983435
cross_stream,1,1,depth+color,-1,-2998,4991,1788587102016793
cross_stream,1,1,depth+color,-1,-2999,4920,1788587102050079
cross_stream,1,1,depth+color,0,-2999,4974,1788587102083451
cross_stream,1,1,depth+color,-1,-2999,5031,1788587102116811
cross_stream,1,1,depth+color,-1,-3001,4826,1788587102150094
cross_stream,1,1,depth+color,-1,-3001,4964,1788587102183456
cross_stream,1,1,depth+color,0,-3002,4992,1788587102216795
cross_stream,1,1,depth+color,0,-3003,4826,1788587102250096
cross_stream,1,1,depth+color,-1,-3005,4957,1788587102283422
cross_stream,1,1,depth+color,-1,-3005,4985,1788587102316780
cross_stream,1,1,depth+color,-1,-3006,4983,1788587102350128
cross_stream,1,1,depth+color,0,-3005,4962,1788587102383411
cross_stream,1,1,depth+color,-1,-3006,4987,1788587102416763
cross_stream,1,1,depth+color,-1,-3007,4997,1788587102450142
cross_stream,1,1,depth+color,-1,-3008,4982,1788587102483466
cross_stream,1,1,depth+color,-1,-3009,4964,1788587102516754
cross_stream,1,1,depth+color,-1,-3009,4955,1788587102550096
cross_stream,1,1,depth+color,-1,-3011,4955,1788587102583418
cross_stream,1,1,depth+color,-1,-3010,4982,1788587102616773
cross_stream,1,1,depth+color,-1,-3010,5124,1788587102650239
cross_stream,1,1,depth+color,-1,-3010,5114,1788587102683577
cross_stream,1,1,depth+color,-1,-3008,5173,1788587102716952
cross_stream,1,1,depth+color,-1,-3007,5152,1788587102750272
cross_stream,1,1,depth+color,-1,-3007,5068,1788587102783518
cross_stream,1,1,depth+color,0,-3006,5099,1788587102816891
cross_stream,1,1,depth+color,-1,-3006,5168,1788587102850293
cross_stream,1,1,depth+color,-1,-3004,5158,1788587102883577
cross_stream,1,1,depth+color,0,-3005,5141,1788587102916895
cross_stream,1,1,depth+color,-1,-3005,5126,1788587102950245
cross_stream,1,1,depth+color,0,-3005,5090,1788587102983535
cross_stream,1,1,depth+color,-1,-3005,5182,1788587103016968
cross_stream,1,1,depth+color,-1,-3003,5107,1788587103050212
cross_stream,1,1,depth+color,-1,-3003,5107,1788587103083572
cross_stream,1,1,depth+color,-1,-3003,5112,1788587103116893
cross_stream,1,1,depth+color,-1,-3005,4775,1788587103150213
cross_stream,1,1,depth+color,0,-3003,5066,1788587103183517
cross_stream,1,1,depth+color,-1,-3004,5138,1788587103216932
cross_stream,1,1,depth+color,-1,-3006,4809,1788587103250243
cross_stream,1,1,depth+color,-1,-3007,4956,1788587103283537
cross_stream,1,1,depth+color,-1,-3006,5173,1788587103316940
cross_stream,1,1,depth+color,-1,-3006,5000,1788587103350248
cross_stream,1,1,depth+color,-1,-3006,5083,1788587103383505
cross_stream,1,1,depth+color,-1,-3006,5117,1788587103416918
cross_stream,1,1,depth+color,0,-3005,5121,1788587103450251
cross_stream,1,1,depth+color,-1,-3006,4989,1788587103483581
cross_stream,1,1,depth+color,-1,-3005,5152,1788587103516915
cross_stream,1,1,depth+color,0,-3004,5122,1788587103550223
cross_stream,1,1,depth+color,0,-3003,5296,1788587103583885
cross_stream,1,1,depth+color,-1,-3004,4982,1788587103616902
cross_stream,1,1,depth+color,-1,-3004,4957,1788587103650207
cross_stream,1,1,depth+color,-1,-3007,4935,1788587103683500
cross_stream,1,1,depth+color,-1,-3006,4977,1788587103716868
cross_stream,1,1,depth+color,0,-3005,5030,1788587103750244
cross_stream,1,1,depth+color,0,-3005,4944,1788587103783514
cross_stream,1,1,depth+color,-1,-3008,4991,1788587103816892
cross_stream,1,1,depth+color,0,-3007,4991,1788587103850239
cross_stream,1,1,depth+color,-1,-3009,4962,1788587103883531
cross_stream,1,1,depth+color,-1,-3008,5012,1788587103916925
cross_stream,1,1,depth+color,0,-3008,5099,1788587103950239
cross_stream,1,1,depth+color,-1,-3009,4994,1788587103983570
cross_stream,1,1,depth+color,0,-3008,5101,1788587104016902
cross_stream,1,1,depth+color,-1,-3009,5162,1788587104050272
cross_stream,1,1,depth+color,-1,-3009,4914,1788587104083502
cross_stream,1,1,depth+color,-1,-3009,5093,1788587104116883
cross_stream,1,1,depth+color,-1,-3009,4998,1788587104150271
cross_stream,1,1,depth+color,-1,-3010,4993,1788587104183542
cross_stream,1,1,depth+color,-1,-3009,5062,1788587104216966
cross_stream,1,1,depth+color,-1,-3012,4892,1788587104250332
cross_stream,1,1,depth+color,-1,-3010,5223,1788587104283688
cross_stream,1,1,depth+color,-1,-3011,5020,1788587104316930
cross_stream,1,1,depth+color,-1,-3010,5103,1788587104350354
cross_stream,1,1,depth+color,-1,-3009,4999,1788587104383592
cross_stream,1,1,depth+color,-1,-3011,4981,1788587104416900
cross_stream,1,1,depth+color,-1,-3011,5144,1788587104450244
cross_stream,1,1,depth+color,-1,-3011,5122,1788587104483678
cross_stream,1,1,depth+color,-1,-3008,5124,1788587104516906
cross_stream,1,1,depth+color,-1,-3010,5086,1788587104550212
cross_stream,1,1,depth+color,-1,-3008,5100,1788587104583671
cross_stream,1,1,depth+color,0,-3008,5009,1788587104617098
cross_stream,1,1,depth+color,-1,-3009,5087,1788587104650344
cross_stream,1,1,depth+color,0,-3007,4997,1788587104683588
cross_stream,1,1,depth+color,-1,-3009,4987,1788587104716884
cross_stream,1,1,depth+color,0,-3008,5003,1788587104750228
cross_stream,1,1,depth+color,0,-3008,4942,1788587104783534
cross_stream,1,1,depth+color,0,-3010,4983,1788587104816904
cross_stream,1,1,depth+color,-1,-3011,5020,1788587104850253
cross_stream,1,1,depth+color,0,-3008,5278,1788587104883837
cross_stream,1,1,depth+color,-1,-3010,5013,1788587104916925
cross_stream,1,1,depth+color,-1,-3010,5121,1788587104950252
cross_stream,1,1,depth+color,0,-3009,4988,1788587104983536
cross_stream,1,1,depth+color,-1,-3009,5399,1788587105017180
cross_stream,1,1,depth+color,-1,-3008,5236,1788587105050362
cross_stream,1,1,depth+color,-1,-3005,5177,1788587105083759
cross_stream,1,1,depth+color,-1,-3006,5049,1788587105116931
cross_stream,1,1,depth+color,-1,-3006,5218,1788587105150335
cross_stream,1,1,depth+color,-1,-3004,5200,1788587105183662
cross_stream,1,1,depth+color,-1,-3004,5149,1788587105216911
cross_stream,1,1,depth+color,-1,-3004,5031,1788587105250253
cross_stream,1,1,depth+color,-1,-3003,4985,1788587105283571
cross_stream,1,1,depth+color,-1,-3003,5113,1788587105316891
cross_stream,1,1,depth+color,-1,-3004,5124,1788587105350386
cross_stream,1,1,depth+color,-1,-3000,5434,1788587105383865
cross_stream,1,1,depth+color,0,-2998,5338,1788587105417103
cross_stream,1,1,depth+color,-1,-2998,5107,1788587105450246
cross_stream,1,1,depth+color,0,-2998,5112,1788587105483564
cross_stream,1,1,depth+color,-1,-2996,5310,1788587105517071
cross_stream,1,1,depth+color,-1,-2998,5111,1788587105550236
cross_stream,1,1,depth+color,-1,-2996,5117,1788587105583580
cross_stream,1,1,depth+color,-1,-2996,5226,1788587105617171
cross_stream,1,1,depth+color,-1,-2994,5042,1788587105650274
cross_stream,1,1,depth+color,-1,-2994,5099,1788587105683768
cross_stream,1,1,depth+color,0,-2993,5000,1788587105716910
cross_stream,1,1,depth+color,-1,-2997,4973,1788587105750229
cross_stream,1,1,depth+color,-1,-2997,5128,1788587105783554
cross_stream,1,1,depth+color,-1,-2996,5006,1788587105816909
cross_stream,1,1,depth+color,-1,-2996,5049,1788587105850289
cross_stream,1,1,depth+color,-1,-2997,5118,1788587105883672
cross_stream,1,1,depth+color,-1,-2996,5016,1788587105916900
cross_stream,1,1,depth+color,-1,-2997,5174,1788587105950296
cross_stream,1,1,depth+color,-1,-2997,5014,1788587105983459
cross_stream,1,1,depth+color,-1,-2996,5025,1788587106016786
cross_stream,1,1,depth+color,-1,-2997,5022,1788587106050136
cross_stream,1,1,depth+color,0,-2995,5025,1788587106083472
cross_stream,1,1,depth+color,-1,-2997,4991,1788587106116787
cross_stream,1,1,depth+color,-1,-2999,4931,1788587106150174
cross_stream,1,1,depth+color,-1,-2997,5052,1788587106183479
cross_stream,1,1,depth+color,-1,-2999,4881,1788587106216783
cross_stream,1,1,depth+color,-1,-3002,4788,1788587106250154
cross_stream,1,1,depth+color,-1,-3003,4900,1788587106283455
cross_stream,1,1,depth+color,-1,-3004,4894,1788587106316790
cross_stream,1,1,depth+color,-1,-3005,4678,1788587106350116
cross_stream,1,1,depth+color,-1,-3009,4898,1788587106383476
cross_stream,1,1,depth+color,-1,-3008,4951,1788587106416854
cross_stream,1,1,depth+color,-1,-3009,5021,1788587106450144
cross_stream,1,1,depth+color,0,-3009,4963,1788587106483421
cross_stream,1,1,depth+color,-1,-3010,4977,1788587106516769
cross_stream,1,1,depth+color,-1,-3010,5182,1788587106550409
cross_stream,1,1,depth+color,0,-3008,4997,1788587106583437
cross_stream,1,1,depth+color,0,-3009,5001,1788587106616780
cross_stream,1,1,depth+color,-1,-3010,5004,1788587106650410
cross_stream,1,1,depth+color,-1,-3010,5018,1788587106683585
cross_stream,1,1,depth+color,-1,-3012,4923,1788587106716811
cross_stream,1,1,depth+color,-1,-3009,5056,1788587106750297
cross_stream,1,1,depth+color,-1,-3011,5006,1788587106783598
cross_stream,1,1,depth+color,0,-3011,5046,1788587106816958
cross_stream,1,1,depth+color,-1,-3013,5025,1788587106850243
cross_stream,1,1,depth+color,-1,-3010,5145,1788587106883595
cross_stream,1,1,depth+color,0,-3010,4996,1788587106916928
cross_stream,1,1,depth+color,0,-3009,5194,1788587106950296
cross_stream,1,1,depth+color,0,-3008,5149,1788587106983570
cross_stream,1,1,depth+color,0,-3008,5048,1788587107016967
cross_stream,1,1,depth+color,-1,-3011,5036,1788587107050144
cross_stream,1,1,depth+color,0,-3008,5301,1788587107083757
cross_stream,1,1,depth+color,0,-3006,5024,1788587107116914
cross_stream,1,1,depth+color,0,-3008,4849,1788587107150112
cross_stream,1,1,depth+color,-1,-3009,5176,1788587107183617
cross_stream,1,1,depth+color,0,-3008,5028,1788587107216781
cross_stream,1,1,depth+color,-1,-3010,4855,1788587107250247
cross_stream,1,1,depth+color,-1,-3010,5012,1788587107283619
cross_stream,1,1,depth+color,-1,-3010,5134,1788587107316919
cross_stream,1,1,depth+color,0,-3008,5021,1788587107350257
cross_stream,1,1,depth+color,-1,-3009,5320,1788587107383741
cross_stream,1,1,depth+color,-1,-3008,5147,1788587107416928
cross_stream,1,1,depth+color,-1,-3009,5006,1788587107450144
cross_stream,1,1,depth+color,-1,-3007,5036,1788587107483591
cross_stream,1,1,depth+color,0,-3006,5180,1788587107516938
cross_stream,1,1,depth+color,-1,-3008,4976,1788587107550095
cross_stream,1,1,depth+color,0,-3007,5138,1788587107583601
cross_stream,1,1,depth+color,0,-3006,5299,1788587107617088
cross_stream,1,1,depth+color,0,-3004,5122,1788587107650226
cross_stream,1,1,depth+color,-1,-3008,4869,1788587107683581
cross_stream,1,1,depth+color,-1,-3006,5147,1788587107716934
cross_stream,1,1,depth+color,-1,-3005,5176,1788587107750280
cross_stream,1,1,depth+color,-1,-3006,4866,1788587107783441
cross_stream,1,1,depth+color,-1,-3008,4879,1788587107816790
cross_stream,1,1,depth+color,-1,-3010,4858,1788587107850096
cross_stream,1,1,depth+color,-1,-3010,5001,1788587107883435
cross_stream,1,1,depth+color,-1,-3011,4896,1788587107916802
cross_stream,1,1,depth+color,-1,-3011,5011,1788587107950138
cross_stream,1,1,depth+color,-1,-3012,4999,1788587107983415
cross_stream,1,1,depth+color,-1,-3010,5069,1788587108016816
cross_stream,1,1,depth+color,-1,-3013,5025,1788587108050131
cross_stream,1,1,depth+color,-1,-3013,4998,1788587108083462
cross_stream,1,1,depth+color,-1,-3012,5010,1788587108116775
cross_stream,1,1,depth+color,-1,-3013,4905,1788587108150432
cross_stream,1,1,depth+color,-1,-3012,4991,1788587108183425
cross_stream,1,1,depth+color,-1,-3014,4987,1788587108216765
cross_stream,1,1,depth+color,-1,-3016,4918,1788587108250433
cross_stream,1,1,depth+color,-1,-3015,5135,1788587108283556
cross_stream,1,1,depth+color,0,-3012,5305,1788587108317071
cross_stream,1,1,depth+color,-1,-3012,5134,1788587108350266
cross_stream,1,1,depth+color,0,-3010,5132,1788587108383570
cross_stream,1,1,depth+color,0,-3011,5195,1788587108416959
cross_stream,1,1,depth+color,-1,-3009,5106,1788587108450232
cross_stream,1,1,depth+color,-1,-3011,5130,1788587108483550
cross_stream,1,1,depth+color,-1,-3010,5198,1788587108516966
cross_stream,1,1,depth+color,-1,-3009,4988,1788587108550107
cross_stream,1,1,depth+color,-1,-3010,5062,1788587108583612
cross_stream,1,1,depth+color,-1,-3010,5015,1788587108616926
cross_stream,1,1,depth+color,-1,-3011,4963,1788587108650095
cross_stream,1,1,depth+color,0,-3010,4840,1788587108683592
cross_stream,1,1,depth+color,0,-3012,5013,1788587108716778
cross_stream,1,1,depth+color,-1,-3012,4905,1788587108750133
cross_stream,1,1,depth+color,0,-3012,4996,1788587108783431
cross_stream,1,1,depth+color,-1,-3013,5045,1788587108816819
cross_stream,1,1,depth+color,-1,-3014,4896,1788587108850138
cross_stream,1,1,depth+color,-1,-3014,5054,1788587108883615
cross_stream,1,1,depth+color,-1,-3015,4981,1788587108916907
cross_stream,1,1,depth+color,0,-3014,4919,1788587108950147
cross_stream,1,1,depth+color,-1,-3017,4755,1788587108983556
cross_stream,1,1,depth+color,-1,-3017,5307,1788587109017112
cross_stream,1,1,depth+color,-1,-3015,5111,1788587109050235
cross_stream,1,1,depth+color,-1,-3016,4964,1788587109083439
cross_stream,1,1,depth+color,0,-3014,5138,1788587109116914
cross_stream,1,1,depth+color,-1,-3017,4757,1788587109150113
cross_stream,1,1,depth+color,0,-3016,5102,1788587109183549
cross_stream,1,1,depth+color,-1,-3018,5025,1788587109216802
cross_stream,1,1,depth+color,0,-3017,4883,1788587109250098
cross_stream,1,1,depth+color,0,-3017,5091,1788587109283646
cross_stream,1,1,depth+color,-1,-3019,4859,1788587109316788
cross_stream,1,1,depth+color,-1,-3020,4990,1788587109350227
cross_stream,1,1,depth+color,-1,-3018,5288,1788587109383726
cross_stream,1,1,depth+color,0,-3017,5175,1788587109416948
cross_stream,1,1,depth+color,-1,-3018,5023,1788587109450145
cross_stream,1,1,depth+color,-1,-3016,5218,1788587109483641
cross_stream,1,1,depth+color,-1,-3015,5061,1788587109516804
cross_stream,1,1,depth+color,-1,-3016,4979,1788587109550100
cross_stream,1,1,depth+color,-1,-3017,5132,1788587109583560
cross_stream,1,1,depth+color,-1,-3017,4869,1788587109616925
cross_stream,1,1,depth+color,-1,-3018,5005,1788587109650104
cross_stream,1,1,depth+color,-1,-3018,5135,1788587109683574
cross_stream,1,1,depth+color,-1,-3018,5018,1788587109716905
cross_stream,1,1,depth+color,-1,-3016,5179,1788587109750263
cross_stream,1,1,depth+color,-1,-3016,5181,1788587109783611
cross_stream,1,1,depth+color,-1,-3016,5007,1788587109816790
cross_stream,1,1,depth+color,-1,-3015,5025,1788587109850148
cross_stream,1,1,depth+color,-1,-3014,5157,1788587109883587
cross_stream,1,1,depth+color,0,-3014,5046,1788587109916798
cross_stream,1,1,depth+color,-1,-3014,4997,1788587109950107
cross_stream,1,1,depth+color,-1,-3016,4976,1788587109983418
cross_stream,1,1,depth+color,0,-3015,5041,1788587110016809
cross_stream,1,1,depth+color,-1,-3017,5036,1788587110050117
cross_stream,1,1,depth+color,-1,-3019,4649,1788587110083462
cross_stream,1,1,depth+color,-1,-3020,5036,1788587110116811
cross_stream,1,1,depth+color,-1,-3019,4963,1788587110150093
cross_stream,1,1,depth+color,-1,-3018,5152,1788587110183587
cross_stream,1,1,depth+color,-1,-3019,5040,1788587110216811
cross_stream,1,1,depth+color,-1,-3019,4999,1788587110250241
cross_stream,1,1,depth+color,-1,-3020,4884,1788587110283453
cross_stream,1,1,depth+color,-1,-3019,5060,1788587110316808
cross_stream,1,1,depth+color,-1,-3019,5034,1788587110350288
cross_stream,1,1,depth+color,-1,-3021,4925,1788587110383466
cross_stream,1,1,depth+color,-1,-3022,4888,1788587110416787
cross_stream,1,1,depth+color,-1,-3021,5159,1788587110450276
cross_stream,1,1,depth+color,-1,-3021,5011,1788587110483586
cross_stream,1,1,depth+color,-1,-3022,5094,1788587110516962
cross_stream,1,1,depth+color,-1,-3022,4680,1788587110550103
cross_stream,1,1,depth+color,-1,-3024,4864,1788587110583423
cross_stream,1,1,depth+color,-1,-3026,4984,1788587110616768
cross_stream,1,1,depth+color,-1,-3024,5151,1788587110650257
cross_stream,1,1,depth+color,0,-3025,4995,1788587110683430
cross_stream,1,1,depth+color,-1,-3025,5013,1788587110716810
cross_stream,1,1,depth+color,-1,-3026,5137,1788587110750383
cross_stream,1,1,depth+color,-1,-3024,5060,1788587110783594
cross_stream,1,1,depth+color,-1,-3025,5213,1788587110816959
cross_stream,1,1,depth+color,-1,-3022,5181,1788587110850308
cross_stream,1,1,depth+color,-1,-3021,5167,1788587110883614
cross_stream,1,1,depth+color,0,-3019,5285,1788587110917068
cross_stream,1,1,depth+color,0,-3019,5006,1788587110950116
cross_stream,1,1,depth+color,-1,-3019,4998,1788587110983440
cross_stream,1,1,depth+color,0,-3018,5149,1788587111016934
cross_stream,1,1,depth+color,-1,-3020,5041,1788587111050148
cross_stream,1,1,depth+color,-1,-3020,5010,1788587111083452
cross_stream,1,1,depth+color,-1,-3019,4991,1788587111116772
cross_stream,1,1,depth+color,-1,-3021,4733,1788587111150261
cross_stream,1,1,depth+color,-1,-3022,5159,1788587111183631
cross_stream,1,1,depth+color,0,-3020,5022,1788587111216822
cross_stream,1,1,depth+color,-1,-3024,4677,1788587111250230
cross_stream,1,1,depth+color,0,-3024,4806,1788587111283742
cross_stream,1,1,depth+color,-1,-3026,4848,1788587111316773
cross_stream,1,1,depth+color,0,-3026,5113,1788587111350246
cross_stream,1,1,depth+color,-1,-3024,5356,1788587111383789
cross_stream,1,1,depth+color,-1,-3025,5005,1788587111416794
cross_stream,1,1,depth+color,0,-3025,4846,1788587111450118
cross_stream,1,1,depth+color,-1,-3025,5149,1788587111483579
cross_stream,1,1,depth+color,-1,-3026,4891,1788587111516818
cross_stream,1,1,depth+color,-1,-3028,4838,1788587111550098
cross_stream,1,1,depth+color,0,-3026,5042,1788587111583611
cross_stream,1,1,depth+color,-1,-3027,5194,1788587111616944
cross_stream,1,1,depth+color,0,-3028,4897,1788587111650137
cross_stream,1,1,depth+color,-1,-3027,5159,1788587111683594
cross_stream,1,1,depth+color,-1,-3027,5157,1788587111716917
cross_stream,1,1,depth+color,-1,-3027,4879,1788587111750097
cross_stream,1,1,depth+color,-1,-3028,4901,1788587111783441
cross_stream,1,1,depth+color,-1,-3029,4992,1788587111816772
cross_stream,1,1,depth+color,0,-3027,5025,1788587111850139
cross_stream,1,1,depth+color,-1,-3029,4924,1788587111883464
cross_stream,1,1,depth+color,-1,-3028,5044,1788587111916792
cross_stream,1,1,depth+color,0,-3029,4978,1788587111950113
cross_stream,1,1,depth+color,-1,-3029,5019,1788587111983470
cross_stream,1,1,depth+color,0,-3029,5005,1788587112016776
cross_stream,1,1,depth+color,-1,-3031,5018,1788587112050121
cross_stream,1,1,depth+color,0,-3029,5002,1788587112083460
cross_stream,1,1,depth+color,-1,-3030,4858,1788587112116768
cross_stream,1,1,depth+color,-1,-3031,4913,1788587112150155
cross_stream,1,1,depth+color,-1,-3032,5023,1788587112183447
cross_stream,1,1,depth+color,-1,-3032,4981,1788587112216898
cross_stream,1,1,depth+color,-1,-3032,4868,1788587112250146
cross_stream,1,1,depth+color,-1,-3033,5009,1788587112283433
cross_stream,1,1,depth+color,-1,-3034,4982,1788587112316757
cross_stream,1,1,depth+color,0,-3032,4983,1788587112350109
cross_stream,1,1,depth+color,0,-3034,4785,1788587112383457
cross_stream,1,1,depth+color,-1,-3037,4920,1788587112416808
cross_stream,1,1,depth+color,0,-3035,5002,1788587112450117
cross_stream,1,1,depth+color,-1,-3040,4638,1788587112483433
cross_stream,1,1,depth+color,-1,-3040,4939,1788587112516817
cross_stream,1,1,depth+color,0,-3040,4902,1788587112550139
cross_stream,1,1,depth+color,0,-3041,4863,1788587112583423
cross_stream,1,1,depth+color,-1,-3043,4856,1788587112616773
cross_stream,1,1,depth+color,-1,-3044,4993,1788587112650096
cross_stream,1,1,depth+color,-1,-3044,4854,1788587112683630
cross_stream,1,1,depth+color,-1,-3044,5029,1788587112716818
cross_stream,1,1,depth+color,0,-3044,4979,1788587112750122
cross_stream,1,1,depth+color,-1,-3044,5128,1788587112783704
cross_stream,1,1,depth+color,0,-3043,5014,1788587112816939
cross_stream,1,1,depth+color,-1,-3045,4969,1788587112850246
cross_stream,1,1,depth+color,-1,-3042,5157,1788587112883622
cross_stream,1,1,depth+color,-1,-3042,4994,1788587112916923
cross_stream,1,1,depth+color,-1,-3043,4975,1788587112950111
cross_stream,1,1,depth+color,-1,-3046,4956,1788587112983420
cross_stream,1,1,depth+color,0,-3043,5013,1788587113016924
cross_stream,1,1,depth+color,-1,-3045,5149,1788587113050273
cross_stream,1,1,depth+color,0,-3043,4954,1788587113083423
cross_stream,1,1,depth+color,-1,-3045,4998,1788587113116779
cross_stream,1,1,depth+color,-1,-3044,4991,1788587113150134
cross_stream,1,1,depth+color,-1,-3043,5134,1788587113183588
cross_stream,1,1,depth+color,-1,-3044,5009,1788587113216775
cross_stream,1,1,depth+color,0,-3044,4857,1788587113250105
cross_stream,1,1,depth+color,-1,-3046,4935,1788587113283547
cross_stream,1,1,depth+color,-1,-3045,5187,1788587113316959
cross_stream,1,1,depth+color,-1,-3043,5285,1788587113350403
cross_stream,1,1,depth+color,-1,-3042,5291,1788587113383734
cross_stream,1,1,depth+color,-1,-3039,5241,1788587113417042
cross_stream,1,1,depth+color,-1,-3039,5110,1788587113450359
cross_stream,1,1,depth+color,-1,-3040,4855,1788587113483452
cross_stream,1,1,depth+color,0,-3039,4890,1788587113516808
cross_stream,1,1,depth+color,-1,-3041,4970,1788587113550246
cross_stream,1,1,depth+color,-1,-3043,4837,1788587113583434
cross_stream,1,1,depth+color,-1,-3042,4991,1788587113616788
cross_stream,1,1,depth+color,-1,-3043,5008,1788587113650116
cross_stream,1,1,depth+color,-1,-3043,4956,1788587113683419
cross_stream,1,1,depth+color,-1,-3045,5055,1788587113716983
cross_stream,1,1,depth+color,-1,-3043,5098,1788587113750226
cross_stream,1,1,depth+color,0,-3041,5015,1788587113783464
cross_stream,1,1,depth+color,-1,-3044,4925,1788587113816974
cross_stream,1,1,depth+color,0,-3041,5117,1788587113850374
cross_stream,1,1,depth+color,-1,-3042,5128,1788587113883581
cross_stream,1,1,depth+color,-1,-3042,5016,1788587113916962
cross_stream,1,1,depth+color,0,-3039,5277,1788587113950421
cross_stream,1,1,depth+color,-1,-3039,5112,1788587113983575
cross_stream,1,1,depth+color,-1,-3039,4998,1788587114016780
cross_stream,1,1,depth+color,0,-3037,5030,1788587114050158
cross_stream,1,1,depth+color,0,-3039,4839,1788587114083438
cross_stream,1,1,depth+color,-1,-3041,4997,1788587114116806
cross_stream,1,1,depth+color,-1,-3042,4883,1788587114150147
cross_stream,1,1,depth+color,-1,-3042,5004,1788587114183600
cross_stream,1,1,depth+color,-1,-3043,4901,1788587114216816
cross_stream,1,1,depth+color,-1,-3042,5091,1788587114250233
cross_stream,1,1,depth+color,0,-3043,5079,1788587114283680
cross_stream,1,1,depth+color,-1,-3043,4991,1788587114316769
cross_stream,1,1,depth+color,0,-3041,4946,1788587114350102
cross_stream,1,1,depth+color,-1,-3042,5243,1788587114383707
cross_stream,1,1,depth+color,-1,-3041,4973,1788587114416773
cross_stream,1,1,depth+color,0,-3042,4866,1788587114450134
cross_stream,1,1,depth+color,0,-3042,4965,1788587114483560
cross_stream,1,1,depth+color,-1,-3044,4886,1788587114516801
cross_stream,1,1,depth+color,0,-3043,4992,1788587114550105
cross_stream,1,1,depth+color,-1,-3046,4971,1788587114583423
cross_stream,1,1,depth+color,-1,-3044,5110,1788587114616900
cross_stream,1,1,depth+color,-1,-3045,4977,1788587114650131
cross_stream,1,1,depth+color,-1,-3043,5126,1788587114683584
cross_stream,1,1,depth+color,-1,-3041,5157,1788587114716961
cross_stream,1,1,depth+color,-1,-3044,4874,1788587114750155
cross_stream,1,1,depth+color,-1,-3044,4994,1788587114783431
cross_stream,1,1,depth+color,0,-3043,5121,1788587114816911
cross_stream,1,1,depth+color,-1,-3047,4576,1788587114850110
cross_stream,1,1,depth+color,0,-3047,4797,1788587114883407
cross_stream,1,1,depth+color,0,-3048,4723,1788587114916768
cross_stream,1,1,depth+color,-1,-3050,4884,1788587114950144
cross_stream,1,1,depth+color,-1,-3051,4898,1788587114983473
cross_stream,1,1,depth+color,0,-3049,5176,1788587115016943
cross_stream,1,1,depth+color,-1,-3050,5126,1788587115050229
cross_stream,1,1,depth+color,-1,-3051,4999,1788587115083464
cross_stream,1,1,depth+color,-1,-3051,4905,1788587115116799
cross_stream,1,1,depth+color,-1,-3051,4986,1788587115150128
cross_stream,1,1,depth+color,-1,-3050,5057,1788587115183491
cross_stream,1,1,depth+color,-1,-3050,4997,1788587115216777
cross_stream,1,1,depth+color,-1,-3053,4703,1788587115250147
cross_stream,1,1,depth+color,0,-3051,4921,1788587115283471
cross_stream,1,1,depth+color,0,-3052,5017,1788587115316816
cross_stream,1,1,depth+color,-1,-3054,4926,1788587115350222
cross_stream,1,1,depth+color,0,-3052,5100,1788587115383553
cross_stream,1,1,depth+color,-1,-3053,5006,1788587115416791
cross_stream,1,1,depth+color,-1,-3052,4906,1788587115450142
cross_stream,1,1,depth+color,0,-3053,4972,1788587115483576
cross_stream,1,1,depth+color,-1,-3056,4843,1788587115516940
cross_stream,1,1,depth+color,0,-3057,4703,1788587115550177
cross_stream,1,1,depth+color,-1,-3055,5169,1788587115583622
cross_stream,1,1,depth+color,-1,-3056,5000,1788587115616939
cross_stream,1,1,depth+color,-1,-3057,4948,1788587115650226
cross_stream,1,1,depth+color,-1,-3058,4854,1788587115683432
cross_stream,1,1,depth+color,-1,-3057,4863,1788587115716784
cross_stream,1,1,depth+color,-1,-3059,4959,1788587115750255
cross_stream,1,1,depth+color,-1,-3061,4884,1788587115783489
cross_stream,1,1,depth+color,-1,-3060,4852,1788587115816790
cross_stream,1,1,depth+color,-1,-3062,4957,1788587115850233
cross_stream,1,1,depth+color,-1,-3059,5126,1788587115883613
cross_stream,1,1,depth+color,-1,-3061,4971,1788587115916772
cross_stream,1,1,depth+color,0,-3061,4860,1788587115950108
cross_stream,1,1,depth+color,-1,-3063,5000,1788587115983460
cross_stream,1,1,depth+color,-1,-3061,4988,1788587116016793
cross_stream,1,1,depth+color,0,-3060,5039,1788587116050166
cross_stream,1,1,depth+color,-1,-3062,4837,1788587116083431
cross_stream,1,1,depth+color,0,-3061,5012,1788587116116809
cross_stream,1,1,depth+color,-1,-3061,5100,1788587116150252
cross_stream,1,1,depth+color,-1,-3062,5005,1788587116183451
cross_stream,1,1,depth+color,-1,-3063,4981,1788587116216776
cross_stream,1,1,depth+color,-1,-3060,5183,1788587116250464
cross_stream,1,1,depth+color,0,-3058,5179,1788587116283775
cross_stream,1,1,depth+color,-1,-3058,5287,1788587116317076
cross_stream,1,1,depth+color,-1,-3058,4964,1788587116350244
cross_stream,1,1,depth+color,-1,-3059,4866,1788587116383439
cross_stream,1,1,depth+color,-1,-3060,4986,1788587116416805
cross_stream,1,1,depth+color,-1,-3059,5011,1788587116450136
cross_stream,1,1,depth+color,0,-3059,4860,1788587116483483
cross_stream,1,1,depth+color,-1,-3058,5052,1788587116516844
cross_stream,1,1,depth+color,-1,-3060,4860,1788587116550152
cross_stream,1,1,depth+color,-1,-3061,5022,1788587116583497
cross_stream,1,1,depth+color,-1,-3061,5029,1788587116616822
cross_stream,1,1,depth+color,-1,-3062,4860,1788587116650157
cross_stream,1,1,depth+color,-1,-3063,4833,1788587116683435
cross_stream,1,1,depth+color,-1,-3064,4879,1788587116716789
cross_stream,1,1,depth+color,-1,-3064,5004,1788587116750126
cross_stream,1,1,depth+color,-1,-3063,5039,1788587116783478
cross_stream,1,1,depth+color,-1,-3064,4904,1788587116816850
cross_stream,1,1,depth+color,-1,-3065,4861,1788587116850131
cross_stream,1,1,depth+color,-1,-3066,4885,1788587116883462
cross_stream,1,1,depth+color,-1,-3066,4994,1788587116916777
cross_stream,1,1,depth+color,-1,-3064,4984,1788587116950285
cross_stream,1,1,depth+color,0,-3064,5010,1788587116983593
cross_stream,1,1,depth+color,0,-3063,5151,1788587117017073
cross_stream,1,1,depth+color,0,-3064,5022,1788587117050168
cross_stream,1,1,depth+color,-1,-3064,4971,1788587117083443
cross_stream,1,1,depth+color,0,-3064,4905,1788587117116951
cross_stream,1,1,depth+color,-1,-3065,4961,1788587117150234
cross_stream,1,1,depth+color,-1,-3066,4881,1788587117183465
cross_stream,1,1,depth+color,-1,-3067,4974,1788587117216772
cross_stream,1,1,depth+color,-1,-3067,5028,1788587117250165
cross_stream,1,1,depth+color,-1,-3066,5010,1788587117283460
cross_stream,1,1,depth+color,-1,-3067,4883,1788587117316802
cross_stream,1,1,depth+color,0,-3066,5045,1788587117350173
cross_stream,1,1,depth+color,-1,-3067,4988,1788587117383443
cross_stream,1,1,depth+color,-1,-3064,5163,1788587117416962
cross_stream,1,1,depth+color,0,-3066,4990,1788587117450144
cross_stream,1,1,depth+color,-1,-3066,4952,1788587117483428
cross_stream,1,1,depth+color,-1,-3065,4994,1788587117516926
cross_stream,1,1,depth+color,-1,-3067,4968,1788587117550231
cross_stream,1,1,depth+color,-1,-3068,4931,1788587117583549
cross_stream,1,1,depth+color,0,-3065,5020,1788587117616828
cross_stream,1,1,depth+color,-1,-3067,4986,1788587117650124
cross_stream,1,1,depth+color,0,-3066,4957,1788587117683432
cross_stream,1,1,depth+color,0,-3065,5049,1788587117716836
cross_stream,1,1,depth+color,-1,-3067,4985,1788587117750131
cross_stream,1,1,depth+color,-1,-3066,4985,1788587117783445
cross_stream,1,1,depth+color,0,-3065,5030,1788587117816972
cross_stream,1,1,depth+color,-1,-3066,4962,1788587117850107
cross_stream,1,1,depth+color,-1,-3067,4968,1788587117883440
cross_stream,1,1,depth+color,-1,-3067,4916,1788587117916830
cross_stream,1,1,depth+color,-1,-3069,4883,1788587117950156
cross_stream,1,1,depth+color,0,-3067,4999,1788587117983580
cross_stream,1,1,depth+color,-1,-3067,5139,1788587118016942
cross_stream,1,1,depth+color,-1,-3068,4875,1788587118050143
cross_stream,1,1,depth+color,-1,-3071,4824,1788587118083441
cross_stream,1,1,depth+color,-1,-3070,4846,1788587118116791
cross_stream,1,1,depth+color,-1,-3070,4988,1788587118150129
cross_stream,1,1,depth+color,-1,-3072,4965,1788587118183573
cross_stream,1,1,depth+color,-1,-3072,4934,1788587118216835
cross_stream,1,1,depth+color,-1,-3069,5015,1788587118250149
cross_stream,1,1,depth+color,0,-3069,5094,1788587118283579
cross_stream,1,1,depth+color,-1,-3069,5133,1788587118316915
cross_stream,1,1,depth+color,-1,-3068,5101,1788587118350256
cross_stream,1,1,depth+color,-1,-3067,5135,1788587118383581
cross_stream,1,1,depth+color,0,-3068,4842,1788587118416794
cross_stream,1,1,depth+color,-1,-3068,4999,1788587118450264
cross_stream,1,1,depth+color,-1,-3070,4860,1788587118483461
cross_stream,1,1,depth+color,-1,-3072,4881,1788587118516814
cross_stream,1,1,depth+color,-1,-3072,4854,1788587118550130
cross_stream,1,1,depth+color,0,-3071,4826,1788587118583436
cross_stream,1,1,depth+color,0,-3070,5000,1788587118616793
cross_stream,1,1,depth+color,-1,-3074,4997,1788587118650136
cross_stream,1,1,depth+color,0,-3073,4816,1788587118683447
cross_stream,1,1,depth+color,-1,-3075,4895,1788587118716826
cross_stream,1,1,depth+color,-1,-3075,4846,1788587118750136
cross_stream,2,2,depth+color,-4,-5,2576,1788587088782140
cross_stream,2,2,depth+color,-4,-5,3225,1788587088815233
cross_stream,2,2,depth+color,-4,-5,3087,1788587088848554
cross_stream,2,2,depth+color,-3,-4,3035,1788587088881898
cross_stream,2,2,depth+color,-4,-4,3122,1788587088915243
cross_stream,2,2,depth+color,-3,-2,2944,1788587088948596
cross_stream,2,2,depth+color,-4,-5,3197,1788587088981889
cross_stream,2,2,depth+color,-4,-4,3334,1788587089015347
cross_stream,2,2,depth+color,-3,-3,3206,1788587089048713
cross_stream,2,2,depth+color,-3,-3,3233,1788587089081913
cross_stream,2,2,depth+color,-3,-2,3428,1788587089115422
cross_stream,2,2,depth+color,-4,-4,3171,1788587089148696
cross_stream,2,2,depth+color,-3,-3,3093,1788587089181895
cross_stream,2,2,depth+color,-4,-5,3198,1788587089215227
cross_stream,2,2,depth+color,-4,-4,2895,1788587089248707
cross_stream,2,2,depth+color,-3,-3,3230,1788587089282044
cross_stream,2,2,depth+color,-4,-5,3223,1788587089315353
cross_stream,2,2,depth+color,-3,-4,2890,1788587089348580
cross_stream,2,2,depth+color,-3,-3,3102,1788587089381911
cross_stream,2,2,depth+color,-3,-5,2898,1788587089415218
cross_stream,2,2,depth+color,-4,-4,2673,1788587089448549
cross_stream,2,2,depth+color,-4,-4,2945,1788587089481903
cross_stream,2,2,depth+color,-3,-2,2814,1788587089515351
cross_stream,2,2,depth+color,-3,-3,2866,1788587089548586
cross_stream,2,2,depth+color,-3,-3,2926,1788587089581889
cross_stream,2,2,depth+color,-3,-3,3073,1788587089615209
cross_stream,2,2,depth+color,-3,-4,2943,1788587089648568
cross_stream,2,2,depth+color,-3,-3,2884,1788587089681885
cross_stream,2,2,depth+color,-4,-2,2911,1788587089715216
cross_stream,2,2,depth+color,-4,-4,2822,1788587089748701
cross_stream,2,2,depth+color,-3,-3,2947,1788587089781904
cross_stream,2,2,depth+color,-4,-4,3209,1788587089815375
cross_stream,2,2,depth+color,-4,-4,3033,1788587089848566
cross_stream,2,2,depth+color,-3,-4,2819,1788587089881901
cross_stream,2,2,depth+color,-4,-5,3067,1788587089915232
cross_stream,2,2,depth+color,-8,-8,3161,1788587089948707
cross_stream,2,2,depth+color,-8,-8,2928,1788587089981902
cross_stream,2,2,depth+color,-8,-9,3145,1788587090015337
cross_stream,2,2,depth+color,-8,-8,2925,1788587090048559
cross_stream,2,2,depth+color,-7,-7,3052,1788587090081872
cross_stream,2,2,depth+color,-8,-7,3044,1788587090115196
cross_stream,2,2,depth+color,-8,-8,3214,1788587090148706
cross_stream,2,2,depth+color,-8,-9,2815,1788587090182036
cross_stream,2,2,depth+color,-8,-8,3097,1788587090215223
cross_stream,2,2,depth+color,-8,-8,2821,1788587090248707
cross_stream,2,2,depth+color,-7,-8,2978,1788587090281866
cross_stream,2,2,depth+color,-8,-7,2832,1788587090315199
cross_stream,2,2,depth+color,-8,-8,3040,1788587090348692
cross_stream,2,2,depth+color,-1,-1,2852,1788587090381886
cross_stream,2,2,depth+color,0,1,3022,1788587090415354
cross_stream,2,2,depth+color,0,0,3222,1788587090448719
cross_stream,2,2,depth+color,0,0,2911,1788587090481877
cross_stream,2,2,depth+color,0,0,2882,1788587090515196
cross_stream,2,2,depth+color,0,0,2938,1788587090548589
cross_stream,2,2,depth+color,0,-1,2917,1788587090581899
cross_stream,2,2,depth+color,0,0,2896,1788587090615206
cross_stream,2,2,depth+color,-1,-2,2945,1788587090648558
cross_stream,2,2,depth+color,-1,1,2920,1788587090681897
cross_stream,2,2,depth+color,-1,-2,2892,1788587090715193
cross_stream,2,2,depth+color,0,0,3071,1788587090748586
cross_stream,2,2,depth+color,0,0,2973,1788587090782017
cross_stream,2,2,depth+color,0,0,3172,1788587090815348
cross_stream,2,2,depth+color,0,-1,3240,1788587090848737
cross_stream,2,2,depth+color,0,0,3164,1788587090882207
cross_stream,2,2,depth+color,0,-1,3016,1788587090915224
cross_stream,2,2,depth+color,0,-1,3027,1788587090948542
cross_stream,2,2,depth+color,-1,-2,2945,1788587090981907
cross_stream,2,2,depth+color,0,0,3092,1788587091015247
cross_stream,2,2,depth+color,0,0,3364,1788587091048709
cross_stream,2,2,depth+color,0,1,3234,1788587091082038
cross_stream,2,2,depth+color,0,0,3048,1788587091115215
cross_stream,2,2,depth+color,0,0,3046,1788587091148548
cross_stream,2,2,depth+color,-1,-2,3104,1788587091182007
cross_stream,2,2,depth+color,0,1,3064,1788587091215211
cross_stream,2,2,depth+color,0,-1,2870,1788587091248549
cross_stream,2,2,depth+color,0,0,3334,1788587091282031
cross_stream,2,2,depth+color,0,0,3068,1788587091315213
cross_stream,2,2,depth+color,-1,-1,2873,1788587091348562
cross_stream,2,2,depth+color,0,0,2869,1788587091381886
cross_stream,2,2,depth+color,0,1,2761,1788587091415373
cross_stream,2,2,depth+color,-1,0,2944,1788587091448541
cross_stream,2,2,depth+color,0,1,2904,1788587091481882
cross_stream,2,2,depth+color,0,-1,3038,1788587091515337
cross_stream,2,2,depth+color,-1,-1,2914,1788587091548527
cross_stream,2,2,depth+color,-1,0,2942,1788587091581897
cross_stream,2,2,depth+color,0,0,2915,1788587091615192
cross_stream,2,2,depth+color,0,0,3087,1788587091648707
cross_stream,2,2,depth+color,0,0,3029,1788587091681869
cross_stream,2,2,depth+color,0,1,2901,1788587091715217
cross_stream,2,2,depth+color,-1,-1,2884,1788587091748529
cross_stream,2,2,depth+color,0,1,3217,1788587091781885
cross_stream,2,2,depth+color,0,-1,3211,1788587091815335
cross_stream,2,2,depth+color,0,0,3031,1788587091848678
cross_stream,2,2,depth+color,0,0,3031,1788587091882053
cross_stream,2,2,depth+color,0,1,3014,1788587091915328
cross_stream,2,2,depth+color,0,1,3021,1788587091948546
cross_stream,2,2,depth+color,0,0,3053,1788587091981870
cross_stream,2,2,depth+color,0,1,3177,1788587092015364
cross_stream,2,2,depth+color,0,-1,2888,1788587092048535
cross_stream,2,2,depth+color,0,0,3032,1788587092081883
cross_stream,2,2,depth+color,0,0,2967,1788587092115333
cross_stream,2,2,depth+color,-1,-1,2916,1788587092148531
cross_stream,2,2,depth+color,0,-1,3044,1788587092181881
cross_stream,2,2,depth+color,0,1,3038,1788587092215187
cross_stream,2,2,depth+color,0,-1,3065,1788587092248565
cross_stream,2,2,depth+color,-1,-1,3221,1788587092281878
cross_stream,2,2,depth+color,0,-1,3244,1788587092315359
cross_stream,2,2,depth+color,0,0,3180,1788587092348697
cross_stream,2,2,depth+color,0,0,2828,1788587092381858
cross_stream,2,2,depth+color,0,0,3009,1788587092415354
cross_stream,2,2,depth+color,0,0,3114,1788587092448714
cross_stream,2,2,depth+color,0,-1,3034,1788587092481881
cross_stream,2,2,depth+color,-1,-1,3007,1788587092515199
cross_stream,2,2,depth+color,0,-1,3064,1788587092548692
cross_stream,2,2,depth+color,0,-1,2950,1788587092581887
cross_stream,2,2,depth+color,0,1,2891,1788587092615199
cross_stream,2,2,depth+color,0,0,3032,1788587092648557
cross_stream,2,2,depth+color,-1,-1,3071,1788587092681892
cross_stream,2,2,depth+color,0,0,3051,1788587092715223
cross_stream,2,2,depth+color,0,0,2876,1788587092748567
cross_stream,2,2,depth+color,-1,-1,2617,1788587092781879
cross_stream,2,2,depth+color,0,0,2865,1788587092815308
cross_stream,2,2,depth+color,-1,-3,3063,1788587092848684
cross_stream,2,2,depth+color,-1,-1,2910,1788587092881887
cross_stream,2,2,depth+color,-1,-1,2824,1788587092915322
cross_stream,2,2,depth+color,0,-1,3178,1788587092948701
cross_stream,2,2,depth+color,-1,-1,3032,1788587092981861
cross_stream,2,2,depth+color,0,0,3002,1788587093015184
cross_stream,2,2,depth+color,0,0,3049,1788587093048713
cross_stream,2,2,depth+color,-1,-2,3196,1788587093082019
cross_stream,2,2,depth+color,0,0,3078,1788587093115225
cross_stream,2,2,depth+color,-1,-1,3035,1788587093148564
cross_stream,2,2,depth+color,-1,-2,3195,1788587093181868
cross_stream,2,2,depth+color,0,0,2823,1788587093215191
cross_stream,2,2,depth+color,0,0,3043,1788587093248578
cross_stream,2,2,depth+color,-1,0,2889,1788587093281995
cross_stream,2,2,depth+color,-1,0,3224,1788587093315361
cross_stream,2,2,depth+color,0,0,3215,1788587093348723
cross_stream,2,2,depth+color,-1,-2,2998,1788587093382010
cross_stream,2,2,depth+color,0,0,2722,1788587093415340
cross_stream,2,2,depth+color,-1,0,2896,1788587093448546
cross_stream,2,2,depth+color,0,-1,2914,1788587093481878
cross_stream,2,2,depth+color,0,-1,2882,1788587093515191
cross_stream,2,2,depth+color,0,0,2940,1788587093548578
cross_stream,2,2,depth+color,0,1,3069,1788587093582043
cross_stream,2,2,depth+color,0,1,2876,1788587093615198
cross_stream,2,2,depth+color,-1,-1,2889,1788587093648535
cross_stream,2,2,depth+color,0,-1,2748,1788587093681871
cross_stream,2,2,depth+color,0,0,3080,1788587093715223
cross_stream,2,2,depth+color,0,0,2924,1788587093748534
cross_stream,2,2,depth+color,-1,-1,2905,1788587093781869
cross_stream,2,2,depth+color,0,1,2941,1788587093815334
cross_stream,2,2,depth+color,0,-1,3041,1788587093848713
cross_stream,2,2,depth+color,0,0,3076,1788587093882026
cross_stream,2,2,depth+color,-1,-2,2938,1788587093915236
cross_stream,2,2,depth+color,-1,-2,3041,1788587093948690
cross_stream,2,2,depth+color,-1,-1,2977,1788587093981892
cross_stream,2,2,depth+color,0,-1,3117,1788587094015236
cross_stream,2,2,depth+color,0,0,3015,1788587094048549
cross_stream,2,2,depth+color,0,1,2768,1788587094081885
cross_stream,2,2,depth+color,0,0,2715,1788587094115213
cross_stream,2,2,depth+color,-1,-2,3069,1788587094148577
cross_stream,2,2,depth+color,0,0,2854,1788587094182027
cross_stream,2,2,depth+color,0,1,2913,1788587094215218
cross_stream,2,2,depth+color,0,0,2908,1788587094248692
cross_stream,2,2,depth+color,0,0,3118,1788587094281900
cross_stream,2,2,depth+color,0,1,2885,1788587094315217
cross_stream,2,2,depth+color,-1,-2,3324,1788587094348699
cross_stream,2,2,depth+color,0,1,3055,1788587094381886
cross_stream,2,2,depth+color,-1,0,2839,1788587094415241
cross_stream,2,2,depth+color,-1,0,2890,1788587094448565
cross_stream,2,2,depth+color,0,0,3018,1788587094482023
cross_stream,2,2,depth+color,0,-1,2903,1788587094515205
cross_stream,2,2,depth+color,0,0,2902,1788587094548548
cross_stream,2,2,depth+color,0,-1,3014,1788587094582015
cross_stream,2,2,depth+color,-1,-1,2790,1788587094615543
cross_stream,2,2,depth+color,0,0,2934,1788587094648568
cross_stream,2,2,depth+color,-1,-1,2937,1788587094681896
cross_stream,2,2,depth+color,-1,-1,2891,1788587094715194
cross_stream,2,2,depth+color,0,1,3164,1788587094748550
cross_stream,2,2,depth+color,-1,-1,2912,1788587094781887
cross_stream,2,2,depth+color,0,-1,2867,1788587094815193
cross_stream,2,2,depth+color,0,0,2901,1788587094848551
cross_stream,2,2,depth+color,-1,-1,3049,1788587094882021
cross_stream,2,2,depth+color,0,-1,2907,1788587094915221
cross_stream,2,2,depth+color,-1,-137,3066,1788587094948693
cross_stream,2,2,depth+color,0,-271,3003,1788587094982023
cross_stream,2,2,depth+color,0,-404,3005,1788587095015370
cross_stream,2,2,depth+color,0,-537,3192,1788587095048716
cross_stream,2,2,depth+color,0,-669,3126,1788587095081921
cross_stream,2,2,depth+color,0,-802,2910,1788587095115216
cross_stream,2,2,depth+color,-1,-933,2846,1788587095148541
cross_stream,2,2,depth+color,0,-1062,2938,1788587095181881
cross_stream,2,2,depth+color,0,-1192,3062,1788587095215221
cross_stream,2,2,depth+color,-1,-1321,2905,1788587095248583
cross_stream,2,2,depth+color,-1,-1449,3028,1788587095281873
cross_stream,2,2,depth+color,0,-1575,3049,1788587095315195
cross_stream,2,2,depth+color,0,-1701,3094,1788587095348551
cross_stream,2,2,depth+color,0,-1826,3174,1788587095382009
cross_stream,2,2,depth+color,0,-1949,3135,1788587095415517
cross_stream,2,2,depth+color,0,-2072,2845,1788587095448552
cross_stream,2,2,depth+color,0,-2194,2938,1788587095481896
cross_stream,2,2,depth+color,-1,-2317,2880,1788587095515208
cross_stream,2,2,depth+color,0,-2437,2949,1788587095548578
cross_stream,2,2,depth+color,0,-2557,2966,1788587095581911
cross_stream,2,2,depth+color,0,-2537,2898,1788587095615207
cross_stream,2,2,depth+color,0,-2516,3051,1788587095648686
cross_stream,2,2,depth+color,0,-2494,2856,1788587095681915
cross_stream,2,2,depth+color,-1,-2475,2888,1788587095715204
cross_stream,2,2,depth+color,0,-2453,3092,1788587095748750
cross_stream,2,2,depth+color,0,-2433,2885,1788587095782025
cross_stream,2,2,depth+color,0,-2414,2879,1788587095815198
cross_stream,2,2,depth+color,0,-2394,3078,1788587095848706
cross_stream,2,2,depth+color,-1,-2374,2919,1788587095881884
cross_stream,2,2,depth+color,0,-2352,2870,1788587095915210
cross_stream,2,2,depth+color,0,-2335,2883,1788587095948543
cross_stream,2,2,depth+color,0,-2314,3056,1788587095981886
cross_stream,2,2,depth+color,-1,-2295,3052,1788587096015355
cross_stream,2,2,depth+color,0,-2275,3015,1788587096048531
cross_stream,2,2,depth+color,0,-2256,3050,1788587096081889
cross_stream,2,2,depth+color,0,-2234,3146,1788587096115331
cross_stream,2,2,depth+color,-1,-2216,2835,1788587096148712
cross_stream,2,2,depth+color,0,-2196,3089,1788587096181901
cross_stream,2,2,depth+color,-1,-2178,3014,1788587096215197
cross_stream,2,2,depth+color,0,-2158,3044,1788587096248548
cross_stream,2,2,depth+color,0,-2139,3033,1788587096281893
cross_stream,2,2,depth+color,0,-2121,3068,1788587096315372
cross_stream,2,2,depth+color,0,-2101,3008,1788587096348544
cross_stream,2,2,depth+color,0,-2082,3073,1788587096381908
cross_stream,2,2,depth+color,0,-2064,2832,1788587096415337
cross_stream,2,2,depth+color,0,-2047,3245,1788587096448740
cross_stream,2,2,depth+color,0,-2027,3007,1788587096482035
cross_stream,2,2,depth+color,0,-2011,2812,1788587096515202
cross_stream,2,2,depth+color,0,-1993,2907,1788587096548573
cross_stream,2,2,depth+color,0,-1974,2935,1788587096581894
cross_stream,2,2,depth+color,0,-1958,2938,1788587096615211
cross_stream,2,2,depth+color,0,-1942,2880,1788587096648542
cross_stream,2,2,depth+color,0,-1925,2879,1788587096681894
cross_stream,2,2,depth+color,0,-1908,2923,1788587096715219
cross_stream,2,2,depth+color,-1,-1893,2908,1788587096748539
cross_stream,2,2,depth+color,0,-1874,2953,1788587096781916
cross_stream,2,2,depth+color,0,-1860,2868,1788587096815196
cross_stream,2,2,depth+color,0,-1842,3054,1788587096848560
cross_stream,2,2,depth+color,0,-1826,3086,1788587096882029
cross_stream,2,2,depth+color,0,-1809,3049,1788587096915382
cross_stream,2,2,depth+color,0,-1790,3153,1788587096948682
cross_stream,2,2,depth+color,-1,-1776,2899,1788587096981861
cross_stream,2,2,depth+color,-1,-1760,3062,1788587097015221
cross_stream,2,2,depth+color,0,-1743,3037,1788587097048549
cross_stream,2,2,depth+color,0,-1727,3048,1788587097081890
cross_stream,2,2,depth+color,0,-1709,3059,1788587097115215
cross_stream,2,2,depth+color,0,-1693,3196,1788587097148705
cross_stream,2,2,depth+color,-1,-1678,3086,1788587097181909
cross_stream,2,2,depth+color,0,-1661,2899,1788587097215231
cross_stream,2,2,depth+color,0,-1646,3175,1788587097248692
cross_stream,2,2,depth+color,-1,-1630,3190,1788587097282012
cross_stream,2,2,depth+color,-1,-1615,2748,1788587097315371
cross_stream,2,2,depth+color,0,-1599,3016,1788587097348545
cross_stream,2,2,depth+color,-1,-1584,3221,1788587097381890
cross_stream,2,2,depth+color,0,-1568,3093,1788587097415478
cross_stream,2,2,depth+color,0,-1552,3008,1788587097448544
cross_stream,2,2,depth+color,0,-1538,2889,1788587097481863
cross_stream,2,2,depth+color,0,-1524,2811,1788587097515189
cross_stream,2,2,depth+color,0,-1510,3086,1788587097548714
cross_stream,2,2,depth+color,-1,-1497,2902,1788587097581888
cross_stream,2,2,depth+color,0,-1481,3015,1788587097615198
cross_stream,2,2,depth+color,0,-1467,3206,1788587097648691
cross_stream,2,2,depth+color,0,-1452,3163,1788587097682004
cross_stream,2,2,depth+color,0,-1437,3030,1788587097715331
cross_stream,2,2,depth+color,0,-1422,3008,1788587097748541
cross_stream,2,2,depth+color,-1,-1408,3197,1788587097782015
cross_stream,2,2,depth+color,-1,-1393,3299,1788587097815476
cross_stream,2,2,depth+color,0,-1378,2838,1788587097848559
cross_stream,2,2,depth+color,-1,-1366,3047,1788587097882024
cross_stream,2,2,depth+color,0,-1351,3036,1788587097915337
cross_stream,2,2,depth+color,0,-1339,2902,1788587097948553
cross_stream,2,2,depth+color,0,-1326,2950,1788587097981890
cross_stream,2,2,depth+color,-1,-1312,3185,1788587098015346
cross_stream,2,2,depth+color,0,-1297,3182,1788587098048685
cross_stream,2,2,depth+color,0,-1282,3184,1788587098082020
cross_stream,2,2,depth+color,-1,-1271,3063,1788587098115216
cross_stream,2,2,depth+color,0,-1256,3064,1788587098148560
cross_stream,2,2,depth+color,0,-1242,2867,1788587098181868
cross_stream,2,2,depth+color,-1,-1231,3081,1788587098215213
cross_stream,2,2,depth+color,-1,-1218,3033,1788587098248541
cross_stream,2,2,depth+color,-1,-1206,3102,1788587098281884
cross_stream,2,2,depth+color,0,-1191,3186,1788587098315335
cross_stream,2,2,depth+color,-1,-1180,2884,1788587098348569
cross_stream,2,2,depth+color,0,-1167,3038,1788587098381868
cross_stream,2,2,depth+color,0,-1155,3024,1788587098415188
cross_stream,2,2,depth+color,-1,-1142,3199,1788587098448913
cross_stream,2,2,depth+color,0,-1128,3233,1788587098482056
cross_stream,2,2,depth+color,-1,-1117,2892,1788587098515239
cross_stream,2,2,depth+color,0,-1104,2879,1788587098548571
cross_stream,2,2,depth+color,-1,-1096,2925,1788587098581887
cross_stream,2,2,depth+color,0,-1081,2903,1788587098615195
cross_stream,2,2,depth+color,0,-1070,2902,1788587098648535
cross_stream,2,2,depth+color,0,-1060,2946,1788587098681878
cross_stream,2,2,depth+color,0,-1049,2929,1788587098715193
cross_stream,2,2,depth+color,0,-1039,2934,1788587098748571
cross_stream,2,2,depth+color,0,-1027,2936,1788587098781890
cross_stream,2,2,depth+color,-1,-1017,2884,1788587098815213
cross_stream,2,2,depth+color,0,-1005,2942,1788587098848571
cross_stream,2,2,depth+color,0,-996,2923,1788587098881889
cross_stream,2,2,depth+color,0,-985,3006,1788587098915339
cross_stream,2,2,depth+color,-1,-974,3206,1788587098948713
cross_stream,2,2,depth+color,-1,-963,2954,1788587098981891
cross_stream,2,2,depth+color,0,-951,3021,1788587099015341
cross_stream,2,2,depth+color,-1,-940,3175,1788587099048538
cross_stream,2,2,depth+color,0,-927,3184,1788587099082016
cross_stream,2,2,depth+color,-1,-919,2927,1788587099115216
cross_stream,2,2,depth+color,0,-907,3078,1788587099148560
cross_stream,2,2,depth+color,-1,-895,3188,1788587099182020
cross_stream,2,2,depth+color,-1,-884,3016,1788587099215341
cross_stream,2,2,depth+color,0,-874,2896,1788587099248575
cross_stream,2,2,depth+color,0,-863,2916,1788587099281869
cross_stream,2,2,depth+color,0,-854,2928,1788587099315194
cross_stream,2,2,depth+color,0,-843,3023,1788587099348534
cross_stream,2,2,depth+color,-1,-835,3044,1788587099382021
cross_stream,2,2,depth+color,0,-823,3076,1788587099415219
cross_stream,2,2,depth+color,-1,-814,3097,1788587099448569
cross_stream,2,2,depth+color,0,-801,3204,1788587099482028
cross_stream,2,2,depth+color,0,-792,3195,1788587099515335
cross_stream,2,2,depth+color,0,-781,2684,1788587099548578
cross_stream,2,2,depth+color,0,-774,2910,1788587099581891
cross_stream,2,2,depth+color,0,-765,2890,1788587099615209
cross_stream,2,2,depth+color,0,-757,2937,1788587099648564
cross_stream,2,2,depth+color,0,-747,2975,1788587099681903
cross_stream,2,2,depth+color,0,-738,3027,1788587099715324
cross_stream,2,2,depth+color,0,-728,3050,1788587099748566
cross_stream,2,2,depth+color,-1,-720,2954,1788587099781889
cross_stream,2,2,depth+color,0,-710,3121,1788587099815232
cross_stream,2,2,depth+color,0,-699,3238,1788587099848738
cross_stream,2,2,depth+color,0,-689,3082,1788587099881879
cross_stream,2,2,depth+color,0,-679,3053,1788587099915191
cross_stream,2,2,depth+color,0,-670,3023,1788587099948544
cross_stream,2,2,depth+color,0,-660,3207,1788587099981876
cross_stream,2,2,depth+color,0,-649,3098,1788587100015368
cross_stream,2,2,depth+color,0,-639,3211,1788587100048703
cross_stream,2,2,depth+color,0,-631,3038,1788587100082017
cross_stream,2,2,depth+color,0,-623,3179,1788587100115340
cross_stream,2,2,depth+color,-1,-614,3034,1788587100148560
cross_stream,2,2,depth+color,0,-604,3069,1788587100181873
cross_stream,2,2,depth+color,0,-595,3085,1788587100215194
cross_stream,2,2,depth+color,-1,-586,3096,1788587100248570
cross_stream,2,2,depth+color,-1,-579,2991,1788587100281909
cross_stream,2,2,depth+color,0,-568,3085,1788587100315211
cross_stream,2,2,depth+color,0,-559,3021,1788587100348541
cross_stream,2,2,depth+color,-1,-553,2807,1788587100381884
cross_stream,2,2,depth+color,0,-545,2954,1788587100415221
cross_stream,2,2,depth+color,0,-535,3096,1788587100448568
cross_stream,2,2,depth+color,-1,-526,3499,1788587100482182
cross_stream,2,2,depth+color,-1,-515,3297,1788587100515516
cross_stream,2,2,depth+color,-1,-508,3034,1788587100548685
cross_stream,2,2,depth+color,0,-500,2886,1788587100581888
cross_stream,2,2,depth+color,-1,-493,3045,1788587100615342
cross_stream,2,2,depth+color,0,-485,2926,1788587100648577
cross_stream,2,2,depth+color,-1,-478,3060,1788587100681863
cross_stream,2,2,depth+color,-1,-471,3076,1788587100715346
cross_stream,2,2,depth+color,0,-462,3102,1788587100748585
cross_stream,2,2,depth+color,0,-454,2959,1788587100781887
cross_stream,2,2,depth+color,0,-445,3078,1788587100815226
cross_stream,2,2,depth+color,0,-438,3094,1788587100848543
cross_stream,2,2,depth+color,0,-428,3246,1788587100881925
cross_stream,2,2,depth+color,0,-422,2638,1788587100915219
cross_stream,2,2,depth+color,-1,-418,2952,1788587100948562
cross_stream,2,2,depth+color,0,-409,3099,1788587100982036
cross_stream,2,2,depth+color,0,-403,2898,1788587101015244
cross_stream,2,2,depth+color,0,-393,3068,1788587101048576
cross_stream,2,2,depth+color,0,-387,3215,1788587101081895
cross_stream,2,2,depth+color,0,-378,3195,1788587101115374
cross_stream,2,2,depth+color,0,-371,3049,1788587101148551
cross_stream,2,2,depth+color,0,-364,2923,1788587101181883
cross_stream,2,2,depth+color,-1,-358,3065,1788587101215218
cross_stream,2,2,depth+color,0,-350,3173,1788587101248714
cross_stream,2,2,depth+color,0,-343,3101,1788587101281908
cross_stream,2,2,depth+color,-1,-334,3193,1788587101315195
cross_stream,2,2,depth+color,-1,-327,3173,1788587101348699
cross_stream,2,2,depth+color,0,-317,3182,1788587101382170
cross_stream,2,2,depth+color,-1,-312,2842,1788587101415370
cross_stream,2,2,depth+color,0,-306,3046,1788587101448554
cross_stream,2,2,depth+color,-1,-300,3050,1788587101482043
cross_stream,2,2,depth+color,0,-291,3225,1788587101515365
cross_stream,2,2,depth+color,-1,-283,3035,1788587101548545
cross_stream,2,2,depth+color,-1,-279,2849,1788587101581883
cross_stream,2,2,depth+color,0,-272,2871,1788587101615194
cross_stream,2,2,depth+color,0,-268,2904,1788587101648564
cross_stream,2,2,depth+color,-9,-271,3036,1788587101682009
cross_stream,2,2,depth+color,-9,-263,3066,1788587101715197
cross_stream,2,2,depth+color,-9,-258,3075,1788587101748539
cross_stream,2,2,depth+color,-9,-251,3122,1788587101781886
cross_stream,2,2,depth+color,-9,-244,2979,1788587101815232
cross_stream,2,2,depth+color,-9,-238,3037,1788587101848529
cross_stream,2,2,depth+color,-10,-232,3103,1788587101881892
cross_stream,2,2,depth+color,-9,-225,3058,1788587101915204
cross_stream,2,2,depth+color,2,-209,2962,1788587101948568
cross_stream,2,2,depth+color,3,-202,2962,1788587101981916
cross_stream,2,2,depth+color,3,-194,3092,1788587102015347
cross_stream,2,2,depth+color,2,-191,2951,1788587102048548
cross_stream,2,2,depth+color,3,-186,2925,1788587102081892
cross_stream,2,2,depth+color,2,-182,2911,1788587102115219
cross_stream,2,2,depth+color,2,-175,2805,1788587102148733
cross_stream,2,2,depth+color,3,-169,2970,1788587102181892
cross_stream,2,2,depth+color,2,-165,3004,1788587102215234
cross_stream,2,2,depth+color,3,-157,3203,1788587102248718
cross_stream,2,2,depth+color,2,-150,3215,1788587102282048
cross_stream,2,2,depth+color,2,-147,2936,1788587102315238
cross_stream,2,2,depth+color,3,-139,3052,1788587102348559
cross_stream,2,2,depth+color,2,-136,3042,1788587102381876
cross_stream,2,2,depth+color,2,-128,3088,1788587102415235
cross_stream,2,2,depth+color,2,-123,3137,1788587102448599
cross_stream,2,2,depth+color,3,-116,3051,1788587102481883
cross_stream,2,2,depth+color,2,-110,3338,1788587102515348
cross_stream,2,2,depth+color,3,-103,3250,1788587102548819
cross_stream,2,2,depth+color,2,-97,3237,1788587102582049
cross_stream,2,2,depth+color,2,-92,2988,1788587102615350
cross_stream,2,2,depth+color,2,-87,2937,1788587102648585
cross_stream,2,2,depth+color,3,-82,2927,1788587102681906
cross_stream,2,2,depth+color,3,-79,2885,1788587102715217
cross_stream,2,2,depth+color,2,-74,2914,1788587102748548
cross_stream,2,2,depth+color,2,-70,2969,1788587102781895
cross_stream,2,2,depth+color,2,-64,3009,1788587102815226
cross_stream,2,2,depth+color,3,-58,2985,1788587102848578
cross_stream,2,2,depth+color,3,-53,3095,1788587102881885
cross_stream,2,2,depth+color,3,-48,3073,1788587102915239
cross_stream,2,2,depth+color,2,-43,3058,1788587102948568
cross_stream,2,2,depth+color,2,-37,2976,1788587102981904
cross_stream,2,2,depth+color,3,-32,3386,1788587103015556
cross_stream,2,2,depth+color,2,-25,3348,1788587103048855
cross_stream,2,2,depth+color,2,-21,3060,1788587103081894
cross_stream,2,2,depth+color,3,-15,3062,1788587103115232
cross_stream,2,2,depth+color,3,-11,2640,1788587103148573
cross_stream,2,2,depth+color,2,-8,2980,1788587103181898
cross_stream,2,2,depth+color,3,-1,3060,1788587103215228
cross_stream,2,2,depth+color,2,1,3209,1788587103248716
cross_stream,2,2,depth+color,3,8,3122,1788587103281910
cross_stream,2,2,depth+color,2,12,3097,1788587103315238
cross_stream,2,2,depth+color,2,18,2866,1788587103348580
cross_stream,2,2,depth+color,3,23,3195,1788587103382029
cross_stream,2,2,depth+color,2,27,3071,1788587103415237
cross_stream,2,2,depth+color,3,33,2987,1788587103448579
cross_stream,2,2,depth+color,3,38,3138,1788587103482045
cross_stream,2,2,depth+color,3,42,3077,1788587103515223
cross_stream,2,2,depth+color,-1,42,3073,1788587103548580
cross_stream,2,2,depth+color,-1,47,3259,1788587103582187
cross_stream,2,2,depth+color,-1,53,3114,1788587103615216
cross_stream,2,2,depth+color,-1,57,2900,1788587103648558
cross_stream,2,2,depth+color,-1,61,3038,1788587103682016
cross_stream,2,2,depth+color,-2,65,3078,1788587103715331
cross_stream,2,2,depth+color,-1,69,2955,1788587103748582
cross_stream,2,2,depth+color,-1,75,3216,1788587103782188
cross_stream,2,2,depth+color,-1,79,3175,1788587103815472
cross_stream,2,2,depth+color,-1,83,2978,1788587103848581
cross_stream,2,2,depth+color,-1,87,2953,1788587103881877
cross_stream,2,2,depth+color,-1,91,3082,1788587103915208
cross_stream,2,2,depth+color,0,96,2927,1788587103948559
cross_stream,2,2,depth+color,0,100,3064,1788587103981879
cross_stream,2,2,depth+color,-1,103,2885,1788587104015204
cross_stream,2,2,depth+color,0,107,3071,1788587104048574
cross_stream,2,2,depth+color,-1,112,3232,1788587104082039
cross_stream,2,2,depth+color,-1,116,3228,1788587104115351
cross_stream,2,2,depth+color,0,121,3033,1788587104148574
cross_stream,2,2,depth+color,-1,125,3086,1788587104181914
cross_stream,2,2,depth+color,-1,128,3077,1788587104215221
cross_stream,2,2,depth+color,-1,131,2901,1788587104248587
cross_stream,2,2,depth+color,-1,136,3228,1788587104282024
cross_stream,2,2,depth+color,-1,140,3115,1788587104315366
cross_stream,2,2,depth+color,0,146,3056,1788587104348537
cross_stream,2,2,depth+color,-1,148,2968,1788587104381866
cross_stream,2,2,depth+color,-1,152,2981,1788587104415212
cross_stream,2,2,depth+color,-1,155,3056,1788587104448548
cross_stream,2,2,depth+color,0,161,3085,1788587104482041
cross_stream,2,2,depth+color,0,165,3073,1788587104515204
cross_stream,2,2,depth+color,-1,168,3221,1788587104548687
cross_stream,2,2,depth+color,-1,172,3311,1788587104582176
cross_stream,2,2,depth+color,0,178,2885,1788587104615350
cross_stream,2,2,depth+color,0,181,3043,1788587104648671
cross_stream,2,2,depth+color,-1,182,2913,1788587104681907
cross_stream,2,2,depth+color,-1,185,2927,1788587104715219
cross_stream,2,2,depth+color,0,188,2918,1788587104748548
cross_stream,2,2,depth+color,-1,191,2977,1788587104781907
cross_stream,2,2,depth+color,-1,193,3051,1788587104815204
cross_stream,2,2,depth+color,-1,196,3103,1788587104848565
cross_stream,2,2,depth+color,0,202,3051,1788587104882031
cross_stream,2,2,depth+color,-1,205,3121,1788587104915228
cross_stream,2,2,depth+color,-1,208,3067,1788587104948541
cross_stream,2,2,depth+color,-1,213,2928,1788587104981894
cross_stream,2,2,depth+color,-1,216,3043,1788587105015346
cross_stream,2,2,depth+color,-1,218,3110,1788587105048682
cross_stream,2,2,depth+color,-1675,-1452,1295,1788587105081947
cross_stream,2,2,depth+color,-8,218,2903,1788587105115203
cross_stream,2,2,depth+color,-8,221,3110,1788587105148690
cross_stream,2,2,depth+color,-8,222,2979,1788587105181926
cross_stream,2,2,depth+color,-8,225,2892,1788587105215201
cross_stream,2,2,depth+color,-8,229,3062,1788587105248674
cross_stream,2,2,depth+color,-8,231,3068,1788587105281879
cross_stream,2,2,depth+color,-8,237,3226,1788587105315342
cross_stream,2,2,depth+color,-8,242,3539,1788587105348865
cross_stream,2,2,depth+color,-8,245,3228,1788587105382031
cross_stream,2,2,depth+color,-8,251,3085,1788587105415361
cross_stream,2,2,depth+color,-8,254,3240,1788587105448715
cross_stream,2,2,depth+color,-8,258,3083,1788587105481890
cross_stream,2,2,depth+color,-8,261,2959,1788587105515358
cross_stream,2,2,depth+color,-8,264,3055,1788587105548573
cross_stream,2,2,depth+color,-8,267,3077,1788587105581880
cross_stream,2,2,depth+color,-8,272,3228,1788587105615356
cross_stream,2,2,depth+color,-8,273,3059,1788587105648551
cross_stream,2,2,depth+color,-8,275,2909,1788587105681900
cross_stream,2,2,depth+color,-8,279,2880,1788587105715206
cross_stream,2,2,depth+color,-8,279,2913,1788587105748575
cross_stream,2,2,depth+color,-8,283,2937,1788587105781888
cross_stream,2,2,depth+color,-8,284,2909,1788587105815204
cross_stream,2,2,depth+color,-8,286,3081,1788587105848538
cross_stream,2,2,depth+color,-8,289,3059,1788587105881873
cross_stream,2,2,depth+color,-9,291,2899,1788587105915210
cross_stream,2,2,depth+color,-8,296,3086,1788587105948544
cross_stream,2,2,depth+color,-9,298,3122,1788587105981905
cross_stream,2,2,depth+color,-8,299,2832,1788587106015197
cross_stream,2,2,depth+color,-8,301,2891,1788587106048569
cross_stream,2,2,depth+color,-8,302,2936,1788587106081894
cross_stream,2,2,depth+color,-9,304,3059,1788587106115322
cross_stream,2,2,depth+color,-9,306,2666,1788587106148530
cross_stream,2,2,depth+color,-8,309,2930,1788587106181907
cross_stream,2,2,depth+color,-8,311,2952,1788587106215215
cross_stream,2,2,depth+color,-8,312,2896,1788587106248553
cross_stream,2,2,depth+color,-8,314,3016,1788587106282009
cross_stream,2,2,depth+color,-8,317,3173,1788587106315340
cross_stream,2,2,depth+color,-8,319,2685,1788587106348558
cross_stream,2,2,depth+color,-9,320,3058,1788587106381882
cross_stream,2,2,depth+color,-9,323,3051,1788587106415196
cross_stream,2,2,depth+color,-8,325,2907,1788587106448546
cross_stream,2,2,depth+color,-8,328,2966,1788587106481899
cross_stream,2,2,depth+color,-8,330,3126,1788587106515228
cross_stream,2,2,depth+color,-8,333,3015,1788587106548689
cross_stream,2,2,depth+color,-8,335,3096,1788587106581894
cross_stream,2,2,depth+color,-8,339,3187,1788587106615201
cross_stream,2,2,depth+color,-8,342,2900,1788587106648667
cross_stream,2,2,depth+color,-8,342,3155,1788587106682014
cross_stream,2,2,depth+color,-9,345,3065,1788587106715193
cross_stream,2,2,depth+color,-8,348,2978,1788587106748679
cross_stream,2,2,depth+color,-8,350,3084,1788587106781900
cross_stream,2,2,depth+color,-8,353,3039,1788587106815210
cross_stream,2,2,depth+color,-8,356,2997,1788587106848689
cross_stream,2,2,depth+color,-8,357,3091,1788587106882042
cross_stream,2,2,depth+color,-8,361,3213,1788587106915357
cross_stream,2,2,depth+color,-8,364,3028,1788587106948547
cross_stream,2,2,depth+color,-9,365,2912,1788587106981870
cross_stream,2,2,depth+color,-8,368,3038,1788587107015209
cross_stream,2,2,depth+color,-8,369,3078,1788587107048556
cross_stream,2,2,depth+color,-8,372,3000,1788587107082000
cross_stream,2,2,depth+color,-8,373,3069,1788587107115229
cross_stream,2,2,depth+color,-8,375,2803,1788587107148548
cross_stream,2,2,depth+color,-8,378,3067,1788587107181883
cross_stream,2,2,depth+color,-8,379,2945,1788587107215217
cross_stream,2,2,depth+color,-8,378,2799,1788587107248674
cross_stream,2,2,depth+color,-9,379,3059,1788587107282018
cross_stream,2,2,depth+color,-8,386,3064,1788587107315208
cross_stream,2,2,depth+color,-8,388,3191,1788587107348706
cross_stream,2,2,depth+color,-8,389,3178,1788587107382005
cross_stream,2,2,depth+color,-8,392,3059,1788587107415196
cross_stream,2,2,depth+color,-8,394,2902,1788587107448553
cross_stream,2,2,depth+color,-8,395,3055,1788587107481897
cross_stream,2,2,depth+color,-8,398,3176,1788587107515341
cross_stream,2,2,depth+color,-8,400,3056,1788587107548556
cross_stream,2,2,depth+color,-8,402,2912,1788587107581869
cross_stream,2,2,depth+color,-8,405,3138,1788587107615321
cross_stream,2,2,depth+color,-9,408,3344,1788587107648842
cross_stream,2,2,depth+color,-8,412,3147,1788587107682011
cross_stream,2,2,depth+color,-8,416,3212,1788587107715358
cross_stream,2,2,depth+color,-8,418,3153,1788587107748672
cross_stream,2,2,depth+color,-9,418,2873,1788587107781875
cross_stream,2,2,depth+color,-8,420,2861,1788587107815217
cross_stream,2,2,depth+color,-8,420,2965,1788587107848557
cross_stream,2,2,depth+color,-8,421,2940,1788587107881878
cross_stream,2,2,depth+color,-8,422,2811,1788587107915203
cross_stream,2,2,depth+color,-8,422,3030,1788587107948530
cross_stream,2,2,depth+color,-8,427,3207,1788587107981868
cross_stream,2,2,depth+color,-8,427,2901,1788587108015203
cross_stream,2,2,depth+color,-8,429,2931,1788587108048565
cross_stream,2,2,depth+color,-10,430,3208,1788587108081867
cross_stream,2,2,depth+color,-10,431,2842,1788587108115181
cross_stream,2,2,depth+color,-9,431,2986,1788587108148697
cross_stream,2,2,depth+color,-10,435,3065,1788587108181897
cross_stream,2,2,depth+color,-9,437,3091,1788587108215195
cross_stream,2,2,depth+color,-10,438,3106,1788587108248708
cross_stream,2,2,depth+color,-10,440,3187,1788587108282012
cross_stream,2,2,depth+color,-10,444,3175,1788587108315539
cross_stream,2,2,depth+color,-9,446,3043,1788587108348560
cross_stream,2,2,depth+color,-10,447,3074,1788587108381884
cross_stream,2,2,depth+color,-9,451,3188,1788587108415490
cross_stream,2,2,depth+color,-9,453,3180,1788587108448715
cross_stream,2,2,depth+color,-10,453,2941,1788587108481874
cross_stream,2,2,depth+color,-10,455,3071,1788587108515196
cross_stream,2,2,depth+color,-10,456,2927,1788587108548543
cross_stream,2,2,depth+color,-10,457,3039,1788587108581882
cross_stream,2,2,depth+color,-10,459,3049,1788587108615222
cross_stream,2,2,depth+color,-9,464,3087,1788587108648554
cross_stream,2,2,depth+color,-10,462,2875,1788587108681904
cross_stream,2,2,depth+color,-10,464,3026,1788587108715196
cross_stream,2,2,depth+color,-10,463,2808,1788587108748563
cross_stream,2,2,depth+color,-10,465,2881,1788587108781880
cross_stream,2,2,depth+color,-10,464,2916,1788587108815221
cross_stream,2,2,depth+color,-10,466,2861,1788587108848563
cross_stream,2,2,depth+color,-10,467,3037,1788587108881878
cross_stream,2,2,depth+color,-10,470,3212,1788587108915358
cross_stream,2,2,depth+color,-9,472,2885,1788587108948570
cross_stream,2,2,depth+color,-9,472,2920,1788587108981897
cross_stream,2,2,depth+color,-10,474,3076,1788587109015334
cross_stream,2,2,depth+color,-10,476,3042,1788587109048683
cross_stream,2,2,depth+color,-10,477,3079,1788587109081888
cross_stream,2,2,depth+color,-9,479,3055,1788587109115222
cross_stream,2,2,depth+color,-10,478,2835,1788587109148559
cross_stream,2,2,depth+color,-10,481,3100,1788587109182033
cross_stream,2,2,depth+color,-10,481,2923,1788587109215188
cross_stream,2,2,depth+color,-9,482,2826,1788587109248702
cross_stream,2,2,depth+color,-9,484,3067,1788587109282035
cross_stream,2,2,depth+color,-10,485,3057,1788587109315372
cross_stream,2,2,depth+color,-9,487,3029,1788587109348677
cross_stream,2,2,depth+color,-10,487,2988,1788587109382005
cross_stream,2,2,depth+color,-9,490,3088,1788587109415222
cross_stream,2,2,depth+color,-10,490,3044,1788587109448546
cross_stream,2,2,depth+color,-9,491,2936,1788587109481902
cross_stream,2,2,depth+color,-9,493,2903,1788587109515219
cross_stream,2,2,depth+color,-10,492,2945,1788587109548564
cross_stream,2,2,depth+color,-10,494,2873,1788587109581869
cross_stream,2,2,depth+color,-10,494,2927,1788587109615508
cross_stream,2,2,depth+color,-10,495,3062,1788587109648554
cross_stream,2,2,depth+color,-10,497,3051,1788587109681876
cross_stream,2,2,depth+color,-10,499,3150,1788587109715508
cross_stream,2,2,depth+color,-10,500,3138,1788587109748676
cross_stream,2,2,depth+color,-9,502,2989,1788587109781998
cross_stream,2,2,depth+color,-10,504,3052,1788587109815344
cross_stream,2,2,depth+color,-10,504,3056,1788587109848569
cross_stream,2,2,depth+color,-10,506,2864,1788587109881898
cross_stream,2,2,depth+color,-9,508,2989,1788587109915363
cross_stream,2,2,depth+color,-10,506,2920,1788587109948556
cross_stream,2,2,depth+color,-10,507,2904,1788587109981865
cross_stream,2,2,depth+color,-10,510,3155,1788587110015336
cross_stream,2,2,depth+color,-9,510,2991,1788587110048518
cross_stream,2,2,depth+color,-10,509,2809,1788587110082025
cross_stream,2,2,depth+color,-10,511,3056,1788587110115367
cross_stream,2,2,depth+color,-9,515,3207,1788587110148697
cross_stream,2,2,depth+color,-10,516,3224,1788587110182036
cross_stream,2,2,depth+color,-10,519,3308,1788587110215340
cross_stream,2,2,depth+color,-10,523,3390,1788587110248855
cross_stream,2,2,depth+color,-10,523,3127,1788587110282171
cross_stream,2,2,depth+color,-10,526,3117,1788587110315491
cross_stream,2,2,depth+color,-10,528,3039,1788587110348685
cross_stream,2,2,depth+color,-10,529,3082,1788587110382038
cross_stream,2,2,depth+color,-10,531,3220,1788587110415342
cross_stream,2,2,depth+color,-10,533,2948,1788587110448572
cross_stream,2,2,depth+color,-10,534,3105,1788587110482050
cross_stream,2,2,depth+color,-10,534,3093,1788587110515366
cross_stream,2,2,depth+color,-10,534,2849,1788587110548718
cross_stream,2,2,depth+color,-10,537,3089,1788587110582032
cross_stream,2,2,depth+color,-10,538,3183,1788587110615495
cross_stream,2,2,depth+color,-9,542,3023,1788587110648534
cross_stream,2,2,depth+color,-10,540,3048,1788587110681887
cross_stream,2,2,depth+color,-10,541,3221,1788587110715339
cross_stream,2,2,depth+color,-10,543,3089,1788587110748878
cross_stream,2,2,depth+color,-9,546,2965,1788587110781878
cross_stream,2,2,depth+color,-9,547,2895,1788587110815235
cross_stream,2,2,depth+color,-10,546,2883,1788587110848540
cross_stream,2,2,depth+color,-10,546,2886,1788587110881882
cross_stream,2,2,depth+color,-9,547,3116,1788587110915364
cross_stream,2,2,depth+color,-10,547,3127,1788587110948704
cross_stream,2,2,depth+color,-9,548,2935,1788587110981883
cross_stream,2,2,depth+color,-10,550,3094,1788587111015361
cross_stream,2,2,depth+color,-10,551,3187,1788587111048549
cross_stream,2,2,depth+color,-10,553,3110,1788587111081913
cross_stream,2,2,depth+color,-10,553,2956,1788587111115226
cross_stream,2,2,depth+color,-9,554,2925,1788587111148668
cross_stream,2,2,depth+color,-9,556,2917,1788587111181891
cross_stream,2,2,depth+color,-9,555,2904,1788587111215208
cross_stream,2,2,depth+color,-10,555,2868,1788587111248667
cross_stream,2,2,depth+color,-10,555,2891,1788587111282153
cross_stream,2,2,depth+color,-10,555,2884,1788587111315223
cross_stream,2,2,depth+color,-9,559,3211,1788587111348875
cross_stream,2,2,depth+color,-10,558,3015,1788587111382029
cross_stream,2,2,depth+color,-10,557,2939,1788587111415203
cross_stream,2,2,depth+color,-10,558,2929,1788587111448537
cross_stream,2,2,depth+color,-10,560,3071,1788587111482047
cross_stream,2,2,depth+color,-10,558,2914,1788587111515227
cross_stream,2,2,depth+color,-10,561,3177,1788587111548682
cross_stream,2,2,depth+color,-9,563,2953,1788587111581900
cross_stream,2,2,depth+color,-10,562,3036,1788587111615191
cross_stream,2,2,depth+color,-10,562,3012,1788587111648532
cross_stream,2,2,depth+color,-10,563,3068,1788587111681882
cross_stream,2,2,depth+color,-10,565,3077,1788587111715230
cross_stream,2,2,depth+color,-10,567,3334,1788587111748689
cross_stream,2,2,depth+color,-10,570,3069,1788587111781905
cross_stream,2,2,depth+color,-10,570,2898,1788587111815200
cross_stream,2,2,depth+color,-10,570,2846,1788587111848550
cross_stream,2,2,depth+color,-10,569,2881,1788587111881901
cross_stream,2,2,depth+color,-9,571,3010,1788587111915341
cross_stream,2,2,depth+color,-10,571,2942,1788587111948560
cross_stream,2,2,depth+color,-9,573,3082,1788587111981893
cross_stream,2,2,depth+color,-10,573,2915,1788587112015225
cross_stream,2,2,depth+color,-10,573,3162,1788587112048687
cross_stream,2,2,depth+color,-10,574,3061,1788587112081865
cross_stream,2,2,depth+color,-10,574,3052,1788587112115195
cross_stream,2,2,depth+color,-10,576,3123,1788587112148698
cross_stream,2,2,depth+color,-10,579,3067,1788587112181889
cross_stream,2,2,depth+color,-10,577,3081,1788587112215218
cross_stream,2,2,depth+color,-10,581,3095,1788587112248559
cross_stream,2,2,depth+color,-9,580,2998,1788587112282045
cross_stream,2,2,depth+color,-9,582,3011,1788587112315338
cross_stream,2,2,depth+color,-10,582,3019,1788587112348705
cross_stream,2,2,depth+color,-9,583,3036,1788587112382031
cross_stream,2,2,depth+color,-10,581,2832,1788587112415205
cross_stream,2,2,depth+color,-10,582,2936,1788587112448555
cross_stream,2,2,depth+color,-9,583,2965,1788587112481898
cross_stream,2,2,depth+color,-10,581,2963,1788587112515230
cross_stream,2,2,depth+color,-9,583,2921,1788587112548571
cross_stream,2,2,depth+color,-10,583,2980,1788587112581912
cross_stream,2,2,depth+color,-10,586,3185,1788587112615323
cross_stream,2,2,depth+color,-10,587,3094,1788587112648578
cross_stream,2,2,depth+color,-10,584,2641,1788587112681905
cross_stream,2,2,depth+color,-10,586,3046,1788587112715209
cross_stream,2,2,depth+color,-10,586,3219,1788587112748549
cross_stream,2,2,depth+color,-9,587,2921,1788587112782000
cross_stream,2,2,depth+color,-10,589,3149,1788587112815361
cross_stream,2,2,depth+color,-10,587,2916,1788587112848565
cross_stream,2,2,depth+color,-5,593,2869,1788587112881881
cross_stream,2,2,depth+color,-5,595,3199,1788587112915518
cross_stream,2,2,depth+color,-5,597,3088,1788587112948577
cross_stream,2,2,depth+color,-5,596,2955,1788587112981902
cross_stream,2,2,depth+color,-5,600,3377,1788587113015539
cross_stream,2,2,depth+color,-5,599,3008,1788587113048678
cross_stream,2,2,depth+color,-5,601,3041,1788587113081888
cross_stream,2,2,depth+color,-5,601,3075,1788587113115236
cross_stream,2,2,depth+color,-5,602,3022,1788587113148713
cross_stream,2,2,depth+color,-5,603,2907,1788587113181916
cross_stream,2,2,depth+color,-5,602,2825,1788587113215197
cross_stream,2,2,depth+color,-6,602,3136,1788587113248583
cross_stream,2,2,depth+color,-5,606,3249,1788587113282043
cross_stream,2,2,depth+color,-5,605,3125,1788587113315365
cross_stream,2,2,depth+color,-5,609,3343,1788587113348866
cross_stream,2,2,depth+color,-6,609,3191,1788587113382179
cross_stream,2,2,depth+color,-5,611,3039,1788587113415361
cross_stream,2,2,depth+color,-5,612,3154,1788587113448675
cross_stream,2,2,depth+color,-6,611,2924,1788587113481886
cross_stream,2,2,depth+color,-5,612,2934,1788587113515204
cross_stream,2,2,depth+color,-5,611,3049,1788587113548679
cross_stream,2,2,depth+color,-5,613,2959,1788587113581891
cross_stream,2,2,depth+color,-5,612,2911,1788587113615231
cross_stream,2,2,depth+color,-6,610,2921,1788587113648563
cross_stream,2,2,depth+color,-5,613,3083,1788587113682028
cross_stream,2,2,depth+color,-5,615,3081,1788587113715224
cross_stream,2,2,depth+color,-5,616,3180,1788587113748669
cross_stream,2,2,depth+color,-5,615,3086,1788587113781865
cross_stream,2,2,depth+color,-5,617,3064,1788587113815209
cross_stream,2,2,depth+color,-5,619,3194,1788587113848680
cross_stream,2,2,depth+color,-5,619,2893,1788587113881868
cross_stream,2,2,depth+color,-5,620,3050,1788587113915370
cross_stream,2,2,depth+color,-5,621,3048,1788587113948685
cross_stream,2,2,depth+color,-5,619,2945,1788587113981878
cross_stream,2,2,depth+color,-5,621,3030,1788587114015355
cross_stream,2,2,depth+color,-6,619,2929,1788587114048553
cross_stream,2,2,depth+color,-6,620,3036,1788587114082017
cross_stream,2,2,depth+color,-5,620,2942,1788587114115209
cross_stream,2,2,depth+color,-5,619,2794,1788587114148552
cross_stream,2,2,depth+color,-5,621,3100,1788587114182052
cross_stream,2,2,depth+color,-5,622,3010,1788587114215324
cross_stream,2,2,depth+color,-5,622,3017,1788587114248695
cross_stream,2,2,depth+color,-5,624,3218,1788587114282205
cross_stream,2,2,depth+color,-5,624,3050,1788587114315362
cross_stream,2,2,depth+color,-5,623,2904,1788587114348574
cross_stream,2,2,depth+color,-5,623,3057,1788587114382006
cross_stream,2,2,depth+color,-5,625,2900,1788587114415195
cross_stream,2,2,depth+color,-5,625,3079,1788587114448689
cross_stream,2,2,depth+color,-5,621,2766,1788587114481914
cross_stream,2,2,depth+color,-6,622,2942,1788587114515197
cross_stream,2,2,depth+color,-6,623,3173,1788587114548703
cross_stream,2,2,depth+color,-5,626,3050,1788587114582026
cross_stream,2,2,depth+color,-5,627,3057,1788587114615208
cross_stream,2,2,depth+color,-5,625,3041,1788587114648545
cross_stream,2,2,depth+color,-5,627,3036,1788587114682009
cross_stream,2,2,depth+color,-5,628,3174,1788587114715338
cross_stream,2,2,depth+color,-5,628,2957,1788587114748564
cross_stream,2,2,depth+color,-5,629,3085,1788587114781887
cross_stream,2,2,depth+color,-5,630,3049,1788587114815218
cross_stream,2,2,depth+color,-5,630,2853,1788587114848587
cross_stream,2,2,depth+color,-5,630,3064,1788587114882047
cross_stream,2,2,depth+color,-5,630,2937,1788587114915332
cross_stream,2,2,depth+color,1669,2304,4568,1788587114948556
cross_stream,2,2,depth+color,3,638,3046,1788587114982029
cross_stream,2,2,depth+color,2,638,3004,1788587115015334
cross_stream,2,2,depth+color,2,639,3334,1788587115048698
cross_stream,2,2,depth+color,2,639,2971,1788587115081903
cross_stream,2,2,depth+color,2,639,2948,1788587115115224
cross_stream,2,2,depth+color,3,640,2934,1788587115148541
cross_stream,2,2,depth+color,3,639,2969,1788587115182021
cross_stream,2,2,depth+color,2,640,2896,1788587115215206
cross_stream,2,2,depth+color,2,637,2763,1788587115248694
cross_stream,2,2,depth+color,2,636,2938,1788587115281894
cross_stream,2,2,depth+color,2,637,3030,1788587115315328
cross_stream,2,2,depth+color,3,639,3228,1788587115348875
cross_stream,2,2,depth+color,2,641,3234,1788587115382200
cross_stream,2,2,depth+color,2,641,3028,1788587115415355
cross_stream,2,2,depth+color,2,642,3057,1788587115448550
cross_stream,2,2,depth+color,2,640,2917,1788587115481882
cross_stream,2,2,depth+color,2,641,2927,1788587115515329
cross_stream,2,2,depth+color,3,641,2847,1788587115548581
cross_stream,2,2,depth+color,2,640,2910,1788587115581870
cross_stream,2,2,depth+color,3,641,2994,1788587115615354
cross_stream,2,2,depth+color,3,643,3064,1788587115648568
cross_stream,2,2,depth+color,2,642,2932,1788587115681891
cross_stream,2,2,depth+color,2,640,3157,1788587115715326
cross_stream,2,2,depth+color,2,641,3167,1788587115748852
cross_stream,2,2,depth+color,2,643,3084,1788587115781902
cross_stream,2,2,depth+color,2,644,3054,1788587115815201
cross_stream,2,2,depth+color,2,646,3334,1788587115848691
cross_stream,2,2,depth+color,2,649,3310,1788587115881986
cross_stream,2,2,depth+color,2,649,2985,1788587115915344
cross_stream,2,2,depth+color,-7,639,2830,1788587115948526
cross_stream,2,2,depth+color,-6,638,2883,1788587115981862
cross_stream,2,2,depth+color,-7,637,2857,1788587116015194
cross_stream,2,2,depth+color,-6,638,2913,1788587116048541
cross_stream,2,2,depth+color,-6,639,3091,1788587116081892
cross_stream,2,2,depth+color,-6,639,3042,1788587116115317
cross_stream,2,2,depth+color,-6,639,2909,1788587116148550
cross_stream,2,2,depth+color,-6,640,2937,1788587116181868
cross_stream,2,2,depth+color,-6,637,3059,1788587116215207
cross_stream,2,2,depth+color,-6,639,3006,1788587116248678
cross_stream,2,2,depth+color,-7,641,3198,1788587116282012
cross_stream,2,2,depth+color,-7,640,3066,1788587116315331
cross_stream,2,2,depth+color,-7,641,3063,1788587116348699
cross_stream,2,2,depth+color,-7,641,3042,1788587116382020
cross_stream,2,2,depth+color,-6,642,2866,1788587116415191
cross_stream,2,2,depth+color,-6,643,2950,1788587116448562
cross_stream,2,2,depth+color,-6,641,2888,1788587116481868
cross_stream,2,2,depth+color,-7,639,2893,1788587116515204
cross_stream,2,2,depth+color,-7,640,2924,1788587116548537
cross_stream,2,2,depth+color,-6,639,2968,1788587116581907
cross_stream,2,2,depth+color,-6,640,2929,1788587116615221
cross_stream,2,2,depth+color,-6,640,2913,1788587116648542
cross_stream,2,2,depth+color,-6,640,2954,1788587116681883
cross_stream,2,2,depth+color,-6,638,3076,1788587116715184
cross_stream,2,2,depth+color,-6,640,3187,1788587116748667
cross_stream,2,2,depth+color,-6,641,2926,1788587116781863
cross_stream,2,2,depth+color,-6,643,3094,1788587116815208
cross_stream,2,2,depth+color,-6,642,3072,1788587116848533
cross_stream,2,2,depth+color,-7,641,3142,1788587116881999
cross_stream,2,2,depth+color,-7,644,3194,1788587116915351
cross_stream,2,2,depth+color,-6,644,2861,1788587116948527
cross_stream,2,2,depth+color,-6,645,2907,1788587116981892
cross_stream,2,2,depth+color,-6,644,2989,1788587117015316
cross_stream,2,2,depth+color,-6,643,2876,1788587117048552
cross_stream,2,2,depth+color,-6,644,2993,1788587117081895
cross_stream,2,2,depth+color,-7,641,2875,1788587117115337
cross_stream,2,2,depth+color,-6,643,3067,1788587117148678
cross_stream,2,2,depth+color,-6,645,2985,1788587117181883
cross_stream,2,2,depth+color,-7,642,2949,1788587117215214
cross_stream,2,2,depth+color,-7,642,2939,1788587117248556
cross_stream,2,2,depth+color,-6,643,3046,1788587117282009
cross_stream,2,2,depth+color,-6,642,2942,1788587117315211
cross_stream,2,2,depth+color,-6,642,3022,1788587117348679
cross_stream,2,2,depth+color,-7,644,3028,1788587117382026
cross_stream,2,2,depth+color,-7,643,3079,1788587117415349
cross_stream,2,2,depth+color,-7,644,3090,1788587117448547
cross_stream,2,2,depth+color,-6,644,2886,1788587117481870
cross_stream,2,2,depth+color,-6,646,3181,1788587117515520
cross_stream,2,2,depth+color,-6,648,3217,1788587117548694
cross_stream,2,2,depth+color,-6,648,3072,1788587117581996
cross_stream,2,2,depth+color,-7,649,3109,1788587117615449
cross_stream,2,2,depth+color,-6,650,2925,1788587117648537
cross_stream,2,2,depth+color,-6,648,2917,1788587117681875
cross_stream,2,2,depth+color,-6,648,3060,1788587117715332
cross_stream,2,2,depth+color,-7,647,3035,1788587117748546
cross_stream,2,2,depth+color,-6,649,2898,1788587117781864
cross_stream,2,2,depth+color,-6,648,2856,1788587117815211
cross_stream,2,2,depth+color,-6,648,3078,1788587117848551
cross_stream,2,2,depth+color,-6,649,3045,1788587117881869
cross_stream,2,2,depth+color,-7,648,3134,1788587117915329
cross_stream,2,2,depth+color,-6,649,3028,1788587117948533
cross_stream,2,2,depth+color,-6,650,2892,1788587117981883
cross_stream,2,2,depth+color,-6,651,2949,1788587118015351
cross_stream,2,2,depth+color,-6,649,2914,1788587118048557
cross_stream,2,2,depth+color,-6,647,2896,1788587118081860
cross_stream,2,2,depth+color,-6,649,3041,1788587118115346
cross_stream,2,2,depth+color,-7,648,3086,1788587118148557
cross_stream,2,2,depth+color,-6,648,2915,1788587118181898
cross_stream,2,2,depth+color,-6,648,2998,1788587118215318
cross_stream,2,2,depth+color,-6,650,3053,1788587118248551
cross_stream,2,2,depth+color,-6,649,3033,1788587118281872
cross_stream,2,2,depth+color,-6,651,3233,1788587118315336
cross_stream,2,2,depth+color,-6,651,2903,1788587118348559
cross_stream,2,2,depth+color,-6,652,2949,1788587118381983
cross_stream,2,2,depth+color,-7,652,3105,1788587118415443
cross_stream,2,2,depth+color,-6,651,2993,1788587118448839
cross_stream,2,2,depth+color,-6,650,2926,1788587118481894
cross_stream,2,2,depth+color,-6,652,3003,1788587118515328
cross_stream,2,2,depth+color,-6,651,2939,1788587118548575
cross_stream,2,2,depth+color,-7,650,2839,1788587118581892
cross_stream,2,2,depth+color,-6,651,2916,1788587118615212
cross_stream,2,2,depth+color,-7,647,2896,1788587118648533
cross_stream,2,2,depth+color,-6,648,2869,1788587118681874
cross_stream,2,2,depth+color,-6,647,2889,1788587118715194
cross_stream,2,2,depth+color,-7,648,3022,1788587118748699
cross_device,0,1,depth,299,625,866,1788587088784331
cross_device,0,1,depth,300,630,144,1788587088816917
cross_device,0,1,depth,300,633,138,1788587088850249
cross_device,0,1,depth,300,637,70,1788587088883548
cross_device,0,1,depth,299,639,87,1788587088916891
cross_device,0,1,depth,299,643,146,1788587088950255
cross_device,0,1,depth,299,646,169,1788587088983588
cross_device,0,1,depth,299,649,121,1788587089016883
cross_device,0,1,depth,300,653,72,1788587089050201
cross_device,0,1,depth,299,656,106,1788587089083553
cross_device,0,1,depth,299,402,372,1788587089117151
cross_device,0,1,depth,299,405,144,1788587089150237
cross_device,0,1,depth,299,406,76,1788587089183539
cross_device,0,1,depth,299,409,134,1788587089216898
cross_device,0,1,depth,299,411,-14,1788587089250236
cross_device,0,1,depth,299,414,109,1788587089283528
cross_device,0,1,depth,299,416,30,1788587089316827
cross_device,0,1,depth,299,417,79,1788587089350202
cross_device,0,1,depth,299,420,65,1788587089383535
cross_device,0,1,depth,298,421,126,1788587089416911
cross_device,0,1,depth,298,421,134,1788587089450268
cross_device,0,1,depth,298,426,90,1788587089483519
cross_device,0,1,depth,298,427,-13,1788587089516870
cross_device,0,1,depth,298,429,125,1788587089550239
cross_device,0,1,depth,298,432,124,1788587089583550
cross_device,0,1,depth,298,433,128,1788587089616903
cross_device,0,1,depth,298,435,-2,1788587089650236
cross_device,0,1,depth,298,438,275,1788587089683701
cross_device,0,1,depth,297,439,96,1788587089716899
cross_device,0,1,depth,298,443,142,1788587089750230
cross_device,0,1,depth,298,444,298,1788587089783721
cross_device,0,1,depth,298,452,304,1788587089817076
cross_device,0,1,depth,297,453,118,1788587089850241
cross_device,0,1,depth,298,456,310,1788587089883718
cross_device,0,1,depth,298,459,110,1788587089916886
cross_device,0,1,depth,297,460,108,1788587089950192
cross_device,0,1,depth,297,461,62,1788587089983522
cross_device,0,1,depth,297,463,34,1788587090016932
cross_device,0,1,depth,297,466,142,1788587090050247
cross_device,0,1,depth,297,468,168,1788587090083585
cross_device,0,1,depth,297,470,255,1788587090117045
cross_device,0,1,depth,297,-2,66,1788587090150192
cross_device,0,1,depth,297,-2,131,1788587090183670
cross_device,0,1,depth,297,0,259,1788587090217024
cross_device,0,1,depth,297,2,62,1788587090250318
cross_device,0,1,depth,296,2,183,1788587090283658
cross_device,0,1,depth,296,1,52,1788587090316851
cross_device,0,1,depth,297,5,81,1788587090350221
cross_device,0,1,depth,296,4,231,1788587090383680
cross_device,0,1,depth,297,7,127,1788587090416912
cross_device,0,1,depth,296,7,55,1788587090450203
cross_device,0,1,depth,296,8,248,1788587090483685
cross_device,0,1,depth,296,9,106,1788587090516899
cross_device,0,1,depth,296,9,56,1788587090550203
cross_device,0,1,depth,296,10,286,1788587090583721
cross_device,0,1,depth,296,11,93,1788587090616902
cross_device,0,1,depth,296,11,90,1788587090650247
cross_device,0,1,depth,296,14,72,1788587090683543
cross_device,0,1,depth,295,14,54,1788587090716861
cross_device,0,1,depth,296,15,-89,1788587090750256
cross_device,0,1,depth,295,16,227,1788587090783674
cross_device,0,1,depth,295,-86,243,1788587090817011
cross_device,0,1,depth,296,-83,56,1788587090850160
cross_device,0,1,depth,296,-82,276,1788587090883857
cross_device,0,1,depth,295,-82,291,1788587090917072
cross_device,0,1,depth,295,-80,130,1788587090950270
cross_device,0,1,depth,295,-79,272,1788587090983703
cross_device,0,1,depth,295,-77,281,1788587091017056
cross_device,0,1,depth,295,-75,107,1788587091050216
cross_device,0,1,depth,295,-73,120,1788587091083673
cross_device,0,1,depth,294,-73,239,1788587091117017
cross_device,0,1,depth,295,-188,85,1788587091150208
cross_device,0,1,depth,294,-188,106,1788587091183534
cross_device,0,1,depth,295,-186,229,1788587091217034
cross_device,0,1,depth,294,-187,126,1788587091250246
cross_device,0,1,depth,295,-186,60,1788587091283514
cross_device,0,1,depth,294,-185,103,1788587091316878
cross_device,0,1,depth,294,-185,55,1788587091350157
cross_device,0,1,depth,294,-184,74,1788587091383500
cross_device,0,1,depth,294,-184,64,1788587091416862
cross_device,0,1,depth,294,-182,35,1788587091450178
cross_device,0,1,depth,294,-182,85,1788587091483549
cross_device,0,1,depth,294,-181,84,1788587091516874
cross_device,0,1,depth,293,-181,96,1788587091550233
cross_device,0,1,depth,294,-180,226,1788587091583664
cross_device,0,1,depth,293,-180,133,1788587091616914
cross_device,0,1,depth,294,-177,86,1788587091650199
cross_device,0,1,depth,294,-178,36,1788587091683494
cross_device,0,1,depth,294,-177,108,1788587091716885
cross_device,0,1,depth,294,-176,79,1788587091750216
cross_device,0,1,depth,294,-175,140,1788587091783565
cross_device,0,1,depth,293,-288,36,1788587091816843
cross_device,0,1,depth,293,-289,72,1788587091850215
cross_device,0,1,depth,293,-289,36,1788587091883483
cross_device,0,1,depth,293,-289,119,1788587091916897
cross_device,0,1,depth,293,-289,84,1788587091950210
cross_device,0,1,depth,293,-290,100,1788587091983539
cross_device,0,1,depth,293,-290,61,1788587092016836
cross_device,0,1,depth,293,-290,67,1788587092050181
cross_device,0,1,depth,293,-290,113,1788587092083549
cross_device,0,1,depth,292,-293,22,1788587092116831
cross_device,0,1,depth,292,-48,263,1788587092150378
cross_device,0,1,depth,293,-49,86,1788587092183519
cross_device,0,1,depth,293,-47,115,1788587092216919
cross_device,0,1,depth,293,-48,121,1788587092250245
cross_device,0,1,depth,292,-49,87,1788587092283543
cross_device,0,1,depth,293,-48,-350,1788587092317026
cross_device,0,1,depth,292,-49,263,1788587092350377
cross_device,0,1,depth,292,-49,292,1788587092383719
cross_device,0,1,depth,292,-49,6,1788587092417197
cross_device,0,1,depth,292,-49,211,1788587092450354
cross_device,0,1,depth,292,-48,288,1788587092483706
cross_device,0,1,depth,292,-49,213,1788587092517021
cross_device,0,1,depth,292,-50,129,1788587092550243
cross_device,0,1,depth,292,-51,111,1788587092583534
cross_device,0,1,depth,291,-51,111,1788587092616905
cross_device,0,1,depth,291,-50,86,1788587092650225
cross_device,0,1,depth,292,-50,113,1788587092683555
cross_device,0,1,depth,291,-51,-17,1788587092716872
cross_device,0,1,depth,292,-51,88,1788587092750228
cross_device,0,1,depth,291,-50,109,1788587092783567
cross_device,0,1,depth,291,-47,83,1788587092816857
cross_device,0,1,depth,291,-48,98,1788587092850216
cross_device,0,1,depth,291,-48,81,1788587092883506
cross_device,0,1,depth,291,-48,128,1788587092917021
cross_device,0,1,depth,291,-49,100,1788587092950189
cross_device,0,1,depth,290,-50,115,1788587092983537
cross_device,0,1,depth,291,-50,10,1788587093016906
cross_device,0,1,depth,290,-51,106,1788587093050230
cross_device,0,1,depth,290,-53,222,1788587093083692
cross_device,0,1,depth,290,-52,107,1788587093117043
cross_device,0,1,depth,291,104,136,1788587093150255
cross_device,0,1,depth,291,103,75,1788587093183537
cross_device,0,1,depth,291,103,92,1788587093216869
cross_device,0,1,depth,290,101,115,1788587093250200
cross_device,0,1,depth,290,100,248,1788587093283687
cross_device,0,1,depth,290,100,166,1788587093317053
cross_device,0,1,depth,290,97,179,1788587093350314
cross_device,0,1,depth,290,97,275,1788587093383697
cross_device,0,1,depth,290,96,347,1788587093417229
cross_device,0,1,depth,289,94,275,1788587093450413
cross_device,0,1,depth,289,93,289,1788587093483713
cross_device,0,1,depth,290,95,70,1788587093516879
cross_device,0,1,depth,289,93,101,1788587093550199
cross_device,0,1,depth,289,91,82,1788587093583510
cross_device,0,1,depth,289,91,102,1788587093616918
cross_device,0,1,depth,290,91,99,1788587093650217
cross_device,0,1,depth,289,90,242,1788587093683692
cross_device,0,1,depth,289,87,43,1788587093716860
cross_device,0,1,depth,289,87,143,1788587093750236
cross_device,0,1,depth,289,86,225,1788587093783683
cross_device,0,1,depth,289,84,45,1788587093816838
cross_device,0,1,depth,289,84,76,1788587093850211
cross_device,0,1,depth,289,84,248,1788587093883666
cross_device,0,1,depth,289,83,68,1788587093916887
cross_device,0,1,depth,288,82,110,1788587093950327
cross_device,0,1,depth,289,82,123,1788587093983557
cross_device,0,1,depth,288,79,111,1788587094017035
cross_device,0,1,depth,289,80,101,1788587094050242
cross_device,0,1,depth,288,79,97,1788587094083523
cross_device,0,1,depth,288,75,145,1788587094116919
cross_device,0,1,depth,288,76,102,1788587094150212
cross_device,0,1,depth,288,75,97,1788587094183868
cross_device,0,1,depth,287,73,120,1788587094216919
cross_device,0,1,depth,288,74,29,1788587094250166
cross_device,0,1,depth,288,72,234,1788587094283674
cross_device,0,1,depth,288,73,101,1788587094317025
cross_device,0,1,depth,288,72,85,1788587094350198
cross_device,0,1,depth,288,70,66,1788587094383507
cross_device,0,1,depth,287,68,127,1788587094416884
cross_device,0,1,depth,288,70,37,1788587094450157
cross_device,0,1,depth,288,68,208,1788587094483679
cross_device,0,1,depth,287,66,90,1788587094516887
cross_device,0,1,depth,287,65,140,1788587094550243
cross_device,0,1,depth,287,64,99,1788587094583529
cross_device,0,1,depth,287,63,72,1788587094616990
cross_device,0,1,depth,287,63,57,1788587094650198
cross_device,0,1,depth,287,62,229,1788587094683712
cross_device,0,1,depth,286,60,78,1788587094716906
cross_device,0,1,depth,287,62,81,1788587094750224
cross_device,0,1,depth,287,59,89,1788587094783532
cross_device,0,1,depth,287,60,111,1788587094816913
cross_device,0,1,depth,286,58,146,1788587094850253
cross_device,0,1,depth,286,55,257,1788587094883699
cross_device,0,1,depth,286,55,-11,1788587094916905
cross_device,0,1,depth,287,55,108,1788587094950357
cross_device,0,1,depth,287,54,58,1788587094983522
cross_device,0,1,depth,286,51,-46,1788587095016860
cross_device,0,1,depth,286,53,60,1788587095050194
cross_device,0,1,depth,286,51,-42,1788587095083515
cross_device,0,1,depth,286,50,109,1788587095116912
cross_device,0,1,depth,286,50,87,1788587095150246
cross_device,0,1,depth,286,48,76,1788587095183540
cross_device,0,1,depth,285,45,30,1788587095216836
cross_device,0,1,depth,286,47,101,1788587095250228
cross_device,0,1,depth,286,46,192,1788587095283667
cross_device,0,1,depth,285,43,-54,1788587095316863
cross_device,0,1,depth,286,43,57,1788587095350193
cross_device,0,1,depth,285,41,264,1788587095383702
cross_device,0,1,depth,285,41,287,1788587095417204
cross_device,0,1,depth,285,39,163,1788587095450393
cross_device,0,1,depth,285,40,310,1788587095483734
cross_device,0,1,depth,285,39,302,1788587095517070
cross_device,0,1,depth,285,39,223,1788587095550354
cross_device,0,1,depth,285,36,246,1788587095583704
cross_device,0,1,depth,285,36,62,1788587095616874
cross_device,0,1,depth,284,35,-81,1788587095650175
cross_device,0,1,depth,285,36,135,1788587095683568
cross_device,0,1,depth,285,35,-25,1788587095716878
cross_device,0,1,depth,285,32,106,1788587095750249
cross_device,0,1,depth,284,32,114,1788587095783548
cross_device,0,1,depth,285,31,135,1788587095816914
cross_device,0,1,depth,284,30,109,1788587095850202
cross_device,0,1,depth,285,31,250,1788587095883713
cross_device,0,1,depth,284,28,-82,1788587095916859
cross_device,0,1,depth,284,27,74,1788587095950204
cross_device,0,1,depth,284,27,72,1788587095983523
cross_device,0,1,depth,283,23,24,1788587096016829
cross_device,0,1,depth,284,24,136,1788587096050245
cross_device,0,1,depth,283,23,139,1788587096083573
cross_device,0,1,depth,284,23,233,1788587096117026
cross_device,0,1,depth,284,21,103,1788587096150212
cross_device,0,1,depth,284,21,150,1788587096183574
cross_device,0,1,depth,284,20,237,1788587096217050
cross_device,0,1,depth,283,17,90,1788587096250212
cross_device,0,1,depth,283,18,-106,1788587096283660
cross_device,0,1,depth,283,17,39,1788587096316852
cross_device,0,1,depth,283,15,114,1788587096350242
cross_device,0,1,depth,283,14,147,1788587096383714
cross_device,0,1,depth,283,15,82,1788587096416848
cross_device,0,1,depth,283,13,-87,1788587096450122
cross_device,0,1,depth,283,13,261,1788587096483701
cross_device,0,1,depth,283,168,134,1788587096516896
cross_device,0,1,depth,283,321,78,1788587096550216
cross_device,0,1,depth,282,474,94,1788587096583561
cross_device,0,1,depth,282,626,122,1788587096616898
cross_device,0,1,depth,282,778,32,1788587096650175
cross_device,0,1,depth,282,929,282,1788587096683729
cross_device,0,1,depth,282,1078,72,1788587096716851
cross_device,0,1,depth,283,1227,120,1788587096750222
cross_device,0,1,depth,282,1374,227,1788587096783669
cross_device,0,1,depth,282,1520,137,1788587096816931
cross_device,0,1,depth,282,1665,89,1788587096850192
cross_device,0,1,depth,282,1810,198,1788587096883651
cross_device,0,1,depth,281,1951,-85,1788587096916856
cross_device,0,1,depth,282,2093,103,1788587096950196
cross_device,0,1,depth,282,2237,146,1788587096983570
cross_device,0,1,depth,282,2378,124,1788587097016927
cross_device,0,1,depth,281,2517,134,1788587097050250
cross_device,0,1,depth,281,2655,-47,1788587097083537
cross_device,0,1,depth,282,2793,113,1788587097116918
cross_device,0,1,depth,281,2929,80,1788587097150175
cross_device,0,1,depth,282,3066,90,1788587097183503
cross_device,0,1,depth,281,3199,98,1788587097216867
cross_device,0,1,depth,281,3334,28,1788587097250167
cross_device,0,1,depth,281,3467,128,1788587097283548
cross_device,0,1,depth,281,3601,261,1788587097317047
cross_device,0,1,depth,281,3730,110,1788587097350231
cross_device,0,1,depth,281,3861,94,1788587097383535
cross_device,0,1,depth,281,3990,91,1788587097417006
cross_device,0,1,depth,281,4119,82,1788587097450363
cross_device,0,1,depth,281,4246,344,1788587097483767
cross_device,0,1,depth,281,4374,271,1788587097517058
cross_device,0,1,depth,280,4498,278,1788587097550370
cross_device,0,1,depth,279,4625,211,1788587097583667
cross_device,0,1,depth,281,4751,212,1788587097617035
cross_device,0,1,depth,281,4874,100,1788587097650198
cross_device,0,1,depth,279,4996,289,1788587097683722
cross_device,0,1,depth,280,5119,50,1788587097716862
cross_device,0,1,depth,280,5240,142,1788587097750245
cross_device,0,1,depth,278,5356,62,1788587097783533
cross_device,0,1,depth,280,5481,248,1788587097817028
cross_device,0,1,depth,280,5598,6,1788587097850235
cross_device,0,1,depth,276,5714,46,1788587097883473
cross_device,0,1,depth,280,5834,37,1788587097916833
cross_device,0,1,depth,280,5949,-133,1788587097950107
cross_device,0,1,depth,275,6061,-155,1788587097983415
cross_device,0,1,depth,280,6179,-140,1788587098016754
cross_device,0,1,depth,280,6292,-147,1788587098050106
cross_device,0,1,depth,273,6399,-173,1788587098083362
cross_device,0,1,depth,279,6517,-30,1788587098116919
cross_device,0,1,depth,279,6484,-118,1788587098150108
cross_device,0,1,depth,272,6443,-364,1788587098183385
cross_device,0,1,depth,279,6418,-8,1788587098216906
cross_device,0,1,depth,279,6388,-188,1788587098250079
cross_device,0,1,depth,271,6345,-336,1788587098283381
cross_device,0,1,depth,278,6320,-90,1788587098316797
cross_device,0,1,depth,279,6291,-167,1788587098350105
cross_device,0,1,depth,272,6250,-239,1788587098383365
cross_device,0,1,depth,278,6227,-28,1788587098416933
cross_device,0,1,depth,279,6195,-308,1788587098450202
cross_device,0,1,depth,270,6156,-126,1788587098483411
cross_device,0,1,depth,278,6133,-143,1788587098516742
cross_device,0,1,depth,278,6103,-119,1788587098550113
cross_device,0,1,depth,278,6074,21,1788587098583568
cross_device,0,1,depth,278,6046,-258,1788587098616750
cross_device,0,1,depth,278,6014,-205,1788587098650133
cross_device,0,1,depth,278,5985,-50,1788587098683587
cross_device,0,1,depth,278,5957,-44,1788587098716766
cross_device,0,1,depth,278,5929,-10,1788587098750130
cross_device,0,1,depth,278,5900,-13,1788587098783598
cross_device,0,1,depth,277,5870,-61,1788587098816776
cross_device,0,1,depth,277,5843,-72,1788587098850098
cross_device,0,1,depth,278,5815,-58,1788587098883574
cross_device,0,1,depth,277,5788,-40,1788587098916757
cross_device,0,1,depth,277,5759,14,1788587098950128
cross_device,0,1,depth,278,5734,79,1788587098983558
cross_device,0,1,depth,277,5706,-153,1788587099016804
cross_device,0,1,depth,277,5678,-3,1788587099050144
cross_device,0,1,depth,277,5652,-23,1788587099083451
cross_device,0,1,depth,277,5628,-37,1788587099116770
cross_device,0,1,depth,277,5601,-45,1788587099150126
cross_device,0,1,depth,277,5574,3,1788587099183441
cross_device,0,1,depth,277,5547,-8,1788587099216761
cross_device,0,1,depth,277,5523,-20,1788587099250087
cross_device,0,1,depth,277,5497,-3,1788587099283428
cross_device,0,1,depth,277,5472,-52,1788587099316774
cross_device,0,1,depth,276,5447,-196,1788587099350138
cross_device,0,1,depth,276,5421,98,1788587099383554
cross_device,0,1,depth,276,5397,-16,1788587099416755
cross_device,0,1,depth,276,5373,-16,1788587099450131
cross_device,0,1,depth,276,5346,-55,1788587099483568
cross_device,0,1,depth,276,5324,-68,1788587099516902
cross_device,0,1,depth,275,5297,67,1788587099550314
cross_device,0,1,depth,276,5274,-47,1788587099583587
cross_device,0,1,depth,275,5251,7,1788587099616792
cross_device,0,1,depth,276,5227,16,1788587099650142
cross_device,0,1,depth,275,5204,-64,1788587099683409
cross_device,0,1,depth,275,5179,-46,1788587099716758
cross_device,0,1,depth,275,5156,38,1788587099750269
cross_device,0,1,depth,276,5133,23,1788587099783452
cross_device,0,1,depth,276,5113,24,1788587099816809
cross_device,0,1,depth,275,5090,59,1788587099850243
cross_device,0,1,depth,275,5066,-129,1788587099883448
cross_device,0,1,depth,275,5045,145,1788587099916938
cross_device,0,1,depth,275,5021,-115,1788587099950137
cross_device,0,1,depth,275,4998,-244,1788587099983452
cross_device,0,1,depth,275,4976,-8,1788587100016944
cross_device,0,1,depth,275,4955,3,1788587100050256
cross_device,0,1,depth,275,4933,-173,1788587100083409
cross_device,0,1,depth,275,4911,-159,1788587100116761
cross_device,0,1,depth,275,4888,149,1788587100150259
cross_device,0,1,depth,274,4866,-55,1788587100183434
cross_device,0,1,depth,274,4845,-22,1788587100216801
cross_device,0,1,depth,274,4826,66,1788587100250225
cross_device,0,1,depth,274,4807,151,1788587100283577
cross_device,0,1,depth,274,4786,135,1788587100316954
cross_device,0,1,depth,274,4767,116,1788587100350274
cross_device,0,1,depth,274,4745,-73,1788587100383582
cross_device,0,1,depth,274,4725,-48,1788587100416883
cross_device,0,1,depth,274,4706,9,1788587100450132
cross_device,0,1,depth,274,4686,-93,1788587100483454
cross_device,0,1,depth,273,4665,-123,1788587100516788
cross_device,0,1,depth,273,4643,-196,1788587100550084
cross_device,0,1,depth,274,4623,-125,1788587100583456
cross_device,0,1,depth,274,4605,127,1788587100616941
cross_device,0,1,depth,274,4585,-23,1788587100650143
cross_device,0,1,depth,273,4566,-29,1788587100683424
cross_device,0,1,depth,273,4546,-48,1788587100716768
cross_device,0,1,depth,273,4528,5,1788587100750136
cross_device,0,1,depth,273,4509,143,1788587100783595
cross_device,0,1,depth,272,4488,-37,1788587100816762
cross_device,0,1,depth,273,4473,-22,1788587100850139
cross_device,0,1,depth,273,4454,-138,1788587100883428
cross_device,0,1,depth,272,4436,136,1788587100916950
cross_device,0,1,depth,273,4418,124,1788587100950265
cross_device,0,1,depth,272,4398,-24,1788587100983581
cross_device,0,1,depth,273,4381,-35,1788587101016940
cross_device,0,1,depth,273,4364,-141,1788587101050086
cross_device,0,1,depth,272,4344,-152,1788587101083459
cross_device,0,1,depth,272,4327,-48,1788587101116921
cross_device,0,1,depth,272,4311,111,1788587101150269
cross_device,0,1,depth,272,4293,149,1788587101183605
cross_device,0,1,depth,272,4277,69,1788587101216905
cross_device,0,1,depth,272,4260,-79,1788587101250250
cross_device,0,1,depth,272,4242,-40,1788587101283436
cross_device,0,1,depth,272,4225,80,1788587101316903
cross_device,0,1,depth,271,4209,126,1788587101350250
cross_device,0,1,depth,272,4194,237,1788587101383672
cross_device,0,1,depth,272,4176,-197,1788587101416765
cross_device,0,1,depth,271,4159,77,1788587101450221
cross_device,0,1,depth,271,4145,-17,1788587101483432
cross_device,0,1,depth,271,4126,-8,1788587101516889
cross_device,0,1,depth,271,4112,107,1788587101550224
cross_device,0,1,depth,271,4096,2,1788587101583420
cross_device,0,1,depth,271,4082,18,1788587101616782
cross_device,0,1,depth,271,4064,133,1788587101650246
cross_device,0,1,depth,271,4050,-15,1788587101683426
cross_device,0,1,depth,271,4034,0,1788587101716786
cross_device,0,1,depth,270,4017,-5,1788587101750090
cross_device,0,1,depth,271,4005,-31,1788587101783433
cross_device,0,1,depth,270,3987,126,1788587101816894
cross_device,0,1,depth,271,3975,-14,1788587101850127
cross_device,0,1,depth,271,3958,-25,1788587101883431
cross_device,0,1,depth,271,3944,-130,1788587101916774
cross_device,0,1,depth,270,3927,156,1788587101950235
cross_device,0,1,depth,270,3915,115,1788587101983550
cross_device,0,1,depth,270,3901,144,1788587102016937
cross_device,0,1,depth,271,3888,166,1788587102050245
cross_device,0,1,depth,270,3875,101,1788587102083552
cross_device,0,1,depth,270,3860,-43,1788587102116768
cross_device,0,1,depth,270,3845,12,1788587102150106
cross_device,0,1,depth,270,3830,-17,1788587102183439
cross_device,0,1,depth,269,3817,-44,1788587102216751
cross_device,0,1,depth,269,3801,-22,1788587102250074
cross_device,0,1,depth,270,3789,-19,1788587102283403
cross_device,0,1,depth,270,3775,10,1788587102316790
cross_device,0,1,depth,269,3761,-18,1788587102350110
cross_device,0,1,depth,269,3746,10,1788587102383421
cross_device,0,1,depth,269,3733,23,1788587102416786
cross_device,0,1,depth,269,3718,70,1788587102450212
cross_device,0,1,depth,269,3707,-11,1788587102483455
cross_device,0,1,depth,269,3693,29,1788587102516783
cross_device,0,1,depth,269,3680,161,1788587102550257
cross_device,0,1,depth,269,3671,167,1788587102583585
cross_device,0,1,depth,269,3657,141,1788587102616914
cross_device,0,1,depth,268,3644,21,1788587102650260
cross_device,0,1,depth,269,3632,-163,1788587102683414
cross_device,0,1,depth,269,3616,-198,1788587102716754
cross_device,0,1,depth,269,3602,-160,1788587102750112
cross_device,0,1,depth,268,3589,-78,1788587102783440
cross_device,0,1,depth,268,3577,39,1788587102816930
cross_device,0,1,depth,268,3563,-59,1788587102850234
cross_device,0,1,depth,268,3552,-121,1788587102883456
cross_device,0,1,depth,268,3542,22,1788587102916917
cross_device,0,1,depth,268,3529,-41,1788587102950204
cross_device,0,1,depth,268,3519,11,1788587102983546
cross_device,0,1,depth,268,3506,-60,1788587103016908
cross_device,0,1,depth,268,3496,-102,1788587103050110
cross_device,0,1,depth,268,3484,-154,1788587103083418
cross_device,0,1,depth,268,3471,-113,1788587103116780
cross_device,0,1,depth,268,3460,-92,1788587103150121
cross_device,0,1,depth,267,3448,43,1788587103183560
cross_device,0,1,depth,267,3438,-180,1788587103216752
cross_device,0,1,depth,268,3428,-174,1788587103250069
cross_device,0,1,depth,267,3415,23,1788587103283560
cross_device,0,1,depth,267,3405,-46,1788587103316894
cross_device,0,1,depth,267,3394,-45,1788587103350203
cross_device,0,1,depth,267,3382,75,1788587103383580
cross_device,0,1,depth,267,3373,-29,1788587103416889
cross_device,0,1,depth,266,3361,-14,1788587103450237
cross_device,0,1,depth,267,3353,-36,1788587103483545
cross_device,0,1,depth,267,3342,-146,1788587103516769
cross_device,0,1,depth,266,3330,-118,1788587103550105
cross_device,0,1,depth,266,3319,-350,1788587103583535
cross_device,0,1,depth,267,3309,-121,1788587103616781
cross_device,0,1,depth,267,3298,-92,1788587103650115
cross_device,0,1,depth,266,3289,-72,1788587103683428
cross_device,0,1,depth,266,3278,-84,1788587103716784
cross_device,0,1,depth,266,3267,-118,1788587103750126
cross_device,0,1,depth,266,3257,-78,1788587103783436
cross_device,0,1,depth,266,3247,-146,1788587103816746
cross_device,0,1,depth,266,3238,-22,1788587103850217
cross_device,0,1,depth,266,3228,-104,1788587103883427
cross_device,0,1,depth,266,3218,-168,1788587103916757
cross_device,0,1,depth,265,3208,3,1788587103950242
cross_device,0,1,depth,266,3200,11,1788587103983581
cross_device,0,1,depth,265,3189,7,1788587104016909
cross_device,0,1,depth,265,3180,-53,1788587104050219
cross_device,0,1,depth,265,3172,69,1788587104083571
cross_device,0,1,depth,265,3164,44,1788587104116927
cross_device,0,1,depth,265,3155,-151,1788587104150120
cross_device,0,1,depth,265,3145,-118,1788587104183424
cross_device,0,1,depth,265,3135,-214,1788587104216752
cross_device,0,1,depth,265,3125,-217,1788587104250115
cross_device,0,1,depth,265,3115,-247,1788587104283441
cross_device,0,1,depth,265,3106,-183,1788587104316747
cross_device,0,1,depth,265,3097,-241,1788587104350113
cross_device,0,1,depth,265,3085,-163,1788587104383429
cross_device,0,1,depth,265,3078,-106,1788587104416794
cross_device,0,1,depth,265,3069,-121,1788587104450123
cross_device,0,1,depth,265,3061,-138,1788587104483540
cross_device,0,1,depth,264,3051,-1,1788587104516905
cross_device,0,1,depth,264,3042,-135,1788587104550077
cross_device,0,1,depth,265,3033,-85,1788587104583586
cross_device,0,1,depth,264,3024,-209,1788587104616889
cross_device,0,1,depth,264,3016,-115,1788587104650229
cross_device,0,1,depth,264,3007,7,1788587104683595
cross_device,0,1,depth,264,2999,10,1788587104716894
cross_device,0,1,depth,263,2990,5,1788587104750233
cross_device,0,1,depth,263,2983,34,1788587104783568
cross_device,0,1,depth,263,2976,28,1788587104816932
cross_device,0,1,depth,264,2969,-169,1788587104850084
cross_device,0,1,depth,263,2959,-214,1788587104883623
cross_device,0,1,depth,263,2952,-10,1788587104916915
cross_device,0,1,depth,263,2944,-178,1788587104950074
cross_device,0,1,depth,263,2935,61,1788587104983597
cross_device,0,1,depth,264,2928,-449,1788587105016731
cross_device,0,1,depth,264,2920,-250,1788587105050112
cross_device,0,1,depth,263,2908,-306,1788587105083453
cross_device,0,1,depth,263,2899,-158,1788587105116773
cross_device,0,1,depth,263,2894,-117,1788587105150218
cross_device,0,1,depth,263,2885,-59,1788587105183603
cross_device,0,1,depth,263,2878,-154,1788587105216757
cross_device,0,1,depth,263,2868,-187,1788587105250066
cross_device,0,1,depth,262,2861,-30,1788587105283541
cross_device,0,1,depth,263,2856,93,1788587105316984
cross_device,0,1,depth,263,2849,-320,1788587105350066
cross_device,0,1,depth,262,2837,-294,1788587105383571
cross_device,0,1,depth,262,2829,-211,1788587105416892
cross_device,0,1,depth,262,2824,-9,1788587105450237
cross_device,0,1,depth,262,2819,-33,1788587105483531
cross_device,0,1,depth,262,2808,-297,1788587105516774
cross_device,0,1,depth,262,2802,-159,1788587105550077
cross_device,0,1,depth,262,2795,-46,1788587105583534
cross_device,0,1,depth,262,2789,-259,1788587105616912
cross_device,0,1,depth,262,2779,-172,1788587105650102
cross_device,0,1,depth,262,2772,-337,1788587105683431
cross_device,0,1,depth,261,2763,-132,1788587105716778
cross_device,0,1,depth,262,2758,10,1788587105750239
cross_device,0,1,depth,261,2752,-151,1788587105783403
cross_device,0,1,depth,261,2743,-11,1788587105816898
cross_device,0,1,depth,261,2736,-208,1788587105850081
cross_device,0,1,depth,262,2730,-237,1788587105883435
cross_device,0,1,depth,261,2723,-29,1788587105916871
cross_device,0,1,depth,261,2717,-202,1788587105950094
cross_device,0,1,depth,261,2710,-32,1788587105983427
cross_device,0,1,depth,261,2705,141,1788587106016927
cross_device,0,1,depth,261,2699,-43,1788587106050093
cross_device,0,1,depth,260,2694,98,1788587106083570
cross_device,0,1,depth,261,2690,143,1788587106116930
cross_device,0,1,depth,260,2684,-57,1788587106150117
cross_device,0,1,depth,261,2677,-71,1788587106183408
cross_device,0,1,depth,261,2674,107,1788587106216890
cross_device,0,1,depth,260,2667,60,1788587106250214
cross_device,0,1,depth,260,2663,83,1788587106283538
cross_device,0,1,depth,260,2657,108,1788587106316898
cross_device,0,1,depth,262,2655,121,1788587106350237
cross_device,0,1,depth,260,2649,-38,1788587106383438
cross_device,0,1,depth,260,2643,-67,1788587106416787
cross_device,0,1,depth,262,2639,2,1788587106450146
cross_device,0,1,depth,259,2632,22,1788587106483443
cross_device,0,1,depth,260,2627,-9,1788587106516760
cross_device,0,1,depth,266,2626,-318,1788587106550091
cross_device,0,1,depth,259,2613,-14,1788587106583423
cross_device,0,1,depth,259,2608,119,1788587106616899
cross_device,0,1,depth,267,2610,-294,1788587106650116
cross_device,0,1,depth,259,2595,-130,1788587106683455
cross_device,0,1,depth,260,2594,-7,1788587106716804
cross_device,0,1,depth,268,2595,-36,1788587106750261
cross_device,0,1,depth,259,2579,-136,1788587106783462
cross_device,0,1,depth,258,2573,-199,1788587106816759
cross_device,0,1,depth,268,2579,-138,1788587106850105
cross_device,0,1,depth,259,2562,-184,1788587106883411
cross_device,0,1,depth,258,2555,-159,1788587106916769
cross_device,0,1,depth,258,2548,-189,1788587106950107
cross_device,0,1,depth,258,2544,-106,1788587106983464
cross_device,0,1,depth,258,2538,-152,1788587107016815
cross_device,0,1,depth,259,2535,-20,1788587107050124
cross_device,0,1,depth,258,2528,-308,1788587107083449
cross_device,0,1,depth,258,2521,-112,1788587107116802
cross_device,0,1,depth,258,2517,-4,1788587107150108
cross_device,0,1,depth,258,2514,24,1788587107183641
cross_device,0,1,depth,258,2509,-20,1788587107216761
cross_device,0,1,depth,258,2503,-126,1788587107250121
cross_device,0,1,depth,258,2499,-35,1788587107283584
cross_device,0,1,depth,258,2494,-108,1788587107316811
cross_device,0,1,depth,257,2488,-153,1788587107350104
cross_device,0,1,depth,258,2484,-202,1788587107383539
cross_device,0,1,depth,258,2478,-123,1788587107416805
cross_device,0,1,depth,258,2475,-29,1788587107450115
cross_device,0,1,depth,258,2469,-44,1788587107483547
cross_device,0,1,depth,257,2463,-163,1788587107516775
cross_device,0,1,depth,257,2460,30,1788587107550125
cross_device,0,1,depth,257,2455,-58,1788587107583543
cross_device,0,1,depth,257,2449,-310,1788587107616778
cross_device,0,1,depth,257,2445,-16,1788587107650210
cross_device,0,1,depth,257,2443,-50,1788587107683531
cross_device,0,1,depth,257,2436,-166,1788587107716768
cross_device,0,1,depth,257,2430,-168,1788587107750112
cross_device,0,1,depth,256,2426,167,1788587107783608
cross_device,0,1,depth,257,2424,-7,1788587107816783
cross_device,0,1,depth,257,2423,13,1788587107850109
cross_device,0,1,depth,257,2416,3,1788587107883438
cross_device,0,1,depth,257,2416,159,1788587107916961
cross_device,0,1,depth,257,2409,-22,1788587107950116
cross_device,0,1,depth,257,2407,-8,1788587107983407
cross_device,0,1,depth,256,2402,81,1788587108016897
cross_device,0,1,depth,256,2400,4,1788587108050135
cross_device,0,1,depth,256,2396,-7,1788587108083455
cross_device,0,1,depth,256,2392,156,1788587108116931
cross_device,0,1,depth,256,2386,-338,1788587108150094
cross_device,0,1,depth,256,2383,-2,1788587108183423
cross_device,0,1,depth,256,2380,37,1788587108216802
cross_device,0,1,depth,256,2376,-349,1788587108250084
cross_device,0,1,depth,255,2370,-129,1788587108283427
cross_device,0,1,depth,255,2363,-312,1788587108316759
cross_device,0,1,depth,255,2361,-145,1788587108350121
cross_device,0,1,depth,255,2355,-162,1788587108383408
cross_device,0,1,depth,255,2352,-63,1788587108416896
cross_device,0,1,depth,256,2348,-126,1788587108450106
cross_device,0,1,depth,255,2344,-113,1788587108483437
cross_device,0,1,depth,255,2339,-202,1788587108516764
cross_device,0,1,depth,255,2336,8,1788587108550115
cross_device,0,1,depth,255,2332,-66,1788587108583546
cross_device,0,1,depth,255,2328,-105,1788587108616821
cross_device,0,1,depth,255,2326,11,1788587108650106
cross_device,0,1,depth,254,2320,-43,1788587108683549
cross_device,0,1,depth,254,2319,136,1788587108716914
cross_device,0,1,depth,254,2315,102,1788587108750235
cross_device,0,1,depth,254,2313,9,1788587108783440
cross_device,0,1,depth,254,2308,-18,1788587108816801
cross_device,0,1,depth,254,2307,136,1788587108850274
cross_device,0,1,depth,254,2304,-158,1788587108883457
cross_device,0,1,depth,254,2300,-126,1788587108916781
cross_device,0,1,depth,254,2297,123,1788587108950270
cross_device,0,1,depth,254,2293,-131,1788587108983425
cross_device,0,1,depth,254,2289,-346,1788587109016766
cross_device,0,1,depth,254,2284,-137,1788587109050098
cross_device,0,1,depth,254,2282,160,1788587109083599
cross_device,0,1,depth,253,2279,-110,1788587109116804
cross_device,0,1,depth,254,2276,13,1788587109150126
cross_device,0,1,depth,253,2272,-83,1788587109183466
cross_device,0,1,depth,254,2270,-1,1788587109216801
cross_device,0,1,depth,253,2268,122,1788587109250220
cross_device,0,1,depth,253,2264,-66,1788587109283580
cross_device,0,1,depth,253,2261,19,1788587109316807
cross_device,0,1,depth,253,2259,-21,1788587109350206
cross_device,0,1,depth,253,2253,-267,1788587109383459
cross_device,0,1,depth,252,2250,-188,1788587109416760
cross_device,0,1,depth,253,2249,120,1788587109450265
cross_device,0,1,depth,253,2245,-59,1788587109483582
cross_device,0,1,depth,253,2244,131,1788587109516935
cross_device,0,1,depth,253,2241,172,1788587109550272
cross_device,0,1,depth,252,2239,-129,1788587109583431
cross_device,0,1,depth,252,2235,-124,1788587109616801
cross_device,0,1,depth,252,2231,-5,1788587109650099
cross_device,0,1,depth,253,2231,-150,1788587109683424
cross_device,0,1,depth,253,2228,-105,1788587109716800
cross_device,0,1,depth,252,2221,-135,1788587109750128
cross_device,0,1,depth,252,2218,-168,1788587109783443
cross_device,0,1,depth,252,2216,25,1788587109816815
cross_device,0,1,depth,252,2213,-29,1788587109850119
cross_device,0,1,depth,252,2210,-159,1788587109883428
cross_device,0,1,depth,251,2207,-25,1788587109916773
cross_device,0,1,depth,251,2204,-4,1788587109950103
cross_device,0,1,depth,251,2202,-6,1788587109983412
cross_device,0,1,depth,251,2200,-15,1788587110016794
cross_device,0,1,depth,251,2200,55,1788587110050172
cross_device,0,1,depth,251,2197,12,1788587110083474
cross_device,0,1,depth,251,2194,81,1788587110116892
cross_device,0,1,depth,251,2192,-17,1788587110150076
cross_device,0,1,depth,251,2187,-166,1788587110183421
cross_device,0,1,depth,251,2188,161,1788587110216972
cross_device,0,1,depth,251,2184,-23,1788587110250218
cross_device,0,1,depth,251,2182,-41,1788587110283412
cross_device,0,1,depth,251,2180,114,1788587110316922
cross_device,0,1,depth,251,2179,-61,1788587110350227
cross_device,0,1,depth,251,2178,126,1788587110383592
cross_device,0,1,depth,250,2176,165,1788587110416952
cross_device,0,1,depth,251,2172,-142,1788587110450134
cross_device,0,1,depth,250,2169,-153,1788587110483433
cross_device,0,1,depth,250,2167,-5,1788587110516957
cross_device,0,1,depth,250,2165,142,1788587110550245
cross_device,0,1,depth,250,2163,46,1788587110583469
cross_device,0,1,depth,250,2164,120,1788587110616888
cross_device,0,1,depth,250,2158,-108,1788587110650149
cross_device,0,1,depth,249,2158,27,1788587110683457
cross_device,0,1,depth,250,2157,133,1788587110716943
cross_device,0,1,depth,250,2154,-285,1788587110750098
cross_device,0,1,depth,250,2149,-163,1788587110783431
cross_device,0,1,depth,250,2148,-2,1788587110816957
cross_device,0,1,depth,250,2144,-185,1788587110850123
cross_device,0,1,depth,250,2141,-160,1788587110883454
cross_device,0,1,depth,249,2137,-302,1788587110916766
cross_device,0,1,depth,249,2134,-12,1788587110950104
cross_device,0,1,depth,249,2133,38,1788587110983478
cross_device,0,1,depth,249,2130,-141,1788587111016793
cross_device,0,1,depth,249,2130,-20,1788587111050128
cross_device,0,1,depth,249,2127,149,1788587111083601
cross_device,0,1,depth,249,2125,51,1788587111116823
cross_device,0,1,depth,249,2124,-36,1788587111150225
cross_device,0,1,depth,249,2120,-67,1788587111183564
cross_device,0,1,depth,248,2120,131,1788587111216953
cross_device,0,1,depth,249,2121,201,1788587111250431
cross_device,0,1,depth,248,2117,-15,1788587111283727
cross_device,0,1,depth,248,2116,42,1788587111316815
cross_device,0,1,depth,248,2112,-149,1788587111350097
cross_device,0,1,depth,249,2110,-334,1788587111383455
cross_device,0,1,depth,248,2109,25,1788587111416819
cross_device,0,1,depth,248,2106,-30,1788587111450088
cross_device,0,1,depth,248,2105,-99,1788587111483480
cross_device,0,1,depth,248,2102,-42,1788587111516776
cross_device,0,1,depth,248,2102,50,1788587111550148
cross_device,0,1,depth,247,2098,-180,1788587111583431
cross_device,0,1,depth,248,2095,-140,1788587111616804
cross_device,0,1,depth,247,2093,-49,1788587111650088
cross_device,0,1,depth,248,2092,-135,1788587111683459
cross_device,0,1,depth,248,2090,-117,1788587111716800
cross_device,0,1,depth,248,2088,6,1788587111750103
cross_device,0,1,depth,247,2085,17,1788587111783458
cross_device,0,1,depth,248,2085,9,1788587111816781
cross_device,0,1,depth,247,2083,5,1788587111850144
cross_device,0,1,depth,247,2079,17,1788587111883481
cross_device,0,1,depth,247,2078,17,1788587111916809
cross_device,0,1,depth,246,2077,-17,1788587111950096
cross_device,0,1,depth,247,2077,-30,1788587111983440
cross_device,0,1,depth,246,2073,1,1788587112016777
cross_device,0,1,depth,247,2074,-6,1788587112050115
cross_device,0,1,depth,246,2070,9,1788587112083469
cross_device,0,1,depth,246,2070,55,1788587112116823
cross_device,0,1,depth,247,2068,-15,1788587112150140
cross_device,0,1,depth,247,2067,-1,1788587112183446
cross_device,0,1,depth,246,2064,-102,1788587112216796
cross_device,0,1,depth,246,2063,-46,1788587112250100
cross_device,0,1,depth,246,2060,-19,1788587112283414
cross_device,0,1,depth,246,2060,17,1788587112316774
cross_device,0,1,depth,245,2057,-14,1788587112350095
cross_device,0,1,depth,245,2056,9,1788587112383466
cross_device,0,1,depth,246,2056,-10,1788587112416798
cross_device,0,1,depth,246,2054,9,1788587112450126
cross_device,0,1,depth,246,2054,47,1788587112483480
cross_device,0,1,depth,246,2050,-43,1788587112516774
cross_device,0,1,depth,245,2050,19,1788587112550158
cross_device,0,1,depth,245,2049,40,1788587112583463
cross_device,0,1,depth,245,2046,-1,1788587112616772
cross_device,0,1,depth,246,2048,24,1788587112650120
cross_device,0,1,depth,246,2045,-158,1788587112683472
cross_device,0,1,depth,245,2042,9,1788587112716827
cross_device,0,1,depth,245,2041,33,1788587112750155
cross_device,0,1,depth,245,2040,-102,1788587112783602
cross_device,0,1,depth,244,2036,-165,1788587112816774
cross_device,0,1,depth,245,2037,-96,1788587112850150
cross_device,0,1,depth,245,2033,-153,1788587112883469
cross_device,0,1,depth,244,2030,-142,1788587112916781
cross_device,0,1,depth,245,2030,7,1788587112950118
cross_device,0,1,depth,244,2029,20,1788587112983440
cross_device,0,1,depth,244,2025,-138,1788587113016786
cross_device,0,1,depth,245,2026,-131,1788587113050142
cross_device,0,1,depth,244,2022,36,1788587113083459
cross_device,0,1,depth,244,2023,24,1788587113116803
cross_device,0,1,depth,244,2020,8,1788587113150142
cross_device,0,1,depth,244,2019,-114,1788587113183474
cross_device,0,1,depth,244,2018,38,1788587113216813
cross_device,0,1,depth,243,2016,-17,1788587113250088
cross_device,0,1,depth,244,2016,-109,1788587113283438
cross_device,0,1,depth,244,2015,-160,1788587113316799
cross_device,0,1,depth,244,2011,-153,1788587113350250
cross_device,0,1,depth,243,2009,-280,1788587113383454
cross_device,0,1,depth,244,2006,-289,1788587113416753
cross_device,0,1,depth,243,2003,-99,1788587113450260
cross_device,0,1,depth,244,2005,109,1788587113483561
cross_device,0,1,depth,243,2005,128,1788587113516936
cross_device,0,1,depth,244,2003,-126,1788587113550120
cross_device,0,1,depth,243,2003,-1,1788587113583433
cross_device,0,1,depth,243,2001,0,1788587113616788
cross_device,0,1,depth,243,2001,4,1788587113650120
cross_device,0,1,depth,243,2000,41,1788587113683460
cross_device,0,1,depth,243,2001,-53,1788587113716930
cross_device,0,1,depth,243,1998,-133,1788587113750093
cross_device,0,1,depth,242,1996,-41,1788587113783423
cross_device,0,1,depth,243,1996,-28,1788587113816946
cross_device,0,1,depth,242,1993,-112,1788587113850262
cross_device,0,1,depth,243,1995,34,1788587113883615
cross_device,0,1,depth,242,1990,-161,1788587113916801
cross_device,0,1,depth,242,1988,-326,1788587113950095
cross_device,0,1,depth,242,1987,-123,1788587113983452
cross_device,0,1,depth,242,1987,2,1788587114016782
cross_device,0,1,depth,242,1985,-44,1788587114050114
cross_device,0,1,depth,241,1984,29,1788587114083467
cross_device,0,1,depth,242,1984,-33,1788587114116773
cross_device,0,1,depth,242,1982,14,1788587114150161
cross_device,0,1,depth,242,1982,-158,1788587114183442
cross_device,0,1,depth,242,1980,-33,1788587114216783
cross_device,0,1,depth,242,1981,35,1788587114250268
cross_device,0,1,depth,241,1979,-265,1788587114283415
cross_device,0,1,depth,242,1978,10,1788587114316779
cross_device,0,1,depth,241,1976,-7,1788587114350095
cross_device,0,1,depth,241,1975,-252,1788587114383455
cross_device,0,1,depth,241,1974,2,1788587114416775
cross_device,0,1,depth,241,1973,3,1788587114450137
cross_device,0,1,depth,241,1972,-93,1788587114483467
cross_device,0,1,depth,241,1971,-45,1788587114516756
cross_device,0,1,depth,241,1969,35,1788587114550140
cross_device,0,1,depth,241,1972,9,1788587114583432
cross_device,0,1,depth,241,1970,-128,1788587114616772
cross_device,0,1,depth,241,1969,-16,1788587114650115
cross_device,0,1,depth,241,1967,-118,1788587114683466
cross_device,0,1,depth,241,1965,-182,1788587114716779
cross_device,0,1,depth,240,1965,-14,1788587114750141
cross_device,0,1,depth,241,1964,44,1788587114783475
cross_device,0,1,depth,240,1961,-133,1788587114816778
cross_device,0,1,depth,240,1963,47,1788587114850157
cross_device,0,1,depth,240,1962,11,1788587114883418
cross_device,0,1,depth,240,1962,5,1788587114916773
cross_device,0,1,depth,240,1960,-29,1788587114950115
cross_device,0,1,depth,240,1961,-29,1788587114983444
cross_device,0,1,depth,239,1957,-145,1788587115016798
cross_device,0,1,depth,240,1958,-109,1788587115050120
cross_device,0,1,depth,240,1959,114,1788587115083578
cross_device,0,1,depth,240,1959,-11,1788587115116788
cross_device,0,1,depth,240,1958,6,1788587115150134
cross_device,0,1,depth,239,1957,108,1788587115183599
cross_device,0,1,depth,240,1959,149,1788587115216926
cross_device,0,1,depth,239,1958,112,1788587115250259
cross_device,0,1,depth,239,1959,135,1788587115283606
cross_device,0,1,depth,239,1957,-23,1788587115316793
cross_device,0,1,depth,239,1958,-89,1788587115350133
cross_device,0,1,depth,239,1956,-87,1788587115383466
cross_device,0,1,depth,239,1955,1,1788587115416792
cross_device,0,1,depth,238,1953,20,1788587115450162
cross_device,0,1,depth,238,1954,-65,1788587115483511
cross_device,0,1,depth,238,1952,-33,1788587115516907
cross_device,0,1,depth,238,1954,-2,1788587115550175
cross_device,0,1,depth,239,1950,-133,1788587115583489
cross_device,0,1,depth,239,1950,-110,1788587115616829
cross_device,0,1,depth,238,1947,-90,1788587115650136
cross_device,0,1,depth,238,1949,33,1788587115683465
cross_device,0,1,depth,238,1948,11,1788587115716795
cross_device,0,1,depth,238,1947,-1,1788587115750254
cross_device,0,1,depth,238,1949,-30,1788587115783459
cross_device,0,1,depth,238,1947,19,1788587115816809
cross_device,0,1,depth,238,1948,16,1788587115850249
cross_device,0,1,depth,238,1945,-40,1788587115883573
cross_device,0,1,depth,237,1947,154,1788587115916926
cross_device,0,1,depth,237,1948,196,1788587115950304
cross_device,0,1,depth,238,1949,15,1788587115983475
cross_device,0,1,depth,238,1946,-5,1788587116016788
cross_device,0,1,depth,237,1946,15,1788587116050181
cross_device,0,1,depth,237,1946,17,1788587116083448
cross_device,0,1,depth,237,1946,-25,1788587116116784
cross_device,0,1,depth,237,1944,-146,1788587116150106
cross_device,0,1,depth,237,1944,25,1788587116183476
cross_device,0,1,depth,237,1944,39,1788587116216815
cross_device,0,1,depth,237,1942,-190,1788587116250274
cross_device,0,1,depth,236,1939,-309,1788587116283466
cross_device,0,1,depth,237,1938,-272,1788587116316804
cross_device,0,1,depth,237,1936,-104,1788587116350140
cross_device,0,1,depth,237,1937,13,1788587116383452
cross_device,0,1,depth,236,1937,14,1788587116416819
cross_device,0,1,depth,237,1935,-34,1788587116450102
cross_device,0,1,depth,236,1935,-46,1788587116483437
cross_device,0,1,depth,237,1934,-33,1788587116516811
cross_device,0,1,depth,236,1933,-34,1788587116550118
cross_device,0,1,depth,236,1933,-3,1788587116583494
cross_device,0,1,depth,236,1933,-35,1788587116616787
cross_device,0,1,depth,236,1932,-27,1788587116650130
cross_device,0,1,depth,236,1932,8,1788587116683443
cross_device,0,1,depth,236,1932,36,1788587116716825
cross_device,0,1,depth,236,1931,-15,1788587116750111
cross_device,0,1,depth,236,1929,-27,1788587116783451
cross_device,0,1,depth,235,1930,-59,1788587116816791
cross_device,0,1,depth,235,1929,-9,1788587116850122
cross_device,0,1,depth,235,1930,-16,1788587116883446
cross_device,0,1,depth,235,1929,30,1788587116916807
cross_device,0,1,depth,235,1927,-163,1788587116950122
cross_device,0,1,depth,235,1926,-162,1788587116983431
cross_device,0,1,depth,235,1925,-260,1788587117016813
cross_device,0,1,depth,235,1924,-71,1788587117050097
cross_device,0,1,depth,235,1923,152,1788587117083595
cross_device,0,1,depth,234,1923,21,1788587117116972
cross_device,0,1,depth,235,1924,-149,1788587117150085
cross_device,0,1,depth,234,1923,106,1788587117183571
cross_device,0,1,depth,235,1926,158,1788587117216930
cross_device,0,1,depth,234,1925,-46,1788587117250119
cross_device,0,1,depth,234,1922,9,1788587117283469
cross_device,0,1,depth,234,1922,19,1788587117316821
cross_device,0,1,depth,234,1924,66,1788587117350239
cross_device,0,1,depth,234,1922,7,1788587117383450
cross_device,0,1,depth,234,1921,-153,1788587117416809
cross_device,0,1,depth,234,1923,129,1788587117450273
cross_device,0,1,depth,234,1923,134,1788587117483562
cross_device,0,1,depth,234,1923,2,1788587117516928
cross_device,0,1,depth,234,1923,-89,1788587117550142
cross_device,0,1,depth,234,1922,-72,1788587117583477
cross_device,0,1,depth,233,1921,2,1788587117616830
cross_device,0,1,depth,233,1922,37,1788587117650161
cross_device,0,1,depth,233,1919,5,1788587117683437
cross_device,0,1,depth,233,1920,-6,1788587117716830
cross_device,0,1,depth,233,1920,30,1788587117750161
cross_device,0,1,depth,233,1920,8,1788587117783453
cross_device,0,1,depth,233,1919,-53,1788587117816919
cross_device,0,1,depth,233,1920,-11,1788587117850096
cross_device,0,1,depth,234,1919,-4,1788587117883436
cross_device,0,1,depth,233,1920,111,1788587117916941
cross_device,0,1,depth,233,1921,124,1788587117950280
cross_device,0,1,depth,232,1920,-22,1788587117983558
cross_device,0,1,depth,232,1917,-124,1788587118016818
cross_device,0,1,depth,232,1917,-28,1788587118050115
cross_device,0,1,depth,233,1921,40,1788587118083481
cross_device,0,1,depth,232,1918,29,1788587118116820
cross_device,0,1,depth,233,1920,40,1788587118150169
cross_device,0,1,depth,232,1918,-142,1788587118183431
cross_device,0,1,depth,233,1918,-34,1788587118216801
cross_device,0,1,depth,233,1917,-1,1788587118250148
cross_device,0,1,depth,232,1916,-144,1788587118283435
cross_device,0,1,depth,232,1914,-116,1788587118316799
cross_device,0,1,depth,232,1914,-121,1788587118350135
cross_device,0,1,depth,232,1913,-122,1788587118383459
cross_device,0,1,depth,231,1911,-11,1788587118416783
cross_device,0,1,depth,232,1913,-5,1788587118450259
cross_device,0,1,depth,231,1911,-29,1788587118483432
cross_device,0,1,depth,231,1913,2,1788587118516816
cross_device,0,1,depth,232,1912,25,1788587118550155
cross_device,0,1,depth,231,1912,-16,1788587118583420
cross_device,0,1,depth,231,1909,-10,1788587118616783
cross_device,0,1,depth,232,1913,13,1788587118650149
cross_device,0,1,depth,231,1910,15,1788587118683462
cross_device,0,1,depth,231,1911,-43,1788587118716783
cross_device,0,1,depth,231,1908,-5,1788587118750131
cross_device,0,2,depth,-1995,500,2191,1788587088784331
cross_device,0,2,depth,-1995,501,1684,1788587088816917
cross_device,0,2,depth,-1995,502,1695,1788587088850249
cross_device,0,2,depth,-1996,502,1650,1788587088883548
cross_device,0,2,depth,-1996,502,1648,1788587088916891
cross_device,0,2,depth,-1997,503,1659,1788587088950255
cross_device,0,2,depth,-1997,505,1699,1788587088983588
cross_device,0,2,depth,-1997,504,1536,1788587089016883
cross_device,0,2,depth,-1997,506,1488,1788587089050201
cross_device,0,2,depth,-1998,506,1640,1788587089083553
cross_device,0,2,depth,-1998,506,1729,1788587089117151
cross_device,0,2,depth,-1998,509,1541,1788587089150237
cross_device,0,2,depth,-1999,508,1644,1788587089183539
cross_device,0,2,depth,-1998,511,1671,1788587089216898
cross_device,0,2,depth,-1999,511,1529,1788587089250236
cross_device,0,2,depth,-1999,512,1484,1788587089283528
cross_device,0,2,depth,-1999,513,1474,1788587089316827
cross_device,0,2,depth,-2000,514,1622,1788587089350202
cross_device,0,2,depth,-2000,515,1624,1788587089383535
cross_device,0,2,depth,-2001,516,1693,1788587089416911
cross_device,0,2,depth,-2001,514,1719,1788587089450268
cross_device,0,2,depth,-2001,516,1616,1788587089483519
cross_device,0,2,depth,-2002,516,1519,1788587089516870
cross_device,0,2,depth,-2002,518,1653,1788587089550239
cross_device,0,2,depth,-2002,519,1661,1788587089583550
cross_device,0,2,depth,-2002,520,1694,1788587089616903
cross_device,0,2,depth,-2003,520,1668,1788587089650236
cross_device,0,2,depth,-2003,521,1816,1788587089683701
cross_device,0,2,depth,-2003,522,1683,1788587089716899
cross_device,0,2,depth,-2003,523,1529,1788587089750230
cross_device,0,2,depth,-2003,525,1817,1788587089783721
cross_device,0,2,depth,-2003,208,1701,1788587089817076
cross_device,0,2,depth,-2004,207,1675,1788587089850241
cross_device,0,2,depth,-2004,209,1817,1788587089883718
cross_device,0,2,depth,-2004,210,1654,1788587089916886
cross_device,0,2,depth,-2001,213,1485,1788587089950192
cross_device,0,2,depth,-2001,213,1620,1788587089983522
cross_device,0,2,depth,-2001,214,1595,1788587090016932
cross_device,0,2,depth,-2001,215,1688,1788587090050247
cross_device,0,2,depth,-2002,213,1713,1788587090083585
cross_device,0,2,depth,-2002,213,1849,1788587090117045
cross_device,0,2,depth,-2002,214,1486,1788587090150192
cross_device,0,2,depth,-2002,215,1634,1788587090183670
cross_device,0,2,depth,-2002,214,1801,1788587090217024
cross_device,0,2,depth,-2003,214,1611,1788587090250318
cross_device,0,2,depth,-2004,215,1792,1788587090283658
cross_device,0,2,depth,-2004,212,1652,1788587090316851
cross_device,0,2,depth,-2003,215,1529,1788587090350221
cross_device,0,2,depth,-2004,215,1794,1788587090383680
cross_device,0,2,depth,-2004,215,1558,1788587090416912
cross_device,0,2,depth,-2005,215,1484,1788587090450203
cross_device,0,2,depth,-2005,215,1808,1788587090483685
cross_device,0,2,depth,-2006,214,1703,1788587090516899
cross_device,0,2,depth,-2006,215,1614,1788587090550203
cross_device,0,2,depth,-2006,216,1822,1788587090583721
cross_device,0,2,depth,-2006,215,1696,1788587090616902
cross_device,0,2,depth,-2006,216,1689,1788587090650247
cross_device,0,2,depth,-2006,216,1646,1788587090683543
cross_device,0,2,depth,-2007,216,1668,1788587090716861
cross_device,0,2,depth,-2007,216,1670,1788587090750256
cross_device,0,2,depth,-2008,216,1657,1788587090783674
cross_device,0,2,depth,-2008,-124,1663,1788587090817011
cross_device,0,2,depth,-2008,-123,1423,1788587090850160
cross_device,0,2,depth,-2008,-124,1650,1788587090883857
cross_device,0,2,depth,-2009,-124,1848,1788587090917072
cross_device,0,2,depth,-2009,-124,1728,1788587090950270
cross_device,0,2,depth,-2009,-124,1796,1788587090983703
cross_device,0,2,depth,-2010,-124,1809,1788587091017056
cross_device,0,2,depth,-2010,-126,1507,1788587091050216
cross_device,0,2,depth,-2010,-125,1635,1788587091083673
cross_device,0,2,depth,-2011,-126,1802,1788587091117017
cross_device,0,2,depth,-2011,-126,1660,1788587091150208
cross_device,0,2,depth,-2011,-125,1527,1788587091183534
cross_device,0,2,depth,-2011,-125,1823,1788587091217034
cross_device,0,2,depth,-2012,-125,1697,1788587091250246
cross_device,0,2,depth,-2012,-126,1483,1788587091283514
cross_device,0,2,depth,-2012,-126,1665,1788587091316878
cross_device,0,2,depth,-2012,-126,1595,1788587091350157
cross_device,0,2,depth,-2013,-127,1614,1788587091383500
cross_device,0,2,depth,-2013,-127,1489,1788587091416862
cross_device,0,2,depth,-2013,-126,1637,1788587091450178
cross_device,0,2,depth,-2014,-128,1667,1788587091483549
cross_device,0,2,depth,-2014,-126,1537,1788587091516874
cross_device,0,2,depth,-2014,-126,1706,1788587091550233
cross_device,0,2,depth,-2014,-126,1767,1788587091583664
cross_device,0,2,depth,-2015,-127,1722,1788587091616914
cross_device,0,2,depth,-2015,-126,1492,1788587091650199
cross_device,0,2,depth,-2015,-127,1625,1788587091683494
cross_device,0,2,depth,-2015,-126,1668,1788587091716885
cross_device,0,2,depth,-2015,-126,1687,1788587091750216
cross_device,0,2,depth,-2016,-127,1680,1788587091783565
cross_device,0,2,depth,-2017,-163,1508,1788587091816843
cross_device,0,2,depth,-2017,-166,1537,1788587091850215
cross_device,0,2,depth,-2017,-167,1430,1788587091883483
cross_device,0,2,depth,-2017,-168,1569,1788587091916897
cross_device,0,2,depth,-2018,-172,1664,1788587091950210
cross_device,0,2,depth,-2018,-172,1669,1788587091983539
cross_device,0,2,depth,-2018,-174,1472,1788587092016836
cross_device,0,2,depth,-2018,-175,1646,1788587092050181
cross_device,0,2,depth,-2019,-176,1666,1788587092083549
cross_device,0,2,depth,-2019,-180,1498,1788587092116831
cross_device,0,2,depth,-2019,-181,1847,1788587092150378
cross_device,0,2,depth,-2019,-182,1638,1788587092183519
cross_device,0,2,depth,-2020,-184,1732,1788587092216919
cross_device,0,2,depth,-2020,-185,1680,1788587092250245
cross_device,0,2,depth,-2020,-188,1665,1788587092283543
cross_device,0,2,depth,-2020,-188,1667,1788587092317026
cross_device,0,2,depth,-2021,-190,1680,1788587092350377
cross_device,0,2,depth,-2021,-193,1861,1788587092383719
cross_device,0,2,depth,-2022,-194,1843,1788587092417197
cross_device,0,2,depth,-2022,-197,1640,1788587092450354
cross_device,0,2,depth,-2022,-197,1825,1788587092483706
cross_device,0,2,depth,-2022,-199,1822,1788587092517021
cross_device,0,2,depth,-2022,-200,1551,1788587092550243
cross_device,0,2,depth,-2023,-204,1647,1788587092583534
cross_device,0,2,depth,-2023,-206,1706,1788587092616905
cross_device,0,2,depth,-2024,-207,1668,1788587092650225
cross_device,0,2,depth,-2023,-208,1663,1788587092683555
cross_device,0,2,depth,-2024,-211,1649,1788587092716872
cross_device,0,2,depth,-2024,-212,1661,1788587092750228
cross_device,0,2,depth,-2024,-213,1688,1788587092783567
cross_device,0,2,depth,-2025,-267,1549,1788587092816857
cross_device,0,2,depth,-2025,-266,1532,1788587092850216
cross_device,0,2,depth,-2025,-269,1619,1788587092883506
cross_device,0,2,depth,-2025,-268,1699,1788587092917021
cross_device,0,2,depth,-2026,-271,1488,1788587092950189
cross_device,0,2,depth,-2026,-273,1676,1788587092983537
cross_device,0,2,depth,-2026,-274,1722,1788587093016906
cross_device,0,2,depth,-2027,-276,1517,1788587093050230
cross_device,0,2,depth,-2027,-277,1673,1788587093083692
cross_device,0,2,depth,-2028,-278,1818,1788587093117043
cross_device,0,2,depth,-2027,-279,1691,1788587093150255
cross_device,0,2,depth,-2027,-279,1669,1788587093183537
cross_device,0,2,depth,-2028,-282,1678,1788587093216869
cross_device,0,2,depth,-2029,-284,1622,1788587093250200
cross_device,0,2,depth,-2028,-284,1692,1788587093283687
cross_device,0,2,depth,-2029,-287,1692,1788587093317053
cross_device,0,2,depth,-2029,-288,1591,1788587093350314
cross_device,0,2,depth,-2029,-288,1687,1788587093383697
cross_device,0,2,depth,-2030,-291,1889,1788587093417229
cross_device,0,2,depth,-2030,-292,1867,1788587093450413
cross_device,0,2,depth,-2031,-293,1835,1788587093483713
cross_device,0,2,depth,-2030,-292,1688,1788587093516879
cross_device,0,2,depth,-2031,-295,1621,1788587093550199
cross_device,0,2,depth,-2032,-298,1467,1788587093583510
cross_device,0,2,depth,-2032,-299,1720,1788587093616918
cross_device,0,2,depth,-2031,-298,1682,1788587093650217
cross_device,0,2,depth,-2032,-299,1821,1788587093683692
cross_device,0,2,depth,-2033,-303,1637,1788587093716860
cross_device,0,2,depth,-2033,-304,1702,1788587093750236
cross_device,0,2,depth,-2032,-304,1814,1788587093783683
cross_device,0,2,depth,-2033,-322,1504,1788587093816838
cross_device,0,2,depth,-2034,-322,1498,1788587093850211
cross_device,0,2,depth,-2034,-323,1640,1788587093883666
cross_device,0,2,depth,-2033,-322,1651,1788587093916887
cross_device,0,2,depth,-2034,-323,1637,1788587093950327
cross_device,0,2,depth,-2034,-325,1665,1788587093983557
cross_device,0,2,depth,-2035,-328,1799,1788587094017035
cross_device,0,2,depth,-2035,-328,1693,1788587094050242
cross_device,0,2,depth,-2036,-330,1638,1788587094083523
cross_device,0,2,depth,-2036,-332,1706,1788587094116919
cross_device,0,2,depth,-2036,-331,1635,1788587094150212
cross_device,0,2,depth,-2036,-333,1841,1788587094183868
cross_device,0,2,depth,-2037,-334,1701,1788587094216919
cross_device,0,2,depth,-2037,-335,1474,1788587094250166
cross_device,0,2,depth,-2037,-335,1774,1788587094283674
cross_device,0,2,depth,-2037,-336,1808,1788587094317025
cross_device,0,2,depth,-2037,-337,1499,1788587094350198
cross_device,0,2,depth,-2038,-339,1621,1788587094383507
cross_device,0,2,depth,-2038,-341,1643,1788587094416884
cross_device,0,2,depth,-2038,-341,1592,1788587094450157
cross_device,0,2,depth,-2039,-342,1656,1788587094483679
cross_device,0,2,depth,-2040,-344,1682,1788587094516887
cross_device,0,2,depth,-2040,-346,1695,1788587094550243
cross_device,0,2,depth,-2040,-345,1514,1788587094583529
cross_device,0,2,depth,-2040,-347,1447,1788587094616990
cross_device,0,2,depth,-2040,-347,1630,1788587094650198
cross_device,0,2,depth,-2040,-348,1816,1788587094683712
cross_device,0,2,depth,-2041,-350,1712,1788587094716906
cross_device,0,2,depth,-2041,-350,1674,1788587094750224
cross_device,0,2,depth,-2041,-352,1645,1788587094783532
cross_device,0,2,depth,-2042,-352,1720,1788587094816913
cross_device,0,2,depth,-2042,-354,1702,1788587094850253
cross_device,0,2,depth,-2042,-356,1678,1788587094883699
cross_device,0,2,depth,-2043,-356,1684,1788587094916905
cross_device,0,2,depth,-2042,-221,1664,1788587094950357
cross_device,0,2,depth,-2043,-88,1499,1788587094983522
cross_device,0,2,depth,-2043,44,1490,1788587095016860
cross_device,0,2,depth,-2044,176,1478,1788587095050194
cross_device,0,2,depth,-2044,307,1594,1788587095083515
cross_device,0,2,depth,-2044,439,1696,1788587095116912
cross_device,0,2,depth,-2044,569,1705,1788587095150246
cross_device,0,2,depth,-2045,697,1659,1788587095183540
cross_device,0,2,depth,-2046,824,1615,1788587095216836
cross_device,0,2,depth,-2045,953,1645,1788587095250228
cross_device,0,2,depth,-2045,1081,1794,1788587095283667
cross_device,0,2,depth,-2046,1205,1668,1788587095316863
cross_device,0,2,depth,-2046,1330,1642,1788587095350193
cross_device,0,2,depth,-2047,1454,1693,1788587095383702
cross_device,0,2,depth,-2047,1576,1687,1788587095417204
cross_device,0,2,depth,-2047,1698,1841,1788587095450393
cross_device,0,2,depth,-2047,1820,1838,1788587095483734
cross_device,0,2,depth,-2047,1942,1862,1788587095517070
cross_device,0,2,depth,-2048,2061,1776,1788587095550354
cross_device,0,2,depth,-2048,2178,1793,1788587095583704
cross_device,0,2,depth,-2048,2297,1667,1788587095616874
cross_device,0,2,depth,-2049,2415,1489,1788587095650175
cross_device,0,2,depth,-2049,2531,1653,1788587095683568
cross_device,0,2,depth,-2049,2648,1674,1788587095716878
cross_device,0,2,depth,-2049,2762,1499,1788587095750249
cross_device,0,2,depth,-2050,2875,1523,1788587095783548
cross_device,0,2,depth,-2050,2990,1716,1788587095816914
cross_device,0,2,depth,-2051,3102,1496,1788587095850202
cross_device,0,2,depth,-2050,3214,1829,1788587095883713
cross_device,0,2,depth,-2051,3325,1649,1788587095916859
cross_device,0,2,depth,-2051,3435,1661,1788587095950204
cross_device,0,2,depth,-2052,3544,1637,1788587095983523
cross_device,0,2,depth,-2052,3653,1474,1788587096016829
cross_device,0,2,depth,-2052,3762,1714,1788587096050245
cross_device,0,2,depth,-2053,3872,1684,1788587096083573
cross_device,0,2,depth,-2053,3977,1695,1788587096117026
cross_device,0,2,depth,-2052,4083,1500,1788587096150212
cross_device,0,2,depth,-2053,4188,1673,1788587096183574
cross_device,0,2,depth,-2053,4292,1853,1788587096217050
cross_device,0,2,depth,-2054,4396,1664,1788587096250212
cross_device,0,2,depth,-2054,4501,1767,1788587096283660
cross_device,0,2,depth,-2055,4604,1480,1788587096316852
cross_device,0,2,depth,-2055,4702,1698,1788587096350242
cross_device,0,2,depth,-2055,4805,1806,1788587096383714
cross_device,0,2,depth,-2055,4906,1511,1788587096416848
cross_device,0,2,depth,-2056,5007,1382,1788587096450122
cross_device,0,2,depth,-2056,5104,1666,1788587096483701
cross_device,0,2,depth,-2056,5203,1694,1788587096516896
cross_device,0,2,depth,-2056,5300,1643,1788587096550216
cross_device,0,2,depth,-2057,5397,1667,1788587096583561
cross_device,0,2,depth,-2057,5494,1687,1788587096616898
cross_device,0,2,depth,-2057,5592,1633,1788587096650175
cross_device,0,2,depth,-2058,5685,1835,1788587096683729
cross_device,0,2,depth,-2058,5782,1632,1788587096716851
cross_device,0,2,depth,-2057,5877,1683,1788587096750222
cross_device,0,2,depth,-2058,5969,1753,1788587096783669
cross_device,0,2,depth,-2059,6063,1735,1788587096816931
cross_device,0,2,depth,-2059,6155,1632,1788587096850192
cross_device,0,2,depth,-2059,6247,1622,1788587096883651
cross_device,0,2,depth,-2060,6336,1474,1788587096916856
cross_device,0,2,depth,-2060,6424,1514,1788587096950196
cross_device,0,2,depth,-2059,6517,1709,1788587096983570
cross_device,0,2,depth,-2060,6606,1706,1788587097016927
cross_device,0,2,depth,-2061,6694,1701,1788587097050250
cross_device,0,2,depth,-2061,6783,1647,1788587097083537
cross_device,0,2,depth,-2061,6871,1703,1788587097116918
cross_device,0,2,depth,-2062,6957,1470,1788587097150175
cross_device,0,2,depth,-2061,7043,1594,1788587097183503
cross_device,0,2,depth,-2062,7128,1636,1788587097216867
cross_device,0,2,depth,-2063,7213,1475,1788587097250167
cross_device,0,2,depth,-2062,7298,1536,1788587097283548
cross_device,0,2,depth,-2062,7381,1676,1788587097317047
cross_device,0,2,depth,-2063,7462,1686,1788587097350231
cross_device,0,2,depth,-2063,7546,1645,1788587097383535
cross_device,0,2,depth,-2063,7627,1528,1788587097417006
cross_device,0,2,depth,-2064,7709,1819,1788587097450363
cross_device,0,2,depth,-2064,7791,1904,1788587097483767
cross_device,0,2,depth,-2064,7871,1869,1788587097517058
cross_device,0,2,depth,-2065,7949,1656,1788587097550370
cross_device,0,2,depth,-2066,8030,1779,1788587097583667
cross_device,0,2,depth,-2065,8110,1837,1788587097617035
cross_device,0,2,depth,-2065,8189,1507,1788587097650198
cross_device,0,2,depth,-2067,8264,1718,1788587097683722
cross_device,0,2,depth,-2066,8343,1531,1788587097716862
cross_device,0,2,depth,-2066,8419,1704,1788587097750245
cross_device,0,2,depth,-2068,8493,1518,1788587097783533
cross_device,0,2,depth,-2067,8570,1552,1788587097817028
cross_device,0,2,depth,-2067,8646,1676,1788587097850235
cross_device,0,2,depth,-2071,8716,1449,1788587097883473
cross_device,0,2,depth,-2068,8793,1496,1788587097916833
cross_device,0,2,depth,-2068,8867,1554,1788587097950107
cross_device,0,2,depth,-2073,8937,1525,1788587097983415
cross_device,0,2,depth,-2068,9014,1408,1788587098016754
cross_device,0,2,depth,-2069,9084,1421,1788587098050106
cross_device,0,2,depth,-2076,9149,1342,1788587098083362
cross_device,0,2,depth,-2069,9229,1703,1788587098116919
cross_device,0,2,depth,-2070,9155,1548,1788587098150108
cross_device,0,2,depth,-2077,9076,1517,1788587098183385
cross_device,0,2,depth,-2070,9011,1693,1788587098216906
cross_device,0,2,depth,-2070,8942,1538,1788587098250079
cross_device,0,2,depth,-2078,8863,1497,1788587098283381
cross_device,0,2,depth,-2072,8798,1462,1788587098316797
cross_device,0,2,depth,-2071,8730,1536,1788587098350105
cross_device,0,2,depth,-2079,8650,1497,1788587098383365
cross_device,0,2,depth,-2072,8591,1745,1788587098416933
cross_device,0,2,depth,-2072,8520,1289,1788587098450202
cross_device,0,2,depth,-2081,8444,1355,1788587098483411
cross_device,0,2,depth,-2073,8383,1503,1788587098516742
cross_device,0,2,depth,-2073,8316,1542,1788587098550113
cross_device,0,2,depth,-2073,8250,1681,1788587098583568
cross_device,0,2,depth,-2074,8184,1555,1788587098616750
cross_device,0,2,depth,-2074,8117,1598,1788587098650133
cross_device,0,2,depth,-2074,8054,1709,1788587098683587
cross_device,0,2,depth,-2075,7989,1573,1788587098716766
cross_device,0,2,depth,-2075,7925,1559,1788587098750130
cross_device,0,2,depth,-2075,7862,1708,1788587098783598
cross_device,0,2,depth,-2075,7798,1563,1788587098816776
cross_device,0,2,depth,-2076,7734,1527,1788587098850098
cross_device,0,2,depth,-2076,7672,1685,1788587098883574
cross_device,0,2,depth,-2077,7609,1418,1788587098916757
cross_device,0,2,depth,-2076,7546,1415,1788587098950128
cross_device,0,2,depth,-2076,7486,1667,1788587098983558
cross_device,0,2,depth,-2077,7423,1463,1788587099016804
cross_device,0,2,depth,-2077,7362,1606,1788587099050144
cross_device,0,2,depth,-2078,7301,1435,1788587099083451
cross_device,0,2,depth,-2078,7243,1554,1788587099116770
cross_device,0,2,depth,-2078,7183,1566,1788587099150126
cross_device,0,2,depth,-2078,7122,1421,1788587099183441
cross_device,0,2,depth,-2078,7062,1420,1788587099216761
cross_device,0,2,depth,-2079,7004,1512,1788587099250087
cross_device,0,2,depth,-2079,6945,1559,1788587099283428
cross_device,0,2,depth,-2080,6889,1580,1788587099316774
cross_device,0,2,depth,-2080,6832,1604,1788587099350138
cross_device,0,2,depth,-2080,6774,1533,1788587099383554
cross_device,0,2,depth,-2081,6718,1536,1788587099416755
cross_device,0,2,depth,-2081,6662,1562,1788587099450131
cross_device,0,2,depth,-2081,6604,1540,1788587099483568
cross_device,0,2,depth,-2082,6552,1567,1788587099516902
cross_device,0,2,depth,-2082,6495,1736,1788587099550314
cross_device,0,2,depth,-2082,6443,1696,1788587099583587
cross_device,0,2,depth,-2083,6388,1583,1788587099616792
cross_device,0,2,depth,-2082,6336,1578,1788587099650142
cross_device,0,2,depth,-2083,6282,1506,1788587099683409
cross_device,0,2,depth,-2084,6226,1434,1788587099716758
cross_device,0,2,depth,-2084,6173,1703,1788587099750269
cross_device,0,2,depth,-2083,6123,1563,1788587099783452
cross_device,0,2,depth,-2084,6072,1577,1788587099816809
cross_device,0,2,depth,-2084,6019,1505,1788587099850243
cross_device,0,2,depth,-2085,5967,1569,1788587099883448
cross_device,0,2,depth,-2083,5919,1747,1788587099916938
cross_device,0,2,depth,-2085,5866,1593,1788587099950137
cross_device,0,2,depth,-2085,5817,1576,1788587099983452
cross_device,0,2,depth,-2082,5769,1576,1788587100016944
cross_device,0,2,depth,-2086,5717,1553,1788587100050256
cross_device,0,2,depth,-2086,5668,1392,1788587100083409
cross_device,0,2,depth,-2081,5623,1421,1788587100116761
cross_device,0,2,depth,-2086,5569,1699,1788587100150259
cross_device,0,2,depth,-2087,5519,1561,1788587100183434
cross_device,0,2,depth,-2081,5479,1607,1788587100216801
cross_device,0,2,depth,-2087,5426,1655,1788587100250225
cross_device,0,2,depth,-2088,5379,1668,1788587100283577
cross_device,0,2,depth,-2079,5342,1743,1788587100316954
cross_device,0,2,depth,-2089,5286,1733,1788587100350274
cross_device,0,2,depth,-2088,5241,1698,1788587100383582
cross_device,0,2,depth,-2089,5195,1662,1788587100416883
cross_device,0,2,depth,-2089,5150,1564,1788587100450132
cross_device,0,2,depth,-2089,5103,1272,1788587100483454
cross_device,0,2,depth,-2090,5055,1272,1788587100516788
cross_device,0,2,depth,-2090,5008,1399,1788587100550084
cross_device,0,2,depth,-2090,4965,1568,1788587100583456
cross_device,0,2,depth,-2090,4921,1599,1788587100616941
cross_device,0,2,depth,-2091,4874,1566,1788587100650143
cross_device,0,2,depth,-2091,4833,1561,1788587100683424
cross_device,0,2,depth,-2091,4790,1422,1788587100716768
cross_device,0,2,depth,-2092,4745,1551,1788587100750136
cross_device,0,2,depth,-2092,4702,1708,1788587100783595
cross_device,0,2,depth,-2093,4657,1536,1788587100816762
cross_device,0,2,depth,-2093,4617,1596,1788587100850139
cross_device,0,2,depth,-2093,4575,1503,1788587100883428
cross_device,0,2,depth,-2094,4533,1731,1788587100916950
cross_device,0,2,depth,-2093,4494,1703,1788587100950265
cross_device,0,2,depth,-2094,4450,1545,1788587100983581
cross_device,0,2,depth,-2094,4413,1696,1788587101016940
cross_device,0,2,depth,-2094,4371,1510,1788587101050086
cross_device,0,2,depth,-2095,4329,1564,1788587101083459
cross_device,0,2,depth,-2095,4291,1547,1788587101116921
cross_device,0,2,depth,-2095,4253,1718,1788587101150269
cross_device,0,2,depth,-2096,4212,1722,1788587101183605
cross_device,0,2,depth,-2095,4175,1687,1788587101216905
cross_device,0,2,depth,-2096,4135,1536,1788587101250250
cross_device,0,2,depth,-2096,4097,1528,1788587101283436
cross_device,0,2,depth,-2096,4057,1708,1788587101316903
cross_device,0,2,depth,-2097,4021,1551,1788587101350250
cross_device,0,2,depth,-2097,3981,1502,1788587101383672
cross_device,0,2,depth,-2097,3941,1395,1788587101416765
cross_device,0,2,depth,-2098,3904,1667,1788587101450221
cross_device,0,2,depth,-2098,3867,1389,1788587101483432
cross_device,0,2,depth,-2099,3827,1524,1788587101516889
cross_device,0,2,depth,-2098,3793,1679,1788587101550224
cross_device,0,2,depth,-2098,3757,1537,1788587101583420
cross_device,0,2,depth,-2099,3720,1588,1788587101616782
cross_device,0,2,depth,-2100,3684,1682,1788587101650246
cross_device,0,2,depth,-2091,3657,1417,1788587101683426
cross_device,0,2,depth,-2091,3620,1589,1788587101716786
cross_device,0,2,depth,-2092,3586,1551,1788587101750090
cross_device,0,2,depth,-2091,3552,1547,1788587101783433
cross_device,0,2,depth,-2092,3514,1662,1788587101816894
cross_device,0,2,depth,-2092,3482,1598,1788587101850127
cross_device,0,2,depth,-2092,3446,1539,1788587101883431
cross_device,0,2,depth,-2093,3414,1570,1788587101916774
cross_device,0,2,depth,-2105,3368,1667,1788587101950235
cross_device,0,2,depth,-2105,3334,1634,1788587101983550
cross_device,0,2,depth,-2106,3300,1590,1788587102016937
cross_device,0,2,depth,-2105,3269,1697,1788587102050245
cross_device,0,2,depth,-2106,3237,1660,1788587102083552
cross_device,0,2,depth,-2106,3205,1549,1788587102116768
cross_device,0,2,depth,-2106,3170,1373,1788587102150106
cross_device,0,2,depth,-2107,3135,1547,1788587102183439
cross_device,0,2,depth,-2107,3104,1517,1788587102216751
cross_device,0,2,depth,-2108,3070,1356,1788587102250074
cross_device,0,2,depth,-2107,3038,1355,1788587102283403
cross_device,0,2,depth,-2107,3008,1552,1788587102316790
cross_device,0,2,depth,-2109,2974,1551,1788587102350110
cross_device,0,2,depth,-2108,2944,1545,1788587102383421
cross_device,0,2,depth,-2109,2911,1551,1788587102416786
cross_device,0,2,depth,-2109,2879,1613,1788587102450212
cross_device,0,2,depth,-2110,2850,1572,1788587102483455
cross_device,0,2,depth,-2109,2819,1435,1788587102516783
cross_device,0,2,depth,-2110,2788,1438,1788587102550257
cross_device,0,2,depth,-2110,2759,1536,1788587102583585
cross_device,0,2,depth,-2110,2729,1564,1788587102616914
cross_device,0,2,depth,-2111,2700,1675,1788587102650260
cross_device,0,2,depth,-2111,2672,1508,1788587102683414
cross_device,0,2,depth,-2111,2642,1537,1788587102716754
cross_device,0,2,depth,-2111,2613,1564,1788587102750112
cross_device,0,2,depth,-2112,2583,1545,1788587102783440
cross_device,0,2,depth,-2112,2556,1704,1788587102816930
cross_device,0,2,depth,-2113,2526,1656,1788587102850234
cross_device,0,2,depth,-2113,2502,1571,1788587102883456
cross_device,0,2,depth,-2113,2475,1678,1788587102916917
cross_device,0,2,depth,-2113,2448,1636,1788587102950204
cross_device,0,2,depth,-2113,2421,1642,1788587102983546
cross_device,0,2,depth,-2114,2393,1352,1788587103016908
cross_device,0,2,depth,-2114,2366,1255,1788587103050110
cross_device,0,2,depth,-2114,2340,1524,1788587103083418
cross_device,0,2,depth,-2115,2313,1548,1788587103116780
cross_device,0,2,depth,-2115,2286,1548,1788587103150121
cross_device,0,2,depth,-2115,2261,1662,1788587103183560
cross_device,0,2,depth,-2116,2235,1524,1788587103216752
cross_device,0,2,depth,-2115,2211,1353,1788587103250069
cross_device,0,2,depth,-2117,2183,1650,1788587103283560
cross_device,0,2,depth,-2116,2160,1656,1788587103316894
cross_device,0,2,depth,-2117,2134,1623,1788587103350203
cross_device,0,2,depth,-2117,2108,1551,1788587103383580
cross_device,0,2,depth,-2117,2084,1652,1788587103416889
cross_device,0,2,depth,-2118,2060,1658,1788587103450237
cross_device,0,2,depth,-2118,2036,1500,1788587103483545
cross_device,0,2,depth,-2118,2012,1546,1788587103516769
cross_device,0,2,depth,-2115,1992,1525,1788587103550105
cross_device,0,2,depth,-2115,1968,1348,1788587103583535
cross_device,0,2,depth,-2115,1944,1565,1788587103616781
cross_device,0,2,depth,-2115,1920,1557,1788587103650115
cross_device,0,2,depth,-2116,1895,1412,1788587103683428
cross_device,0,2,depth,-2116,1871,1453,1788587103716784
cross_device,0,2,depth,-2116,1848,1544,1788587103750126
cross_device,0,2,depth,-2116,1824,1248,1788587103783436
cross_device,0,2,depth,-2117,1798,1274,1788587103816746
cross_device,0,2,depth,-2117,1777,1636,1788587103850217
cross_device,0,2,depth,-2117,1755,1550,1788587103883427
cross_device,0,2,depth,-2118,1733,1549,1788587103916757
cross_device,0,2,depth,-2119,1711,1683,1788587103950242
cross_device,0,2,depth,-2119,1690,1702,1788587103983581
cross_device,0,2,depth,-2119,1670,1705,1788587104016909
cross_device,0,2,depth,-2120,1649,1645,1788587104050219
cross_device,0,2,depth,-2120,1627,1532,1788587104083571
cross_device,0,2,depth,-2120,1609,1576,1788587104116927
cross_device,0,2,depth,-2121,1589,1546,1788587104150120
cross_device,0,2,depth,-2120,1566,1510,1788587104183424
cross_device,0,2,depth,-2121,1547,1531,1788587104216752
cross_device,0,2,depth,-2121,1526,1528,1788587104250115
cross_device,0,2,depth,-2121,1505,1417,1788587104283441
cross_device,0,2,depth,-2121,1485,1381,1788587104316747
cross_device,0,2,depth,-2122,1463,1576,1788587104350113
cross_device,0,2,depth,-2122,1444,1563,1788587104383429
cross_device,0,2,depth,-2122,1425,1582,1788587104416794
cross_device,0,2,depth,-2122,1407,1575,1788587104450123
cross_device,0,2,depth,-2123,1385,1499,1788587104483540
cross_device,0,2,depth,-2124,1367,1701,1788587104516905
cross_device,0,2,depth,-2124,1346,1390,1788587104550077
cross_device,0,2,depth,-2123,1328,1410,1788587104583586
cross_device,0,2,depth,-2124,1308,1539,1788587104616889
cross_device,0,2,depth,-2125,1289,1558,1788587104650229
cross_device,0,2,depth,-2124,1273,1688,1788587104683595
cross_device,0,2,depth,-2125,1254,1675,1788587104716894
cross_device,0,2,depth,-2126,1236,1685,1788587104750233
cross_device,0,2,depth,-2126,1217,1661,1788587104783568
cross_device,0,2,depth,-2126,1201,1728,1788587104816932
cross_device,0,2,depth,-2126,1184,1519,1788587104850084
cross_device,0,2,depth,-2127,1165,1592,1788587104883623
cross_device,0,2,depth,-2127,1148,1687,1788587104916915
cross_device,0,2,depth,-2127,1131,1533,1788587104950074
cross_device,0,2,depth,-2127,1113,1703,1788587104983597
cross_device,0,2,depth,-2127,1095,1385,1788587105016731
cross_device,0,2,depth,-2127,1080,1430,1788587105050112
cross_device,0,2,depth,-2128,1062,1506,1788587105083453
cross_device,0,2,depth,-2129,1041,1570,1788587105116773
cross_device,0,2,depth,-2129,1026,1528,1788587105150218
cross_device,0,2,depth,-2129,1010,1677,1788587105183603
cross_device,0,2,depth,-2129,993,1556,1788587105216757
cross_device,0,2,depth,-2130,974,1392,1788587105250066
cross_device,0,2,depth,-2130,961,1662,1788587105283541
cross_device,0,2,depth,-2130,944,1642,1788587105316984
cross_device,0,2,depth,-2130,926,1201,1788587105350066
cross_device,0,2,depth,-2131,909,1540,1788587105383571
cross_device,0,2,depth,-2131,891,1531,1788587105416892
cross_device,0,2,depth,-2131,878,1522,1788587105450237
cross_device,0,2,depth,-2131,862,1641,1788587105483531
cross_device,0,2,depth,-2132,844,1416,1788587105516774
cross_device,0,2,depth,-2132,828,1504,1788587105550077
cross_device,0,2,depth,-2133,814,1654,1788587105583534
cross_device,0,2,depth,-2133,797,1556,1788587105616912
cross_device,0,2,depth,-2133,783,1551,1788587105650102
cross_device,0,2,depth,-2133,769,1531,1788587105683431
cross_device,0,2,depth,-2134,752,1572,1788587105716778
cross_device,0,2,depth,-2134,737,1664,1788587105750239
cross_device,0,2,depth,-2134,724,1515,1788587105783403
cross_device,0,2,depth,-2134,708,1694,1788587105816898
cross_device,0,2,depth,-2135,693,1543,1788587105850081
cross_device,0,2,depth,-2135,679,1562,1788587105883435
cross_device,0,2,depth,-2135,665,1661,1788587105916871
cross_device,0,2,depth,-2136,651,1550,1788587105950094
cross_device,0,2,depth,-2135,637,1522,1788587105983427
cross_device,0,2,depth,-2136,624,1730,1788587106016927
cross_device,0,2,depth,-2136,610,1524,1788587106050093
cross_device,0,2,depth,-2137,597,1676,1788587106083570
cross_device,0,2,depth,-2136,585,1608,1788587106116930
cross_device,0,2,depth,-2137,569,1587,1788587106150117
cross_device,0,2,depth,-2137,554,1501,1788587106183408
cross_device,0,2,depth,-2137,543,1675,1788587106216890
cross_device,0,2,depth,-2138,528,1661,1788587106250214
cross_device,0,2,depth,-2138,516,1529,1788587106283538
cross_device,0,2,depth,-2139,501,1558,1788587106316898
cross_device,0,2,depth,-2139,489,1679,1788587106350237
cross_device,0,2,depth,-2139,476,1556,1788587106383438
cross_device,0,2,depth,-2139,463,1591,1788587106416787
cross_device,0,2,depth,-2140,449,1600,1788587106450146
cross_device,0,2,depth,-2140,437,1544,1788587106483443
cross_device,0,2,depth,-2140,424,1532,1788587106516760
cross_device,0,2,depth,-2141,409,1402,1788587106550091
cross_device,0,2,depth,-2141,397,1529,1788587106583423
cross_device,0,2,depth,-2141,384,1698,1788587106616899
cross_device,0,2,depth,-2142,371,1449,1788587106650116
cross_device,0,2,depth,-2142,359,1441,1788587106683455
cross_device,0,2,depth,-2141,348,1611,1788587106716804
cross_device,0,2,depth,-2142,335,1582,1788587106750261
cross_device,0,2,depth,-2143,321,1562,1788587106783462
cross_device,0,2,depth,-2143,309,1549,1788587106816759
cross_device,0,2,depth,-2143,297,1416,1788587106850105
cross_device,0,2,depth,-2143,285,1369,1788587106883411
cross_device,0,2,depth,-2144,270,1412,1788587106916769
cross_device,0,2,depth,-2144,257,1560,1788587106950107
cross_device,0,2,depth,-2144,247,1594,1788587106983464
cross_device,0,2,depth,-2145,235,1606,1788587107016815
cross_device,0,2,depth,-2144,225,1568,1788587107050124
cross_device,0,2,depth,-2145,212,1449,1788587107083449
cross_device,0,2,depth,-2145,202,1573,1788587107116802
cross_device,0,2,depth,-2145,190,1560,1788587107150108
cross_device,0,2,depth,-2146,180,1758,1788587107183641
cross_device,0,2,depth,-2146,169,1544,1788587107216761
cross_device,0,2,depth,-2147,157,1447,1788587107250121
cross_device,0,2,depth,-2146,147,1566,1788587107283584
cross_device,0,2,depth,-2147,134,1603,1788587107316811
cross_device,0,2,depth,-2148,122,1398,1788587107350104
cross_device,0,2,depth,-2147,114,1534,1788587107383539
cross_device,0,2,depth,-2148,101,1609,1788587107416805
cross_device,0,2,depth,-2148,91,1562,1788587107450115
cross_device,0,2,depth,-2148,81,1650,1788587107483547
cross_device,0,2,depth,-2149,69,1434,1788587107516775
cross_device,0,2,depth,-2149,60,1569,1788587107550125
cross_device,0,2,depth,-2149,49,1674,1788587107583543
cross_device,0,2,depth,-2149,37,1457,1788587107616778
cross_device,0,2,depth,-2149,27,1368,1788587107650210
cross_device,0,2,depth,-2150,16,1520,1788587107683531
cross_device,0,2,depth,-2150,5,1410,1788587107716768
cross_device,0,2,depth,-2150,-6,1440,1788587107750112
cross_device,0,2,depth,-2151,-16,1733,1788587107783608
cross_device,0,2,depth,-2151,-24,1566,1788587107816783
cross_device,0,2,depth,-2151,-33,1552,1788587107850109
cross_device,0,2,depth,-2152,-45,1560,1788587107883438
cross_device,0,2,depth,-2152,-52,1758,1788587107916961
cross_device,0,2,depth,-2152,-62,1586,1788587107950116
cross_device,0,2,depth,-2152,-71,1539,1788587107983407
cross_device,0,2,depth,-2153,-80,1694,1788587108016897
cross_device,0,2,depth,-2153,-90,1570,1788587108050135
cross_device,0,2,depth,-2152,-99,1588,1788587108083455
cross_device,0,2,depth,-2152,-106,1750,1788587108116931
cross_device,0,2,depth,-2153,-116,1397,1788587108150094
cross_device,0,2,depth,-2153,-126,1526,1788587108183423
cross_device,0,2,depth,-2153,-135,1607,1788587108216802
cross_device,0,2,depth,-2153,-144,1376,1788587108250084
cross_device,0,2,depth,-2154,-154,1415,1788587108283427
cross_device,0,2,depth,-2154,-167,1220,1788587108316759
cross_device,0,2,depth,-2155,-175,1561,1788587108350121
cross_device,0,2,depth,-2154,-182,1524,1788587108383408
cross_device,0,2,depth,-2155,-194,1406,1788587108416896
cross_device,0,2,depth,-2155,-202,1391,1788587108450106
cross_device,0,2,depth,-2155,-212,1563,1788587108483437
cross_device,0,2,depth,-2156,-221,1568,1788587108516764
cross_device,0,2,depth,-2156,-229,1572,1788587108550115
cross_device,0,2,depth,-2156,-236,1664,1788587108583546
cross_device,0,2,depth,-2156,-244,1599,1788587108616821
cross_device,0,2,depth,-2157,-253,1552,1788587108650106
cross_device,0,2,depth,-2157,-261,1645,1788587108683549
cross_device,0,2,depth,-2157,-268,1718,1788587108716914
cross_device,0,2,depth,-2158,-276,1672,1788587108750235
cross_device,0,2,depth,-2158,-285,1560,1788587108783440
cross_device,0,2,depth,-2158,-292,1580,1788587108816801
cross_device,0,2,depth,-2158,-299,1711,1788587108850274
cross_device,0,2,depth,-2159,-306,1579,1788587108883457
cross_device,0,2,depth,-2159,-317,1423,1788587108916781
cross_device,0,2,depth,-2159,-323,1700,1788587108950270
cross_device,0,2,depth,-2160,-332,1528,1788587108983425
cross_device,0,2,depth,-2159,-339,1432,1788587109016766
cross_device,0,2,depth,-2160,-349,1415,1788587109050098
cross_device,0,2,depth,-2160,-356,1711,1788587109083599
cross_device,0,2,depth,-2161,-364,1582,1788587109116804
cross_device,0,2,depth,-2160,-369,1567,1788587109150126
cross_device,0,2,depth,-2161,-380,1433,1788587109183466
cross_device,0,2,depth,-2161,-387,1613,1788587109216801
cross_device,0,2,depth,-2162,-393,1518,1788587109250220
cross_device,0,2,depth,-2162,-402,1545,1788587109283580
cross_device,0,2,depth,-2162,-410,1435,1788587109316807
cross_device,0,2,depth,-2163,-418,1529,1788587109350206
cross_device,0,2,depth,-2163,-426,1454,1788587109383459
cross_device,0,2,depth,-2164,-433,1538,1788587109416760
cross_device,0,2,depth,-2163,-438,1719,1788587109450265
cross_device,0,2,depth,-2164,-445,1680,1788587109483582
cross_device,0,2,depth,-2164,-451,1716,1788587109516935
cross_device,0,2,depth,-2164,-458,1708,1788587109550272
cross_device,0,2,depth,-2165,-464,1562,1788587109583431
cross_device,0,2,depth,-2165,-472,1293,1788587109616801
cross_device,0,2,depth,-2165,-481,1545,1788587109650099
cross_device,0,2,depth,-2165,-486,1548,1788587109683424
cross_device,0,2,depth,-2165,-493,1292,1788587109716800
cross_device,0,2,depth,-2166,-503,1452,1788587109750128
cross_device,0,2,depth,-2167,-511,1445,1788587109783443
cross_device,0,2,depth,-2167,-517,1471,1788587109816815
cross_device,0,2,depth,-2167,-524,1550,1788587109850119
cross_device,0,2,depth,-2167,-531,1530,1788587109883428
cross_device,0,2,depth,-2168,-539,1410,1788587109916773
cross_device,0,2,depth,-2168,-545,1547,1788587109950103
cross_device,0,2,depth,-2168,-552,1547,1788587109983412
cross_device,0,2,depth,-2168,-558,1458,1788587110016794
cross_device,0,2,depth,-2169,-563,1654,1788587110050172
cross_device,0,2,depth,-2169,-569,1449,1788587110083474
cross_device,0,2,depth,-2169,-577,1525,1788587110116892
cross_device,0,2,depth,-2170,-585,1379,1788587110150076
cross_device,0,2,depth,-2169,-592,1385,1788587110183421
cross_device,0,2,depth,-2170,-597,1632,1788587110216972
cross_device,0,2,depth,-2170,-605,1363,1788587110250218
cross_device,0,2,depth,-2170,-612,1241,1788587110283412
cross_device,0,2,depth,-2170,-619,1431,1788587110316922
cross_device,0,2,depth,-2170,-624,1542,1788587110350227
cross_device,0,2,depth,-2171,-631,1554,1788587110383592
cross_device,0,2,depth,-2172,-637,1610,1788587110416952
cross_device,0,2,depth,-2171,-643,1562,1788587110450134
cross_device,0,2,depth,-2172,-649,1383,1788587110483433
cross_device,0,2,depth,-2172,-655,1591,1788587110516957
cross_device,0,2,depth,-2173,-662,1527,1788587110550245
cross_device,0,2,depth,-2173,-668,1437,1788587110583469
cross_device,0,2,depth,-2173,-674,1393,1788587110616888
cross_device,0,2,depth,-2174,-682,1615,1788587110650149
cross_device,0,2,depth,-2174,-683,1570,1788587110683457
cross_device,0,2,depth,-2174,-689,1604,1788587110716943
cross_device,0,2,depth,-2174,-696,1220,1788587110750098
cross_device,0,2,depth,-2175,-704,1553,1788587110783431
cross_device,0,2,depth,-2175,-709,1722,1788587110816957
cross_device,0,2,depth,-2175,-714,1583,1788587110850123
cross_device,0,2,depth,-2175,-718,1572,1788587110883454
cross_device,0,2,depth,-2176,-724,1402,1788587110916766
cross_device,0,2,depth,-2176,-730,1400,1788587110950104
cross_device,0,2,depth,-2177,-735,1595,1788587110983478
cross_device,0,2,depth,-2176,-740,1432,1788587111016793
cross_device,0,2,depth,-2177,-745,1579,1788587111050128
cross_device,0,2,depth,-2177,-750,1688,1788587111083601
cross_device,0,2,depth,-2177,-754,1597,1788587111116823
cross_device,0,2,depth,-2178,-759,1557,1788587111150225
cross_device,0,2,depth,-2178,-766,1673,1788587111183564
cross_device,0,2,depth,-2179,-768,1745,1788587111216953
cross_device,0,2,depth,-2178,-770,1764,1788587111250431
cross_device,0,2,depth,-2179,-777,1574,1788587111283727
cross_device,0,2,depth,-2179,-780,1592,1788587111316815
cross_device,0,2,depth,-2180,-791,1222,1788587111350097
cross_device,0,2,depth,-2179,-792,1426,1788587111383455
cross_device,0,2,depth,-2180,-797,1616,1788587111416819
cross_device,0,2,depth,-2180,-802,1551,1788587111450088
cross_device,0,2,depth,-2180,-808,1433,1788587111483480
cross_device,0,2,depth,-2181,-812,1549,1788587111516776
cross_device,0,2,depth,-2181,-818,1466,1788587111550148
cross_device,0,2,depth,-2182,-823,1531,1788587111583431
cross_device,0,2,depth,-2181,-828,1613,1788587111616804
cross_device,0,2,depth,-2182,-832,1556,1788587111650088
cross_device,0,2,depth,-2182,-835,1577,1788587111683459
cross_device,0,2,depth,-2182,-839,1570,1788587111716800
cross_device,0,2,depth,-2182,-843,1414,1788587111750103
cross_device,0,2,depth,-2183,-850,1553,1788587111783458
cross_device,0,2,depth,-2183,-854,1581,1788587111816781
cross_device,0,2,depth,-2183,-857,1594,1788587111850144
cross_device,0,2,depth,-2184,-862,1580,1788587111883481
cross_device,0,2,depth,-2185,-869,1468,1788587111916809
cross_device,0,2,depth,-2185,-872,1536,1788587111950096
cross_device,0,2,depth,-2185,-875,1547,1788587111983440
cross_device,0,2,depth,-2185,-881,1552,1788587112016777
cross_device,0,2,depth,-2185,-885,1428,1788587112050115
cross_device,0,2,depth,-2186,-890,1604,1788587112083469
cross_device,0,2,depth,-2186,-892,1628,1788587112116823
cross_device,0,2,depth,-2186,-898,1442,1788587112150140
cross_device,0,2,depth,-2186,-902,1557,1788587112183446
cross_device,0,2,depth,-2187,-905,1578,1788587112216796
cross_device,0,2,depth,-2187,-909,1541,1788587112250100
cross_device,0,2,depth,-2188,-915,1369,1788587112283414
cross_device,0,2,depth,-2188,-920,1436,1788587112316774
cross_device,0,2,depth,-2188,-926,1390,1788587112350095
cross_device,0,2,depth,-2189,-930,1435,1788587112383466
cross_device,0,2,depth,-2188,-932,1593,1788587112416798
cross_device,0,2,depth,-2188,-937,1571,1788587112450126
cross_device,0,2,depth,-2189,-940,1582,1788587112483480
cross_device,0,2,depth,-2189,-944,1544,1788587112516774
cross_device,0,2,depth,-2190,-948,1587,1788587112550158
cross_device,0,2,depth,-2190,-951,1551,1788587112583463
cross_device,0,2,depth,-2190,-957,1449,1788587112616772
cross_device,0,2,depth,-2190,-959,1542,1788587112650120
cross_device,0,2,depth,-2190,-962,1567,1788587112683472
cross_device,0,2,depth,-2191,-968,1618,1788587112716827
cross_device,0,2,depth,-2191,-969,1606,1788587112750155
cross_device,0,2,depth,-2192,-973,1602,1788587112783602
cross_device,0,2,depth,-2192,-978,1413,1788587112816774
cross_device,0,2,depth,-2192,-980,1585,1788587112850150
cross_device,0,2,depth,-2197,-989,1588,1788587112883469
cross_device,0,2,depth,-2198,-995,1263,1788587112916781
cross_device,0,2,depth,-2197,-998,1541,1788587112950118
cross_device,0,2,depth,-2198,-1002,1538,1788587112983440
cross_device,0,2,depth,-2198,-1007,1247,1788587113016786
cross_device,0,2,depth,-2198,-1010,1464,1788587113050142
cross_device,0,2,depth,-2198,-1015,1571,1788587113083459
cross_device,0,2,depth,-2199,-1018,1567,1788587113116803
cross_device,0,2,depth,-2200,-1023,1429,1788587113150142
cross_device,0,2,depth,-2200,-1026,1558,1788587113183474
cross_device,0,2,depth,-2200,-1029,1616,1788587113216813
cross_device,0,2,depth,-2200,-1033,1505,1788587113250088
cross_device,0,2,depth,-2200,-1037,1395,1788587113283438
cross_device,0,2,depth,-2201,-1041,1434,1788587113316799
cross_device,0,2,depth,-2201,-1046,1384,1788587113350250
cross_device,0,2,depth,-2201,-1050,1275,1788587113383454
cross_device,0,2,depth,-2201,-1056,1392,1788587113416753
cross_device,0,2,depth,-2202,-1059,1585,1788587113450260
cross_device,0,2,depth,-2201,-1059,1675,1788587113483561
cross_device,0,2,depth,-2202,-1061,1732,1788587113516936
cross_device,0,2,depth,-2202,-1065,1441,1788587113550120
cross_device,0,2,depth,-2203,-1069,1542,1788587113583433
cross_device,0,2,depth,-2203,-1071,1557,1788587113616788
cross_device,0,2,depth,-2203,-1073,1557,1788587113650120
cross_device,0,2,depth,-2204,-1078,1432,1788587113683460
cross_device,0,2,depth,-2204,-1080,1706,1788587113716930
cross_device,0,2,depth,-2204,-1084,1424,1788587113750093
cross_device,0,2,depth,-2205,-1086,1558,1788587113783423
cross_device,0,2,depth,-2205,-1090,1737,1788587113816946
cross_device,0,2,depth,-2205,-1092,1582,1788587113850262
cross_device,0,2,depth,-2205,-1093,1747,1788587113883615
cross_device,0,2,depth,-2206,-1099,1431,1788587113916801
cross_device,0,2,depth,-2206,-1102,1410,1788587113950095
cross_device,0,2,depth,-2206,-1103,1574,1788587113983452
cross_device,0,2,depth,-2207,-1110,1427,1788587114016782
cross_device,0,2,depth,-2206,-1111,1561,1788587114050114
cross_device,0,2,depth,-2207,-1115,1450,1788587114083467
cross_device,0,2,depth,-2208,-1118,1564,1788587114116773
cross_device,0,2,depth,-2208,-1123,1609,1788587114150161
cross_device,0,2,depth,-2208,-1125,1390,1788587114183442
cross_device,0,2,depth,-2208,-1131,1459,1788587114216783
cross_device,0,2,depth,-2208,-1132,1573,1788587114250268
cross_device,0,2,depth,-2209,-1139,1210,1788587114283415
cross_device,0,2,depth,-2209,-1142,1417,1788587114316779
cross_device,0,2,depth,-2209,-1144,1521,1788587114350095
cross_device,0,2,depth,-2210,-1147,1449,1788587114383455
cross_device,0,2,depth,-2210,-1151,1580,1788587114416775
cross_device,0,2,depth,-2210,-1155,1448,1788587114450137
cross_device,0,2,depth,-2210,-1155,1553,1788587114483467
cross_device,0,2,depth,-2210,-1160,1559,1788587114516756
cross_device,0,2,depth,-2210,-1163,1437,1788587114550140
cross_device,0,2,depth,-2211,-1167,1406,1788587114583432
cross_device,0,2,depth,-2211,-1170,1564,1788587114616772
cross_device,0,2,depth,-2212,-1171,1570,1788587114650115
cross_device,0,2,depth,-2212,-1176,1457,1788587114683466
cross_device,0,2,depth,-2212,-1179,1441,1788587114716779
cross_device,0,2,depth,-2213,-1181,1577,1788587114750141
cross_device,0,2,depth,-2213,-1186,1588,1788587114783475
cross_device,0,2,depth,-2213,-1188,1560,1788587114816778
cross_device,0,2,depth,-2213,-1188,1570,1788587114850157
cross_device,0,2,depth,-2213,-1193,1371,1788587114883418
cross_device,0,2,depth,-2214,-1196,1441,1788587114916773
cross_device,0,2,depth,-2214,-1199,1559,1788587114950115
cross_device,0,2,depth,-2215,-1202,1415,1788587114983444
cross_device,0,2,depth,-2215,-1206,1464,1788587115016798
cross_device,0,2,depth,-2215,-1208,1422,1788587115050120
cross_device,0,2,depth,-2215,-1209,1675,1788587115083578
cross_device,0,2,depth,-2215,-1211,1564,1788587115116788
cross_device,0,2,depth,-2216,-1214,1593,1788587115150134
cross_device,0,2,depth,-2217,-1218,1578,1788587115183599
cross_device,0,2,depth,-2216,-1218,1720,1788587115216926
cross_device,0,2,depth,-2217,-1220,1565,1788587115250259
cross_device,0,2,depth,-2217,-1221,1712,1788587115283606
cross_device,0,2,depth,-2217,-1225,1465,1788587115316793
cross_device,0,2,depth,-2218,-1228,1258,1788587115350133
cross_device,0,2,depth,-2217,-1232,1266,1788587115383466
cross_device,0,2,depth,-2218,-1236,1437,1788587115416792
cross_device,0,2,depth,-2219,-1240,1612,1788587115450162
cross_device,0,2,depth,-2219,-1239,1629,1788587115483511
cross_device,0,2,depth,-2219,-1243,1578,1788587115516907
cross_device,0,2,depth,-2220,-1245,1594,1788587115550175
cross_device,0,2,depth,-2219,-1247,1619,1788587115583489
cross_device,0,2,depth,-2220,-1249,1475,1788587115616829
cross_device,0,2,depth,-2221,-1254,1568,1788587115650136
cross_device,0,2,depth,-2221,-1254,1574,1788587115683465
cross_device,0,2,depth,-2221,-1255,1469,1788587115716795
cross_device,0,2,depth,-2221,-1258,1402,1788587115750254
cross_device,0,2,depth,-2221,-1259,1557,1788587115783459
cross_device,0,2,depth,-2221,-1262,1608,1788587115816809
cross_device,0,2,depth,-2221,-1264,1558,1788587115850249
cross_device,0,2,depth,-2222,-1268,1587,1788587115883573
cross_device,0,2,depth,-2223,-1268,1582,1788587115916926
cross_device,0,2,depth,-2214,-1261,1778,1788587115950304
cross_device,0,2,depth,-2214,-1261,1613,1788587115983475
cross_device,0,2,depth,-2214,-1265,1594,1788587116016788
cross_device,0,2,depth,-2215,-1266,1640,1788587116050181
cross_device,0,2,depth,-2216,-1269,1556,1788587116083448
cross_device,0,2,depth,-2215,-1269,1467,1788587116116784
cross_device,0,2,depth,-2216,-1274,1556,1788587116150106
cross_device,0,2,depth,-2216,-1274,1608,1788587116183476
cross_device,0,2,depth,-2217,-1275,1608,1788587116216815
cross_device,0,2,depth,-2217,-1278,1596,1788587116250274
cross_device,0,2,depth,-2217,-1280,1454,1788587116283466
cross_device,0,2,depth,-2217,-1283,1473,1788587116316804
cross_device,0,2,depth,-2217,-1285,1441,1788587116350140
cross_device,0,2,depth,-2217,-1287,1432,1788587116383452
cross_device,0,2,depth,-2219,-1291,1628,1788587116416819
cross_device,0,2,depth,-2218,-1293,1540,1788587116450102
cross_device,0,2,depth,-2219,-1294,1569,1788587116483437
cross_device,0,2,depth,-2218,-1294,1607,1788587116516811
cross_device,0,2,depth,-2219,-1296,1581,1788587116550118
cross_device,0,2,depth,-2220,-1298,1587,1788587116583494
cross_device,0,2,depth,-2220,-1300,1566,1788587116616787
cross_device,0,2,depth,-2220,-1303,1588,1788587116650130
cross_device,0,2,depth,-2220,-1303,1560,1788587116683443
cross_device,0,2,depth,-2221,-1304,1641,1788587116716825
cross_device,0,2,depth,-2221,-1307,1444,1788587116750111
cross_device,0,2,depth,-2221,-1310,1588,1788587116783451
cross_device,0,2,depth,-2222,-1311,1583,1788587116816791
cross_device,0,2,depth,-2222,-1313,1589,1788587116850122
cross_device,0,2,depth,-2222,-1314,1447,1788587116883446
cross_device,0,2,depth,-2222,-1317,1456,1788587116916807
cross_device,0,2,depth,-2223,-1318,1595,1788587116950122
cross_device,0,2,depth,-2223,-1322,1539,1788587116983431
cross_device,0,2,depth,-2223,-1323,1497,1788587117016813
cross_device,0,2,depth,-2223,-1324,1545,1788587117050097
cross_device,0,2,depth,-2224,-1326,1700,1788587117083595
cross_device,0,2,depth,-2224,-1326,1635,1788587117116972
cross_device,0,2,depth,-2224,-1326,1407,1788587117150085
cross_device,0,2,depth,-2225,-1331,1688,1788587117183571
cross_device,0,2,depth,-2224,-1329,1716,1788587117216930
cross_device,0,2,depth,-2225,-1331,1563,1788587117250119
cross_device,0,2,depth,-2226,-1336,1460,1788587117283469
cross_device,0,2,depth,-2226,-1335,1610,1788587117316821
cross_device,0,2,depth,-2226,-1335,1560,1788587117350239
cross_device,0,2,depth,-2226,-1341,1424,1788587117383450
cross_device,0,2,depth,-2226,-1340,1460,1788587117416809
cross_device,0,2,depth,-2226,-1341,1726,1788587117450273
cross_device,0,2,depth,-2227,-1343,1692,1788587117483562
cross_device,0,2,depth,-2228,-1345,1408,1788587117516928
cross_device,0,2,depth,-2228,-1348,1448,1788587117550142
cross_device,0,2,depth,-2228,-1350,1481,1788587117583477
cross_device,0,2,depth,-2228,-1352,1381,1788587117616830
cross_device,0,2,depth,-2229,-1353,1624,1788587117650161
cross_device,0,2,depth,-2229,-1355,1562,1788587117683437
cross_device,0,2,depth,-2229,-1355,1498,1788587117716830
cross_device,0,2,depth,-2229,-1357,1615,1788587117750161
cross_device,0,2,depth,-2230,-1360,1589,1788587117783453
cross_device,0,2,depth,-2230,-1360,1708,1788587117816919
cross_device,0,2,depth,-2231,-1361,1545,1788587117850096
cross_device,0,2,depth,-2230,-1363,1567,1788587117883436
cross_device,0,2,depth,-2230,-1361,1612,1788587117916941
cross_device,0,2,depth,-2231,-1362,1747,1788587117950280
cross_device,0,2,depth,-2230,-1362,1675,1788587117983558
cross_device,0,2,depth,-2232,-1367,1467,1788587118016818
cross_device,0,2,depth,-2232,-1368,1558,1788587118050115
cross_device,0,2,depth,-2228,-1362,1621,1788587118083481
cross_device,0,2,depth,-2233,-1371,1474,1788587118116820
cross_device,0,2,depth,-2232,-1369,1612,1788587118150169
cross_device,0,2,depth,-2227,-1366,1533,1788587118183431
cross_device,0,2,depth,-2233,-1373,1483,1788587118216801
cross_device,0,2,depth,-2233,-1375,1597,1788587118250148
cross_device,0,2,depth,-2225,-1367,1563,1788587118283435
cross_device,0,2,depth,-2234,-1379,1463,1788587118316799
cross_device,0,2,depth,-2235,-1381,1576,1788587118350135
cross_device,0,2,depth,-2225,-1372,1476,1788587118383459
cross_device,0,2,depth,-2235,-1385,1340,1788587118416783
cross_device,0,2,depth,-2235,-1386,1420,1788587118450259
cross_device,0,2,depth,-2236,-1388,1538,1788587118483432
cross_device,0,2,depth,-2236,-1389,1488,1788587118516816
cross_device,0,2,depth,-2236,-1392,1580,1788587118550155
cross_device,0,2,depth,-2236,-1392,1528,1788587118583420
cross_device,0,2,depth,-2237,-1396,1571,1788587118616783
cross_device,0,2,depth,-2236,-1392,1616,1788587118650149
cross_device,0,2,depth,-2237,-1396,1588,1788587118683462
cross_device,0,2,depth,-2238,-1396,1589,1788587118716783
cross_device,0,2,depth,-2237,-1399,1432,1788587118750131
cross_device,1,2,depth,-2294,-125,1325,1788587088783465
cross_device,1,2,depth,-2295,-129,1540,1788587088816773
cross_device,1,2,depth,-2295,-131,1557,1788587088850111
cross_device,1,2,depth,-2296,-135,1580,1788587088883478
cross_device,1,2,depth,-2295,-137,1561,1788587088916804
cross_device,1,2,depth,-2296,-140,1513,1788587088950109
cross_device,1,2,depth,-2296,-141,1530,1788587088983419
cross_device,1,2,depth,-2296,-145,1415,1788587089016762
cross_device,1,2,depth,-2297,-147,1416,1788587089050129
cross_device,1,2,depth,-2297,-150,1534,1788587089083447
cross_device,1,2,depth,-2297,104,1357,1788587089116779
cross_device,1,2,depth,-2297,104,1397,1788587089150093
cross_device,1,2,depth,-2298,102,1568,1788587089183463
cross_device,1,2,depth,-2297,102,1537,1788587089216764
cross_device,1,2,depth,-2298,100,1543,1788587089250250
cross_device,1,2,depth,-2298,98,1375,1788587089283419
cross_device,1,2,depth,-2298,97,1444,1788587089316797
cross_device,1,2,depth,-2299,97,1543,1788587089350123
cross_device,1,2,depth,-2299,95,1559,1788587089383470
cross_device,1,2,depth,-2299,95,1567,1788587089416785
cross_device,1,2,depth,-2299,93,1585,1788587089450134
cross_device,1,2,depth,-2299,90,1526,1788587089483429
cross_device,1,2,depth,-2300,89,1532,1788587089516883
cross_device,1,2,depth,-2300,89,1528,1788587089550114
cross_device,1,2,depth,-2300,87,1537,1788587089583426
cross_device,1,2,depth,-2300,87,1566,1788587089616775
cross_device,1,2,depth,-2301,85,1670,1788587089650238
cross_device,1,2,depth,-2301,83,1541,1788587089683426
cross_device,1,2,depth,-2300,83,1587,1788587089716803
cross_device,1,2,depth,-2301,80,1387,1788587089750088
cross_device,1,2,depth,-2301,81,1519,1788587089783423
cross_device,1,2,depth,-2301,-244,1397,1788587089816772
cross_device,1,2,depth,-2301,-246,1557,1788587089850123
cross_device,1,2,depth,-2302,-247,1507,1788587089883408
cross_device,1,2,depth,-2302,-249,1544,1788587089916776
cross_device,1,2,depth,-2298,-247,1377,1788587089950084
cross_device,1,2,depth,-2298,-248,1558,1788587089983460
cross_device,1,2,depth,-2298,-249,1561,1788587090016898
cross_device,1,2,depth,-2298,-251,1546,1788587090050105
cross_device,1,2,depth,-2299,-255,1545,1788587090083417
cross_device,1,2,depth,-2299,-257,1594,1788587090116790
cross_device,1,2,depth,-2299,216,1420,1788587090150126
cross_device,1,2,depth,-2299,217,1503,1788587090183539
cross_device,1,2,depth,-2299,214,1542,1788587090216765
cross_device,1,2,depth,-2300,212,1549,1788587090250256
cross_device,1,2,depth,-2300,213,1609,1788587090283475
cross_device,1,2,depth,-2300,211,1600,1788587090316799
cross_device,1,2,depth,-2300,210,1448,1788587090350140
cross_device,1,2,depth,-2300,211,1563,1788587090383449
cross_device,1,2,depth,-2301,208,1431,1788587090416785
cross_device,1,2,depth,-2301,208,1429,1788587090450148
cross_device,1,2,depth,-2301,207,1560,1788587090483437
cross_device,1,2,depth,-2302,205,1597,1788587090516793
cross_device,1,2,depth,-2302,206,1558,1788587090550147
cross_device,1,2,depth,-2302,206,1536,1788587090583435
cross_device,1,2,depth,-2302,204,1603,1788587090616809
cross_device,1,2,depth,-2302,205,1599,1788587090650157
cross_device,1,2,depth,-2302,202,1574,1788587090683471
cross_device,1,2,depth,-2302,202,1614,1788587090716807
cross_device,1,2,depth,-2303,201,1759,1788587090750345
cross_device,1,2,depth,-2303,200,1430,1788587090783447
cross_device,1,2,depth,-2303,-38,1420,1788587090816768
cross_device,1,2,depth,-2304,-40,1367,1788587090850104
cross_device,1,2,depth,-2304,-42,1374,1788587090883581
cross_device,1,2,depth,-2304,-42,1557,1788587090916781
cross_device,1,2,depth,-2304,-44,1598,1788587090950140
cross_device,1,2,depth,-2304,-45,1524,1788587090983431
cross_device,1,2,depth,-2305,-47,1528,1788587091016775
cross_device,1,2,depth,-2305,-51,1400,1788587091050109
cross_device,1,2,depth,-2305,-52,1515,1788587091083553
cross_device,1,2,depth,-2305,-53,1563,1788587091116778
cross_device,1,2,depth,-2306,62,1575,1788587091150123
cross_device,1,2,depth,-2305,63,1421,1788587091183428
cross_device,1,2,depth,-2306,61,1594,1788587091216805
cross_device,1,2,depth,-2306,62,1571,1788587091250120
cross_device,1,2,depth,-2307,60,1423,1788587091283454
cross_device,1,2,depth,-2306,59,1562,1788587091316775
cross_device,1,2,depth,-2306,59,1540,1788587091350102
cross_device,1,2,depth,-2307,57,1540,1788587091383426
cross_device,1,2,depth,-2307,57,1425,1788587091416798
cross_device,1,2,depth,-2307,56,1602,1788587091450143
cross_device,1,2,depth,-2308,54,1582,1788587091483464
cross_device,1,2,depth,-2308,55,1453,1788587091516790
cross_device,1,2,depth,-2307,55,1610,1788587091550137
cross_device,1,2,depth,-2308,54,1541,1788587091583438
cross_device,1,2,depth,-2308,53,1589,1788587091616781
cross_device,1,2,depth,-2309,51,1406,1788587091650113
cross_device,1,2,depth,-2309,51,1589,1788587091683458
cross_device,1,2,depth,-2309,51,1560,1788587091716777
cross_device,1,2,depth,-2309,50,1608,1788587091750137
cross_device,1,2,depth,-2310,48,1540,1788587091783425
cross_device,1,2,depth,-2310,125,1472,1788587091816807
cross_device,1,2,depth,-2310,123,1465,1788587091850143
cross_device,1,2,depth,-2310,122,1394,1788587091883447
cross_device,1,2,depth,-2310,121,1450,1788587091916778
cross_device,1,2,depth,-2311,117,1580,1788587091950126
cross_device,1,2,depth,-2311,118,1569,1788587091983439
cross_device,1,2,depth,-2311,116,1411,1788587092016775
cross_device,1,2,depth,-2311,115,1579,1788587092050114
cross_device,1,2,depth,-2312,114,1553,1788587092083436
cross_device,1,2,depth,-2311,113,1476,1788587092116809
cross_device,1,2,depth,-2311,-133,1584,1788587092150115
cross_device,1,2,depth,-2312,-133,1552,1788587092183433
cross_device,1,2,depth,-2313,-137,1617,1788587092216804
cross_device,1,2,depth,-2313,-137,1559,1788587092250124
cross_device,1,2,depth,-2312,-139,1578,1788587092283456
cross_device,1,2,depth,-2313,-140,2017,1788587092317376
cross_device,1,2,depth,-2313,-141,1417,1788587092350114
cross_device,1,2,depth,-2313,-144,1569,1788587092383427
cross_device,1,2,depth,-2314,-145,1837,1788587092417191
cross_device,1,2,depth,-2314,-148,1429,1788587092450143
cross_device,1,2,depth,-2314,-149,1537,1788587092483418
cross_device,1,2,depth,-2314,-150,1609,1788587092516808
cross_device,1,2,depth,-2314,-150,1422,1788587092550114
cross_device,1,2,depth,-2315,-153,1536,1788587092583423
cross_device,1,2,depth,-2314,-155,1595,1788587092616794
cross_device,1,2,depth,-2315,-157,1582,1788587092650139
cross_device,1,2,depth,-2315,-158,1550,1788587092683442
cross_device,1,2,depth,-2315,-160,1666,1788587092716889
cross_device,1,2,depth,-2316,-161,1573,1788587092750140
cross_device,1,2,depth,-2315,-163,1579,1788587092783458
cross_device,1,2,depth,-2316,-220,1466,1788587092816774
cross_device,1,2,depth,-2316,-218,1434,1788587092850118
cross_device,1,2,depth,-2316,-221,1538,1788587092883425
cross_device,1,2,depth,-2316,-220,1571,1788587092916893
cross_device,1,2,depth,-2317,-222,1388,1788587092950089
cross_device,1,2,depth,-2316,-223,1561,1788587092983422
cross_device,1,2,depth,-2317,-224,1712,1788587093016896
cross_device,1,2,depth,-2317,-225,1411,1788587093050124
cross_device,1,2,depth,-2317,-224,1451,1788587093083470
cross_device,1,2,depth,-2318,-226,1711,1788587093116936
cross_device,1,2,depth,-2318,-383,1555,1788587093150119
cross_device,1,2,depth,-2318,-382,1594,1788587093183462
cross_device,1,2,depth,-2319,-385,1586,1788587093216777
cross_device,1,2,depth,-2319,-385,1507,1788587093250085
cross_device,1,2,depth,-2318,-384,1444,1788587093283439
cross_device,1,2,depth,-2319,-387,1526,1788587093316887
cross_device,1,2,depth,-2319,-385,1412,1788587093350135
cross_device,1,2,depth,-2319,-385,1412,1788587093383422
cross_device,1,2,depth,-2320,-387,1542,1788587093416882
cross_device,1,2,depth,-2319,-386,1592,1788587093450138
cross_device,1,2,depth,-2320,-386,1546,1788587093483424
cross_device,1,2,depth,-2320,-387,1618,1788587093516809
cross_device,1,2,depth,-2320,-388,1520,1788587093550098
cross_device,1,2,depth,-2321,-389,1385,1788587093583428
cross_device,1,2,depth,-2321,-390,1618,1788587093616816
cross_device,1,2,depth,-2321,-389,1583,1788587093650118
cross_device,1,2,depth,-2321,-389,1579,1788587093683450
cross_device,1,2,depth,-2322,-390,1594,1788587093716817
cross_device,1,2,depth,-2322,-391,1559,1788587093750093
cross_device,1,2,depth,-2321,-390,1589,1788587093783458
cross_device,1,2,depth,-2322,-406,1459,1788587093816793
cross_device,1,2,depth,-2323,-406,1422,1788587093850135
cross_device,1,2,depth,-2323,-407,1392,1788587093883418
cross_device,1,2,depth,-2322,-405,1583,1788587093916819
cross_device,1,2,depth,-2322,-405,1527,1788587093950217
cross_device,1,2,depth,-2323,-407,1542,1788587093983434
cross_device,1,2,depth,-2323,-407,1688,1788587094016924
cross_device,1,2,depth,-2324,-408,1592,1788587094050141
cross_device,1,2,depth,-2324,-409,1541,1788587094083426
cross_device,1,2,depth,-2324,-407,1561,1788587094116774
cross_device,1,2,depth,-2324,-407,1533,1788587094150110
cross_device,1,2,depth,-2324,-408,1744,1788587094183771
cross_device,1,2,depth,-2324,-407,1581,1788587094216799
cross_device,1,2,depth,-2325,-409,1445,1788587094250137
cross_device,1,2,depth,-2325,-407,1540,1788587094283440
cross_device,1,2,depth,-2325,-409,1707,1788587094316924
cross_device,1,2,depth,-2325,-409,1414,1788587094350113
cross_device,1,2,depth,-2326,-409,1555,1788587094383441
cross_device,1,2,depth,-2325,-409,1516,1788587094416757
cross_device,1,2,depth,-2326,-411,1555,1788587094450120
cross_device,1,2,depth,-2327,-410,1448,1788587094483471
cross_device,1,2,depth,-2327,-410,1592,1788587094516797
cross_device,1,2,depth,-2327,-411,1555,1788587094550103
cross_device,1,2,depth,-2327,-409,1415,1788587094583430
cross_device,1,2,depth,-2327,-410,1375,1788587094616918
cross_device,1,2,depth,-2327,-410,1573,1788587094650141
cross_device,1,2,depth,-2327,-410,1587,1788587094683483
cross_device,1,2,depth,-2327,-410,1634,1788587094716828
cross_device,1,2,depth,-2328,-412,1593,1788587094750143
cross_device,1,2,depth,-2328,-411,1556,1788587094783443
cross_device,1,2,depth,-2329,-412,1609,1788587094816802
cross_device,1,2,depth,-2328,-412,1556,1788587094850107
cross_device,1,2,depth,-2328,-411,1421,1788587094883442
cross_device,1,2,depth,-2329,-411,1695,1788587094916916
cross_device,1,2,depth,-2329,-276,1556,1788587094950249
cross_device,1,2,depth,-2330,-142,1441,1788587094983464
cross_device,1,2,depth,-2329,-7,1536,1788587095016906
cross_device,1,2,depth,-2330,123,1418,1788587095050134
cross_device,1,2,depth,-2330,256,1636,1788587095083557
cross_device,1,2,depth,-2330,389,1587,1788587095116803
cross_device,1,2,depth,-2330,519,1618,1788587095150159
cross_device,1,2,depth,-2331,649,1583,1788587095183464
cross_device,1,2,depth,-2331,779,1585,1788587095216806
cross_device,1,2,depth,-2331,906,1544,1788587095250127
cross_device,1,2,depth,-2331,1035,1602,1788587095283475
cross_device,1,2,depth,-2331,1162,1722,1788587095316917
cross_device,1,2,depth,-2332,1287,1585,1788587095350136
cross_device,1,2,depth,-2332,1413,1429,1788587095383438
cross_device,1,2,depth,-2332,1535,1400,1788587095416917
cross_device,1,2,depth,-2332,1659,1678,1788587095450230
cross_device,1,2,depth,-2332,1780,1528,1788587095483424
cross_device,1,2,depth,-2332,1903,1560,1788587095516768
cross_device,1,2,depth,-2333,2022,1553,1788587095550131
cross_device,1,2,depth,-2333,2142,1547,1788587095583458
cross_device,1,2,depth,-2333,2261,1605,1788587095616812
cross_device,1,2,depth,-2333,2380,1570,1788587095650256
cross_device,1,2,depth,-2334,2495,1518,1788587095683433
cross_device,1,2,depth,-2334,2613,1699,1788587095716903
cross_device,1,2,depth,-2334,2730,1393,1788587095750143
cross_device,1,2,depth,-2334,2843,1409,1788587095783434
cross_device,1,2,depth,-2335,2959,1581,1788587095816779
cross_device,1,2,depth,-2335,3072,1387,1788587095850093
cross_device,1,2,depth,-2335,3183,1579,1788587095883463
cross_device,1,2,depth,-2335,3297,1731,1788587095916941
cross_device,1,2,depth,-2335,3408,1587,1788587095950130
cross_device,1,2,depth,-2336,3517,1565,1788587095983451
cross_device,1,2,depth,-2335,3630,1450,1788587096016805
cross_device,1,2,depth,-2336,3738,1578,1788587096050109
cross_device,1,2,depth,-2336,3849,1545,1788587096083434
cross_device,1,2,depth,-2337,3954,1462,1788587096116793
cross_device,1,2,depth,-2336,4062,1397,1788587096150109
cross_device,1,2,depth,-2337,4167,1523,1788587096183424
cross_device,1,2,depth,-2337,4272,1616,1788587096216813
cross_device,1,2,depth,-2337,4379,1574,1788587096250122
cross_device,1,2,depth,-2337,4483,1873,1788587096283766
cross_device,1,2,depth,-2338,4587,1441,1788587096316813
cross_device,1,2,depth,-2338,4687,1584,1788587096350128
cross_device,1,2,depth,-2338,4791,1659,1788587096383567
cross_device,1,2,depth,-2338,4891,1429,1788587096416766
cross_device,1,2,depth,-2339,4994,1469,1788587096450209
cross_device,1,2,depth,-2339,5091,1405,1788587096483440
cross_device,1,2,depth,-2339,5035,1560,1788587096516762
cross_device,1,2,depth,-2339,4979,1565,1788587096550138
cross_device,1,2,depth,-2339,4923,1573,1788587096583467
cross_device,1,2,depth,-2339,4868,1565,1788587096616776
cross_device,1,2,depth,-2339,4814,1601,1788587096650143
cross_device,1,2,depth,-2340,4756,1553,1788587096683447
cross_device,1,2,depth,-2340,4704,1560,1788587096716779
cross_device,1,2,depth,-2340,4650,1563,1788587096750102
cross_device,1,2,depth,-2340,4595,1526,1788587096783442
cross_device,1,2,depth,-2341,4543,1598,1788587096816794
cross_device,1,2,depth,-2341,4490,1543,1788587096850103
cross_device,1,2,depth,-2341,4437,1424,1788587096883453
cross_device,1,2,depth,-2341,4385,1559,1788587096916941
cross_device,1,2,depth,-2342,4331,1411,1788587096950093
cross_device,1,2,depth,-2341,4280,1563,1788587096983424
cross_device,1,2,depth,-2342,4228,1582,1788587097016803
cross_device,1,2,depth,-2342,4177,1567,1788587097050116
cross_device,1,2,depth,-2342,4128,1694,1788587097083584
cross_device,1,2,depth,-2343,4078,1590,1788587097116805
cross_device,1,2,depth,-2343,4028,1390,1788587097150095
cross_device,1,2,depth,-2343,3977,1504,1788587097183413
cross_device,1,2,depth,-2343,3929,1538,1788587097216769
cross_device,1,2,depth,-2344,3879,1447,1788587097250139
cross_device,1,2,depth,-2343,3831,1408,1788587097283420
cross_device,1,2,depth,-2343,3780,1415,1788587097316786
cross_device,1,2,depth,-2344,3732,1576,1788587097350121
cross_device,1,2,depth,-2344,3685,1551,1788587097383441
cross_device,1,2,depth,-2344,3637,1437,1788587097416915
cross_device,1,2,depth,-2345,3590,1737,1788587097450281
cross_device,1,2,depth,-2345,3545,1560,1788587097483423
cross_device,1,2,depth,-2345,3497,1598,1788587097516787
cross_device,1,2,depth,-2345,3451,1378,1788587097550092
cross_device,1,2,depth,-2345,3405,1568,1788587097583456
cross_device,1,2,depth,-2346,3359,1625,1788587097616823
cross_device,1,2,depth,-2346,3315,1407,1788587097650098
cross_device,1,2,depth,-2346,3268,1429,1788587097683433
cross_device,1,2,depth,-2346,3224,1481,1788587097716812
cross_device,1,2,depth,-2346,3179,1562,1788587097750103
cross_device,1,2,depth,-2346,3137,1456,1788587097783471
cross_device,1,2,depth,-2347,3089,1304,1788587097816780
cross_device,1,2,depth,-2347,3048,1670,1788587097850229
cross_device,1,2,depth,-2347,3002,1403,1788587097883427
cross_device,1,2,depth,-2348,2959,1459,1788587097916796
cross_device,1,2,depth,-2348,2918,1687,1788587097950240
cross_device,1,2,depth,-2348,2876,1680,1788587097983570
cross_device,1,2,depth,-2348,2835,1548,1788587098016894
cross_device,1,2,depth,-2349,2792,1568,1788587098050253
cross_device,1,2,depth,-2349,2750,1515,1788587098083535
cross_device,1,2,depth,-2348,2712,1733,1788587098116949
cross_device,1,2,depth,-2349,2671,1666,1788587098150226
cross_device,1,2,depth,-2349,2633,1881,1788587098183749
cross_device,1,2,depth,-2349,2593,1701,1788587098216914
cross_device,1,2,depth,-2349,2554,1726,1788587098250267
cross_device,1,2,depth,-2349,2518,1833,1788587098283717
cross_device,1,2,depth,-2350,2478,1552,1788587098316887
cross_device,1,2,depth,-2350,2439,1703,1788587098350272
cross_device,1,2,depth,-2351,2400,1736,1788587098383604
cross_device,1,2,depth,-2350,2364,1773,1788587098416961
cross_device,1,2,depth,-2351,2325,1597,1788587098450510
cross_device,1,2,depth,-2351,2288,1481,1788587098483537
cross_device,1,2,depth,-2351,2250,1646,1788587098516885
cross_device,1,2,depth,-2351,2213,1661,1788587098550232
cross_device,1,2,depth,-2351,2176,1660,1788587098583547
cross_device,1,2,depth,-2352,2138,1813,1788587098617008
cross_device,1,2,depth,-2352,2103,1803,1788587098650338
cross_device,1,2,depth,-2352,2069,1759,1788587098683637
cross_device,1,2,depth,-2353,2032,1617,1788587098716810
cross_device,1,2,depth,-2353,1996,1569,1788587098750140
cross_device,1,2,depth,-2353,1962,1721,1788587098783611
cross_device,1,2,depth,-2352,1928,1624,1788587098816837
cross_device,1,2,depth,-2353,1891,1599,1788587098850170
cross_device,1,2,depth,-2354,1857,1743,1788587098883632
cross_device,1,2,depth,-2354,1821,1458,1788587098916797
cross_device,1,2,depth,-2353,1787,1401,1788587098950114
cross_device,1,2,depth,-2354,1752,1588,1788587098983479
cross_device,1,2,depth,-2354,1717,1616,1788587099016957
cross_device,1,2,depth,-2354,1684,1609,1788587099050147
cross_device,1,2,depth,-2355,1649,1458,1788587099083474
cross_device,1,2,depth,-2355,1615,1591,1788587099116807
cross_device,1,2,depth,-2355,1582,1611,1788587099150171
cross_device,1,2,depth,-2355,1548,1418,1788587099183438
cross_device,1,2,depth,-2355,1515,1428,1788587099216769
cross_device,1,2,depth,-2356,1481,1532,1788587099250107
cross_device,1,2,depth,-2356,1448,1562,1788587099283431
cross_device,1,2,depth,-2357,1417,1632,1788587099316826
cross_device,1,2,depth,-2356,1385,1800,1788587099350334
cross_device,1,2,depth,-2356,1353,1435,1788587099383456
cross_device,1,2,depth,-2357,1321,1552,1788587099416771
cross_device,1,2,depth,-2357,1289,1578,1788587099450147
cross_device,1,2,depth,-2357,1258,1595,1788587099483623
cross_device,1,2,depth,-2358,1228,1635,1788587099516970
cross_device,1,2,depth,-2357,1198,1669,1788587099550247
cross_device,1,2,depth,-2358,1169,1743,1788587099583634
cross_device,1,2,depth,-2358,1137,1576,1788587099616785
cross_device,1,2,depth,-2358,1109,1562,1788587099650126
cross_device,1,2,depth,-2358,1078,1570,1788587099683473
cross_device,1,2,depth,-2359,1047,1480,1788587099716804
cross_device,1,2,depth,-2359,1017,1665,1788587099750231
cross_device,1,2,depth,-2359,990,1540,1788587099783429
cross_device,1,2,depth,-2360,959,1553,1788587099816785
cross_device,1,2,depth,-2359,929,1446,1788587099850184
cross_device,1,2,depth,-2360,901,1698,1788587099883577
cross_device,1,2,depth,-2358,874,1602,1788587099916793
cross_device,1,2,depth,-2360,845,1708,1788587099950252
cross_device,1,2,depth,-2360,819,1820,1788587099983696
cross_device,1,2,depth,-2357,793,1584,1788587100016952
cross_device,1,2,depth,-2361,762,1550,1788587100050253
cross_device,1,2,depth,-2361,735,1565,1788587100083582
cross_device,1,2,depth,-2356,712,1580,1788587100116920
cross_device,1,2,depth,-2361,681,1550,1788587100150110
cross_device,1,2,depth,-2361,653,1616,1788587100183489
cross_device,1,2,depth,-2355,634,1629,1788587100216823
cross_device,1,2,depth,-2361,600,1589,1788587100250159
cross_device,1,2,depth,-2362,572,1517,1788587100283426
cross_device,1,2,depth,-2353,556,1608,1788587100316819
cross_device,1,2,depth,-2363,519,1617,1788587100350158
cross_device,1,2,depth,-2362,496,1771,1788587100383655
cross_device,1,2,depth,-2363,470,1710,1788587100416931
cross_device,1,2,depth,-2363,444,1555,1788587100450123
cross_device,1,2,depth,-2363,417,1365,1788587100483547
cross_device,1,2,depth,-2363,390,1395,1788587100516911
cross_device,1,2,depth,-2363,365,1595,1788587100550280
cross_device,1,2,depth,-2364,342,1693,1788587100583581
cross_device,1,2,depth,-2364,316,1472,1788587100616814
cross_device,1,2,depth,-2365,289,1589,1788587100650166
cross_device,1,2,depth,-2364,267,1590,1788587100683453
cross_device,1,2,depth,-2364,244,1470,1788587100716816
cross_device,1,2,depth,-2365,217,1546,1788587100750131
cross_device,1,2,depth,-2365,193,1565,1788587100783452
cross_device,1,2,depth,-2365,169,1573,1788587100816799
cross_device,1,2,depth,-2366,144,1618,1788587100850161
cross_device,1,2,depth,-2366,121,1641,1788587100883566
cross_device,1,2,depth,-2366,97,1595,1788587100916814
cross_device,1,2,depth,-2366,76,1579,1788587100950141
cross_device,1,2,depth,-2366,52,1569,1788587100983605
cross_device,1,2,depth,-2367,32,1731,1788587101016975
cross_device,1,2,depth,-2367,7,1651,1788587101050227
cross_device,1,2,depth,-2367,-15,1716,1788587101083611
cross_device,1,2,depth,-2367,-36,1595,1788587101116969
cross_device,1,2,depth,-2367,-58,1607,1788587101150158
cross_device,1,2,depth,-2368,-81,1573,1788587101183456
cross_device,1,2,depth,-2367,-102,1618,1788587101216836
cross_device,1,2,depth,-2368,-125,1615,1788587101250329
cross_device,1,2,depth,-2368,-145,1568,1788587101283476
cross_device,1,2,depth,-2368,-168,1628,1788587101316823
cross_device,1,2,depth,-2368,-188,1425,1788587101350124
cross_device,1,2,depth,-2369,-213,1265,1788587101383435
cross_device,1,2,depth,-2369,-235,1592,1788587101416962
cross_device,1,2,depth,-2369,-255,1590,1788587101450144
cross_device,1,2,depth,-2369,-278,1406,1788587101483449
cross_device,1,2,depth,-2370,-299,1532,1788587101516897
cross_device,1,2,depth,-2369,-319,1572,1788587101550117
cross_device,1,2,depth,-2369,-339,1535,1788587101583418
cross_device,1,2,depth,-2370,-362,1570,1788587101616764
cross_device,1,2,depth,-2371,-380,1549,1788587101650113
cross_device,1,2,depth,-2362,-393,1432,1788587101683441
cross_device,1,2,depth,-2362,-414,1589,1788587101716786
cross_device,1,2,depth,-2362,-431,1556,1788587101750095
cross_device,1,2,depth,-2362,-453,1578,1788587101783464
cross_device,1,2,depth,-2362,-473,1536,1788587101816768
cross_device,1,2,depth,-2363,-493,1612,1788587101850141
cross_device,1,2,depth,-2363,-512,1564,1788587101883456
cross_device,1,2,depth,-2364,-530,1700,1788587101916904
cross_device,1,2,depth,-2375,-559,1511,1788587101950079
cross_device,1,2,depth,-2375,-581,1519,1788587101983435
cross_device,1,2,depth,-2376,-601,1446,1788587102016793
cross_device,1,2,depth,-2376,-619,1531,1788587102050079
cross_device,1,2,depth,-2376,-638,1559,1788587102083451
cross_device,1,2,depth,-2376,-655,1592,1788587102116811
cross_device,1,2,depth,-2376,-675,1361,1788587102150094
cross_device,1,2,depth,-2377,-695,1564,1788587102183456
cross_device,1,2,depth,-2376,-713,1561,1788587102216795
cross_device,1,2,depth,-2377,-731,1378,1788587102250096
cross_device,1,2,depth,-2377,-751,1374,1788587102283422
cross_device,1,2,depth,-2377,-767,1542,1788587102316780
cross_device,1,2,depth,-2378,-787,1569,1788587102350128
cross_device,1,2,depth,-2377,-802,1535,1788587102383411
cross_device,1,2,depth,-2378,-822,1528,1788587102416763
cross_device,1,2,depth,-2378,-839,1543,1788587102450142
cross_device,1,2,depth,-2379,-857,1583,1788587102483466
cross_device,1,2,depth,-2378,-874,1406,1788587102516754
cross_device,1,2,depth,-2379,-892,1277,1788587102550096
cross_device,1,2,depth,-2379,-912,1369,1788587102583418
cross_device,1,2,depth,-2379,-928,1423,1788587102616773
cross_device,1,2,depth,-2379,-944,1654,1788587102650239
cross_device,1,2,depth,-2380,-960,1671,1788587102683577
cross_device,1,2,depth,-2380,-974,1735,1788587102716952
cross_device,1,2,depth,-2380,-989,1724,1788587102750272
cross_device,1,2,depth,-2380,-1006,1623,1788587102783518
cross_device,1,2,depth,-2380,-1021,1665,1788587102816891
cross_device,1,2,depth,-2381,-1037,1715,1788587102850293
cross_device,1,2,depth,-2381,-1050,1692,1788587102883577
cross_device,1,2,depth,-2381,-1067,1656,1788587102916895
cross_device,1,2,depth,-2381,-1081,1677,1788587102950245
cross_device,1,2,depth,-2381,-1098,1631,1788587102983535
cross_device,1,2,depth,-2382,-1113,1412,1788587103016968
cross_device,1,2,depth,-2382,-1130,1357,1788587103050212
cross_device,1,2,depth,-2382,-1144,1678,1788587103083572
cross_device,1,2,depth,-2383,-1158,1661,1788587103116893
cross_device,1,2,depth,-2383,-1174,1640,1788587103150213
cross_device,1,2,depth,-2382,-1187,1619,1788587103183517
cross_device,1,2,depth,-2383,-1203,1704,1788587103216932
cross_device,1,2,depth,-2383,-1217,1527,1788587103250243
cross_device,1,2,depth,-2384,-1232,1627,1788587103283537
cross_device,1,2,depth,-2383,-1245,1702,1788587103316940
cross_device,1,2,depth,-2384,-1260,1668,1788587103350248
cross_device,1,2,depth,-2384,-1274,1476,1788587103383505
cross_device,1,2,depth,-2384,-1289,1681,1788587103416918
cross_device,1,2,depth,-2384,-1301,1672,1788587103450251
cross_device,1,2,depth,-2385,-1317,1536,1788587103483581
cross_device,1,2,depth,-2385,-1330,1692,1788587103516915
cross_device,1,2,depth,-2381,-1338,1643,1788587103550223
cross_device,1,2,depth,-2381,-1351,1698,1788587103583885
cross_device,1,2,depth,-2382,-1365,1686,1788587103616902
cross_device,1,2,depth,-2382,-1378,1649,1788587103650207
cross_device,1,2,depth,-2382,-1394,1484,1788587103683500
cross_device,1,2,depth,-2382,-1407,1537,1788587103716868
cross_device,1,2,depth,-2382,-1419,1662,1788587103750244
cross_device,1,2,depth,-2382,-1433,1326,1788587103783514
cross_device,1,2,depth,-2383,-1449,1420,1788587103816892
cross_device,1,2,depth,-2383,-1461,1658,1788587103850239
cross_device,1,2,depth,-2383,-1473,1654,1788587103883531
cross_device,1,2,depth,-2384,-1485,1717,1788587103916925
cross_device,1,2,depth,-2384,-1497,1680,1788587103950239
cross_device,1,2,depth,-2385,-1510,1691,1788587103983570
cross_device,1,2,depth,-2384,-1519,1698,1788587104016902
cross_device,1,2,depth,-2385,-1531,1698,1788587104050272
cross_device,1,2,depth,-2385,-1545,1463,1788587104083502
cross_device,1,2,depth,-2385,-1555,1532,1788587104116883
cross_device,1,2,depth,-2386,-1566,1697,1788587104150271
cross_device,1,2,depth,-2385,-1579,1628,1788587104183542
cross_device,1,2,depth,-2386,-1588,1745,1788587104216966
cross_device,1,2,depth,-2386,-1599,1745,1788587104250332
cross_device,1,2,depth,-2386,-1610,1664,1788587104283688
cross_device,1,2,depth,-2386,-1621,1564,1788587104316930
cross_device,1,2,depth,-2387,-1634,1817,1788587104350354
cross_device,1,2,depth,-2387,-1641,1726,1788587104383592
cross_device,1,2,depth,-2387,-1653,1688,1788587104416900
cross_device,1,2,depth,-2387,-1662,1696,1788587104450244
cross_device,1,2,depth,-2388,-1676,1637,1788587104483678
cross_device,1,2,depth,-2388,-1684,1702,1788587104516906
cross_device,1,2,depth,-2388,-1696,1525,1788587104550212
cross_device,1,2,depth,-2388,-1705,1495,1788587104583671
cross_device,1,2,depth,-2388,-1716,1748,1788587104617098
cross_device,1,2,depth,-2389,-1727,1673,1788587104650344
cross_device,1,2,depth,-2388,-1734,1681,1788587104683588
cross_device,1,2,depth,-2389,-1745,1665,1788587104716884
cross_device,1,2,depth,-2389,-1754,1680,1788587104750228
cross_device,1,2,depth,-2389,-1766,1627,1788587104783534
cross_device,1,2,depth,-2389,-1775,1700,1788587104816904
cross_device,1,2,depth,-2390,-1785,1688,1788587104850253
cross_device,1,2,depth,-2390,-1794,1806,1788587104883837
cross_device,1,2,depth,-2390,-1804,1697,1788587104916925
cross_device,1,2,depth,-2390,-1813,1711,1788587104950252
cross_device,1,2,depth,-2390,-1822,1642,1788587104983536
cross_device,1,2,depth,-2391,-1833,1834,1788587105017180
cross_device,1,2,depth,-2391,-1840,1680,1788587105050362
cross_device,1,2,depth,-2391,-1846,1812,1788587105083759
cross_device,1,2,depth,-2392,-1858,1728,1788587105116931
cross_device,1,2,depth,-2392,-1868,1645,1788587105150335
cross_device,1,2,depth,-2392,-1875,1736,1788587105183662
cross_device,1,2,depth,-2392,-1885,1710,1788587105216911
cross_device,1,2,depth,-2393,-1894,1579,1788587105250253
cross_device,1,2,depth,-2392,-1900,1692,1788587105283571
cross_device,1,2,depth,-2393,-1912,1549,1788587105316891
cross_device,1,2,depth,-2393,-1923,1521,1788587105350386
cross_device,1,2,depth,-2393,-1928,1834,1788587105383865
cross_device,1,2,depth,-2393,-1938,1742,1788587105417103
cross_device,1,2,depth,-2393,-1946,1531,1788587105450246
cross_device,1,2,depth,-2393,-1957,1674,1788587105483564
cross_device,1,2,depth,-2394,-1964,1713,1788587105517071
cross_device,1,2,depth,-2394,-1974,1663,1788587105550236
cross_device,1,2,depth,-2395,-1981,1700,1788587105583580
cross_device,1,2,depth,-2395,-1992,1815,1788587105617171
cross_device,1,2,depth,-2395,-1996,1723,1788587105650274
cross_device,1,2,depth,-2395,-2003,1868,1788587105683768
cross_device,1,2,depth,-2395,-2011,1704,1788587105716910
cross_device,1,2,depth,-2396,-2021,1654,1788587105750229
cross_device,1,2,depth,-2395,-2028,1666,1788587105783554
cross_device,1,2,depth,-2395,-2035,1705,1788587105816909
cross_device,1,2,depth,-2396,-2043,1751,1788587105850289
cross_device,1,2,depth,-2397,-2051,1799,1788587105883672
cross_device,1,2,depth,-2396,-2058,1690,1788587105916900
cross_device,1,2,depth,-2397,-2066,1752,1788587105950296
cross_device,1,2,depth,-2396,-2073,1554,1788587105983459
cross_device,1,2,depth,-2397,-2081,1589,1788587106016786
cross_device,1,2,depth,-2397,-2089,1567,1788587106050136
cross_device,1,2,depth,-2397,-2097,1578,1788587106083472
cross_device,1,2,depth,-2397,-2105,1465,1788587106116787
cross_device,1,2,depth,-2397,-2115,1644,1788587106150174
cross_device,1,2,depth,-2398,-2123,1572,1788587106183479
cross_device,1,2,depth,-2398,-2131,1568,1788587106216783
cross_device,1,2,depth,-2398,-2139,1601,1788587106250154
cross_device,1,2,depth,-2398,-2147,1446,1788587106283455
cross_device,1,2,depth,-2399,-2156,1450,1788587106316790
cross_device,1,2,depth,-2401,-2166,1558,1788587106350116
cross_device,1,2,depth,-2399,-2173,1594,1788587106383476
cross_device,1,2,depth,-2399,-2180,1658,1788587106416854
cross_device,1,2,depth,-2402,-2190,1598,1788587106450144
cross_device,1,2,depth,-2399,-2195,1522,1788587106483421
cross_device,1,2,depth,-2400,-2203,1541,1788587106516769
cross_device,1,2,depth,-2407,-2217,1720,1788587106550409
cross_device,1,2,depth,-2400,-2216,1543,1788587106583437
cross_device,1,2,depth,-2400,-2224,1579,1788587106616780
cross_device,1,2,depth,-2409,-2239,1743,1788587106650410
cross_device,1,2,depth,-2401,-2236,1571,1788587106683585
cross_device,1,2,depth,-2401,-2246,1618,1788587106716811
cross_device,1,2,depth,-2410,-2260,1618,1788587106750297
cross_device,1,2,depth,-2402,-2258,1698,1788587106783598
cross_device,1,2,depth,-2401,-2264,1748,1788587106816958
cross_device,1,2,depth,-2411,-2282,1554,1788587106850243
cross_device,1,2,depth,-2402,-2277,1553,1788587106883595
cross_device,1,2,depth,-2402,-2285,1571,1788587106916928
cross_device,1,2,depth,-2402,-2291,1749,1788587106950296
cross_device,1,2,depth,-2402,-2297,1700,1788587106983570
cross_device,1,2,depth,-2403,-2303,1758,1788587107016967
cross_device,1,2,depth,-2403,-2310,1588,1788587107050144
cross_device,1,2,depth,-2403,-2316,1757,1788587107083757
cross_device,1,2,depth,-2403,-2319,1685,1788587107116914
cross_device,1,2,depth,-2403,-2327,1564,1788587107150112
cross_device,1,2,depth,-2404,-2334,1734,1788587107183617
cross_device,1,2,depth,-2404,-2340,1564,1788587107216781
cross_device,1,2,depth,-2405,-2346,1573,1788587107250247
cross_device,1,2,depth,-2404,-2352,1601,1788587107283619
cross_device,1,2,depth,-2405,-2360,1711,1788587107316919
cross_device,1,2,depth,-2405,-2366,1551,1788587107350257
cross_device,1,2,depth,-2405,-2370,1736,1788587107383741
cross_device,1,2,depth,-2406,-2377,1732,1788587107416928
cross_device,1,2,depth,-2406,-2384,1591,1788587107450144
cross_device,1,2,depth,-2406,-2388,1694,1788587107483591
cross_device,1,2,depth,-2406,-2394,1597,1788587107516938
cross_device,1,2,depth,-2406,-2400,1539,1788587107550095
cross_device,1,2,depth,-2406,-2406,1732,1788587107583601
cross_device,1,2,depth,-2406,-2412,1767,1788587107617088
cross_device,1,2,depth,-2406,-2418,1384,1788587107650226
cross_device,1,2,depth,-2407,-2427,1570,1788587107683581
cross_device,1,2,depth,-2407,-2431,1576,1788587107716934
cross_device,1,2,depth,-2407,-2436,1608,1788587107750280
cross_device,1,2,depth,-2407,-2442,1566,1788587107783441
cross_device,1,2,depth,-2408,-2448,1573,1788587107816790
cross_device,1,2,depth,-2408,-2456,1539,1788587107850096
cross_device,1,2,depth,-2409,-2461,1557,1788587107883435
cross_device,1,2,depth,-2409,-2468,1599,1788587107916802
cross_device,1,2,depth,-2409,-2471,1608,1788587107950138
cross_device,1,2,depth,-2409,-2478,1547,1788587107983415
cross_device,1,2,depth,-2409,-2482,1613,1788587108016816
cross_device,1,2,depth,-2409,-2490,1566,1788587108050131
cross_device,1,2,depth,-2408,-2495,1595,1788587108083462
cross_device,1,2,depth,-2408,-2498,1594,1788587108116775
cross_device,1,2,depth,-2409,-2502,1735,1788587108150432
cross_device,1,2,depth,-2409,-2509,1528,1788587108183425
cross_device,1,2,depth,-2409,-2515,1570,1788587108216765
cross_device,1,2,depth,-2409,-2520,1725,1788587108250433
cross_device,1,2,depth,-2409,-2524,1544,1788587108283556
cross_device,1,2,depth,-2409,-2530,1532,1788587108317071
cross_device,1,2,depth,-2410,-2536,1706,1788587108350266
cross_device,1,2,depth,-2409,-2537,1686,1788587108383570
cross_device,1,2,depth,-2410,-2546,1469,1788587108416959
cross_device,1,2,depth,-2411,-2550,1517,1788587108450232
cross_device,1,2,depth,-2410,-2556,1676,1788587108483550
cross_device,1,2,depth,-2411,-2560,1770,1788587108516966
cross_device,1,2,depth,-2411,-2565,1564,1788587108550107
cross_device,1,2,depth,-2411,-2568,1730,1788587108583612
cross_device,1,2,depth,-2411,-2572,1704,1788587108616926
cross_device,1,2,depth,-2412,-2579,1541,1788587108650095
cross_device,1,2,depth,-2411,-2581,1688,1788587108683592
cross_device,1,2,depth,-2411,-2587,1582,1788587108716778
cross_device,1,2,depth,-2412,-2591,1570,1788587108750133
cross_device,1,2,depth,-2412,-2598,1551,1788587108783431
cross_device,1,2,depth,-2412,-2600,1598,1788587108816819
cross_device,1,2,depth,-2412,-2606,1575,1788587108850138
cross_device,1,2,depth,-2413,-2610,1737,1788587108883615
cross_device,1,2,depth,-2413,-2617,1549,1788587108916907
cross_device,1,2,depth,-2413,-2620,1577,1788587108950147
cross_device,1,2,depth,-2414,-2625,1659,1788587108983556
cross_device,1,2,depth,-2413,-2628,1778,1788587109017112
cross_device,1,2,depth,-2414,-2633,1552,1788587109050235
cross_device,1,2,depth,-2414,-2638,1551,1788587109083439
cross_device,1,2,depth,-2414,-2643,1692,1788587109116914
cross_device,1,2,depth,-2414,-2645,1554,1788587109150113
cross_device,1,2,depth,-2414,-2652,1516,1788587109183549
cross_device,1,2,depth,-2415,-2657,1614,1788587109216802
cross_device,1,2,depth,-2415,-2661,1396,1788587109250098
cross_device,1,2,depth,-2415,-2666,1611,1788587109283646
cross_device,1,2,depth,-2415,-2671,1416,1788587109316788
cross_device,1,2,depth,-2416,-2677,1550,1788587109350227
cross_device,1,2,depth,-2416,-2679,1721,1788587109383726
cross_device,1,2,depth,-2416,-2683,1726,1788587109416948
cross_device,1,2,depth,-2416,-2687,1599,1788587109450145
cross_device,1,2,depth,-2417,-2690,1739,1788587109483641
cross_device,1,2,depth,-2417,-2695,1585,1788587109516804
cross_device,1,2,depth,-2417,-2699,1536,1788587109550100
cross_device,1,2,depth,-2417,-2703,1691,1788587109583560
cross_device,1,2,depth,-2417,-2707,1417,1788587109616925
cross_device,1,2,depth,-2417,-2712,1550,1788587109650104
cross_device,1,2,depth,-2418,-2717,1698,1788587109683574
cross_device,1,2,depth,-2418,-2721,1397,1788587109716905
cross_device,1,2,depth,-2418,-2724,1587,1788587109750263
cross_device,1,2,depth,-2419,-2729,1613,1788587109783611
cross_device,1,2,depth,-2419,-2733,1446,1788587109816790
cross_device,1,2,depth,-2419,-2737,1579,1788587109850148
cross_device,1,2,depth,-2419,-2741,1689,1788587109883587
cross_device,1,2,depth,-2419,-2746,1435,1788587109916798
cross_device,1,2,depth,-2419,-2749,1551,1788587109950107
cross_device,1,2,depth,-2419,-2754,1553,1788587109983418
cross_device,1,2,depth,-2419,-2758,1473,1788587110016809
cross_device,1,2,depth,-2420,-2763,1599,1788587110050117
cross_device,1,2,depth,-2420,-2766,1437,1788587110083462
cross_device,1,2,depth,-2420,-2771,1444,1788587110116811
cross_device,1,2,depth,-2421,-2777,1396,1788587110150093
cross_device,1,2,depth,-2420,-2779,1551,1788587110183587
cross_device,1,2,depth,-2421,-2785,1471,1788587110216811
cross_device,1,2,depth,-2421,-2789,1386,1788587110250241
cross_device,1,2,depth,-2421,-2794,1282,1788587110283453
cross_device,1,2,depth,-2421,-2799,1317,1788587110316808
cross_device,1,2,depth,-2421,-2803,1603,1788587110350288
cross_device,1,2,depth,-2422,-2809,1428,1788587110383466
cross_device,1,2,depth,-2422,-2813,1445,1788587110416787
cross_device,1,2,depth,-2422,-2815,1704,1788587110450276
cross_device,1,2,depth,-2422,-2818,1536,1788587110483586
cross_device,1,2,depth,-2422,-2822,1596,1788587110516962
cross_device,1,2,depth,-2423,-2827,1385,1788587110550103
cross_device,1,2,depth,-2423,-2831,1391,1788587110583423
cross_device,1,2,depth,-2423,-2838,1273,1788587110616768
cross_device,1,2,depth,-2424,-2840,1723,1788587110650257
cross_device,1,2,depth,-2423,-2841,1543,1788587110683430
cross_device,1,2,depth,-2424,-2846,1471,1788587110716810
cross_device,1,2,depth,-2424,-2850,1505,1788587110750383
cross_device,1,2,depth,-2425,-2853,1716,1788587110783594
cross_device,1,2,depth,-2425,-2857,1724,1788587110816959
cross_device,1,2,depth,-2425,-2858,1768,1788587110850308
cross_device,1,2,depth,-2425,-2859,1732,1788587110883614
cross_device,1,2,depth,-2425,-2861,1704,1788587110917068
cross_device,1,2,depth,-2425,-2864,1412,1788587110950116
cross_device,1,2,depth,-2426,-2868,1557,1788587110983440
cross_device,1,2,depth,-2425,-2870,1573,1788587111016934
cross_device,1,2,depth,-2426,-2875,1599,1788587111050148
cross_device,1,2,depth,-2426,-2877,1539,1788587111083452
cross_device,1,2,depth,-2426,-2879,1546,1788587111116772
cross_device,1,2,depth,-2427,-2883,1593,1788587111150261
cross_device,1,2,depth,-2427,-2886,1740,1788587111183631
cross_device,1,2,depth,-2427,-2888,1614,1788587111216822
cross_device,1,2,depth,-2427,-2891,1563,1788587111250230
cross_device,1,2,depth,-2427,-2894,1589,1788587111283742
cross_device,1,2,depth,-2427,-2896,1550,1788587111316773
cross_device,1,2,depth,-2428,-2903,1371,1788587111350246
cross_device,1,2,depth,-2428,-2902,1760,1788587111383789
cross_device,1,2,depth,-2428,-2906,1591,1788587111416794
cross_device,1,2,depth,-2428,-2908,1581,1788587111450118
cross_device,1,2,depth,-2428,-2913,1532,1788587111483579
cross_device,1,2,depth,-2429,-2914,1591,1788587111516818
cross_device,1,2,depth,-2429,-2920,1416,1788587111550098
cross_device,1,2,depth,-2429,-2921,1711,1788587111583611
cross_device,1,2,depth,-2429,-2923,1753,1788587111616944
cross_device,1,2,depth,-2429,-2925,1605,1788587111650137
cross_device,1,2,depth,-2430,-2927,1712,1788587111683594
cross_device,1,2,depth,-2430,-2929,1687,1788587111716917
cross_device,1,2,depth,-2430,-2931,1408,1788587111750097
cross_device,1,2,depth,-2430,-2935,1536,1788587111783441
cross_device,1,2,depth,-2431,-2939,1572,1788587111816772
cross_device,1,2,depth,-2430,-2940,1589,1788587111850139
cross_device,1,2,depth,-2431,-2941,1563,1788587111883464
cross_device,1,2,depth,-2432,-2947,1451,1788587111916792
cross_device,1,2,depth,-2431,-2949,1553,1788587111950113
cross_device,1,2,depth,-2432,-2952,1577,1788587111983470
cross_device,1,2,depth,-2431,-2954,1551,1788587112016776
cross_device,1,2,depth,-2432,-2959,1434,1788587112050121
cross_device,1,2,depth,-2432,-2960,1595,1788587112083460
cross_device,1,2,depth,-2432,-2962,1573,1788587112116768
cross_device,1,2,depth,-2433,-2966,1457,1788587112150155
cross_device,1,2,depth,-2433,-2969,1558,1788587112183447
cross_device,1,2,depth,-2433,-2969,1680,1788587112216898
cross_device,1,2,depth,-2433,-2972,1587,1788587112250146
cross_device,1,2,depth,-2434,-2975,1388,1788587112283433
cross_device,1,2,depth,-2434,-2980,1419,1788587112316757
cross_device,1,2,depth,-2433,-2983,1404,1788587112350109
cross_device,1,2,depth,-2434,-2986,1426,1788587112383457
cross_device,1,2,depth,-2434,-2988,1603,1788587112416808
cross_device,1,2,depth,-2434,-2991,1562,1788587112450117
cross_device,1,2,depth,-2435,-2994,1535,1788587112483433
cross_device,1,2,depth,-2435,-2994,1587,1788587112516817
cross_device,1,2,depth,-2435,-2998,1568,1788587112550139
cross_device,1,2,depth,-2435,-3000,1511,1788587112583423
cross_device,1,2,depth,-2435,-3003,1450,1788587112616773
cross_device,1,2,depth,-2436,-3007,1518,1788587112650096
cross_device,1,2,depth,-2436,-3007,1725,1788587112683630
cross_device,1,2,depth,-2436,-3010,1609,1788587112716818
cross_device,1,2,depth,-2436,-3010,1573,1788587112750122
cross_device,1,2,depth,-2437,-3013,1704,1788587112783704
cross_device,1,2,depth,-2436,-3014,1578,1788587112816939
cross_device,1,2,depth,-2437,-3017,1681,1788587112850246
cross_device,1,2,depth,-2442,-3022,1741,1788587112883622
cross_device,1,2,depth,-2442,-3025,1405,1788587112916923
cross_device,1,2,depth,-2442,-3028,1534,1788587112950111
cross_device,1,2,depth,-2442,-3031,1518,1788587112983420
cross_device,1,2,depth,-2442,-3032,1385,1788587113016924
cross_device,1,2,depth,-2443,-3036,1595,1788587113050273
cross_device,1,2,depth,-2442,-3037,1535,1788587113083423
cross_device,1,2,depth,-2443,-3041,1543,1788587113116779
cross_device,1,2,depth,-2444,-3043,1421,1788587113150134
cross_device,1,2,depth,-2444,-3045,1672,1788587113183588
cross_device,1,2,depth,-2444,-3047,1578,1788587113216775
cross_device,1,2,depth,-2443,-3049,1522,1788587113250105
cross_device,1,2,depth,-2444,-3053,1504,1788587113283547
cross_device,1,2,depth,-2445,-3056,1594,1788587113316959
cross_device,1,2,depth,-2445,-3057,1537,1788587113350403
cross_device,1,2,depth,-2444,-3059,1555,1788587113383734
cross_device,1,2,depth,-2445,-3062,1681,1788587113417042
cross_device,1,2,depth,-2445,-3062,1684,1788587113450359
cross_device,1,2,depth,-2445,-3064,1566,1788587113483452
cross_device,1,2,depth,-2445,-3066,1604,1788587113516808
cross_device,1,2,depth,-2446,-3068,1567,1788587113550246
cross_device,1,2,depth,-2446,-3072,1543,1788587113583434
cross_device,1,2,depth,-2446,-3072,1557,1788587113616788
cross_device,1,2,depth,-2446,-3074,1553,1788587113650116
cross_device,1,2,depth,-2447,-3078,1391,1788587113683419
cross_device,1,2,depth,-2447,-3081,1759,1788587113716983
cross_device,1,2,depth,-2447,-3082,1557,1788587113750226
cross_device,1,2,depth,-2447,-3082,1599,1788587113783464
cross_device,1,2,depth,-2448,-3086,1765,1788587113816974
cross_device,1,2,depth,-2447,-3085,1694,1788587113850374
cross_device,1,2,depth,-2448,-3088,1713,1788587113883581
cross_device,1,2,depth,-2448,-3089,1592,1788587113916962
cross_device,1,2,depth,-2448,-3090,1736,1788587113950421
cross_device,1,2,depth,-2448,-3090,1697,1788587113983575
cross_device,1,2,depth,-2449,-3097,1425,1788587114016780
cross_device,1,2,depth,-2448,-3096,1605,1788587114050158
cross_device,1,2,depth,-2448,-3099,1421,1788587114083438
cross_device,1,2,depth,-2450,-3102,1597,1788587114116806
cross_device,1,2,depth,-2450,-3105,1595,1788587114150147
cross_device,1,2,depth,-2450,-3107,1548,1788587114183600
cross_device,1,2,depth,-2450,-3111,1492,1788587114216816
cross_device,1,2,depth,-2450,-3113,1538,1788587114250233
cross_device,1,2,depth,-2450,-3118,1475,1788587114283680
cross_device,1,2,depth,-2451,-3120,1407,1788587114316769
cross_device,1,2,depth,-2450,-3120,1528,1788587114350102
cross_device,1,2,depth,-2451,-3122,1701,1788587114383707
cross_device,1,2,depth,-2451,-3125,1578,1788587114416773
cross_device,1,2,depth,-2451,-3128,1445,1788587114450134
cross_device,1,2,depth,-2451,-3127,1646,1788587114483560
cross_device,1,2,depth,-2451,-3131,1604,1788587114516801
cross_device,1,2,depth,-2451,-3132,1402,1788587114550105
cross_device,1,2,depth,-2452,-3139,1397,1788587114583423
cross_device,1,2,depth,-2452,-3140,1692,1788587114616900
cross_device,1,2,depth,-2453,-3140,1586,1788587114650131
cross_device,1,2,depth,-2453,-3143,1575,1788587114683584
cross_device,1,2,depth,-2453,-3144,1623,1788587114716961
cross_device,1,2,depth,-2453,-3146,1591,1788587114750155
cross_device,1,2,depth,-2454,-3150,1544,1788587114783431
cross_device,1,2,depth,-2453,-3149,1693,1788587114816911
cross_device,1,2,depth,-2453,-3151,1523,1788587114850110
cross_device,1,2,depth,-2453,-3155,1360,1788587114883407
cross_device,1,2,depth,-2454,-3158,1436,1788587114916768
cross_device,1,2,depth,-2454,-3159,1588,1788587114950144
cross_device,1,2,depth,-2455,-3163,1444,1788587114983473
cross_device,1,2,depth,-2454,-3163,1609,1788587115016943
cross_device,1,2,depth,-2455,-3166,1531,1788587115050229
cross_device,1,2,depth,-2455,-3168,1561,1788587115083464
cross_device,1,2,depth,-2455,-3170,1575,1788587115116799
cross_device,1,2,depth,-2456,-3172,1587,1788587115150128
cross_device,1,2,depth,-2456,-3175,1470,1788587115183491
cross_device,1,2,depth,-2456,-3177,1571,1788587115216777
cross_device,1,2,depth,-2456,-3178,1453,1788587115250147
cross_device,1,2,depth,-2456,-3180,1577,1788587115283471
cross_device,1,2,depth,-2456,-3182,1488,1788587115316816
cross_device,1,2,depth,-2457,-3186,1347,1788587115350222
cross_device,1,2,depth,-2456,-3188,1353,1788587115383553
cross_device,1,2,depth,-2457,-3191,1436,1788587115416791
cross_device,1,2,depth,-2457,-3193,1592,1788587115450142
cross_device,1,2,depth,-2457,-3193,1694,1788587115483576
cross_device,1,2,depth,-2457,-3195,1611,1788587115516940
cross_device,1,2,depth,-2458,-3199,1596,1788587115550177
cross_device,1,2,depth,-2458,-3197,1752,1788587115583622
cross_device,1,2,depth,-2459,-3199,1585,1788587115616939
cross_device,1,2,depth,-2459,-3201,1658,1788587115650226
cross_device,1,2,depth,-2459,-3203,1541,1788587115683432
cross_device,1,2,depth,-2459,-3203,1458,1788587115716784
cross_device,1,2,depth,-2459,-3205,1403,1788587115750255
cross_device,1,2,depth,-2459,-3208,1587,1788587115783489
cross_device,1,2,depth,-2459,-3209,1589,1788587115816790
cross_device,1,2,depth,-2459,-3212,1542,1788587115850233
cross_device,1,2,depth,-2460,-3213,1627,1788587115883613
cross_device,1,2,depth,-2460,-3215,1428,1788587115916772
cross_device,1,2,depth,-2451,-3209,1582,1788587115950108
cross_device,1,2,depth,-2452,-3210,1598,1788587115983460
cross_device,1,2,depth,-2452,-3211,1599,1788587116016793
cross_device,1,2,depth,-2452,-3212,1625,1788587116050166
cross_device,1,2,depth,-2453,-3215,1539,1788587116083431
cross_device,1,2,depth,-2452,-3215,1492,1788587116116809
cross_device,1,2,depth,-2453,-3218,1702,1788587116150252
cross_device,1,2,depth,-2453,-3218,1583,1788587116183451
cross_device,1,2,depth,-2454,-3219,1569,1788587116216776
cross_device,1,2,depth,-2454,-3220,1786,1788587116250464
cross_device,1,2,depth,-2453,-3219,1763,1788587116283775
cross_device,1,2,depth,-2454,-3221,1745,1788587116317076
cross_device,1,2,depth,-2454,-3221,1545,1788587116350244
cross_device,1,2,depth,-2454,-3224,1419,1788587116383439
cross_device,1,2,depth,-2455,-3228,1614,1788587116416805
cross_device,1,2,depth,-2455,-3228,1574,1788587116450136
cross_device,1,2,depth,-2455,-3229,1615,1788587116483483
cross_device,1,2,depth,-2455,-3228,1640,1788587116516844
cross_device,1,2,depth,-2455,-3229,1615,1788587116550152
cross_device,1,2,depth,-2456,-3231,1590,1788587116583497
cross_device,1,2,depth,-2456,-3233,1601,1788587116616822
cross_device,1,2,depth,-2456,-3235,1615,1788587116650157
cross_device,1,2,depth,-2456,-3235,1552,1788587116683435
cross_device,1,2,depth,-2457,-3236,1605,1788587116716789
cross_device,1,2,depth,-2457,-3238,1459,1788587116750126
cross_device,1,2,depth,-2457,-3239,1615,1788587116783478
cross_device,1,2,depth,-2457,-3241,1642,1788587116816850
cross_device,1,2,depth,-2457,-3242,1598,1788587116850131
cross_device,1,2,depth,-2457,-3244,1463,1788587116883462
cross_device,1,2,depth,-2457,-3246,1426,1788587116916777
cross_device,1,2,depth,-2458,-3245,1758,1788587116950285
cross_device,1,2,depth,-2458,-3248,1701,1788587116983593
cross_device,1,2,depth,-2458,-3248,1757,1788587117017073
cross_device,1,2,depth,-2458,-3248,1616,1788587117050168
cross_device,1,2,depth,-2459,-3249,1548,1788587117083443
cross_device,1,2,depth,-2458,-3249,1614,1788587117116951
cross_device,1,2,depth,-2459,-3250,1556,1788587117150234
cross_device,1,2,depth,-2459,-3254,1582,1788587117183465
cross_device,1,2,depth,-2459,-3255,1558,1788587117216772
cross_device,1,2,depth,-2459,-3256,1609,1788587117250165
cross_device,1,2,depth,-2460,-3258,1451,1788587117283460
cross_device,1,2,depth,-2460,-3257,1591,1788587117316802
cross_device,1,2,depth,-2460,-3259,1494,1788587117350173
cross_device,1,2,depth,-2460,-3263,1417,1788587117383443
cross_device,1,2,depth,-2460,-3261,1613,1788587117416962
cross_device,1,2,depth,-2460,-3264,1597,1788587117450144
cross_device,1,2,depth,-2461,-3266,1558,1788587117483428
cross_device,1,2,depth,-2462,-3268,1406,1788587117516926
cross_device,1,2,depth,-2462,-3271,1537,1788587117550231
cross_device,1,2,depth,-2462,-3272,1553,1788587117583549
cross_device,1,2,depth,-2461,-3273,1379,1788587117616828
cross_device,1,2,depth,-2462,-3275,1587,1788587117650124
cross_device,1,2,depth,-2462,-3274,1557,1788587117683432
cross_device,1,2,depth,-2462,-3275,1504,1788587117716836
cross_device,1,2,depth,-2462,-3277,1585,1788587117750131
cross_device,1,2,depth,-2463,-3280,1581,1788587117783445
cross_device,1,2,depth,-2463,-3279,1761,1788587117816972
cross_device,1,2,depth,-2464,-3281,1556,1788587117850107
cross_device,1,2,depth,-2464,-3282,1571,1788587117883440
cross_device,1,2,depth,-2463,-3281,1501,1788587117916830
cross_device,1,2,depth,-2464,-3283,1623,1788587117950156
cross_device,1,2,depth,-2462,-3282,1697,1788587117983580
cross_device,1,2,depth,-2464,-3284,1591,1788587118016942
cross_device,1,2,depth,-2464,-3285,1586,1788587118050143
cross_device,1,2,depth,-2461,-3283,1581,1788587118083441
cross_device,1,2,depth,-2465,-3289,1445,1788587118116791
cross_device,1,2,depth,-2465,-3289,1572,1788587118150129
cross_device,1,2,depth,-2459,-3284,1675,1788587118183573
cross_device,1,2,depth,-2466,-3291,1517,1788587118216835
cross_device,1,2,depth,-2466,-3292,1598,1788587118250149
cross_device,1,2,depth,-2457,-3283,1707,1788587118283579
cross_device,1,2,depth,-2466,-3293,1579,1788587118316915
cross_device,1,2,depth,-2467,-3295,1697,1788587118350256
cross_device,1,2,depth,-2457,-3285,1598,1788587118383581
cross_device,1,2,depth,-2466,-3296,1351,1788587118416794
cross_device,1,2,depth,-2467,-3299,1425,1788587118450264
cross_device,1,2,depth,-2467,-3299,1567,1788587118483461
cross_device,1,2,depth,-2467,-3302,1486,1788587118516814
cross_device,1,2,depth,-2468,-3304,1555,1788587118550130
cross_device,1,2,depth,-2467,-3304,1544,1788587118583436
cross_device,1,2,depth,-2468,-3305,1581,1788587118616793
cross_device,1,2,depth,-2468,-3305,1603,1788587118650136
cross_device,1,2,depth,-2468,-3306,1573,1788587118683447
cross_device,1,2,depth,-2469,-3307,1632,1788587118716826
cross_device,1,2,depth,-2468,-3307,1437,1788587118750136
cross_device,0,1,color,300,627,6782,1788587088785331
cross_device,0,1,color,300,629,-38,1788587088811926
cross_device,0,1,color,299,631,9,1788587088845127
cross_device,0,1,color,299,635,-41,1788587088878555
cross_device,0,1,color,300,639,-150,1788587088911769
cross_device,0,1,color,300,644,-142,1788587088945124
cross_device,0,1,color,299,646,30,1788587088978461
cross_device,0,1,color,299,650,2,1788587089011911
cross_device,0,1,color,299,653,-11,1788587089045123
cross_device,0,1,color,300,657,-7,1788587089078463
cross_device,0,1,color,299,659,-184,1788587089111749
cross_device,0,1,color,299,403,-62,1788587089145101
cross_device,0,1,color,299,406,122,1788587089178565
cross_device,0,1,color,299,409,0,1788587089211778
cross_device,0,1,color,299,411,28,1788587089245475
cross_device,0,1,color,298,412,20,1788587089278596
cross_device,0,1,color,298,415,-59,1788587089312018
cross_device,0,1,color,299,417,-4,1788587089345258
cross_device,0,1,color,298,420,-162,1788587089378431
cross_device,0,1,color,298,422,29,1788587089412077
cross_device,0,1,color,298,422,149,1788587089445397
cross_device,0,1,color,298,425,-145,1788587089478441
cross_device,0,1,color,298,427,119,1788587089512196
cross_device,0,1,color,298,429,-205,1788587089545217
cross_device,0,1,color,298,431,10,1788587089578702
cross_device,0,1,color,298,433,-31,1788587089611770
cross_device,0,1,color,298,435,80,1788587089645227
cross_device,0,1,color,298,438,272,1788587089678737
cross_device,0,1,color,298,440,116,1788587089711890
cross_device,0,1,color,298,442,162,1788587089745433
cross_device,0,1,color,297,443,-130,1788587089778571
cross_device,0,1,color,297,451,16,1788587089811798
cross_device,0,1,color,298,455,-184,1788587089845248
cross_device,0,1,color,297,455,-8,1788587089878581
cross_device,0,1,color,297,457,-44,1788587089911764
cross_device,0,1,color,297,460,-28,1788587089945107
cross_device,0,1,color,298,461,-124,1788587089978456
cross_device,0,1,color,297,463,140,1788587090011927
cross_device,0,1,color,297,465,6,1788587090045242
cross_device,0,1,color,297,467,227,1788587090078675
cross_device,0,1,color,297,470,-37,1788587090111752
cross_device,0,1,color,296,-3,-15,1788587090145272
cross_device,0,1,color,297,1,13,1788587090178869
cross_device,0,1,color,296,0,-40,1788587090211765
cross_device,0,1,color,297,1,-187,1788587090245244
cross_device,0,1,color,297,1,122,1788587090278690
cross_device,0,1,color,296,2,228,1788587090312020
cross_device,0,1,color,296,3,-28,1788587090345247
cross_device,0,1,color,296,4,127,1788587090378562
cross_device,0,1,color,296,6,143,1788587090411928
cross_device,0,1,color,296,6,-143,1788587090445110
cross_device,0,1,color,296,7,95,1788587090478567
cross_device,0,1,color,296,8,-71,1788587090511736
cross_device,0,1,color,296,9,77,1788587090545364
cross_device,0,1,color,296,11,-10,1788587090578571
cross_device,0,1,color,295,10,-13,1788587090611920
cross_device,0,1,color,296,13,91,1788587090645226
cross_device,0,1,color,296,15,6,1788587090678443
cross_device,0,1,color,296,13,143,1788587090711909
cross_device,0,1,color,295,14,297,1788587090745432
cross_device,0,1,color,295,15,-49,1788587090778544
cross_device,0,1,color,296,-85,8,1788587090811918
cross_device,0,1,color,296,-84,-158,1788587090845100
cross_device,0,1,color,296,-83,-48,1788587090878559
cross_device,0,1,color,295,-82,160,1788587090912098
cross_device,0,1,color,295,-81,-9,1788587090945117
cross_device,0,1,color,295,-77,-132,1788587090978440
cross_device,0,1,color,295,-77,64,1788587091011862
cross_device,0,1,color,295,-76,-142,1788587091045103
cross_device,0,1,color,295,-73,128,1788587091078580
cross_device,0,1,color,295,-72,26,1788587091111791
cross_device,0,1,color,295,-188,106,1788587091145241
cross_device,0,1,color,295,-188,-40,1788587091178568
cross_device,0,1,color,294,-188,-13,1788587091211913
cross_device,0,1,color,295,-185,27,1788587091245137
cross_device,0,1,color,295,-186,-97,1788587091278456
cross_device,0,1,color,295,-185,-19,1788587091312030
cross_device,0,1,color,295,-183,100,1788587091345243
cross_device,0,1,color,295,-182,30,1788587091378461
cross_device,0,1,color,295,-182,-180,1788587091411914
cross_device,0,1,color,294,-182,-21,1788587091445111
cross_device,0,1,color,294,-182,-20,1788587091478437
cross_device,0,1,color,294,-181,-124,1788587091511895
cross_device,0,1,color,294,-180,132,1788587091545252
cross_device,0,1,color,294,-180,-108,1788587091578441
cross_device,0,1,color,294,-179,-150,1788587091611759
cross_device,0,1,color,294,-177,147,1788587091645255
cross_device,0,1,color,294,-177,7,1788587091678459
cross_device,0,1,color,293,-176,160,1788587091711907
cross_device,0,1,color,294,-176,125,1788587091745232
cross_device,0,1,color,294,-174,-13,1788587091778564
cross_device,0,1,color,293,-287,-135,1788587091811786
cross_device,0,1,color,293,-289,-170,1788587091845095
cross_device,0,1,color,293,-288,-298,1788587091878459
cross_device,0,1,color,293,-289,-108,1788587091911780
cross_device,0,1,color,293,-289,108,1788587091945232
cross_device,0,1,color,293,-289,-4,1788587091978565
cross_device,0,1,color,293,-290,-110,1788587092011787
cross_device,0,1,color,292,-292,-39,1788587092045239
cross_device,0,1,color,293,-291,-136,1788587092078595
cross_device,0,1,color,293,-291,13,1788587092112090
cross_device,0,1,color,293,-49,-132,1788587092145133
cross_device,0,1,color,292,-49,23,1788587092178460
cross_device,0,1,color,293,-47,48,1788587092211797
cross_device,0,1,color,293,-48,24,1788587092245129
cross_device,0,1,color,292,-49,25,1788587092278459
cross_device,0,1,color,292,-49,118,1788587092311917
cross_device,0,1,color,292,-48,-29,1788587092345238
cross_device,0,1,color,292,-49,-104,1788587092378577
cross_device,0,1,color,292,-49,184,1788587092411951
cross_device,0,1,color,292,-50,-115,1788587092445160
cross_device,0,1,color,291,-49,-73,1788587092478611
cross_device,0,1,color,292,-50,-264,1788587092511776
cross_device,0,1,color,291,-51,-269,1788587092545129
cross_device,0,1,color,292,-49,-10,1788587092578593
cross_device,0,1,color,292,-48,7,1788587092611775
cross_device,0,1,color,291,-50,23,1788587092645111
cross_device,0,1,color,292,-49,-110,1788587092678461
cross_device,0,1,color,291,-51,7,1788587092711784
cross_device,0,1,color,291,-52,39,1788587092745309
cross_device,0,1,color,291,-51,-216,1788587092778754
cross_device,0,1,color,291,-47,108,1788587092812182
cross_device,0,1,color,291,-48,-232,1788587092845148
cross_device,0,1,color,291,-48,-139,1788587092878439
cross_device,0,1,color,291,-48,-45,1788587092912073
cross_device,0,1,color,291,-49,-121,1788587092945262
cross_device,0,1,color,291,-49,9,1788587092978602
cross_device,0,1,color,290,-50,15,1788587093011906
cross_device,0,1,color,291,-51,-126,1788587093045262
cross_device,0,1,color,290,-51,-258,1788587093078455
cross_device,0,1,color,290,-53,-237,1788587093111789
cross_device,0,1,color,291,104,-207,1788587093145560
cross_device,0,1,color,290,102,-284,1788587093178432
cross_device,0,1,color,290,102,-20,1788587093211750
cross_device,0,1,color,290,101,-215,1788587093245230
cross_device,0,1,color,291,101,11,1788587093278466
cross_device,0,1,color,290,101,-12,1788587093311886
cross_device,0,1,color,290,99,-216,1788587093345258
cross_device,0,1,color,290,97,-144,1788587093378564
cross_device,0,1,color,290,97,-44,1788587093412032
cross_device,0,1,color,290,96,-158,1788587093445093
cross_device,0,1,color,289,94,-33,1788587093478439
cross_device,0,1,color,289,94,-167,1788587093511761
cross_device,0,1,color,290,92,-165,1788587093545098
cross_device,0,1,color,289,90,126,1788587093578572
cross_device,0,1,color,289,92,-22,1788587093611766
cross_device,0,1,color,289,90,125,1788587093645263
cross_device,0,1,color,289,90,1,1788587093678601
cross_device,0,1,color,289,87,38,1788587093711790
cross_device,0,1,color,289,86,17,1788587093745116
cross_device,0,1,color,289,86,3,1788587093778442
cross_device,0,1,color,289,85,-196,1788587093811897
cross_device,0,1,color,289,85,152,1788587093845378
cross_device,0,1,color,289,83,15,1788587093878459
cross_device,0,1,color,288,82,48,1788587093911931
cross_device,0,1,color,289,81,-26,1788587093945096
cross_device,0,1,color,289,81,-160,1788587093978437
cross_device,0,1,color,289,80,-1,1788587094011915
cross_device,0,1,color,288,79,-133,1788587094045122
cross_device,0,1,color,288,77,178,1788587094079012
cross_device,0,1,color,288,79,-180,1788587094111908
cross_device,0,1,color,288,77,18,1788587094145264
cross_device,0,1,color,288,75,-52,1788587094178771
cross_device,0,1,color,288,74,31,1788587094211912
cross_device,0,1,color,288,74,-202,1788587094245245
cross_device,0,1,color,288,73,120,1788587094278574
cross_device,0,1,color,287,71,-19,1788587094311777
cross_device,0,1,color,287,72,-164,1788587094345221
cross_device,0,1,color,287,69,-127,1788587094378424
cross_device,0,1,color,288,70,5,1788587094411935
cross_device,0,1,color,287,68,-10,1788587094445130
cross_device,0,1,color,288,68,-31,1788587094478561
cross_device,0,1,color,287,66,-37,1788587094511894
cross_device,0,1,color,287,64,142,1788587094545277
cross_device,0,1,color,288,66,11,1788587094578587
cross_device,0,1,color,287,64,-174,1788587094611925
cross_device,0,1,color,287,64,218,1788587094645372
cross_device,0,1,color,287,63,-170,1788587094678434
cross_device,0,1,color,287,61,-28,1788587094711777
cross_device,0,1,color,287,60,-162,1788587094745110
cross_device,0,1,color,287,58,113,1788587094778566
cross_device,0,1,color,287,59,-14,1788587094811787
cross_device,0,1,color,287,58,-20,1788587094845260
cross_device,0,1,color,287,57,-119,1788587094878452
cross_device,0,1,color,286,55,96,1788587094911893
cross_device,0,1,color,286,53,2,1788587094945273
cross_device,0,1,color,286,53,-96,1788587094978600
cross_device,0,1,color,287,53,141,1788587095011915
cross_device,0,1,color,286,52,253,1788587095045525
cross_device,0,1,color,287,53,4,1788587095078466
cross_device,0,1,color,286,50,-38,1788587095111757
cross_device,0,1,color,286,51,22,1788587095145470
cross_device,0,1,color,286,48,93,1788587095178571
cross_device,0,1,color,285,45,120,1788587095211908
cross_device,0,1,color,286,47,206,1788587095245485
cross_device,0,1,color,286,46,126,1788587095278578
cross_device,0,1,color,286,45,14,1788587095311783
cross_device,0,1,color,285,43,3,1788587095345129
cross_device,0,1,color,285,42,-106,1788587095378469
cross_device,0,1,color,286,43,260,1788587095412177
cross_device,0,1,color,286,42,124,1788587095445244
cross_device,0,1,color,285,39,-2,1788587095478432
cross_device,0,1,color,285,39,141,1788587095512036
cross_device,0,1,color,284,37,-45,1788587095545072
cross_device,0,1,color,285,37,120,1788587095578572
cross_device,0,1,color,284,35,-22,1788587095611772
cross_device,0,1,color,285,35,-57,1788587095645078
cross_device,0,1,color,285,35,139,1788587095678865
cross_device,0,1,color,285,35,-112,1788587095711787
cross_device,0,1,color,284,31,-16,1788587095745115
cross_device,0,1,color,285,33,-152,1788587095778582
cross_device,0,1,color,284,30,83,1788587095811873
cross_device,0,1,color,284,30,80,1788587095845347
cross_device,0,1,color,285,30,-1,1788587095878707
cross_device,0,1,color,284,27,174,1788587095912070
cross_device,0,1,color,284,28,-121,1788587095945111
cross_device,0,1,color,284,26,99,1788587095978541
cross_device,0,1,color,284,25,-20,1788587096011919
cross_device,0,1,color,284,26,-26,1788587096045096
cross_device,0,1,color,284,25,-163,1788587096078540
cross_device,0,1,color,284,22,132,1788587096111917
cross_device,0,1,color,283,21,7,1788587096145282
cross_device,0,1,color,284,21,-20,1788587096178430
cross_device,0,1,color,283,18,131,1788587096211926
cross_device,0,1,color,284,19,124,1788587096245230
cross_device,0,1,color,284,19,-58,1788587096278405
cross_device,0,1,color,283,16,-3,1788587096312150
cross_device,0,1,color,283,15,-38,1788587096345104
cross_device,0,1,color,283,16,-153,1788587096378398
cross_device,0,1,color,283,14,203,1788587096412128
cross_device,0,1,color,283,12,129,1788587096445256
cross_device,0,1,color,283,12,334,1788587096478786
cross_device,0,1,color,283,11,15,1788587096511946
cross_device,0,1,color,283,11,46,1788587096545300
cross_device,0,1,color,283,10,-29,1788587096578550
cross_device,0,1,color,283,9,-11,1788587096611914
cross_device,0,1,color,283,9,19,1788587096645268
cross_device,0,1,color,282,7,189,1788587096678771
cross_device,0,1,color,282,6,-28,1788587096711895
cross_device,0,1,color,282,6,9,1788587096745272
cross_device,0,1,color,283,6,13,1788587096778447
cross_device,0,1,color,282,3,4,1788587096811781
cross_device,0,1,color,282,2,-135,1788587096845099
cross_device,0,1,color,282,2,262,1788587096878705
cross_device,0,1,color,282,1,304,1788587096912067
cross_device,0,1,color,282,-1,143,1788587096945257
cross_device,0,1,color,282,-1,158,1788587096978598
cross_device,0,1,color,282,-3,273,1788587097012073
cross_device,0,1,color,282,-3,20,1788587097045279
cross_device,0,1,color,281,-5,-1,1788587097078444
cross_device,0,1,color,281,-5,175,1788587097112064
cross_device,0,1,color,281,-6,-133,1788587097145128
cross_device,0,1,color,281,128,183,1788587097178606
cross_device,0,1,color,281,263,149,1788587097211911
cross_device,0,1,color,281,395,33,1788587097245279
cross_device,0,1,color,281,527,156,1788587097278604
cross_device,0,1,color,281,658,339,1788587097312270
cross_device,0,1,color,281,788,56,1788587097345303
cross_device,0,1,color,281,917,104,1788587097378561
cross_device,0,1,color,281,1047,170,1788587097412091
cross_device,0,1,color,281,1173,-14,1788587097445245
cross_device,0,1,color,280,1298,114,1788587097478701
cross_device,0,1,color,280,1423,-24,1788587097511893
cross_device,0,1,color,281,1549,30,1788587097545279
cross_device,0,1,color,279,1672,-94,1788587097578452
cross_device,0,1,color,281,1797,-185,1788587097611740
cross_device,0,1,color,280,1917,-148,1788587097645104
cross_device,0,1,color,279,2039,-33,1788587097678572
cross_device,0,1,color,280,2160,112,1788587097712022
cross_device,0,1,color,280,2280,-27,1788587097745099
cross_device,0,1,color,279,2398,13,1788587097778448
cross_device,0,1,color,280,2520,122,1788587097811906
cross_device,0,1,color,280,2637,161,1788587097845256
cross_device,0,1,color,276,2751,116,1788587097878568
cross_device,0,1,color,279,2870,252,1788587097912020
cross_device,0,1,color,280,2986,25,1788587097945123
cross_device,0,1,color,275,3098,102,1788587097978544
cross_device,0,1,color,279,3216,124,1788587098011924
cross_device,0,1,color,279,3328,133,1788587098045267
cross_device,0,1,color,273,3435,81,1788587098078690
cross_device,0,1,color,280,3555,228,1788587098112013
cross_device,0,1,color,279,3665,136,1788587098145287
cross_device,0,1,color,272,3767,155,1788587098178756
cross_device,0,1,color,279,3883,-43,1788587098211904
cross_device,0,1,color,279,3992,143,1788587098245271
cross_device,0,1,color,272,4092,-156,1788587098278440
cross_device,0,1,color,279,4207,-2,1788587098311924
cross_device,0,1,color,279,4313,409,1788587098345664
cross_device,0,1,color,272,4410,-21,1788587098378419
cross_device,0,1,color,279,4523,-32,1788587098411773
cross_device,0,1,color,279,4628,347,1788587098445606
cross_device,0,1,color,270,4723,223,1788587098478810
cross_device,0,1,color,278,4833,113,1788587098511895
cross_device,0,1,color,278,4934,144,1788587098545291
cross_device,0,1,color,278,5037,99,1788587098578570
cross_device,0,1,color,278,5140,107,1788587098611905
cross_device,0,1,color,277,5238,119,1788587098645237
cross_device,0,1,color,278,5339,225,1788587098678684
cross_device,0,1,color,278,5439,102,1788587098711903
cross_device,0,1,color,277,5537,149,1788587098745265
cross_device,0,1,color,278,5636,111,1788587098778557
cross_device,0,1,color,278,5588,-32,1788587098811774
cross_device,0,1,color,277,5540,120,1788587098845268
cross_device,0,1,color,277,5492,-30,1788587098878424
cross_device,0,1,color,277,5445,293,1788587098912086
cross_device,0,1,color,278,5400,135,1788587098945276
cross_device,0,1,color,277,5353,115,1788587098978587
cross_device,0,1,color,278,5310,83,1788587099011879
cross_device,0,1,color,277,5262,99,1788587099045224
cross_device,0,1,color,277,5217,127,1788587099078591
cross_device,0,1,color,277,5173,266,1788587099112069
cross_device,0,1,color,276,5126,-30,1788587099145264
cross_device,0,1,color,277,5083,221,1788587099178687
cross_device,0,1,color,276,5039,137,1788587099211911
cross_device,0,1,color,276,4996,224,1788587099245526
cross_device,0,1,color,276,4952,107,1788587099278571
cross_device,0,1,color,277,4910,-51,1788587099311751
cross_device,0,1,color,276,4867,115,1788587099345255
cross_device,0,1,color,276,4823,272,1788587099378724
cross_device,0,1,color,276,4782,-6,1788587099411788
cross_device,0,1,color,276,4739,-36,1788587099445093
cross_device,0,1,color,276,4696,288,1788587099478733
cross_device,0,1,color,276,4657,263,1788587099512036
cross_device,0,1,color,276,4614,-97,1788587099545415
cross_device,0,1,color,276,4574,123,1788587099578703
cross_device,0,1,color,276,4533,85,1788587099611876
cross_device,0,1,color,275,4492,107,1788587099645235
cross_device,0,1,color,275,4451,113,1788587099678574
cross_device,0,1,color,275,4412,124,1788587099711914
cross_device,0,1,color,275,4373,144,1788587099745251
cross_device,0,1,color,276,4334,220,1788587099778674
cross_device,0,1,color,275,4296,131,1788587099811930
cross_device,0,1,color,275,4258,131,1788587099845244
cross_device,0,1,color,275,4217,139,1788587099878599
cross_device,0,1,color,275,4179,-56,1788587099911738
cross_device,0,1,color,275,4141,104,1788587099945264
cross_device,0,1,color,275,4103,110,1788587099978562
cross_device,0,1,color,275,4067,241,1788587100012035
cross_device,0,1,color,274,4030,233,1788587100045375
cross_device,0,1,color,274,3993,234,1788587100078706
cross_device,0,1,color,275,3957,209,1788587100112017
cross_device,0,1,color,274,3922,271,1788587100145561
cross_device,0,1,color,275,3886,210,1788587100178671
cross_device,0,1,color,275,3850,244,1788587100212029
cross_device,0,1,color,275,3816,123,1788587100245247
cross_device,0,1,color,274,3779,94,1788587100278579
cross_device,0,1,color,274,3745,331,1788587100312111
cross_device,0,1,color,274,3710,88,1788587100345226
cross_device,0,1,color,274,3676,110,1788587100378557
cross_device,0,1,color,274,3641,235,1788587100412049
cross_device,0,1,color,274,3607,-8,1788587100445113
cross_device,0,1,color,273,3573,315,1788587100478751
cross_device,0,1,color,273,3538,155,1788587100512071
cross_device,0,1,color,274,3505,-9,1788587100545140
cross_device,0,1,color,273,3470,-1,1788587100578457
cross_device,0,1,color,273,3437,-18,1788587100611794
cross_device,0,1,color,273,3403,12,1788587100645145
cross_device,0,1,color,273,3370,147,1788587100678590
cross_device,0,1,color,274,3338,-4,1788587100711787
cross_device,0,1,color,273,3304,-4,1788587100745130
cross_device,0,1,color,273,3271,140,1788587100778609
cross_device,0,1,color,273,3239,17,1788587100811795
cross_device,0,1,color,273,3206,12,1788587100845134
cross_device,0,1,color,272,3172,-13,1788587100878456
cross_device,0,1,color,273,3143,-28,1788587100911902
cross_device,0,1,color,273,3112,15,1788587100945146
cross_device,0,1,color,273,3079,8,1788587100978455
cross_device,0,1,color,273,3047,114,1788587101011921
cross_device,0,1,color,272,3016,-3,1788587101045130
cross_device,0,1,color,272,2985,-37,1788587101078436
cross_device,0,1,color,272,2953,-19,1788587101111780
cross_device,0,1,color,272,2924,-12,1788587101145132
cross_device,0,1,color,272,2891,16,1788587101178458
cross_device,0,1,color,272,2862,-35,1788587101211769
cross_device,0,1,color,272,2833,138,1788587101245258
cross_device,0,1,color,271,2804,116,1788587101278596
cross_device,0,1,color,272,2774,-29,1788587101311762
cross_device,0,1,color,271,2743,1,1788587101345148
cross_device,0,1,color,271,2716,-3,1788587101378456
cross_device,0,1,color,272,2688,158,1788587101412108
cross_device,0,1,color,271,2658,-5,1788587101445121
cross_device,0,1,color,271,2630,-3,1788587101478452
cross_device,0,1,color,271,2602,-20,1788587101511783
cross_device,0,1,color,272,2573,-13,1788587101545151
cross_device,0,1,color,272,2546,116,1788587101578694
cross_device,0,1,color,271,2518,147,1788587101611936
cross_device,0,1,color,271,2493,-15,1788587101645129
cross_device,0,1,color,271,2464,130,1788587101678591
cross_device,0,1,color,271,2437,-16,1788587101711769
cross_device,0,1,color,271,2409,26,1788587101745141
cross_device,0,1,color,270,2383,107,1788587101778579
cross_device,0,1,color,271,2356,-3,1788587101811800
cross_device,0,1,color,271,2330,-7,1788587101845111
cross_device,0,1,color,271,2304,8,1788587101878457
cross_device,0,1,color,271,2278,110,1788587101911904
cross_device,0,1,color,270,2252,-15,1788587101945121
cross_device,0,1,color,271,2227,124,1788587101978560
cross_device,0,1,color,270,2201,100,1788587102011902
cross_device,0,1,color,270,2175,-40,1788587102045119
cross_device,0,1,color,270,2149,-28,1788587102078449
cross_device,0,1,color,270,2126,-11,1788587102111769
cross_device,0,1,color,269,2097,5,1788587102145273
cross_device,0,1,color,270,2075,103,1788587102178595
cross_device,0,1,color,270,2050,-16,1788587102211787
cross_device,0,1,color,270,2025,-34,1788587102245236
cross_device,0,1,color,269,2000,122,1788587102278587
cross_device,0,1,color,269,1977,-21,1788587102311774
cross_device,0,1,color,269,1952,-18,1788587102345127
cross_device,0,1,color,270,1929,-21,1788587102378428
cross_device,0,1,color,269,1906,17,1788587102411793
cross_device,0,1,color,269,1880,-8,1788587102445137
cross_device,0,1,color,269,1858,-27,1788587102478457
cross_device,0,1,color,269,1833,-6,1788587102511784
cross_device,0,1,color,269,1810,107,1788587102545248
cross_device,0,1,color,269,1789,24,1788587102578487
cross_device,0,1,color,269,1766,160,1788587102611951
cross_device,0,1,color,268,1744,148,1788587102645263
cross_device,0,1,color,268,1722,106,1788587102678569
cross_device,0,1,color,268,1700,124,1788587102711903
cross_device,0,1,color,269,1680,134,1788587102745254
cross_device,0,1,color,268,1659,130,1788587102778580
cross_device,0,1,color,269,1638,114,1788587102811906
cross_device,0,1,color,268,1617,114,1788587102845239
cross_device,0,1,color,268,1598,22,1788587102878441
cross_device,0,1,color,269,1577,115,1788587102911869
cross_device,0,1,color,268,1555,-20,1788587102945099
cross_device,0,1,color,268,1535,9,1788587102978454
cross_device,0,1,color,268,1515,278,1788587103012064
cross_device,0,1,color,268,1499,314,1788587103045419
cross_device,0,1,color,267,1480,286,1788587103078751
cross_device,0,1,color,268,1460,227,1788587103112008
cross_device,0,1,color,267,1441,148,1788587103145586
cross_device,0,1,color,268,1424,-15,1788587103178436
cross_device,0,1,color,267,1405,252,1788587103212046
cross_device,0,1,color,267,1386,102,1788587103245536
cross_device,0,1,color,267,1366,-18,1788587103278563
cross_device,0,1,color,267,1349,143,1788587103311910
cross_device,0,1,color,267,1330,193,1788587103345441
cross_device,0,1,color,267,1313,264,1788587103378686
cross_device,0,1,color,267,1296,222,1788587103412023
cross_device,0,1,color,267,1277,118,1788587103445248
cross_device,0,1,color,267,1259,107,1788587103478699
cross_device,0,1,color,266,1242,-1,1788587103511762
cross_device,0,1,color,267,1224,157,1788587103545258
cross_device,0,1,color,267,1206,-162,1788587103578427
cross_device,0,1,color,266,1186,-12,1788587103611908
cross_device,0,1,color,266,1167,-150,1788587103645100
cross_device,0,1,color,266,1148,17,1788587103678582
cross_device,0,1,color,266,1133,18,1788587103711909
cross_device,0,1,color,266,1114,-93,1788587103745121
cross_device,0,1,color,266,1098,153,1788587103778723
cross_device,0,1,color,266,1080,3,1788587103811904
cross_device,0,1,color,266,1063,-5,1788587103845243
cross_device,0,1,color,266,1047,146,1788587103878715
cross_device,0,1,color,266,1031,-28,1788587103911885
cross_device,0,1,color,266,1013,102,1788587103945242
cross_device,0,1,color,265,996,-8,1788587103978568
cross_device,0,1,color,266,980,118,1788587104011919
cross_device,0,1,color,265,964,119,1788587104045229
cross_device,0,1,color,265,949,-44,1788587104078544
cross_device,0,1,color,265,933,286,1788587104112076
cross_device,0,1,color,265,916,-19,1788587104145254
cross_device,0,1,color,265,902,166,1788587104178715
cross_device,0,1,color,265,886,-123,1788587104211781
cross_device,0,1,color,265,867,-179,1788587104245261
cross_device,0,1,color,265,852,227,1788587104278692
cross_device,0,1,color,264,837,-13,1788587104311897
cross_device,0,1,color,265,823,-13,1788587104345238
cross_device,0,1,color,265,807,-13,1788587104378580
cross_device,0,1,color,264,791,-1,1788587104411918
cross_device,0,1,color,264,774,130,1788587104445230
cross_device,0,1,color,264,761,29,1788587104478585
cross_device,0,1,color,264,748,153,1788587104511935
cross_device,0,1,color,264,731,107,1788587104545233
cross_device,0,1,color,264,719,173,1788587104578744
cross_device,0,1,color,264,704,141,1788587104612230
cross_device,0,1,color,264,691,122,1788587104645379
cross_device,0,1,color,264,677,141,1788587104678732
cross_device,0,1,color,264,663,125,1788587104712022
cross_device,0,1,color,264,650,169,1788587104745394
cross_device,0,1,color,264,637,158,1788587104778750
cross_device,0,1,color,264,623,132,1788587104812053
cross_device,0,1,color,264,611,11,1788587104845244
cross_device,0,1,color,264,596,153,1788587104878712
cross_device,0,1,color,263,581,-145,1788587104911767
cross_device,0,1,color,263,567,-29,1788587104945102
cross_device,0,1,color,263,552,-4,1788587104978544
cross_device,0,1,color,263,540,88,1788587105011869
cross_device,0,1,color,263,527,117,1788587105045243
cross_device,0,1,color,263,514,148,1788587105078730
cross_device,0,1,color,263,501,135,1788587105112017
cross_device,0,1,color,263,490,207,1788587105145324
cross_device,0,1,color,263,477,147,1788587105178609
cross_device,0,1,color,263,465,5,1788587105211767
cross_device,0,1,color,263,451,-2,1788587105245220
cross_device,0,1,color,262,437,-135,1788587105278451
cross_device,0,1,color,262,425,129,1788587105311907
cross_device,0,1,color,262,412,193,1788587105345455
cross_device,0,1,color,262,402,250,1788587105378681
cross_device,0,1,color,263,391,157,1788587105411922
cross_device,0,1,color,262,378,239,1788587105445378
cross_device,0,1,color,263,369,126,1788587105478578
cross_device,0,1,color,262,358,314,1788587105512075
cross_device,0,1,color,262,345,104,1788587105545229
cross_device,0,1,color,262,334,115,1788587105578578
cross_device,0,1,color,262,322,-15,1788587105611930
cross_device,0,1,color,262,310,-7,1788587105645225
cross_device,0,1,color,262,298,39,1788587105678708
cross_device,0,1,color,262,286,156,1788587105712066
cross_device,0,1,color,262,276,181,1788587105745437
cross_device,0,1,color,261,263,131,1788587105778557
cross_device,0,1,color,261,253,109,1788587105812012
cross_device,0,1,color,261,241,8,1788587105845248
cross_device,0,1,color,261,229,17,1788587105878571
cross_device,0,1,color,261,218,129,1788587105912013
cross_device,0,1,color,261,207,130,1788587105945252
cross_device,0,1,color,260,195,139,1788587105978584
cross_device,0,1,color,261,187,21,1788587106011782
cross_device,0,1,color,261,174,127,1788587106045241
cross_device,0,1,color,261,165,7,1788587106078454
cross_device,0,1,color,260,154,109,1788587106111905
cross_device,0,1,color,260,144,179,1788587106145422
cross_device,0,1,color,261,137,305,1788587106178732
cross_device,0,1,color,260,125,-6,1788587106211896
cross_device,0,1,color,260,111,12,1788587106245378
cross_device,0,1,color,260,104,209,1788587106278764
cross_device,0,1,color,260,93,180,1788587106312076
cross_device,0,1,color,262,87,129,1788587106345567
cross_device,0,1,color,260,74,127,1788587106378705
cross_device,0,1,color,260,65,134,1788587106412037
cross_device,0,1,color,262,56,107,1788587106445230
cross_device,0,1,color,260,46,121,1788587106478579
cross_device,0,1,color,260,37,230,1788587106512022
cross_device,0,1,color,266,33,200,1788587106545427
cross_device,0,1,color,260,19,113,1788587106578553
cross_device,0,1,color,260,6,-7,1788587106611772
cross_device,0,1,color,267,4,31,1788587106645437
cross_device,0,1,color,259,-12,154,1788587106678721
cross_device,0,1,color,259,-22,6,1788587106711894
cross_device,0,1,color,268,-21,10,1788587106745251
cross_device,0,1,color,259,-41,116,1788587106778708
cross_device,0,1,color,259,-51,-18,1788587106811894
cross_device,0,1,color,268,-52,3,1788587106845221
cross_device,0,1,color,258,-70,133,1788587106878583
cross_device,0,1,color,259,-77,160,1788587106912092
cross_device,0,1,color,259,-85,155,1788587106945257
cross_device,0,1,color,259,-94,-4,1788587106978417
cross_device,0,1,color,259,-103,-9,1788587107011910
cross_device,0,1,color,258,-115,-1,1788587107045107
cross_device,0,1,color,259,-123,108,1788587107078564
cross_device,0,1,color,259,-130,175,1788587107112065
cross_device,0,1,color,259,-139,315,1788587107145578
cross_device,0,1,color,258,-146,135,1788587107178576
cross_device,0,1,color,259,-154,162,1788587107211915
cross_device,0,1,color,258,-164,27,1788587107245419
cross_device,0,1,color,258,-172,-31,1788587107278576
cross_device,0,1,color,258,-180,119,1788587107311904
cross_device,0,1,color,258,-187,159,1788587107345395
cross_device,0,1,color,257,-197,249,1788587107378670
cross_device,0,1,color,258,-204,142,1788587107411923
cross_device,0,1,color,257,-211,235,1788587107445373
cross_device,0,1,color,258,-218,146,1788587107478701
cross_device,0,1,color,258,-226,120,1788587107511878
cross_device,0,1,color,257,-234,269,1788587107545388
cross_device,0,1,color,257,-243,-13,1788587107578450
cross_device,0,1,color,257,-251,99,1788587107611888
cross_device,0,1,color,257,-257,-9,1788587107645095
cross_device,0,1,color,257,-267,9,1788587107678721
cross_device,0,1,color,257,-273,245,1788587107712032
cross_device,0,1,color,257,-279,276,1788587107745380
cross_device,0,1,color,256,-287,174,1788587107778749
cross_device,0,1,color,256,-295,133,1788587107812044
cross_device,0,1,color,256,-303,-8,1788587107845230
cross_device,0,1,color,257,-310,112,1788587107878546
cross_device,0,1,color,256,-317,189,1788587107912095
cross_device,0,1,color,257,-323,122,1788587107945249
cross_device,0,1,color,256,-331,143,1788587107978559
cross_device,0,1,color,256,-337,149,1788587108011896
cross_device,0,1,color,256,-345,150,1788587108045256
cross_device,0,1,color,256,-352,-15,1788587108078449
cross_device,0,1,color,256,-360,1,1788587108111766
cross_device,0,1,color,256,-369,30,1788587108145557
cross_device,0,1,color,256,-372,316,1788587108178750
cross_device,0,1,color,255,-381,-4,1788587108211774
cross_device,0,1,color,255,-390,-130,1788587108245385
cross_device,0,1,color,255,-397,143,1788587108278564
cross_device,0,1,color,256,-401,298,1788587108312064
cross_device,0,1,color,255,-407,86,1788587108345218
cross_device,0,1,color,256,-415,112,1788587108378550
cross_device,0,1,color,256,-420,317,1788587108412081
cross_device,0,1,color,255,-425,325,1788587108445451
cross_device,0,1,color,255,-430,285,1788587108478705
cross_device,0,1,color,255,-436,272,1788587108512040
cross_device,0,1,color,255,-441,270,1788587108545389
cross_device,0,1,color,255,-448,142,1788587108578692
cross_device,0,1,color,255,-453,227,1788587108612138
cross_device,0,1,color,255,-458,243,1788587108645375
cross_device,0,1,color,255,-466,-163,1788587108678589
cross_device,0,1,color,255,-472,233,1788587108711998
cross_device,0,1,color,254,-478,205,1788587108745433
cross_device,0,1,color,255,-482,256,1788587108778691
cross_device,0,1,color,254,-489,263,1788587108812037
cross_device,0,1,color,254,-494,127,1788587108845369
cross_device,0,1,color,254,-500,21,1788587108878582
cross_device,0,1,color,254,-507,93,1788587108912019
cross_device,0,1,color,254,-513,19,1788587108945247
cross_device,0,1,color,254,-521,2,1788587108978803
cross_device,0,1,color,253,-529,90,1788587109011895
cross_device,0,1,color,254,-531,157,1788587109045281
cross_device,0,1,color,254,-537,78,1788587109078553
cross_device,0,1,color,254,-543,-20,1788587109111756
cross_device,0,1,color,253,-551,33,1788587109145389
cross_device,0,1,color,254,-554,124,1788587109178571
cross_device,0,1,color,253,-564,120,1788587109211897
cross_device,0,1,color,254,-566,213,1788587109245428
cross_device,0,1,color,254,-573,31,1788587109278586
cross_device,0,1,color,253,-579,-24,1788587109311905
cross_device,0,1,color,253,-584,142,1788587109345379
cross_device,0,1,color,253,-590,232,1788587109378670
cross_device,0,1,color,253,-595,268,1788587109412041
cross_device,0,1,color,252,-600,232,1788587109445354
cross_device,0,1,color,253,-602,285,1788587109478708
cross_device,0,1,color,253,-606,259,1788587109512002
cross_device,0,1,color,252,-612,253,1788587109545374
cross_device,0,1,color,252,-618,-5,1788587109578423
cross_device,0,1,color,252,-622,243,1788587109612299
cross_device,0,1,color,252,-628,2,1788587109645101
cross_device,0,1,color,252,-634,16,1788587109678455
cross_device,0,1,color,252,-637,362,1788587109712249
cross_device,0,1,color,252,-642,269,1788587109745353
cross_device,0,1,color,252,-646,120,1788587109778550
cross_device,0,1,color,252,-651,113,1788587109811896
cross_device,0,1,color,252,-655,136,1788587109845259
cross_device,0,1,color,252,-660,4,1788587109878434
cross_device,0,1,color,252,-665,134,1788587109911886
cross_device,0,1,color,251,-670,278,1788587109945388
cross_device,0,1,color,251,-675,116,1788587109978558
cross_device,0,1,color,252,-679,231,1788587110011999
cross_device,0,1,color,251,-683,150,1788587110045231
cross_device,0,1,color,251,-689,30,1788587110078843
cross_device,0,1,color,251,-695,126,1788587110111901
cross_device,0,1,color,251,-700,-13,1788587110145117
cross_device,0,1,color,251,-704,124,1788587110178559
cross_device,0,1,color,251,-709,30,1788587110211801
cross_device,0,1,color,251,-715,15,1788587110245257
cross_device,0,1,color,251,-719,122,1788587110278691
cross_device,0,1,color,250,-724,137,1788587110311885
cross_device,0,1,color,250,-728,-19,1788587110345235
cross_device,0,1,color,251,-734,32,1788587110378573
cross_device,0,1,color,250,-741,-145,1788587110411754
cross_device,0,1,color,250,-745,112,1788587110445229
cross_device,0,1,color,250,-749,16,1788587110478591
cross_device,0,1,color,250,-754,44,1788587110511912
cross_device,0,1,color,250,-757,-11,1788587110545412
cross_device,0,1,color,250,-766,-126,1788587110578433
cross_device,0,1,color,250,-769,147,1788587110611931
cross_device,0,1,color,250,-774,-3,1788587110645103
cross_device,0,1,color,250,-780,-3,1788587110678432
cross_device,0,1,color,250,-783,119,1788587110711916
cross_device,0,1,color,250,-788,204,1788587110745450
cross_device,0,1,color,250,-791,54,1788587110778588
cross_device,0,1,color,250,-796,191,1788587110811937
cross_device,0,1,color,249,-799,113,1788587110845240
cross_device,0,1,color,250,-804,167,1788587110878614
cross_device,0,1,color,250,-807,128,1788587110911911
cross_device,0,1,color,250,-811,154,1788587110945264
cross_device,0,1,color,249,-815,-16,1788587110978426
cross_device,0,1,color,250,-819,26,1788587111011811
cross_device,0,1,color,249,-822,172,1788587111045279
cross_device,0,1,color,249,-828,152,1788587111078594
cross_device,0,1,color,249,-831,104,1788587111111885
cross_device,0,1,color,249,-836,-265,1788587111145263
cross_device,0,1,color,248,-845,-47,1788587111178425
cross_device,0,1,color,249,-846,-43,1788587111211757
cross_device,0,1,color,249,-852,-305,1788587111245248
cross_device,0,1,color,249,-859,-170,1788587111278766
cross_device,0,1,color,248,-862,106,1788587111312031
cross_device,0,1,color,249,-866,100,1788587111345233
cross_device,0,1,color,248,-870,161,1788587111378594
cross_device,0,1,color,248,-873,128,1788587111411917
cross_device,0,1,color,249,-878,-40,1788587111445232
cross_device,0,1,color,248,-879,307,1788587111478737
cross_device,0,1,color,248,-882,206,1788587111512133
cross_device,0,1,color,248,-885,157,1788587111545417
cross_device,0,1,color,248,-888,104,1788587111578673
cross_device,0,1,color,247,-894,158,1788587111611908
cross_device,0,1,color,248,-898,-126,1788587111645114
cross_device,0,1,color,248,-900,128,1788587111678563
cross_device,0,1,color,247,-904,295,1788587111712055
cross_device,0,1,color,247,-907,29,1788587111745247
cross_device,0,1,color,247,-910,161,1788587111778701
cross_device,0,1,color,247,-913,255,1788587111812035
cross_device,0,1,color,247,-914,239,1788587111845353
cross_device,0,1,color,247,-920,202,1788587111878742
cross_device,0,1,color,247,-919,344,1788587111912092
cross_device,0,1,color,247,-923,112,1788587111945247
cross_device,0,1,color,247,-925,83,1788587111978534
cross_device,0,1,color,247,-928,256,1788587112012027
cross_device,0,1,color,246,-931,321,1788587112045424
cross_device,0,1,color,247,-933,105,1788587112078563
cross_device,0,1,color,246,-935,102,1788587112112012
cross_device,0,1,color,246,-940,15,1788587112145257
cross_device,0,1,color,246,-943,152,1788587112178576
cross_device,0,1,color,246,-948,-21,1788587112211896
cross_device,0,1,color,246,-952,-53,1788587112245225
cross_device,0,1,color,246,-953,340,1788587112278764
cross_device,0,1,color,246,-955,371,1788587112312146
cross_device,0,1,color,246,-954,280,1788587112345406
cross_device,0,1,color,246,-957,225,1788587112378897
cross_device,0,1,color,245,-962,291,1788587112412179
cross_device,0,1,color,246,-961,269,1788587112445384
cross_device,0,1,color,245,-965,159,1788587112478954
cross_device,0,1,color,245,-968,191,1788587112512069
cross_device,0,1,color,246,-969,153,1788587112545390
cross_device,0,1,color,246,-971,226,1788587112578786
cross_device,0,1,color,245,-975,162,1788587112612079
cross_device,0,1,color,245,-978,149,1788587112645252
cross_device,0,1,color,245,-980,-42,1788587112678734
cross_device,0,1,color,245,-982,282,1788587112712071
cross_device,0,1,color,245,-985,215,1788587112745358
cross_device,0,1,color,245,-989,-19,1788587112778557
cross_device,0,1,color,245,-992,-27,1788587112811898
cross_device,0,1,color,245,-994,187,1788587112845464
cross_device,0,1,color,245,-995,220,1788587112878685
cross_device,0,1,color,244,-998,208,1788587112912137
cross_device,0,1,color,244,-1001,125,1788587112945261
cross_device,0,1,color,244,-1006,-50,1788587112978414
cross_device,0,1,color,245,-1007,174,1788587113012085
cross_device,0,1,color,245,-1009,251,1788587113045375
cross_device,0,1,color,244,-1013,239,1788587113078708
cross_device,0,1,color,244,-1012,253,1788587113112034
cross_device,0,1,color,244,-1017,90,1788587113145233
cross_device,0,1,color,244,-1019,7,1788587113178461
cross_device,0,1,color,244,-1022,14,1788587113211780
cross_device,0,1,color,244,-1025,1,1788587113245249
cross_device,0,1,color,243,-1029,-19,1788587113278593
cross_device,0,1,color,244,-1029,133,1788587113311905
cross_device,0,1,color,244,-1031,324,1788587113345442
cross_device,0,1,color,243,-1034,319,1788587113378762
cross_device,0,1,color,243,-1033,271,1788587113412072
cross_device,0,1,color,243,-1037,-20,1788587113445229
cross_device,0,1,color,243,-1040,-31,1788587113478566
cross_device,0,1,color,244,-1041,-9,1788587113511909
cross_device,0,1,color,243,-1044,123,1788587113545399
cross_device,0,1,color,243,-1046,119,1788587113578716
cross_device,0,1,color,243,-1048,218,1788587113612015
cross_device,0,1,color,243,-1050,260,1788587113645368
cross_device,0,1,color,243,-1051,129,1788587113678592
cross_device,0,1,color,243,-1055,-126,1788587113711802
cross_device,0,1,color,243,-1056,162,1788587113745290
cross_device,0,1,color,243,-1058,119,1788587113778568
cross_device,0,1,color,243,-1059,117,1788587113812166
cross_device,0,1,color,243,-1062,158,1788587113845415
cross_device,0,1,color,243,-1062,261,1788587113878714
cross_device,0,1,color,242,-1068,-68,1788587113911878
cross_device,0,1,color,243,-1067,272,1788587113945416
cross_device,0,1,color,242,-1069,107,1788587113978570
cross_device,0,1,color,242,-1069,301,1788587114012083
cross_device,0,1,color,242,-1070,244,1788587114045372
cross_device,0,1,color,242,-1073,170,1788587114078769
cross_device,0,1,color,242,-1076,67,1788587114111876
cross_device,0,1,color,242,-1078,-42,1788587114145222
cross_device,0,1,color,242,-1081,-36,1788587114178560
cross_device,0,1,color,242,-1083,-8,1788587114211907
cross_device,0,1,color,242,-1084,114,1788587114245256
cross_device,0,1,color,242,-1087,132,1788587114278733
cross_device,0,1,color,241,-1090,305,1788587114312083
cross_device,0,1,color,241,-1090,94,1788587114345250
cross_device,0,1,color,241,-1091,216,1788587114378680
cross_device,0,1,color,241,-1092,115,1788587114411915
cross_device,0,1,color,241,-1096,-29,1788587114445239
cross_device,0,1,color,241,-1098,172,1788587114478767
cross_device,0,1,color,240,-1101,-152,1788587114511763
cross_device,0,1,color,241,-1104,119,1788587114545232
cross_device,0,1,color,241,-1105,139,1788587114578591
cross_device,0,1,color,240,-1104,264,1788587114612054
cross_device,0,1,color,240,-1108,79,1788587114645233
cross_device,0,1,color,240,-1107,267,1788587114678725
cross_device,0,1,color,240,-1109,88,1788587114711892
cross_device,0,1,color,240,-1113,-25,1788587114745256
cross_device,0,1,color,240,-1115,-18,1788587114778419
cross_device,0,1,color,241,-1118,-35,1788587114811755
cross_device,0,1,color,240,-1121,-116,1788587114845418
cross_device,0,1,color,240,-1122,147,1788587114878757
cross_device,0,1,color,240,-1122,162,1788587114912207
cross_device,0,1,color,240,-1126,-159,1788587114945101
cross_device,0,1,color,240,-1129,-2,1788587114978573
cross_device,0,1,color,240,-1130,356,1788587115012123
cross_device,0,1,color,240,-1129,262,1788587115045365
cross_device,0,1,color,239,-1131,250,1788587115078715
cross_device,0,1,color,239,-1132,230,1788587115112124
cross_device,0,1,color,239,-1132,232,1788587115145374
cross_device,0,1,color,239,-1132,304,1788587115178738
cross_device,0,1,color,239,-1134,-9,1788587115211771
cross_device,0,1,color,239,-1138,-16,1788587115245428
cross_device,0,1,color,240,-1138,-106,1788587115278444
cross_device,0,1,color,240,-1141,75,1788587115311874
cross_device,0,1,color,239,-1142,142,1788587115345438
cross_device,0,1,color,239,-1142,367,1788587115378820
cross_device,0,1,color,239,-1144,266,1788587115412051
cross_device,0,1,color,238,-1145,20,1788587115445256
cross_device,0,1,color,239,-1145,105,1788587115478709
cross_device,0,1,color,238,-1150,-23,1788587115512074
cross_device,0,1,color,239,-1150,-45,1788587115545429
cross_device,0,1,color,238,-1153,269,1788587115578722
cross_device,0,1,color,238,-1153,168,1788587115612107
cross_device,0,1,color,238,-1157,86,1788587115645364
cross_device,0,1,color,238,-1157,16,1788587115678594
cross_device,0,1,color,238,-1159,-8,1788587115711913
cross_device,0,1,color,238,-1161,157,1788587115745453
cross_device,0,1,color,238,-1162,68,1788587115778673
cross_device,0,1,color,238,-1163,-45,1788587115811893
cross_device,0,1,color,237,-1166,-16,1788587115845260
cross_device,0,1,color,237,-1168,97,1788587115878584
cross_device,0,1,color,237,-1168,272,1788587115912073
cross_device,0,1,color,238,-1169,-2,1788587115945246
cross_device,0,1,color,237,-1172,88,1788587115978548
cross_device,0,1,color,237,-1173,107,1788587116011912
cross_device,0,1,color,238,-1175,-20,1788587116045107
cross_device,0,1,color,237,-1177,-48,1788587116078546
cross_device,0,1,color,237,-1178,76,1788587116111873
cross_device,0,1,color,237,-1180,-42,1788587116145110
cross_device,0,1,color,237,-1183,-3,1788587116178443
cross_device,0,1,color,237,-1186,-16,1788587116211779
cross_device,0,1,color,237,-1188,-55,1788587116245226
cross_device,0,1,color,237,-1188,116,1788587116278712
cross_device,0,1,color,237,-1190,-21,1788587116311768
cross_device,0,1,color,237,-1193,-56,1788587116345224
cross_device,0,1,color,236,-1194,178,1788587116378751
cross_device,0,1,color,236,-1196,103,1788587116411922
cross_device,0,1,color,236,-1196,122,1788587116445247
cross_device,0,1,color,237,-1197,76,1788587116478699
cross_device,0,1,color,236,-1200,-36,1788587116511756
cross_device,0,1,color,236,-1201,104,1788587116545396
cross_device,0,1,color,236,-1202,210,1788587116578685
cross_device,0,1,color,236,-1204,100,1788587116611893
cross_device,0,1,color,235,-1207,-60,1788587116645237
cross_device,0,1,color,235,-1209,-155,1788587116678447
cross_device,0,1,color,236,-1211,-150,1788587116711760
cross_device,0,1,color,236,-1211,121,1788587116745243
cross_device,0,1,color,235,-1215,-1,1788587116778438
cross_device,0,1,color,235,-1216,-24,1788587116811922
cross_device,0,1,color,235,-1218,-171,1788587116845099
cross_device,0,1,color,235,-1218,107,1788587116878684
cross_device,0,1,color,235,-1220,289,1788587116912072
cross_device,0,1,color,235,-1221,-26,1788587116945275
cross_device,0,1,color,235,-1221,-23,1788587116978560
cross_device,0,1,color,235,-1224,-34,1788587117011888
cross_device,0,1,color,235,-1225,84,1788587117045230
cross_device,0,1,color,235,-1229,-16,1788587117078456
cross_device,0,1,color,235,-1231,-152,1788587117111894
cross_device,0,1,color,235,-1232,-43,1788587117145230
cross_device,0,1,color,234,-1233,118,1788587117178702
cross_device,0,1,color,234,-1234,-15,1788587117211783
cross_device,0,1,color,234,-1236,-12,1788587117245125
cross_device,0,1,color,234,-1237,128,1788587117278578
cross_device,0,1,color,234,-1241,-156,1788587117311763
cross_device,0,1,color,235,-1238,295,1788587117345423
cross_device,0,1,color,234,-1241,279,1788587117378734
cross_device,0,1,color,234,-1240,221,1788587117412020
cross_device,0,1,color,234,-1241,237,1788587117445391
cross_device,0,1,color,234,-1241,-35,1788587117478441
cross_device,0,1,color,234,-1240,160,1788587117512092
cross_device,0,1,color,234,-1243,13,1788587117545276
cross_device,0,1,color,234,-1246,-48,1788587117578570
cross_device,0,1,color,234,-1244,297,1788587117612105
cross_device,0,1,color,233,-1245,251,1788587117645389
cross_device,0,1,color,234,-1245,216,1788587117678691
cross_device,0,1,color,234,-1245,126,1788587117711913
cross_device,0,1,color,233,-1246,245,1788587117745391
cross_device,0,1,color,233,-1245,131,1788587117778591
cross_device,0,1,color,234,-1246,121,1788587117812063
cross_device,0,1,color,233,-1247,-33,1788587117845112
cross_device,0,1,color,233,-1251,-26,1788587117878446
cross_device,0,1,color,233,-1249,303,1788587117912217
cross_device,0,1,color,232,-1253,-153,1788587117945120
cross_device,0,1,color,233,-1254,-162,1788587117978419
cross_device,0,1,color,232,-1256,292,1788587118012095
cross_device,0,1,color,232,-1257,116,1788587118045384
cross_device,0,1,color,232,-1257,-60,1788587118078557
cross_device,0,1,color,232,-1258,88,1788587118112033
cross_device,0,1,color,233,-1258,141,1788587118145282
cross_device,0,1,color,232,-1260,139,1788587118178747
cross_device,0,1,color,232,-1262,11,1788587118211912
cross_device,0,1,color,232,-1260,132,1788587118245266
cross_device,0,1,color,232,-1261,103,1788587118278588
cross_device,0,1,color,232,-1262,133,1788587118311915
cross_device,0,1,color,232,-1262,84,1788587118345239
cross_device,0,1,color,231,-1262,298,1788587118378744
cross_device,0,1,color,232,-1264,145,1788587118412097
cross_device,0,1,color,232,-1261,329,1788587118445594
cross_device,0,1,color,231,-1263,200,1788587118478801
cross_device,0,1,color,231,-1264,150,1788587118512083
cross_device,0,1,color,232,-1263,164,1788587118545440
cross_device,0,1,color,232,-1262,145,1788587118578755
cross_device,0,1,color,232,-1262,130,1788587118611923
cross_device,0,1,color,231,-1265,242,1788587118645381
cross_device,0,1,color,232,-1264,127,1788587118678758
cross_device,0,1,color,231,-1266,-23,1788587118711908
cross_device,0,1,color,231,-1269,131,1788587118745421
cross_device,0,2,color,-1998,496,5767,1788587088785331
cross_device,0,2,color,-1998,496,-82,1788587088811926
cross_device,0,2,color,-1999,497,-340,1788587088845127
cross_device,0,2,color,-1999,498,-308,1788587088878555
cross_device,0,2,color,-1999,498,-352,1788587088911769
cross_device,0,2,color,-1999,501,-528,1788587088945124
cross_device,0,2,color,-2000,501,-231,1788587088978461
cross_device,0,2,color,-2000,501,-102,1788587089011911
cross_device,0,2,color,-2000,504,-384,1788587089045123
cross_device,0,2,color,-2000,504,-217,1788587089078463
cross_device,0,2,color,-2001,504,-245,1788587089111749
cross_device,0,2,color,-2001,504,-424,1788587089145101
cross_device,0,2,color,-2001,506,-237,1788587089178565
cross_device,0,2,color,-2002,506,-251,1788587089211778
cross_device,0,2,color,-2002,508,-337,1788587089245475
cross_device,0,2,color,-2002,509,-218,1788587089278596
cross_device,0,2,color,-2003,508,-112,1788587089312018
cross_device,0,2,color,-2002,511,-432,1788587089345258
cross_device,0,2,color,-2003,512,-378,1788587089378431
cross_device,0,2,color,-2003,512,-243,1788587089412077
cross_device,0,2,color,-2004,512,-479,1788587089445397
cross_device,0,2,color,-2004,513,-517,1788587089478441
cross_device,0,2,color,-2004,515,-341,1788587089512196
cross_device,0,2,color,-2004,516,-503,1788587089545217
cross_device,0,2,color,-2004,517,-261,1788587089578702
cross_device,0,2,color,-2004,518,-366,1788587089611770
cross_device,0,2,color,-2005,517,-398,1788587089645227
cross_device,0,2,color,-2005,519,-264,1788587089678737
cross_device,0,2,color,-2006,520,-415,1788587089711890
cross_device,0,2,color,-2006,520,-446,1788587089745433
cross_device,0,2,color,-2006,522,-386,1788587089778571
cross_device,0,2,color,-2007,205,-368,1788587089811798
cross_device,0,2,color,-2007,205,-285,1788587089845248
cross_device,0,2,color,-2007,205,-501,1788587089878581
cross_device,0,2,color,-2008,205,-401,1788587089911764
cross_device,0,2,color,-2008,206,-439,1788587089945107
cross_device,0,2,color,-2008,205,-518,1788587089978456
cross_device,0,2,color,-2008,205,-265,1788587090011927
cross_device,0,2,color,-2008,207,-392,1788587090045242
cross_device,0,2,color,-2008,205,-145,1788587090078675
cross_device,0,2,color,-2009,207,-400,1788587090111752
cross_device,0,2,color,-2010,206,-220,1788587090145272
cross_device,0,2,color,-2009,208,-352,1788587090178869
cross_device,0,2,color,-2010,206,-361,1788587090211765
cross_device,0,2,color,-2010,207,-642,1788587090245244
cross_device,0,2,color,-2010,207,-198,1788587090278690
cross_device,0,2,color,-2011,207,-347,1788587090312020
cross_device,0,2,color,-2011,207,-405,1788587090345247
cross_device,0,2,color,-2004,214,-472,1788587090378562
cross_device,0,2,color,-2004,216,-404,1788587090411928
cross_device,0,2,color,-2005,215,-387,1788587090445110
cross_device,0,2,color,-2005,214,-399,1788587090478567
cross_device,0,2,color,-2005,215,-578,1788587090511736
cross_device,0,2,color,-2005,215,-287,1788587090545364
cross_device,0,2,color,-2005,216,-411,1788587090578571
cross_device,0,2,color,-2006,215,-390,1788587090611920
cross_device,0,2,color,-2006,216,-387,1788587090645226
cross_device,0,2,color,-2006,218,-534,1788587090678443
cross_device,0,2,color,-2007,214,-392,1788587090711909
cross_device,0,2,color,-2007,216,-83,1788587090745432
cross_device,0,2,color,-2007,216,-500,1788587090778544
cross_device,0,2,color,-2007,-123,-258,1788587090811918
cross_device,0,2,color,-2007,-123,-397,1788587090845100
cross_device,0,2,color,-2007,-123,-484,1788587090878559
cross_device,0,2,color,-2008,-124,-110,1788587090912098
cross_device,0,2,color,-2008,-124,-398,1788587090945117
cross_device,0,2,color,-2009,-124,-522,1788587090978440
cross_device,0,2,color,-2009,-123,-293,1788587091011862
cross_device,0,2,color,-2009,-125,-242,1788587091045103
cross_device,0,2,color,-2010,-124,-224,1788587091078580
cross_device,0,2,color,-2010,-125,-376,1788587091111791
cross_device,0,2,color,-2010,-125,-261,1788587091145241
cross_device,0,2,color,-2011,-127,-335,1788587091178568
cross_device,0,2,color,-2011,-125,-234,1788587091211913
cross_device,0,2,color,-2011,-124,-542,1788587091245137
cross_device,0,2,color,-2011,-125,-241,1788587091278456
cross_device,0,2,color,-2011,-126,-115,1788587091312030
cross_device,0,2,color,-2012,-126,-446,1788587091345243
cross_device,0,2,color,-2012,-125,-556,1788587091378461
cross_device,0,2,color,-2012,-124,-698,1788587091411914
cross_device,0,2,color,-2013,-125,-486,1788587091445111
cross_device,0,2,color,-2013,-125,-541,1788587091478437
cross_device,0,2,color,-2013,-126,-404,1788587091511895
cross_device,0,2,color,-2014,-126,-361,1788587091545252
cross_device,0,2,color,-2014,-126,-514,1788587091578441
cross_device,0,2,color,-2014,-126,-518,1788587091611759
cross_device,0,2,color,-2014,-125,-365,1788587091645255
cross_device,0,2,color,-2014,-125,-381,1788587091678459
cross_device,0,2,color,-2015,-125,-409,1788587091711907
cross_device,0,2,color,-2015,-126,-413,1788587091745232
cross_device,0,2,color,-2015,-125,-104,1788587091778564
cross_device,0,2,color,-2016,-163,-338,1788587091811786
cross_device,0,2,color,-2016,-165,-552,1788587091845095
cross_device,0,2,color,-2016,-166,-563,1788587091878459
cross_device,0,2,color,-2017,-167,-534,1788587091911780
cross_device,0,2,color,-2017,-169,-293,1788587091945232
cross_device,0,2,color,-2017,-171,-252,1788587091978565
cross_device,0,2,color,-2017,-172,-400,1788587092011787
cross_device,0,2,color,-2018,-177,-408,1788587092045239
cross_device,0,2,color,-2018,-176,-256,1788587092078595
cross_device,0,2,color,-2018,-178,-276,1788587092112090
cross_device,0,2,color,-2019,-182,-482,1788587092145133
cross_device,0,2,color,-2019,-182,-377,1788587092178460
cross_device,0,2,color,-2019,-182,-352,1788587092211797
cross_device,0,2,color,-2019,-185,-371,1788587092245129
cross_device,0,2,color,-2020,-188,-198,1788587092278459
cross_device,0,2,color,-2020,-189,-198,1788587092311917
cross_device,0,2,color,-2020,-189,-279,1788587092345238
cross_device,0,2,color,-2021,-194,-453,1788587092378577
cross_device,0,2,color,-2021,-193,-394,1788587092411951
cross_device,0,2,color,-2021,-196,-440,1788587092445160
cross_device,0,2,color,-2022,-198,-236,1788587092478611
cross_device,0,2,color,-2022,-200,-416,1788587092511776
cross_device,0,2,color,-2022,-201,-499,1788587092545129
cross_device,0,2,color,-2022,-203,-344,1788587092578593
cross_device,0,2,color,-2022,-203,-533,1788587092611775
cross_device,0,2,color,-2023,-206,-414,1788587092645111
cross_device,0,2,color,-2023,-208,-360,1788587092678461
cross_device,0,2,color,-2023,-210,-388,1788587092711784
cross_device,0,2,color,-2024,-212,-382,1788587092745309
cross_device,0,2,color,-2024,-213,-508,1788587092778754
cross_device,0,2,color,-2024,-266,-261,1788587092812182
cross_device,0,2,color,-2025,-268,-473,1788587092845148
cross_device,0,2,color,-2025,-268,-538,1788587092878439
cross_device,0,2,color,-2025,-268,-425,1788587092912073
cross_device,0,2,color,-2025,-271,-261,1788587092945262
cross_device,0,2,color,-2026,-273,-227,1788587092978602
cross_device,0,2,color,-2026,-274,-276,1788587093011906
cross_device,0,2,color,-2026,-275,-402,1788587093045262
cross_device,0,2,color,-2027,-277,-368,1788587093078455
cross_device,0,2,color,-2027,-278,-358,1788587093111789
cross_device,0,2,color,-2027,-279,31,1788587093145560
cross_device,0,2,color,-2028,-281,-241,1788587093178432
cross_device,0,2,color,-2028,-282,-618,1788587093211750
cross_device,0,2,color,-2028,-283,-305,1788587093245230
cross_device,0,2,color,-2028,-283,-640,1788587093278466
cross_device,0,2,color,-2029,-285,-251,1788587093311886
cross_device,0,2,color,-2029,-287,-250,1788587093345258
cross_device,0,2,color,-2029,-289,-448,1788587093378564
cross_device,0,2,color,-2029,-289,-586,1788587093412032
cross_device,0,2,color,-2030,-290,-557,1788587093445093
cross_device,0,2,color,-2030,-292,-525,1788587093478439
cross_device,0,2,color,-2030,-293,-548,1788587093511761
cross_device,0,2,color,-2030,-295,-540,1788587093545098
cross_device,0,2,color,-2031,-297,-402,1788587093578572
cross_device,0,2,color,-2031,-297,-556,1788587093611766
cross_device,0,2,color,-2032,-299,-383,1788587093645263
cross_device,0,2,color,-2031,-299,-522,1788587093678601
cross_device,0,2,color,-2032,-302,-353,1788587093711790
cross_device,0,2,color,-2032,-304,-494,1788587093745116
cross_device,0,2,color,-2033,-305,-522,1788587093778442
cross_device,0,2,color,-2033,-320,-496,1788587093811897
cross_device,0,2,color,-2033,-321,-294,1788587093845378
cross_device,0,2,color,-2033,-323,-491,1788587093878459
cross_device,0,2,color,-2034,-324,-367,1788587093911931
cross_device,0,2,color,-2034,-326,-553,1788587093945096
cross_device,0,2,color,-2034,-325,-478,1788587093978437
cross_device,0,2,color,-2034,-327,-204,1788587094011915
cross_device,0,2,color,-2035,-329,-412,1788587094045122
cross_device,0,2,color,-2035,-329,-105,1788587094079012
cross_device,0,2,color,-2035,-329,-590,1788587094111908
cross_device,0,2,color,-2036,-332,-244,1788587094145264
cross_device,0,2,color,-2035,-332,-402,1788587094178771
cross_device,0,2,color,-2036,-332,-393,1788587094211912
cross_device,0,2,color,-2036,-334,-539,1788587094245245
cross_device,0,2,color,-2036,-333,-208,1788587094278574
cross_device,0,2,color,-2037,-335,-555,1788587094311777
cross_device,0,2,color,-2038,-338,-154,1788587094345221
cross_device,0,2,color,-2038,-338,-407,1788587094378424
cross_device,0,2,color,-2038,-339,-467,1788587094411935
cross_device,0,2,color,-2039,-341,-545,1788587094445130
cross_device,0,2,color,-2038,-341,-444,1788587094478561
cross_device,0,2,color,-2039,-343,-408,1788587094511894
cross_device,0,2,color,-2039,-346,-369,1788587094545277
cross_device,0,2,color,-2039,-344,-414,1788587094578587
cross_device,0,2,color,-2040,-347,-828,1788587094611925
cross_device,0,2,color,-2039,-346,-262,1788587094645372
cross_device,0,2,color,-2040,-348,-525,1788587094678434
cross_device,0,2,color,-2041,-350,-526,1788587094711777
cross_device,0,2,color,-2040,-349,-276,1788587094745110
cross_device,0,2,color,-2041,-353,-409,1788587094778566
cross_device,0,2,color,-2041,-352,-539,1788587094811787
cross_device,0,2,color,-2041,-354,-390,1788587094845260
cross_device,0,2,color,-2042,-355,-520,1788587094878452
cross_device,0,2,color,-2042,-356,-421,1788587094911893
cross_device,0,2,color,-2043,-359,-354,1788587094945273
cross_device,0,2,color,-2043,-359,-420,1788587094978600
cross_device,0,2,color,-2042,-358,-450,1788587095011915
cross_device,0,2,color,-2043,-360,1,1788587095045525
cross_device,0,2,color,-2043,-361,-329,1788587095078466
cross_device,0,2,color,-2043,-361,-549,1788587095111757
cross_device,0,2,color,-2044,-363,-225,1788587095145470
cross_device,0,2,color,-2044,-365,-372,1788587095178571
cross_device,0,2,color,-2045,-367,-251,1788587095211908
cross_device,0,2,color,-2045,-367,-193,1788587095245485
cross_device,0,2,color,-2045,-367,-267,1788587095278578
cross_device,0,2,color,-2045,-368,-363,1788587095311783
cross_device,0,2,color,-2046,-371,-328,1788587095345129
cross_device,0,2,color,-2046,-370,-366,1788587095378469
cross_device,0,2,color,-2046,-372,-205,1788587095412177
cross_device,0,2,color,-2046,-372,-463,1788587095445244
cross_device,0,2,color,-2046,-374,-526,1788587095478432
cross_device,0,2,color,-2047,-374,-292,1788587095512036
cross_device,0,2,color,-2048,-376,-557,1788587095545072
cross_device,0,2,color,-2047,-377,-373,1788587095578572
cross_device,0,2,color,-2048,-239,-537,1788587095611772
cross_device,0,2,color,-2048,-100,-557,1788587095645078
cross_device,0,2,color,-2048,38,-194,1788587095678865
cross_device,0,2,color,-2049,174,-529,1788587095711787
cross_device,0,2,color,-2049,309,-543,1788587095745115
cross_device,0,2,color,-2049,443,-558,1788587095778582
cross_device,0,2,color,-2050,576,-446,1788587095811873
cross_device,0,2,color,-2050,709,-281,1788587095845347
cross_device,0,2,color,-2050,841,-258,1788587095878707
cross_device,0,2,color,-2050,973,-270,1788587095912070
cross_device,0,2,color,-2050,1103,-549,1788587095945111
cross_device,0,2,color,-2051,1231,-289,1788587095978541
cross_device,0,2,color,-2052,1360,-384,1788587096011919
cross_device,0,2,color,-2051,1489,-420,1788587096045096
cross_device,0,2,color,-2052,1617,-299,1788587096078540
cross_device,0,2,color,-2052,1743,-268,1788587096111917
cross_device,0,2,color,-2053,1867,-595,1788587096145282
cross_device,0,2,color,-2052,1993,-382,1788587096178430
cross_device,0,2,color,-2054,2114,-257,1788587096211926
cross_device,0,2,color,-2053,2240,-274,1788587096245230
cross_device,0,2,color,-2053,2363,-455,1788587096278405
cross_device,0,2,color,-2054,2483,-154,1788587096312150
cross_device,0,2,color,-2054,2603,-432,1788587096345104
cross_device,0,2,color,-2055,2724,-437,1788587096378398
cross_device,0,2,color,-2054,2843,-377,1788587096412128
cross_device,0,2,color,-2055,2960,-239,1788587096445256
cross_device,0,2,color,-2055,3078,-242,1788587096478786
cross_device,0,2,color,-2055,3193,-444,1788587096511946
cross_device,0,2,color,-2055,3310,-366,1788587096545300
cross_device,0,2,color,-2056,3424,-409,1788587096578550
cross_device,0,2,color,-2056,3537,-359,1788587096611914
cross_device,0,2,color,-2056,3651,-394,1788587096645268
cross_device,0,2,color,-2057,3762,-244,1788587096678771
cross_device,0,2,color,-2057,3875,-401,1788587096711895
cross_device,0,2,color,-2058,3984,-359,1788587096745272
cross_device,0,2,color,-2057,4096,-516,1788587096778447
cross_device,0,2,color,-2058,4204,-547,1788587096811781
cross_device,0,2,color,-2058,4314,-407,1788587096845099
cross_device,0,2,color,-2059,4421,-238,1788587096878705
cross_device,0,2,color,-2059,4528,-266,1788587096912067
cross_device,0,2,color,-2059,4636,-272,1788587096945257
cross_device,0,2,color,-2060,4741,-364,1788587096978598
cross_device,0,2,color,-2060,4846,-86,1788587097012073
cross_device,0,2,color,-2060,4952,-233,1788587097045279
cross_device,0,2,color,-2060,5057,-398,1788587097078444
cross_device,0,2,color,-2061,5162,-92,1788587097112064
cross_device,0,2,color,-2061,5265,-381,1788587097145128
cross_device,0,2,color,-2062,5365,-217,1788587097178606
cross_device,0,2,color,-2061,5469,-421,1788587097211911
cross_device,0,2,color,-2062,5568,-238,1788587097245279
cross_device,0,2,color,-2062,5668,-218,1788587097278604
cross_device,0,2,color,-2063,5765,-353,1788587097312270
cross_device,0,2,color,-2063,5864,-226,1788587097345303
cross_device,0,2,color,-2063,5963,-108,1788587097378561
cross_device,0,2,color,-2063,6060,-294,1788587097412091
cross_device,0,2,color,-2063,6158,-291,1788587097445245
cross_device,0,2,color,-2064,6253,-273,1788587097478701
cross_device,0,2,color,-2064,6346,-485,1788587097511893
cross_device,0,2,color,-2064,6441,-349,1788587097545279
cross_device,0,2,color,-2066,6534,-534,1788587097578452
cross_device,0,2,color,-2064,6630,-443,1788587097611740
cross_device,0,2,color,-2065,6721,-381,1788587097645104
cross_device,0,2,color,-2066,6814,-269,1788587097678572
cross_device,0,2,color,-2066,6907,-279,1788587097712022
cross_device,0,2,color,-2066,6997,-434,1788587097745099
cross_device,0,2,color,-2068,7087,-370,1788587097778448
cross_device,0,2,color,-2067,7178,-271,1788587097811906
cross_device,0,2,color,-2066,7269,-465,1788587097845256
cross_device,0,2,color,-2071,7351,-409,1788587097878568
cross_device,0,2,color,-2068,7441,-281,1788587097912020
cross_device,0,2,color,-2067,7528,-528,1788587097945123
cross_device,0,2,color,-2072,7612,-396,1788587097978544
cross_device,0,2,color,-2069,7702,-237,1788587098011924
cross_device,0,2,color,-2069,7787,-236,1788587098045267
cross_device,0,2,color,-2075,7868,-146,1788587098078690
cross_device,0,2,color,-2069,7959,-140,1788587098112013
cross_device,0,2,color,-2069,8043,-209,1788587098145287
cross_device,0,2,color,-2076,8121,-245,1788587098178756
cross_device,0,2,color,-2070,8209,-228,1788587098211904
cross_device,0,2,color,-2070,8292,-237,1788587098245271
cross_device,0,2,color,-2078,8367,-342,1788587098278440
cross_device,0,2,color,-2071,8456,-225,1788587098311924
cross_device,0,2,color,-2071,8537,-21,1788587098345664
cross_device,0,2,color,-2078,8609,-411,1788587098378419
cross_device,0,2,color,-2071,8696,-391,1788587098411773
cross_device,0,2,color,-2072,8775,-108,1788587098445606
cross_device,0,2,color,-2080,8846,-13,1788587098478810
cross_device,0,2,color,-2073,8930,-452,1788587098511895
cross_device,0,2,color,-2073,9007,-401,1788587098545291
cross_device,0,2,color,-2073,9083,-392,1788587098578570
cross_device,0,2,color,-2073,9162,-387,1788587098611905
cross_device,0,2,color,-2074,9236,-396,1788587098645237
cross_device,0,2,color,-2073,9312,-248,1788587098678684
cross_device,0,2,color,-2074,9386,-361,1788587098711903
cross_device,0,2,color,-2075,9459,-372,1788587098745265
cross_device,0,2,color,-2074,9535,-397,1788587098778557
cross_device,0,2,color,-2075,9462,-555,1788587098811774
cross_device,0,2,color,-2075,9390,-361,1788587098845268
cross_device,0,2,color,-2076,9317,-542,1788587098878424
cross_device,0,2,color,-2076,9245,-247,1788587098912086
cross_device,0,2,color,-2076,9178,-231,1788587098945276
cross_device,0,2,color,-2077,9108,-350,1788587098978587
cross_device,0,2,color,-2076,9040,-441,1788587099011879
cross_device,0,2,color,-2077,8972,-139,1788587099045224
cross_device,0,2,color,-2077,8906,-241,1788587099078591
cross_device,0,2,color,-2078,8837,-220,1788587099112069
cross_device,0,2,color,-2078,8771,-218,1788587099145264
cross_device,0,2,color,-2078,8706,-145,1788587099178687
cross_device,0,2,color,-2079,8639,-414,1788587099211911
cross_device,0,2,color,-2079,8574,-153,1788587099245526
cross_device,0,2,color,-2079,8510,-382,1788587099278571
cross_device,0,2,color,-2079,8446,-515,1788587099311751
cross_device,0,2,color,-2079,8382,-256,1788587099345255
cross_device,0,2,color,-2080,8315,-253,1788587099378724
cross_device,0,2,color,-2080,8254,-355,1788587099411788
cross_device,0,2,color,-2081,8190,-379,1788587099445093
cross_device,0,2,color,-2080,8128,-91,1788587099478733
cross_device,0,2,color,-2081,8067,-104,1788587099512036
cross_device,0,2,color,-2081,8005,-479,1788587099545415
cross_device,0,2,color,-2081,7945,-278,1788587099578703
cross_device,0,2,color,-2082,7881,-443,1788587099611876
cross_device,0,2,color,-2082,7821,-392,1788587099645235
cross_device,0,2,color,-2082,7760,-354,1788587099678574
cross_device,0,2,color,-2083,7699,-383,1788587099711914
cross_device,0,2,color,-2083,7640,-265,1788587099745251
cross_device,0,2,color,-2083,7583,-261,1788587099778674
cross_device,0,2,color,-2084,7523,-181,1788587099811930
cross_device,0,2,color,-2084,7466,-256,1788587099845244
cross_device,0,2,color,-2084,7409,-198,1788587099878599
cross_device,0,2,color,-2082,7355,-400,1788587099911738
cross_device,0,2,color,-2084,7296,-257,1788587099945264
cross_device,0,2,color,-2084,7241,-107,1788587099978562
cross_device,0,2,color,-2081,7190,-235,1788587100012035
cross_device,0,2,color,-2086,7131,-117,1788587100045375
cross_device,0,2,color,-2086,7075,-273,1788587100078706
cross_device,0,2,color,-2080,7026,-144,1788587100112017
cross_device,0,2,color,-2087,6967,35,1788587100145561
cross_device,0,2,color,-2086,6915,-133,1788587100178671
cross_device,0,2,color,-2080,6869,-80,1788587100212029
cross_device,0,2,color,-2087,6810,-227,1788587100245247
cross_device,0,2,color,-2088,6755,-339,1788587100278579
cross_device,0,2,color,-2078,6715,-15,1788587100312111
cross_device,0,2,color,-2088,6653,-294,1788587100345226
cross_device,0,2,color,-2089,6599,-520,1788587100378557
cross_device,0,2,color,-2089,6545,-218,1788587100412049
cross_device,0,2,color,-2088,6498,-359,1788587100445113
cross_device,0,2,color,-2090,6446,68,1788587100478751
cross_device,0,2,color,-2090,6397,-148,1788587100512071
cross_device,0,2,color,-2090,6344,-511,1788587100545140
cross_device,0,2,color,-2090,6294,-545,1788587100578457
cross_device,0,2,color,-2091,6242,-503,1788587100611794
cross_device,0,2,color,-2091,6190,-506,1788587100645145
cross_device,0,2,color,-2091,6142,-213,1788587100678590
cross_device,0,2,color,-2091,6093,-483,1788587100711787
cross_device,0,2,color,-2091,6044,-353,1788587100745130
cross_device,0,2,color,-2092,5993,-319,1788587100778609
cross_device,0,2,color,-2092,5946,-353,1788587100811795
cross_device,0,2,color,-2092,5899,-315,1788587100845134
cross_device,0,2,color,-2093,5851,-223,1788587100878456
cross_device,0,2,color,-2093,5804,-679,1788587100911902
cross_device,0,2,color,-2093,5756,-464,1788587100945146
cross_device,0,2,color,-2093,5708,-482,1788587100978455
cross_device,0,2,color,-2093,5662,-425,1788587101011921
cross_device,0,2,color,-2094,5616,-378,1788587101045130
cross_device,0,2,color,-2094,5570,-244,1788587101078436
cross_device,0,2,color,-2094,5525,-399,1788587101111780
cross_device,0,2,color,-2095,5479,-370,1788587101145132
cross_device,0,2,color,-2095,5432,-502,1788587101178458
cross_device,0,2,color,-2096,5388,-384,1788587101211769
cross_device,0,2,color,-2096,5343,-283,1788587101245258
cross_device,0,2,color,-2096,5301,-211,1788587101278596
cross_device,0,2,color,-2096,5259,-240,1788587101311762
cross_device,0,2,color,-2097,5215,-378,1788587101345148
cross_device,0,2,color,-2097,5172,-532,1788587101378456
cross_device,0,2,color,-2097,5129,-420,1788587101412108
cross_device,0,2,color,-2097,5085,-387,1788587101445121
cross_device,0,2,color,-2098,5042,-541,1788587101478452
cross_device,0,2,color,-2098,5000,-357,1788587101511783
cross_device,0,2,color,-2098,4960,-359,1788587101545151
cross_device,0,2,color,-2098,4917,-340,1788587101578694
cross_device,0,2,color,-2098,4877,-387,1788587101611936
cross_device,0,2,color,-2099,4835,-531,1788587101645129
cross_device,0,2,color,-2099,4793,-382,1788587101678591
cross_device,0,2,color,-2099,4754,-362,1788587101711769
cross_device,0,2,color,-2100,4713,-323,1788587101745141
cross_device,0,2,color,-2100,4674,-185,1788587101778579
cross_device,0,2,color,-2100,4634,-453,1788587101811800
cross_device,0,2,color,-2100,4595,-381,1788587101845111
cross_device,0,2,color,-2101,4556,-332,1788587101878457
cross_device,0,2,color,-2101,4519,-242,1788587101911904
cross_device,0,2,color,-2102,4479,-485,1788587101945121
cross_device,0,2,color,-2101,4441,-394,1788587101978560
cross_device,0,2,color,-2102,4404,-353,1788587102011902
cross_device,0,2,color,-2103,4364,-478,1788587102045119
cross_device,0,2,color,-2103,4324,-518,1788587102078449
cross_device,0,2,color,-2103,4288,-539,1788587102111769
cross_device,0,2,color,-2104,4248,-655,1788587102145273
cross_device,0,2,color,-2103,4212,-327,1788587102178595
cross_device,0,2,color,-2104,4174,-443,1788587102211787
cross_device,0,2,color,-2104,4140,-279,1788587102245236
cross_device,0,2,color,-2105,4104,-246,1788587102278587
cross_device,0,2,color,-2105,4068,-528,1788587102311774
cross_device,0,2,color,-2105,4032,-380,1788587102345127
cross_device,0,2,color,-2105,3996,-406,1788587102378428
cross_device,0,2,color,-2106,3962,-354,1788587102411793
cross_device,0,2,color,-2106,3925,-325,1788587102445137
cross_device,0,2,color,-2106,3893,-375,1788587102478457
cross_device,0,2,color,-2106,3858,-226,1788587102511784
cross_device,0,2,color,-2106,3824,-321,1788587102545248
cross_device,0,2,color,-2107,3791,-325,1788587102578487
cross_device,0,2,color,-2107,3756,-411,1788587102611951
cross_device,0,2,color,-2108,3723,-385,1788587102645263
cross_device,0,2,color,-2108,3690,-410,1788587102678569
cross_device,0,2,color,-2108,3655,-429,1788587102711903
cross_device,0,2,color,-2108,3624,-380,1788587102745254
cross_device,0,2,color,-2109,3590,-346,1788587102778580
cross_device,0,2,color,-2109,3559,-311,1788587102811906
cross_device,0,2,color,-2109,3528,-354,1788587102845239
cross_device,0,2,color,-2109,3499,-349,1788587102878441
cross_device,0,2,color,-2109,3467,-297,1788587102911869
cross_device,0,2,color,-2110,3436,-411,1788587102945099
cross_device,0,2,color,-2111,3405,-474,1788587102978454
cross_device,0,2,color,-2110,3375,-106,1788587103012064
cross_device,0,2,color,-2111,3347,-88,1788587103045419
cross_device,0,2,color,-2112,3318,-83,1788587103078751
cross_device,0,2,color,-2111,3290,-162,1788587103112008
cross_device,0,2,color,-2112,3261,-347,1788587103145586
cross_device,0,2,color,-2112,3232,-482,1788587103178436
cross_device,0,2,color,-2112,3205,-122,1788587103212046
cross_device,0,2,color,-2113,3176,29,1788587103245536
cross_device,0,2,color,-2113,3149,-225,1788587103278563
cross_device,0,2,color,-2113,3122,-231,1788587103311910
cross_device,0,2,color,-2114,3094,-273,1788587103345441
cross_device,0,2,color,-2113,3068,-148,1788587103378686
cross_device,0,2,color,-2114,3040,-143,1788587103412023
cross_device,0,2,color,-2114,3014,-344,1788587103445248
cross_device,0,2,color,-2114,2986,-208,1788587103478699
cross_device,0,2,color,-2115,2959,-384,1788587103511762
cross_device,0,2,color,-2115,2932,-249,1788587103545258
cross_device,0,2,color,-2115,2905,-501,1788587103578427
cross_device,0,2,color,-2116,2878,-194,1788587103611908
cross_device,0,2,color,-2116,2850,-558,1788587103645100
cross_device,0,2,color,-2116,2822,-396,1788587103678582
cross_device,0,2,color,-2117,2797,-344,1788587103711909
cross_device,0,2,color,-2117,2769,-506,1788587103745121
cross_device,0,2,color,-2117,2745,-249,1788587103778723
cross_device,0,2,color,-2117,2718,-393,1788587103811904
cross_device,0,2,color,-2118,2692,-360,1788587103845243
cross_device,0,2,color,-2117,2670,-209,1788587103878715
cross_device,0,2,color,-2118,2645,-241,1788587103911885
cross_device,0,2,color,-2118,2620,-390,1788587103945242
cross_device,0,2,color,-2119,2595,-247,1788587103978568
cross_device,0,2,color,-2119,2572,-400,1788587104011919
cross_device,0,2,color,-2119,2549,-274,1788587104045229
cross_device,0,2,color,-2120,2525,-263,1788587104078544
cross_device,0,2,color,-2120,2503,-47,1788587104112076
cross_device,0,2,color,-2120,2480,-287,1788587104145254
cross_device,0,2,color,-2120,2458,-113,1788587104178715
cross_device,0,2,color,-2121,2435,-363,1788587104211781
cross_device,0,2,color,-2121,2411,-425,1788587104245261
cross_device,0,2,color,-2121,2388,-104,1788587104278692
cross_device,0,2,color,-2122,2367,-354,1788587104311897
cross_device,0,2,color,-2121,2345,-243,1788587104345238
cross_device,0,2,color,-2122,2323,-318,1788587104378580
cross_device,0,2,color,-2123,2301,-313,1788587104411918
cross_device,0,2,color,-2123,2278,-262,1788587104445230
cross_device,0,2,color,-2123,2257,-371,1788587104478585
cross_device,0,2,color,-2123,2237,-196,1788587104511935
cross_device,0,2,color,-2124,2213,-233,1788587104545233
cross_device,0,2,color,-2124,2194,-121,1788587104578744
cross_device,0,2,color,-2124,2174,-235,1788587104612230
cross_device,0,2,color,-2124,2154,-249,1788587104645379
cross_device,0,2,color,-2125,2132,-262,1788587104678732
cross_device,0,2,color,-2125,2112,-270,1788587104712022
cross_device,0,2,color,-2125,2092,-236,1788587104745394
cross_device,0,2,color,-2126,2070,-180,1788587104778750
cross_device,0,2,color,-2126,2051,-100,1788587104812053
cross_device,0,2,color,-2126,2033,-218,1788587104845244
cross_device,0,2,color,-2126,2012,-268,1788587104878712
cross_device,0,2,color,-2127,1992,-340,1788587104911767
cross_device,0,2,color,-2127,1972,-372,1788587104945102
cross_device,0,2,color,-2128,1952,-422,1788587104978544
cross_device,0,2,color,-2128,1932,-434,1788587105011869
cross_device,0,2,color,-2128,1913,-329,1788587105045243
cross_device,0,2,color,-3802,221,-1922,1788587105078730
cross_device,0,2,color,-2136,1867,-283,1788587105112017
cross_device,0,2,color,-2136,1849,-256,1788587105145324
cross_device,0,2,color,-2136,1828,-338,1788587105178609
cross_device,0,2,color,-2136,1809,-542,1788587105211767
cross_device,0,2,color,-2137,1790,-392,1788587105245220
cross_device,0,2,color,-2137,1771,-360,1788587105278451
cross_device,0,2,color,-2138,1753,-209,1788587105311907
cross_device,0,2,color,-2138,1735,129,1788587105345455
cross_device,0,2,color,-2138,1719,-122,1788587105378681
cross_device,0,2,color,-2138,1702,-354,1788587105411922
cross_device,0,2,color,-2138,1684,-97,1788587105445378
cross_device,0,2,color,-2138,1668,-229,1788587105478578
cross_device,0,2,color,-2139,1651,-324,1788587105512075
cross_device,0,2,color,-2139,1633,-289,1788587105545229
cross_device,0,2,color,-2140,1616,-225,1788587105578578
cross_device,0,2,color,-2140,1598,-198,1788587105611930
cross_device,0,2,color,-2140,1581,-267,1788587105645225
cross_device,0,2,color,-2140,1564,-283,1788587105678708
cross_device,0,2,color,-2141,1547,-260,1788587105712066
cross_device,0,2,color,-2141,1531,-225,1788587105745437
cross_device,0,2,color,-2141,1515,-394,1788587105778557
cross_device,0,2,color,-2141,1498,-283,1788587105812012
cross_device,0,2,color,-2142,1480,-209,1788587105845248
cross_device,0,2,color,-2143,1464,-243,1788587105878571
cross_device,0,2,color,-2143,1447,-298,1788587105912013
cross_device,0,2,color,-2143,1434,-206,1788587105945252
cross_device,0,2,color,-2144,1417,-199,1788587105978584
cross_device,0,2,color,-2143,1401,-583,1788587106011782
cross_device,0,2,color,-2143,1383,-437,1788587106045241
cross_device,0,2,color,-2144,1365,-504,1788587106078454
cross_device,0,2,color,-2145,1350,-358,1788587106111905
cross_device,0,2,color,-2145,1334,-442,1788587106145422
cross_device,0,2,color,-2144,1320,-245,1788587106178732
cross_device,0,2,color,-2145,1304,-367,1788587106211896
cross_device,0,2,color,-2145,1286,-279,1788587106245378
cross_device,0,2,color,-2145,1274,-229,1788587106278764
cross_device,0,2,color,-2146,1258,-91,1788587106312076
cross_device,0,2,color,-2146,1245,-306,1788587106345567
cross_device,0,2,color,-2147,1230,-119,1788587106378705
cross_device,0,2,color,-2147,1216,-108,1788587106412037
cross_device,0,2,color,-2147,1200,-409,1788587106445230
cross_device,0,2,color,-2147,1188,-354,1788587106478579
cross_device,0,2,color,-2147,1174,-80,1788587106512022
cross_device,0,2,color,-2148,1159,-247,1788587106545427
cross_device,0,2,color,-2148,1146,-245,1788587106578553
cross_device,0,2,color,-2148,1130,-242,1788587106611772
cross_device,0,2,color,-2149,1117,-330,1788587106645437
cross_device,0,2,color,-2149,1104,-138,1788587106678721
cross_device,0,2,color,-2150,1089,-234,1788587106711894
cross_device,0,2,color,-2149,1076,-450,1788587106745251
cross_device,0,2,color,-2150,1062,-108,1788587106778708
cross_device,0,2,color,-2150,1049,-277,1788587106811894
cross_device,0,2,color,-2150,1035,-471,1788587106845221
cross_device,0,2,color,-2151,1020,-368,1788587106878583
cross_device,0,2,color,-2151,1009,-52,1788587106912092
cross_device,0,2,color,-2151,997,-262,1788587106945257
cross_device,0,2,color,-2152,982,-541,1788587106978417
cross_device,0,2,color,-2152,970,-261,1788587107011910
cross_device,0,2,color,-2152,955,-371,1788587107045107
cross_device,0,2,color,-2152,941,-436,1788587107078564
cross_device,0,2,color,-2152,930,-95,1788587107112065
cross_device,0,2,color,-2152,917,-167,1788587107145578
cross_device,0,2,color,-2153,907,-240,1788587107178576
cross_device,0,2,color,-2153,893,-357,1788587107211915
cross_device,0,2,color,-2154,878,-456,1788587107245419
cross_device,0,2,color,-2154,865,-383,1788587107278576
cross_device,0,2,color,-2154,856,-240,1788587107311904
cross_device,0,2,color,-2155,843,-120,1788587107345395
cross_device,0,2,color,-2155,831,-157,1788587107378670
cross_device,0,2,color,-2155,819,-214,1788587107411923
cross_device,0,2,color,-2156,808,-278,1788587107445373
cross_device,0,2,color,-2155,796,-141,1788587107478701
cross_device,0,2,color,-2156,784,-287,1788587107511878
cross_device,0,2,color,-2156,774,-112,1788587107545388
cross_device,0,2,color,-2157,760,-507,1788587107578450
cross_device,0,2,color,-2157,748,-295,1788587107611888
cross_device,0,2,color,-2158,737,-403,1788587107645095
cross_device,0,2,color,-2157,726,-143,1788587107678721
cross_device,0,2,color,-2157,718,-114,1788587107712032
cross_device,0,2,color,-2157,708,-139,1788587107745380
cross_device,0,2,color,-2159,695,-253,1788587107778749
cross_device,0,2,color,-2159,685,-312,1788587107812044
cross_device,0,2,color,-2159,671,-362,1788587107845230
cross_device,0,2,color,-2159,660,-392,1788587107878546
cross_device,0,2,color,-2160,648,-297,1788587107912095
cross_device,0,2,color,-2159,639,-251,1788587107945249
cross_device,0,2,color,-2160,630,-102,1788587107978559
cross_device,0,2,color,-2160,618,-406,1788587108011896
cross_device,0,2,color,-2160,607,-378,1788587108045256
cross_device,0,2,color,-2161,596,-210,1788587108078449
cross_device,0,2,color,-2161,585,-573,1788587108111766
cross_device,0,2,color,-2161,573,-154,1788587108145557
cross_device,0,2,color,-2162,566,-82,1788587108178750
cross_device,0,2,color,-2162,555,-330,1788587108211774
cross_device,0,2,color,-2163,544,-217,1788587108245385
cross_device,0,2,color,-2163,534,-261,1788587108278564
cross_device,0,2,color,-2163,525,-300,1788587108312064
cross_device,0,2,color,-2163,515,-299,1788587108345218
cross_device,0,2,color,-2163,505,-260,1788587108378550
cross_device,0,2,color,-2163,496,-221,1788587108412081
cross_device,0,2,color,-2164,487,-84,1788587108445451
cross_device,0,2,color,-2164,478,-228,1788587108478705
cross_device,0,2,color,-2165,469,-85,1788587108512040
cross_device,0,2,color,-2165,459,-227,1788587108545389
cross_device,0,2,color,-2165,451,-151,1788587108578692
cross_device,0,2,color,-2165,444,-35,1788587108612138
cross_device,0,2,color,-2165,438,-92,1788587108645375
cross_device,0,2,color,-2166,425,-440,1788587108678589
cross_device,0,2,color,-2166,417,-172,1788587108711998
cross_device,0,2,color,-2167,406,-322,1788587108745433
cross_device,0,2,color,-2167,397,-308,1788587108778691
cross_device,0,2,color,-2167,388,-268,1788587108812037
cross_device,0,2,color,-2167,380,-333,1788587108845369
cross_device,0,2,color,-2168,371,-259,1788587108878582
cross_device,0,2,color,-2168,361,-127,1788587108912019
cross_device,0,2,color,-2168,353,-438,1788587108945247
cross_device,0,2,color,-2168,343,-174,1788587108978803
cross_device,0,2,color,-2169,334,-363,1788587109011895
cross_device,0,2,color,-2169,327,-360,1788587109045281
cross_device,0,2,color,-2169,318,-256,1788587109078553
cross_device,0,2,color,-2169,307,-411,1788587109111756
cross_device,0,2,color,-2170,299,-335,1788587109145389
cross_device,0,2,color,-2170,291,-362,1788587109178571
cross_device,0,2,color,-2171,278,-368,1788587109211897
cross_device,0,2,color,-2170,272,-448,1788587109245428
cross_device,0,2,color,-2170,262,-382,1788587109278586
cross_device,0,2,color,-2171,254,-410,1788587109311905
cross_device,0,2,color,-2171,246,-269,1788587109345379
cross_device,0,2,color,-2172,236,-347,1788587109378670
cross_device,0,2,color,-2172,229,-93,1788587109412041
cross_device,0,2,color,-2173,221,-148,1788587109445354
cross_device,0,2,color,-2172,215,-258,1788587109478708
cross_device,0,2,color,-2172,207,-314,1788587109512002
cross_device,0,2,color,-2174,197,-245,1788587109545374
cross_device,0,2,color,-2174,190,-573,1788587109578423
cross_device,0,2,color,-2174,182,-282,1788587109612299
cross_device,0,2,color,-2174,173,-391,1788587109645101
cross_device,0,2,color,-2175,164,-370,1788587109678455
cross_device,0,2,color,-2175,159,-109,1788587109712249
cross_device,0,2,color,-2175,150,-185,1788587109745353
cross_device,0,2,color,-2175,143,-459,1788587109778550
cross_device,0,2,color,-2176,136,-396,1788587109811896
cross_device,0,2,color,-2176,127,-254,1788587109845259
cross_device,0,2,color,-2176,119,-600,1788587109878434
cross_device,0,2,color,-2176,111,-488,1788587109911886
cross_device,0,2,color,-2177,101,-248,1788587109945388
cross_device,0,2,color,-2177,94,-403,1788587109978558
cross_device,0,2,color,-2177,88,-182,1788587110011999
cross_device,0,2,color,-2177,81,-296,1788587110045231
cross_device,0,2,color,-2178,73,-373,1788587110078843
cross_device,0,2,color,-2178,65,-410,1788587110111901
cross_device,0,2,color,-2178,57,-373,1788587110145117
cross_device,0,2,color,-2178,51,-253,1788587110178559
cross_device,0,2,color,-2179,44,-231,1788587110211801
cross_device,0,2,color,-2179,38,-208,1788587110245257
cross_device,0,2,color,-2179,30,-353,1788587110278691
cross_device,0,2,color,-2180,22,-489,1788587110311885
cross_device,0,2,color,-2180,16,-411,1788587110345235
cross_device,0,2,color,-2180,7,-383,1788587110378573
cross_device,0,2,color,-2181,-1,-368,1788587110411754
cross_device,0,2,color,-2181,-6,-395,1788587110445229
cross_device,0,2,color,-2181,-12,-354,1788587110478591
cross_device,0,2,color,-2181,-20,-361,1788587110511912
cross_device,0,2,color,-2182,-28,-457,1788587110545412
cross_device,0,2,color,-2182,-36,-510,1788587110578433
cross_device,0,2,color,-2182,-43,-381,1788587110611931
cross_device,0,2,color,-2182,-48,-408,1788587110645103
cross_device,0,2,color,-2183,-56,-407,1788587110678432
cross_device,0,2,color,-2183,-63,-202,1788587110711916
cross_device,0,2,color,-2183,-69,-339,1788587110745450
cross_device,0,2,color,-2183,-74,-325,1788587110778588
cross_device,0,2,color,-2183,-81,-403,1788587110811937
cross_device,0,2,color,-2185,-89,-417,1788587110845240
cross_device,0,2,color,-2184,-96,-382,1788587110878614
cross_device,0,2,color,-2184,-102,-337,1788587110911911
cross_device,0,2,color,-2185,-109,-313,1788587110945264
cross_device,0,2,color,-2185,-116,-522,1788587110978426
cross_device,0,2,color,-2185,-121,-456,1788587111011811
cross_device,0,2,color,-2186,-126,-83,1788587111045279
cross_device,0,2,color,-2186,-132,-209,1788587111078594
cross_device,0,2,color,-2186,-138,-385,1788587111111885
cross_device,0,2,color,-2186,-144,-480,1788587111145263
cross_device,0,2,color,-2187,-153,-549,1788587111178425
cross_device,0,2,color,-2187,-159,-547,1788587111211757
cross_device,0,2,color,-2187,-164,-551,1788587111245248
cross_device,0,2,color,-2188,-174,-496,1788587111278766
cross_device,0,2,color,-2188,-177,-308,1788587111312031
cross_device,0,2,color,-2188,-184,-431,1788587111345233
cross_device,0,2,color,-2189,-190,-420,1788587111378594
cross_device,0,2,color,-2189,-197,-347,1788587111411917
cross_device,0,2,color,-2189,-203,-376,1788587111445232
cross_device,0,2,color,-2189,-207,-239,1788587111478737
cross_device,0,2,color,-2190,-212,-180,1788587111512133
cross_device,0,2,color,-2190,-216,-88,1788587111545417
cross_device,0,2,color,-2190,-220,-274,1788587111578673
cross_device,0,2,color,-2191,-228,-247,1788587111611908
cross_device,0,2,color,-2191,-233,-406,1788587111645114
cross_device,0,2,color,-2191,-237,-251,1788587111678563
cross_device,0,2,color,-2192,-241,-98,1788587111712055
cross_device,0,2,color,-2192,-244,-108,1788587111745247
cross_device,0,2,color,-2192,-247,-135,1788587111778701
cross_device,0,2,color,-2193,-253,-267,1788587111812035
cross_device,0,2,color,-2193,-257,-351,1788587111845353
cross_device,0,2,color,-2193,-263,-278,1788587111878742
cross_device,0,2,color,-2193,-267,-239,1788587111912092
cross_device,0,2,color,-2194,-272,-371,1788587111945247
cross_device,0,2,color,-2193,-275,-277,1788587111978534
cross_device,0,2,color,-2194,-280,-283,1788587112012027
cross_device,0,2,color,-2195,-286,-101,1788587112045424
cross_device,0,2,color,-2195,-290,-241,1788587112078563
cross_device,0,2,color,-2195,-293,-131,1788587112112012
cross_device,0,2,color,-2196,-299,-318,1788587112145257
cross_device,0,2,color,-2196,-301,-246,1788587112178576
cross_device,0,2,color,-2196,-308,-241,1788587112211896
cross_device,0,2,color,-2196,-311,-239,1788587112245225
cross_device,0,2,color,-2196,-315,-283,1788587112278764
cross_device,0,2,color,-2196,-319,-181,1788587112312146
cross_device,0,2,color,-2197,-323,-280,1788587112345406
cross_device,0,2,color,-2197,-326,-98,1788587112378897
cross_device,0,2,color,-2198,-332,-194,1788587112412179
cross_device,0,2,color,-2198,-335,-235,1788587112445384
cross_device,0,2,color,-2198,-336,21,1788587112478954
cross_device,0,2,color,-2199,-341,-198,1788587112512069
cross_device,0,2,color,-2198,-344,-260,1788587112545390
cross_device,0,2,color,-2199,-347,-146,1788587112578786
cross_device,0,2,color,-2199,-349,-59,1788587112612079
cross_device,0,2,color,-2200,-354,-232,1788587112645252
cross_device,0,2,color,-2200,-359,-530,1788587112678734
cross_device,0,2,color,-2200,-362,-92,1788587112712071
cross_device,0,2,color,-2201,-365,28,1788587112745358
cross_device,0,2,color,-2200,-371,-522,1788587112778557
cross_device,0,2,color,-2201,-374,-314,1788587112811898
cross_device,0,2,color,-2201,-379,-185,1788587112845464
cross_device,0,2,color,-2201,-382,-327,1788587112878685
cross_device,0,2,color,-2202,-386,-182,1788587112912137
cross_device,0,2,color,-2202,-389,-228,1788587112945261
cross_device,0,2,color,-2202,-395,-533,1788587112978414
cross_device,0,2,color,-2202,-396,-77,1788587113012085
cross_device,0,2,color,-2202,-401,-295,1788587113045375
cross_device,0,2,color,-2203,-406,-139,1788587113078708
cross_device,0,2,color,-2203,-407,-127,1788587113112034
cross_device,0,2,color,-2204,-414,-458,1788587113145233
cross_device,0,2,color,-2204,-418,-548,1788587113178461
cross_device,0,2,color,-2204,-423,-592,1788587113211780
cross_device,0,2,color,-2205,-428,-198,1788587113245249
cross_device,0,2,color,-2205,-430,-201,1788587113278593
cross_device,0,2,color,-2205,-435,-335,1788587113311905
cross_device,0,2,color,-2205,-436,-81,1788587113345442
cross_device,0,2,color,-2206,-442,-226,1788587113378762
cross_device,0,2,color,-2206,-445,-250,1788587113412072
cross_device,0,2,color,-2206,-448,-292,1788587113445229
cross_device,0,2,color,-2207,-453,-396,1788587113478566
cross_device,0,2,color,-2206,-456,-361,1788587113511909
cross_device,0,2,color,-2207,-460,-231,1788587113545399
cross_device,0,2,color,-2207,-462,-216,1788587113578716
cross_device,0,2,color,-2207,-466,-305,1788587113612015
cross_device,0,2,color,-2208,-471,-274,1788587113645368
cross_device,0,2,color,-2208,-473,-353,1788587113678592
cross_device,0,2,color,-2208,-476,-341,1788587113711802
cross_device,0,2,color,-2208,-479,-199,1788587113745290
cross_device,0,2,color,-2209,-484,-211,1788587113778568
cross_device,0,2,color,-2209,-484,21,1788587113812166
cross_device,0,2,color,-2209,-487,-71,1788587113845415
cross_device,0,2,color,-2209,-489,-261,1788587113878714
cross_device,0,2,color,-2210,-495,-442,1788587113911878
cross_device,0,2,color,-2210,-497,-221,1788587113945416
cross_device,0,2,color,-2210,-501,-363,1788587113978570
cross_device,0,2,color,-2211,-506,-242,1788587114012083
cross_device,0,2,color,-2212,-510,-252,1788587114045372
cross_device,0,2,color,-2212,-513,-212,1788587114078769
cross_device,0,2,color,-2212,-517,-391,1788587114111876
cross_device,0,2,color,-2212,-522,-536,1788587114145222
cross_device,0,2,color,-2212,-525,-392,1788587114178560
cross_device,0,2,color,-2212,-529,-407,1788587114211907
cross_device,0,2,color,-2212,-533,-422,1788587114245256
cross_device,0,2,color,-2213,-538,-254,1788587114278733
cross_device,0,2,color,-2214,-543,-229,1788587114312083
cross_device,0,2,color,-2214,-546,-420,1788587114345250
cross_device,0,2,color,-2214,-548,-269,1788587114378680
cross_device,0,2,color,-2214,-551,-380,1788587114411915
cross_device,0,2,color,-2215,-557,-371,1788587114445239
cross_device,0,2,color,-2215,-562,-381,1788587114478767
cross_device,0,2,color,-2216,-566,-492,1788587114511763
cross_device,0,2,color,-2216,-570,-298,1788587114545232
cross_device,0,2,color,-2215,-572,-385,1788587114578591
cross_device,0,2,color,-2216,-573,-97,1788587114612054
cross_device,0,2,color,-2217,-578,-271,1788587114645233
cross_device,0,2,color,-2217,-580,-248,1788587114678725
cross_device,0,2,color,-2217,-584,-272,1788587114711892
cross_device,0,2,color,-2217,-587,-351,1788587114745256
cross_device,0,2,color,-2218,-592,-383,1788587114778419
cross_device,0,2,color,-2217,-594,-414,1788587114811755
cross_device,0,2,color,-2217,-595,-316,1788587114845418
cross_device,0,2,color,-2218,-600,-226,1788587114878757
cross_device,0,2,color,-2219,-602,-188,1788587114912207
cross_device,0,2,color,-544,1069,1113,1788587114945101
cross_device,0,2,color,-2211,-603,-410,1788587114978573
cross_device,0,2,color,-2212,-606,-207,1788587115012123
cross_device,0,2,color,-2212,-606,1,1788587115045365
cross_device,0,2,color,-2213,-609,-217,1788587115078715
cross_device,0,2,color,-2213,-612,-152,1788587115112124
cross_device,0,2,color,-2213,-613,-233,1788587115145374
cross_device,0,2,color,-2213,-618,-314,1788587115178738
cross_device,0,2,color,-2214,-621,-539,1788587115211771
cross_device,0,2,color,-2214,-626,-503,1788587115245428
cross_device,0,2,color,-2214,-631,-512,1788587115278444
cross_device,0,2,color,-2214,-634,-424,1788587115311874
cross_device,0,2,color,-2214,-635,-209,1788587115345438
cross_device,0,2,color,-2215,-637,-146,1788587115378820
cross_device,0,2,color,-2215,-641,-276,1788587115412051
cross_device,0,2,color,-2216,-644,-237,1788587115445256
cross_device,0,2,color,-2216,-645,-256,1788587115478709
cross_device,0,2,color,-2216,-648,-328,1788587115512074
cross_device,0,2,color,-2216,-651,-305,1788587115545429
cross_device,0,2,color,-2217,-655,-238,1788587115578722
cross_device,0,2,color,-2217,-655,-253,1788587115612107
cross_device,0,2,color,-2217,-658,-140,1788587115645364
cross_device,0,2,color,-2218,-660,-365,1788587115678594
cross_device,0,2,color,-2218,-665,-256,1788587115711913
cross_device,0,2,color,-2218,-666,-232,1788587115745453
cross_device,0,2,color,-2218,-666,-145,1788587115778673
cross_device,0,2,color,-2218,-668,-254,1788587115811893
cross_device,0,2,color,-2219,-670,-97,1788587115845260
cross_device,0,2,color,-2220,-673,-92,1788587115878584
cross_device,0,2,color,-2220,-673,-286,1788587115912073
cross_device,0,2,color,-2220,-678,-450,1788587115945246
cross_device,0,2,color,-2220,-681,-431,1788587115978548
cross_device,0,2,color,-2221,-686,-425,1788587116011912
cross_device,0,2,color,-2220,-689,-521,1788587116045107
cross_device,0,2,color,-2221,-691,-255,1788587116078546
cross_device,0,2,color,-2221,-693,-402,1788587116111873
cross_device,0,2,color,-2221,-698,-531,1788587116145110
cross_device,0,2,color,-2221,-699,-488,1788587116178443
cross_device,0,2,color,-2222,-705,-369,1788587116211779
cross_device,0,2,color,-2222,-709,-446,1788587116245226
cross_device,0,2,color,-2223,-708,-102,1788587116278712
cross_device,0,2,color,-2223,-713,-497,1788587116311768
cross_device,0,2,color,-2223,-715,-412,1788587116345224
cross_device,0,2,color,-2224,-718,-227,1788587116378751
cross_device,0,2,color,-2224,-722,-403,1788587116411922
cross_device,0,2,color,-2224,-722,-365,1788587116445247
cross_device,0,2,color,-2224,-726,-281,1788587116478699
cross_device,0,2,color,-2225,-731,-555,1788587116511756
cross_device,0,2,color,-2225,-730,-217,1788587116545396
cross_device,0,2,color,-2225,-733,-254,1788587116578685
cross_device,0,2,color,-2225,-736,-399,1788587116611893
cross_device,0,2,color,-2226,-740,-392,1788587116645237
cross_device,0,2,color,-2226,-741,-482,1788587116678447
cross_device,0,2,color,-2226,-745,-348,1788587116711760
cross_device,0,2,color,-2226,-745,-237,1788587116745243
cross_device,0,2,color,-2227,-750,-499,1788587116778438
cross_device,0,2,color,-2227,-750,-192,1788587116811922
cross_device,0,2,color,-2227,-753,-362,1788587116845099
cross_device,0,2,color,-2228,-755,-173,1788587116878684
cross_device,0,2,color,-2228,-756,-85,1788587116912072
cross_device,0,2,color,-2228,-758,-391,1788587116945275
cross_device,0,2,color,-2229,-760,-425,1788587116978560
cross_device,0,2,color,-2229,-765,-439,1788587117011888
cross_device,0,2,color,-2229,-766,-446,1788587117045230
cross_device,0,2,color,-2229,-770,-446,1788587117078456
cross_device,0,2,color,-2230,-775,-568,1788587117111894
cross_device,0,2,color,-2229,-774,-381,1788587117145230
cross_device,0,2,color,-2230,-776,-196,1788587117178702
cross_device,0,2,color,-2231,-780,-482,1788587117211783
cross_device,0,2,color,-2231,-783,-492,1788587117245125
cross_device,0,2,color,-2231,-786,-385,1788587117278578
cross_device,0,2,color,-2231,-789,-506,1788587117311763
cross_device,0,2,color,-2231,-789,-234,1788587117345423
cross_device,0,2,color,-2232,-793,-264,1788587117378734
cross_device,0,2,color,-2232,-794,-250,1788587117412020
cross_device,0,2,color,-2233,-795,-66,1788587117445391
cross_device,0,2,color,-2232,-797,-543,1788587117478441
cross_device,0,2,color,-2233,-797,-247,1788587117512092
cross_device,0,2,color,-2233,-799,-201,1788587117545276
cross_device,0,2,color,-2233,-802,-354,1788587117578570
cross_device,0,2,color,-2234,-803,-235,1788587117612105
cross_device,0,2,color,-2234,-803,-223,1788587117645389
cross_device,0,2,color,-2234,-805,-267,1788587117678691
cross_device,0,2,color,-2234,-807,-359,1788587117711913
cross_device,0,2,color,-2235,-809,-120,1788587117745391
cross_device,0,2,color,-2235,-810,-375,1788587117778591
cross_device,0,2,color,-2235,-812,-292,1788587117812063
cross_device,0,2,color,-2236,-814,-361,1788587117845112
cross_device,0,2,color,-2236,-817,-378,1788587117878446
cross_device,0,2,color,-2236,-815,22,1788587117912217
cross_device,0,2,color,-2237,-818,-385,1788587117945120
cross_device,0,2,color,-2235,-819,-572,1788587117978419
cross_device,0,2,color,-2237,-822,-307,1788587118012095
cross_device,0,2,color,-2237,-825,-259,1788587118045384
cross_device,0,2,color,-2234,-822,-407,1788587118078557
cross_device,0,2,color,-2238,-828,-272,1788587118112033
cross_device,0,2,color,-2238,-829,-189,1788587118145282
cross_device,0,2,color,-2232,-824,-236,1788587118178747
cross_device,0,2,color,-2239,-833,-408,1788587118211912
cross_device,0,2,color,-2239,-833,-232,1788587118245266
cross_device,0,2,color,-2231,-826,-251,1788587118278588
cross_device,0,2,color,-2239,-835,-188,1788587118311915
cross_device,0,2,color,-2240,-838,-417,1788587118345239
cross_device,0,2,color,-2231,-828,-290,1788587118378744
cross_device,0,2,color,-2241,-840,-241,1788587118412097
cross_device,0,2,color,-2240,-841,-252,1788587118445594
cross_device,0,2,color,-2241,-842,-167,1788587118478801
cross_device,0,2,color,-2241,-842,-242,1788587118512083
cross_device,0,2,color,-2241,-844,-196,1788587118545440
cross_device,0,2,color,-2242,-845,-298,1788587118578755
cross_device,0,2,color,-2242,-846,-373,1788587118611923
cross_device,0,2,color,-2243,-849,-256,1788587118645381
cross_device,0,2,color,-2242,-849,-247,1788587118678758
cross_device,0,2,color,-2243,-851,-397,1788587118711908
cross_device,0,2,color,-2243,-853,-256,1788587118745421
cross_device,1,2,color,-2298,-131,-1015,1788587088778549
cross_device,1,2,color,-2298,-133,-44,1788587088811964
cross_device,1,2,color,-2298,-134,-349,1788587088845118
cross_device,1,2,color,-2298,-137,-267,1788587088878596
cross_device,1,2,color,-2299,-141,-202,1788587088911919
cross_device,1,2,color,-2299,-143,-386,1788587088945266
cross_device,1,2,color,-2299,-145,-261,1788587088978431
cross_device,1,2,color,-2299,-149,-104,1788587089011909
cross_device,1,2,color,-2299,-149,-373,1788587089045134
cross_device,1,2,color,-2300,-153,-210,1788587089078470
cross_device,1,2,color,-2300,-155,-61,1788587089111933
cross_device,1,2,color,-2300,101,-362,1788587089145163
cross_device,1,2,color,-2300,100,-359,1788587089178443
cross_device,1,2,color,-2301,97,-251,1788587089211778
cross_device,1,2,color,-2301,97,-365,1788587089245447
cross_device,1,2,color,-2300,97,-238,1788587089278576
cross_device,1,2,color,-2301,93,-53,1788587089312077
cross_device,1,2,color,-2301,94,-428,1788587089345262
cross_device,1,2,color,-2301,92,-216,1788587089378593
cross_device,1,2,color,-2301,90,-272,1788587089412048
cross_device,1,2,color,-2302,90,-628,1788587089445248
cross_device,1,2,color,-2302,88,-372,1788587089478586
cross_device,1,2,color,-2302,88,-460,1788587089512077
cross_device,1,2,color,-2302,87,-298,1788587089545422
cross_device,1,2,color,-2302,86,-271,1788587089578692
cross_device,1,2,color,-2302,85,-335,1788587089611801
cross_device,1,2,color,-2303,82,-478,1788587089645147
cross_device,1,2,color,-2303,81,-536,1788587089678465
cross_device,1,2,color,-2304,80,-531,1788587089711774
cross_device,1,2,color,-2304,78,-608,1788587089745271
cross_device,1,2,color,-2303,79,-256,1788587089778701
cross_device,1,2,color,-2304,-246,-384,1788587089811782
cross_device,1,2,color,-2305,-250,-101,1788587089845432
cross_device,1,2,color,-2304,-250,-493,1788587089878589
cross_device,1,2,color,-2305,-252,-357,1788587089911808
cross_device,1,2,color,-2305,-254,-411,1788587089945135
cross_device,1,2,color,-2306,-256,-394,1788587089978580
cross_device,1,2,color,-2305,-258,-405,1788587090011787
cross_device,1,2,color,-2305,-258,-398,1788587090045236
cross_device,1,2,color,-2305,-262,-372,1788587090078448
cross_device,1,2,color,-2306,-263,-363,1788587090111789
cross_device,1,2,color,-2306,209,-205,1788587090145287
cross_device,1,2,color,-2306,207,-365,1788587090178856
cross_device,1,2,color,-2306,206,-321,1788587090211805
cross_device,1,2,color,-2307,206,-455,1788587090245431
cross_device,1,2,color,-2307,206,-320,1788587090278568
cross_device,1,2,color,-2307,205,-575,1788587090311792
cross_device,1,2,color,-2307,204,-377,1788587090345275
cross_device,1,2,color,-2300,210,-599,1788587090378435
cross_device,1,2,color,-2300,210,-547,1788587090411785
cross_device,1,2,color,-2301,209,-244,1788587090445253
cross_device,1,2,color,-2301,207,-494,1788587090478472
cross_device,1,2,color,-2301,207,-507,1788587090511807
cross_device,1,2,color,-2301,206,-364,1788587090545287
cross_device,1,2,color,-2301,205,-401,1788587090578581
cross_device,1,2,color,-2301,205,-377,1788587090611933
cross_device,1,2,color,-2302,203,-478,1788587090645135
cross_device,1,2,color,-2302,203,-540,1788587090678437
cross_device,1,2,color,-2303,201,-535,1788587090711766
cross_device,1,2,color,-2302,202,-380,1788587090745135
cross_device,1,2,color,-2302,201,-451,1788587090778593
cross_device,1,2,color,-2303,-38,-266,1788587090811910
cross_device,1,2,color,-2303,-39,-239,1788587090845258
cross_device,1,2,color,-2303,-40,-436,1788587090878607
cross_device,1,2,color,-2303,-42,-270,1788587090911938
cross_device,1,2,color,-2303,-43,-389,1788587090945126
cross_device,1,2,color,-2304,-47,-390,1788587090978572
cross_device,1,2,color,-2304,-46,-357,1788587091011798
cross_device,1,2,color,-2304,-49,-100,1788587091045245
cross_device,1,2,color,-2305,-51,-352,1788587091078452
cross_device,1,2,color,-2305,-53,-402,1788587091111765
cross_device,1,2,color,-2305,63,-367,1788587091145135
cross_device,1,2,color,-2306,61,-295,1788587091178608
cross_device,1,2,color,-2305,63,-221,1788587091211926
cross_device,1,2,color,-2306,61,-569,1788587091245110
cross_device,1,2,color,-2306,61,-144,1788587091278553
cross_device,1,2,color,-2306,59,-96,1788587091312049
cross_device,1,2,color,-2307,57,-546,1788587091345143
cross_device,1,2,color,-2307,57,-586,1788587091378431
cross_device,1,2,color,-2307,58,-518,1788587091412094
cross_device,1,2,color,-2307,57,-465,1788587091445132
cross_device,1,2,color,-2307,57,-521,1788587091478457
cross_device,1,2,color,-2307,55,-280,1788587091512019
cross_device,1,2,color,-2308,54,-493,1788587091545120
cross_device,1,2,color,-2308,54,-406,1788587091578549
cross_device,1,2,color,-2308,53,-368,1788587091611909
cross_device,1,2,color,-2308,52,-512,1788587091645108
cross_device,1,2,color,-2308,52,-388,1788587091678452
cross_device,1,2,color,-2308,51,-569,1788587091711747
cross_device,1,2,color,-2309,50,-538,1788587091745107
cross_device,1,2,color,-2309,49,-91,1788587091778577
cross_device,1,2,color,-2309,124,-203,1788587091811921
cross_device,1,2,color,-2309,124,-382,1788587091845265
cross_device,1,2,color,-2309,122,-265,1788587091878757
cross_device,1,2,color,-2310,122,-426,1788587091911888
cross_device,1,2,color,-2310,120,-401,1788587091945124
cross_device,1,2,color,-2310,118,-248,1788587091978569
cross_device,1,2,color,-2310,118,-290,1788587092011897
cross_device,1,2,color,-2310,115,-369,1788587092045278
cross_device,1,2,color,-2311,115,-120,1788587092078731
cross_device,1,2,color,-2311,113,-289,1788587092112077
cross_device,1,2,color,-2312,-133,-350,1788587092145265
cross_device,1,2,color,-2311,-133,-400,1788587092178437
cross_device,1,2,color,-2312,-135,-400,1788587092211749
cross_device,1,2,color,-2312,-137,-395,1788587092245105
cross_device,1,2,color,-2312,-139,-223,1788587092278434
cross_device,1,2,color,-2312,-140,-316,1788587092311799
cross_device,1,2,color,-2312,-141,-250,1788587092345267
cross_device,1,2,color,-2313,-145,-349,1788587092378681
cross_device,1,2,color,-2313,-144,-578,1788587092411767
cross_device,1,2,color,-2313,-146,-325,1788587092445275
cross_device,1,2,color,-2313,-149,-163,1788587092478684
cross_device,1,2,color,-2314,-150,-152,1788587092512040
cross_device,1,2,color,-2313,-150,-230,1788587092545398
cross_device,1,2,color,-2314,-154,-334,1788587092578603
cross_device,1,2,color,-2314,-155,-540,1788587092611768
cross_device,1,2,color,-2314,-156,-437,1788587092645088
cross_device,1,2,color,-2315,-159,-250,1788587092678571
cross_device,1,2,color,-2314,-159,-395,1788587092711777
cross_device,1,2,color,-2315,-160,-421,1788587092745270
cross_device,1,2,color,-2315,-162,-292,1788587092778970
cross_device,1,2,color,-2315,-219,-369,1788587092812074
cross_device,1,2,color,-2316,-220,-241,1788587092845380
cross_device,1,2,color,-2316,-220,-399,1788587092878578
cross_device,1,2,color,-2316,-220,-380,1788587092912118
cross_device,1,2,color,-2316,-222,-140,1788587092945383
cross_device,1,2,color,-2317,-224,-236,1788587092978593
cross_device,1,2,color,-2316,-224,-291,1788587093011891
cross_device,1,2,color,-2317,-224,-276,1788587093045388
cross_device,1,2,color,-2317,-226,-110,1788587093078713
cross_device,1,2,color,-2317,-225,-121,1788587093112026
cross_device,1,2,color,-2318,-383,238,1788587093145767
cross_device,1,2,color,-2318,-383,43,1788587093178716
cross_device,1,2,color,-2318,-384,-598,1788587093211770
cross_device,1,2,color,-2318,-384,-90,1788587093245445
cross_device,1,2,color,-2319,-384,-651,1788587093278455
cross_device,1,2,color,-2319,-386,-239,1788587093311898
cross_device,1,2,color,-2319,-386,-34,1788587093345474
cross_device,1,2,color,-2319,-386,-304,1788587093378708
cross_device,1,2,color,-2319,-386,-542,1788587093412076
cross_device,1,2,color,-2320,-386,-399,1788587093445251
cross_device,1,2,color,-2319,-386,-492,1788587093478472
cross_device,1,2,color,-2319,-387,-381,1788587093511928
cross_device,1,2,color,-2320,-387,-375,1788587093545263
cross_device,1,2,color,-2320,-387,-528,1788587093578446
cross_device,1,2,color,-2320,-389,-534,1788587093611788
cross_device,1,2,color,-2321,-389,-508,1788587093645138
cross_device,1,2,color,-2320,-389,-523,1788587093678600
cross_device,1,2,color,-2321,-389,-391,1788587093711752
cross_device,1,2,color,-2321,-390,-511,1788587093745099
cross_device,1,2,color,-2322,-391,-525,1788587093778439
cross_device,1,2,color,-2322,-405,-300,1788587093812093
cross_device,1,2,color,-2322,-406,-446,1788587093845226
cross_device,1,2,color,-2322,-406,-506,1788587093878444
cross_device,1,2,color,-2322,-406,-415,1788587093911883
cross_device,1,2,color,-2323,-407,-527,1788587093945122
cross_device,1,2,color,-2323,-406,-318,1788587093978597
cross_device,1,2,color,-2323,-407,-203,1788587094011916
cross_device,1,2,color,-2323,-408,-279,1788587094045255
cross_device,1,2,color,-2323,-406,-283,1788587094078834
cross_device,1,2,color,-2323,-408,-410,1788587094112088
cross_device,1,2,color,-2324,-409,-262,1788587094145246
cross_device,1,2,color,-2323,-407,-350,1788587094178823
cross_device,1,2,color,-2324,-406,-424,1788587094211881
cross_device,1,2,color,-2324,-408,-337,1788587094245447
cross_device,1,2,color,-2324,-406,-328,1788587094278454
cross_device,1,2,color,-2324,-406,-536,1788587094311796
cross_device,1,2,color,-2325,-410,10,1788587094345385
cross_device,1,2,color,-2325,-407,-280,1788587094378551
cross_device,1,2,color,-2326,-409,-472,1788587094411930
cross_device,1,2,color,-2326,-409,-535,1788587094445140
cross_device,1,2,color,-2326,-409,-413,1788587094478592
cross_device,1,2,color,-2326,-409,-371,1788587094511931
cross_device,1,2,color,-2326,-410,-511,1788587094545135
cross_device,1,2,color,-2327,-410,-425,1788587094578576
cross_device,1,2,color,-2327,-411,-654,1788587094612099
cross_device,1,2,color,-2326,-410,-480,1788587094645154
cross_device,1,2,color,-2327,-411,-355,1788587094678604
cross_device,1,2,color,-2328,-411,-498,1788587094711805
cross_device,1,2,color,-2327,-409,-114,1788587094745272
cross_device,1,2,color,-2328,-411,-522,1788587094778453
cross_device,1,2,color,-2328,-411,-525,1788587094811801
cross_device,1,2,color,-2328,-412,-370,1788587094845280
cross_device,1,2,color,-2329,-412,-401,1788587094878571
cross_device,1,2,color,-2328,-411,-517,1788587094911797
cross_device,1,2,color,-2329,-412,-356,1788587094945271
cross_device,1,2,color,-2329,-412,-324,1788587094978696
cross_device,1,2,color,-2329,-411,-591,1788587095011774
cross_device,1,2,color,-2329,-412,-252,1788587095045272
cross_device,1,2,color,-2330,-414,-333,1788587095078462
cross_device,1,2,color,-2329,-411,-511,1788587095111795
cross_device,1,2,color,-2330,-414,-247,1788587095145448
cross_device,1,2,color,-2330,-413,-465,1788587095178478
cross_device,1,2,color,-2330,-412,-371,1788587095211788
cross_device,1,2,color,-2331,-414,-399,1788587095245279
cross_device,1,2,color,-2331,-413,-393,1788587095278452
cross_device,1,2,color,-2331,-413,-377,1788587095311769
cross_device,1,2,color,-2331,-414,-331,1788587095345126
cross_device,1,2,color,-2331,-412,-260,1788587095378575
cross_device,1,2,color,-2332,-415,-465,1788587095411917
cross_device,1,2,color,-2332,-414,-587,1788587095445120
cross_device,1,2,color,-2331,-413,-524,1788587095478434
cross_device,1,2,color,-2332,-413,-433,1788587095511895
cross_device,1,2,color,-2332,-413,-512,1788587095545117
cross_device,1,2,color,-2332,-414,-493,1788587095578452
cross_device,1,2,color,-2332,-274,-515,1788587095611794
cross_device,1,2,color,-2333,-135,-500,1788587095645135
cross_device,1,2,color,-2333,3,-333,1788587095678726
cross_device,1,2,color,-2334,139,-417,1788587095711899
cross_device,1,2,color,-2333,278,-527,1788587095745131
cross_device,1,2,color,-2334,410,-406,1788587095778734
cross_device,1,2,color,-2334,546,-529,1788587095811790
cross_device,1,2,color,-2334,679,-361,1788587095845267
cross_device,1,2,color,-2335,811,-257,1788587095878708
cross_device,1,2,color,-2334,946,-444,1788587095911896
cross_device,1,2,color,-2334,1075,-428,1788587095945232
cross_device,1,2,color,-2335,1205,-388,1788587095978442
cross_device,1,2,color,-2336,1335,-364,1788587096011939
cross_device,1,2,color,-2335,1463,-394,1788587096045122
cross_device,1,2,color,-2336,1592,-136,1788587096078703
cross_device,1,2,color,-2336,1721,-400,1788587096111785
cross_device,1,2,color,-2336,1846,-602,1788587096145275
cross_device,1,2,color,-2336,1972,-362,1788587096178450
cross_device,1,2,color,-2337,2096,-388,1788587096211795
cross_device,1,2,color,-2337,2221,-398,1788587096245106
cross_device,1,2,color,-2337,2344,-397,1788587096278463
cross_device,1,2,color,-2337,2467,-151,1788587096312153
cross_device,1,2,color,-2337,2588,-394,1788587096345142
cross_device,1,2,color,-2338,2708,-284,1788587096378551
cross_device,1,2,color,-2337,2829,-580,1788587096411925
cross_device,1,2,color,-2338,2948,-368,1788587096445127
cross_device,1,2,color,-2338,3066,-576,1788587096478452
cross_device,1,2,color,-2338,3182,-459,1788587096511931
cross_device,1,2,color,-2338,3299,-412,1788587096545254
cross_device,1,2,color,-2339,3414,-380,1788587096578579
cross_device,1,2,color,-2339,3528,-348,1788587096611925
cross_device,1,2,color,-2339,3642,-413,1788587096645249
cross_device,1,2,color,-2339,3755,-433,1788587096678582
cross_device,1,2,color,-2339,3869,-373,1788587096711923
cross_device,1,2,color,-2340,3978,-368,1788587096745263
cross_device,1,2,color,-2340,4090,-529,1788587096778434
cross_device,1,2,color,-2340,4201,-551,1788587096811777
cross_device,1,2,color,-2340,4312,-272,1788587096845234
cross_device,1,2,color,-2341,4419,-500,1788587096878443
cross_device,1,2,color,-2341,4527,-570,1788587096911763
cross_device,1,2,color,-2341,4637,-415,1788587096945114
cross_device,1,2,color,-2342,4742,-522,1788587096978440
cross_device,1,2,color,-2342,4849,-359,1788587097011800
cross_device,1,2,color,-2342,4955,-253,1788587097045259
cross_device,1,2,color,-2341,5062,-397,1788587097078445
cross_device,1,2,color,-2342,5167,-267,1788587097111889
cross_device,1,2,color,-2342,5271,-248,1788587097145261
cross_device,1,2,color,-2343,5237,-400,1788587097178423
cross_device,1,2,color,-2342,5206,-570,1788587097211762
cross_device,1,2,color,-2343,5173,-271,1788587097245246
cross_device,1,2,color,-2343,5141,-374,1788587097278448
cross_device,1,2,color,-2344,5107,-692,1788587097311931
cross_device,1,2,color,-2344,5076,-282,1788587097345247
cross_device,1,2,color,-2344,5046,-212,1788587097378457
cross_device,1,2,color,-2344,5013,-464,1788587097411921
cross_device,1,2,color,-2344,4985,-277,1788587097445259
cross_device,1,2,color,-2344,4955,-387,1788587097478587
cross_device,1,2,color,-2344,4923,-461,1788587097511917
cross_device,1,2,color,-2345,4892,-379,1788587097545249
cross_device,1,2,color,-2345,4862,-440,1788587097578546
cross_device,1,2,color,-2345,4833,-258,1788587097611925
cross_device,1,2,color,-2345,4804,-233,1788587097645252
cross_device,1,2,color,-2345,4775,-236,1788587097678605
cross_device,1,2,color,-2346,4747,-391,1788587097711910
cross_device,1,2,color,-2346,4717,-407,1788587097745126
cross_device,1,2,color,-2347,4689,-383,1788587097778435
cross_device,1,2,color,-2347,4658,-393,1788587097811784
cross_device,1,2,color,-2346,4632,-626,1788587097845095
cross_device,1,2,color,-2347,4600,-525,1788587097878452
cross_device,1,2,color,-2347,4571,-533,1788587097911768
cross_device,1,2,color,-2347,4542,-553,1788587097945098
cross_device,1,2,color,-2347,4514,-498,1788587097978442
cross_device,1,2,color,-2348,4486,-361,1788587098011800
cross_device,1,2,color,-2348,4459,-369,1788587098045134
cross_device,1,2,color,-2348,4433,-227,1788587098078609
cross_device,1,2,color,-2349,4404,-368,1788587098111785
cross_device,1,2,color,-2348,4378,-345,1788587098145151
cross_device,1,2,color,-2348,4354,-400,1788587098178601
cross_device,1,2,color,-2349,4326,-185,1788587098211947
cross_device,1,2,color,-2349,4300,-380,1788587098245128
cross_device,1,2,color,-2350,4275,-186,1788587098278596
cross_device,1,2,color,-2350,4249,-223,1788587098311926
cross_device,1,2,color,-2350,4224,-430,1788587098345255
cross_device,1,2,color,-2350,4199,-390,1788587098378440
cross_device,1,2,color,-2350,4173,-359,1788587098411805
cross_device,1,2,color,-2351,4147,-455,1788587098445259
cross_device,1,2,color,-2350,4123,-236,1788587098478587
cross_device,1,2,color,-2351,4097,-565,1788587098511782
cross_device,1,2,color,-2351,4073,-545,1788587098545147
cross_device,1,2,color,-2351,4046,-491,1788587098578471
cross_device,1,2,color,-2351,4022,-494,1788587098611798
cross_device,1,2,color,-2351,3998,-515,1788587098645118
cross_device,1,2,color,-2351,3973,-473,1788587098678459
cross_device,1,2,color,-2352,3947,-463,1788587098711801
cross_device,1,2,color,-2352,3922,-521,1788587098745116
cross_device,1,2,color,-2352,3899,-508,1788587098778446
cross_device,1,2,color,-2353,3874,-523,1788587098811806
cross_device,1,2,color,-2352,3850,-481,1788587098845148
cross_device,1,2,color,-2353,3825,-512,1788587098878454
cross_device,1,2,color,-2353,3800,-540,1788587098911793
cross_device,1,2,color,-2354,3778,-366,1788587098945141
cross_device,1,2,color,-2354,3755,-465,1788587098978472
cross_device,1,2,color,-2354,3730,-524,1788587099011796
cross_device,1,2,color,-2354,3710,-238,1788587099045125
cross_device,1,2,color,-2354,3689,-368,1788587099078464
cross_device,1,2,color,-2355,3664,-486,1788587099111803
cross_device,1,2,color,-2354,3645,-188,1788587099145294
cross_device,1,2,color,-2355,3623,-366,1788587099178466
cross_device,1,2,color,-2355,3600,-551,1788587099211774
cross_device,1,2,color,-2355,3578,-377,1788587099245302
cross_device,1,2,color,-2355,3558,-489,1788587099278464
cross_device,1,2,color,-2356,3536,-464,1788587099311802
cross_device,1,2,color,-2355,3515,-371,1788587099345140
cross_device,1,2,color,-2356,3492,-525,1788587099378452
cross_device,1,2,color,-2356,3472,-349,1788587099411794
cross_device,1,2,color,-2357,3451,-343,1788587099445129
cross_device,1,2,color,-2356,3432,-379,1788587099478445
cross_device,1,2,color,-2357,3410,-367,1788587099511773
cross_device,1,2,color,-2357,3391,-382,1788587099545512
cross_device,1,2,color,-2357,3371,-401,1788587099578580
cross_device,1,2,color,-2358,3348,-528,1788587099611791
cross_device,1,2,color,-2357,3329,-499,1788587099645128
cross_device,1,2,color,-2357,3309,-467,1788587099678461
cross_device,1,2,color,-2358,3287,-507,1788587099711790
cross_device,1,2,color,-2358,3267,-409,1788587099745107
cross_device,1,2,color,-2359,3249,-481,1788587099778454
cross_device,1,2,color,-2359,3227,-312,1788587099811799
cross_device,1,2,color,-2359,3208,-387,1788587099845113
cross_device,1,2,color,-2359,3192,-337,1788587099878460
cross_device,1,2,color,-2357,3176,-344,1788587099911794
cross_device,1,2,color,-2359,3155,-361,1788587099945160
cross_device,1,2,color,-2359,3138,-217,1788587099978452
cross_device,1,2,color,-2356,3123,-476,1788587100011794
cross_device,1,2,color,-2360,3101,-350,1788587100045142
cross_device,1,2,color,-2360,3082,-507,1788587100078472
cross_device,1,2,color,-2355,3069,-353,1788587100111808
cross_device,1,2,color,-2361,3045,-236,1788587100145290
cross_device,1,2,color,-2361,3029,-343,1788587100178461
cross_device,1,2,color,-2355,3019,-324,1788587100211785
cross_device,1,2,color,-2362,2994,-350,1788587100245124
cross_device,1,2,color,-2362,2976,-433,1788587100278485
cross_device,1,2,color,-2352,2970,-346,1788587100311780
cross_device,1,2,color,-2362,2943,-382,1788587100345138
cross_device,1,2,color,-2363,2923,-630,1788587100378447
cross_device,1,2,color,-2363,2904,-453,1788587100411814
cross_device,1,2,color,-2362,2891,-351,1788587100445121
cross_device,1,2,color,-2363,2873,-247,1788587100478436
cross_device,1,2,color,-2363,2859,-303,1788587100511916
cross_device,1,2,color,-2364,2839,-502,1788587100545149
cross_device,1,2,color,-2363,2824,-544,1788587100578458
cross_device,1,2,color,-2364,2805,-485,1788587100611812
cross_device,1,2,color,-2364,2787,-518,1788587100645133
cross_device,1,2,color,-2364,2772,-360,1788587100678443
cross_device,1,2,color,-2365,2755,-479,1788587100711791
cross_device,1,2,color,-2364,2740,-349,1788587100745134
cross_device,1,2,color,-2365,2722,-459,1788587100778469
cross_device,1,2,color,-2365,2707,-370,1788587100811778
cross_device,1,2,color,-2365,2693,-327,1788587100845122
cross_device,1,2,color,-2365,2679,-210,1788587100878469
cross_device,1,2,color,-2366,2661,-651,1788587100911930
cross_device,1,2,color,-2366,2644,-479,1788587100945131
cross_device,1,2,color,-2366,2629,-490,1788587100978447
cross_device,1,2,color,-2366,2615,-539,1788587101011807
cross_device,1,2,color,-2366,2600,-375,1788587101045133
cross_device,1,2,color,-2366,2585,-207,1788587101078473
cross_device,1,2,color,-2366,2572,-380,1788587101111799
cross_device,1,2,color,-2367,2555,-358,1788587101145144
cross_device,1,2,color,-2367,2541,-518,1788587101178442
cross_device,1,2,color,-2368,2526,-349,1788587101211804
cross_device,1,2,color,-2368,2510,-421,1788587101245120
cross_device,1,2,color,-2367,2497,-327,1788587101278480
cross_device,1,2,color,-2368,2485,-211,1788587101311791
cross_device,1,2,color,-2368,2472,-379,1788587101345147
cross_device,1,2,color,-2368,2456,-529,1788587101378459
cross_device,1,2,color,-2369,2441,-578,1788587101411950
cross_device,1,2,color,-2368,2427,-382,1788587101445126
cross_device,1,2,color,-2369,2412,-538,1788587101478455
cross_device,1,2,color,-2369,2398,-337,1788587101511803
cross_device,1,2,color,-2370,2387,-346,1788587101545164
cross_device,1,2,color,-2370,2371,-456,1788587101578578
cross_device,1,2,color,-2369,2359,-534,1788587101611789
cross_device,1,2,color,-2370,2342,-516,1788587101645144
cross_device,1,2,color,-2370,2329,-512,1788587101678461
cross_device,1,2,color,-2370,2317,-346,1788587101711785
cross_device,1,2,color,-2371,2304,-349,1788587101745115
cross_device,1,2,color,-2370,2291,-292,1788587101778472
cross_device,1,2,color,-2371,2278,-450,1788587101811803
cross_device,1,2,color,-2371,2265,-374,1788587101845118
cross_device,1,2,color,-2372,2252,-340,1788587101878449
cross_device,1,2,color,-2372,2241,-352,1788587101911794
cross_device,1,2,color,-2372,2227,-470,1788587101945136
cross_device,1,2,color,-2372,2214,-518,1788587101978436
cross_device,1,2,color,-2372,2203,-453,1788587102011802
cross_device,1,2,color,-2373,2189,-438,1788587102045159
cross_device,1,2,color,-2373,2175,-490,1788587102078477
cross_device,1,2,color,-2373,2162,-528,1788587102111780
cross_device,1,2,color,-2373,2151,-660,1788587102145268
cross_device,1,2,color,-2373,2137,-430,1788587102178492
cross_device,1,2,color,-2374,2124,-427,1788587102211803
cross_device,1,2,color,-2374,2115,-245,1788587102245270
cross_device,1,2,color,-2374,2104,-368,1788587102278465
cross_device,1,2,color,-2374,2091,-507,1788587102311795
cross_device,1,2,color,-2374,2080,-362,1788587102345145
cross_device,1,2,color,-2375,2067,-385,1788587102378449
cross_device,1,2,color,-2375,2056,-371,1788587102411776
cross_device,1,2,color,-2375,2045,-317,1788587102445145
cross_device,1,2,color,-2375,2035,-348,1788587102478484
cross_device,1,2,color,-2375,2025,-220,1788587102511790
cross_device,1,2,color,-2375,2014,-428,1788587102545141
cross_device,1,2,color,-2376,2002,-349,1788587102578463
cross_device,1,2,color,-2376,1990,-571,1788587102611791
cross_device,1,2,color,-2376,1979,-533,1788587102645115
cross_device,1,2,color,-2376,1968,-516,1788587102678463
cross_device,1,2,color,-2376,1955,-553,1788587102711779
cross_device,1,2,color,-2377,1944,-514,1788587102745120
cross_device,1,2,color,-2377,1931,-476,1788587102778450
cross_device,1,2,color,-2378,1921,-425,1788587102811792
cross_device,1,2,color,-2377,1911,-468,1788587102845125
cross_device,1,2,color,-2377,1901,-371,1788587102878419
cross_device,1,2,color,-2378,1890,-412,1788587102911754
cross_device,1,2,color,-2378,1881,-391,1788587102945119
cross_device,1,2,color,-2379,1870,-483,1788587102978445
cross_device,1,2,color,-2378,1860,-384,1788587103011786
cross_device,1,2,color,-2379,1848,-402,1788587103045105
cross_device,1,2,color,-2379,1838,-369,1788587103078465
cross_device,1,2,color,-2379,1830,-389,1788587103111781
cross_device,1,2,color,-2379,1820,-495,1788587103145438
cross_device,1,2,color,-2380,1808,-467,1788587103178451
cross_device,1,2,color,-2379,1800,-374,1788587103211794
cross_device,1,2,color,-2380,1790,-73,1788587103245434
cross_device,1,2,color,-2380,1783,-207,1788587103278581
cross_device,1,2,color,-2380,1773,-374,1788587103311767
cross_device,1,2,color,-2381,1764,-466,1788587103345248
cross_device,1,2,color,-2380,1755,-412,1788587103378422
cross_device,1,2,color,-2381,1744,-365,1788587103411801
cross_device,1,2,color,-2381,1737,-462,1788587103445130
cross_device,1,2,color,-2381,1727,-315,1788587103478592
cross_device,1,2,color,-2381,1717,-383,1788587103511763
cross_device,1,2,color,-2382,1708,-406,1788587103545101
cross_device,1,2,color,-2382,1699,-339,1788587103578589
cross_device,1,2,color,-2382,1692,-182,1788587103611920
cross_device,1,2,color,-2382,1683,-408,1788587103645250
cross_device,1,2,color,-2382,1674,-413,1788587103678565
cross_device,1,2,color,-2383,1664,-362,1788587103711891
cross_device,1,2,color,-2383,1655,-413,1788587103745214
cross_device,1,2,color,-2383,1647,-402,1788587103778570
cross_device,1,2,color,-2383,1638,-396,1788587103811901
cross_device,1,2,color,-2384,1629,-355,1788587103845248
cross_device,1,2,color,-2383,1623,-355,1788587103878569
cross_device,1,2,color,-2384,1614,-213,1788587103911913
cross_device,1,2,color,-2384,1607,-492,1788587103945140
cross_device,1,2,color,-2384,1599,-239,1788587103978576
cross_device,1,2,color,-2385,1592,-518,1788587104011801
cross_device,1,2,color,-2384,1585,-393,1788587104045110
cross_device,1,2,color,-2385,1576,-219,1788587104078588
cross_device,1,2,color,-2385,1570,-333,1788587104111790
cross_device,1,2,color,-2385,1564,-268,1788587104145273
cross_device,1,2,color,-2385,1556,-279,1788587104178549
cross_device,1,2,color,-2386,1549,-240,1788587104211904
cross_device,1,2,color,-2386,1544,-246,1788587104245440
cross_device,1,2,color,-2386,1536,-331,1788587104278465
cross_device,1,2,color,-2386,1530,-341,1788587104311910
cross_device,1,2,color,-2386,1522,-230,1788587104345251
cross_device,1,2,color,-2387,1516,-305,1788587104378593
cross_device,1,2,color,-2387,1510,-312,1788587104411919
cross_device,1,2,color,-2387,1504,-392,1788587104445100
cross_device,1,2,color,-2387,1496,-400,1788587104478556
cross_device,1,2,color,-2387,1489,-349,1788587104511782
cross_device,1,2,color,-2388,1482,-340,1788587104545126
cross_device,1,2,color,-2388,1475,-294,1788587104578571
cross_device,1,2,color,-2388,1470,-376,1788587104612089
cross_device,1,2,color,-2388,1463,-371,1788587104645257
cross_device,1,2,color,-2389,1455,-403,1788587104678591
cross_device,1,2,color,-2389,1449,-395,1788587104711897
cross_device,1,2,color,-2389,1442,-405,1788587104745225
cross_device,1,2,color,-2390,1433,-338,1788587104778592
cross_device,1,2,color,-2390,1428,-232,1788587104811921
cross_device,1,2,color,-2390,1422,-229,1788587104845233
cross_device,1,2,color,-2390,1416,-421,1788587104878559
cross_device,1,2,color,-2390,1411,-195,1788587104911912
cross_device,1,2,color,-2390,1405,-343,1788587104945131
cross_device,1,2,color,-2391,1400,-418,1788587104978548
cross_device,1,2,color,-2391,1392,-522,1788587105011781
cross_device,1,2,color,-2391,1386,-446,1788587105045126
cross_device,1,2,color,-4065,-293,-2070,1788587105078582
cross_device,1,2,color,-2399,1366,-418,1788587105111882
cross_device,1,2,color,-2399,1359,-463,1788587105145117
cross_device,1,2,color,-2399,1351,-485,1788587105178462
cross_device,1,2,color,-2399,1344,-547,1788587105211762
cross_device,1,2,color,-2400,1339,-390,1788587105245222
cross_device,1,2,color,-2399,1334,-225,1788587105278586
cross_device,1,2,color,-2400,1328,-338,1788587105311778
cross_device,1,2,color,-2400,1323,-64,1788587105345262
cross_device,1,2,color,-2400,1317,-372,1788587105378431
cross_device,1,2,color,-2401,1311,-511,1788587105411765
cross_device,1,2,color,-2400,1306,-336,1788587105445139
cross_device,1,2,color,-2401,1299,-355,1788587105478452
cross_device,1,2,color,-2401,1293,-638,1788587105511761
cross_device,1,2,color,-2401,1288,-393,1788587105545125
cross_device,1,2,color,-2402,1282,-340,1788587105578463
cross_device,1,2,color,-2402,1276,-183,1788587105611945
cross_device,1,2,color,-2402,1271,-260,1788587105645232
cross_device,1,2,color,-2402,1266,-322,1788587105678669
cross_device,1,2,color,-2403,1261,-416,1788587105711910
cross_device,1,2,color,-2403,1255,-406,1788587105745256
cross_device,1,2,color,-2402,1252,-525,1788587105778426
cross_device,1,2,color,-2402,1245,-392,1788587105811903
cross_device,1,2,color,-2403,1239,-217,1788587105845240
cross_device,1,2,color,-2404,1235,-260,1788587105878554
cross_device,1,2,color,-2404,1229,-427,1788587105911884
cross_device,1,2,color,-2404,1227,-336,1788587105945122
cross_device,1,2,color,-2404,1222,-338,1788587105978445
cross_device,1,2,color,-2404,1214,-604,1788587106011761
cross_device,1,2,color,-2404,1209,-564,1788587106045114
cross_device,1,2,color,-2405,1200,-511,1788587106078447
cross_device,1,2,color,-2405,1196,-467,1788587106111796
cross_device,1,2,color,-2405,1190,-621,1788587106145243
cross_device,1,2,color,-2405,1183,-550,1788587106178427
cross_device,1,2,color,-2405,1179,-361,1788587106211902
cross_device,1,2,color,-2405,1175,-291,1788587106245366
cross_device,1,2,color,-2405,1170,-438,1788587106278555
cross_device,1,2,color,-2406,1165,-271,1788587106311896
cross_device,1,2,color,-2408,1158,-435,1788587106345438
cross_device,1,2,color,-2407,1156,-246,1788587106378578
cross_device,1,2,color,-2407,1151,-242,1788587106411903
cross_device,1,2,color,-2409,1144,-516,1788587106445123
cross_device,1,2,color,-2407,1142,-475,1788587106478458
cross_device,1,2,color,-2407,1137,-310,1788587106511792
cross_device,1,2,color,-2414,1126,-447,1788587106545227
cross_device,1,2,color,-2408,1127,-358,1788587106578440
cross_device,1,2,color,-2408,1124,-235,1788587106611779
cross_device,1,2,color,-2416,1113,-361,1788587106645406
cross_device,1,2,color,-2408,1116,-292,1788587106678567
cross_device,1,2,color,-2409,1111,-240,1788587106711888
cross_device,1,2,color,-2417,1097,-460,1788587106745241
cross_device,1,2,color,-2409,1103,-224,1788587106778592
cross_device,1,2,color,-2409,1100,-259,1788587106811912
cross_device,1,2,color,-2418,1087,-474,1788587106845218
cross_device,1,2,color,-2409,1090,-501,1788587106878450
cross_device,1,2,color,-2410,1086,-212,1788587106911932
cross_device,1,2,color,-2410,1082,-417,1788587106945102
cross_device,1,2,color,-2411,1076,-537,1788587106978421
cross_device,1,2,color,-2411,1073,-252,1788587107011919
cross_device,1,2,color,-2410,1070,-370,1788587107045108
cross_device,1,2,color,-2411,1064,-544,1788587107078456
cross_device,1,2,color,-2411,1060,-270,1788587107111890
cross_device,1,2,color,-2411,1056,-482,1788587107145263
cross_device,1,2,color,-2411,1053,-375,1788587107178441
cross_device,1,2,color,-2412,1047,-519,1788587107211753
cross_device,1,2,color,-2412,1042,-483,1788587107245392
cross_device,1,2,color,-2412,1037,-352,1788587107278607
cross_device,1,2,color,-2412,1036,-359,1788587107311785
cross_device,1,2,color,-2413,1030,-279,1788587107345236
cross_device,1,2,color,-2412,1028,-406,1788587107378421
cross_device,1,2,color,-2413,1023,-356,1788587107411781
cross_device,1,2,color,-2413,1019,-513,1788587107445138
cross_device,1,2,color,-2413,1014,-287,1788587107478555
cross_device,1,2,color,-2414,1010,-407,1788587107511758
cross_device,1,2,color,-2413,1008,-381,1788587107545119
cross_device,1,2,color,-2414,1003,-494,1788587107578463
cross_device,1,2,color,-2414,999,-394,1788587107611789
cross_device,1,2,color,-2415,994,-394,1788587107645104
cross_device,1,2,color,-2414,993,-152,1788587107678712
cross_device,1,2,color,-2414,991,-359,1788587107711787
cross_device,1,2,color,-2414,987,-415,1788587107745104
cross_device,1,2,color,-2415,982,-427,1788587107778575
cross_device,1,2,color,-2415,980,-445,1788587107811911
cross_device,1,2,color,-2415,974,-354,1788587107845238
cross_device,1,2,color,-2416,970,-504,1788587107878434
cross_device,1,2,color,-2416,965,-486,1788587107911906
cross_device,1,2,color,-2416,962,-373,1788587107945127
cross_device,1,2,color,-2416,961,-245,1788587107978416
cross_device,1,2,color,-2416,955,-555,1788587108011747
cross_device,1,2,color,-2416,952,-528,1788587108045106
cross_device,1,2,color,-2417,948,-195,1788587108078464
cross_device,1,2,color,-2417,945,-574,1788587108111765
cross_device,1,2,color,-2417,942,-184,1788587108145527
cross_device,1,2,color,-2418,938,-398,1788587108178434
cross_device,1,2,color,-2417,936,-326,1788587108211778
cross_device,1,2,color,-2418,934,-87,1788587108245515
cross_device,1,2,color,-2418,931,-404,1788587108278421
cross_device,1,2,color,-2419,926,-598,1788587108311766
cross_device,1,2,color,-2418,922,-385,1788587108345132
cross_device,1,2,color,-2419,920,-372,1788587108378438
cross_device,1,2,color,-2419,916,-538,1788587108411764
cross_device,1,2,color,-2419,912,-409,1788587108445126
cross_device,1,2,color,-2419,908,-513,1788587108478420
cross_device,1,2,color,-2420,905,-357,1788587108511768
cross_device,1,2,color,-2420,900,-497,1788587108545119
cross_device,1,2,color,-2420,899,-293,1788587108578550
cross_device,1,2,color,-2420,897,-262,1788587108611911
cross_device,1,2,color,-2420,896,-335,1788587108645132
cross_device,1,2,color,-2421,891,-277,1788587108678752
cross_device,1,2,color,-2421,889,-405,1788587108711765
cross_device,1,2,color,-2421,884,-527,1788587108745228
cross_device,1,2,color,-2422,879,-564,1788587108778435
cross_device,1,2,color,-2421,877,-531,1788587108811774
cross_device,1,2,color,-2421,874,-460,1788587108845242
cross_device,1,2,color,-2422,871,-280,1788587108878561
cross_device,1,2,color,-2422,868,-220,1788587108911926
cross_device,1,2,color,-2422,866,-457,1788587108945228
cross_device,1,2,color,-2422,864,-176,1788587108978801
cross_device,1,2,color,-2422,863,-453,1788587109011805
cross_device,1,2,color,-2423,858,-517,1788587109045124
cross_device,1,2,color,-2423,855,-334,1788587109078475
cross_device,1,2,color,-2423,850,-391,1788587109111776
cross_device,1,2,color,-2423,850,-368,1788587109145356
cross_device,1,2,color,-2424,845,-486,1788587109178447
cross_device,1,2,color,-2424,842,-488,1788587109211777
cross_device,1,2,color,-2424,838,-661,1788587109245215
cross_device,1,2,color,-2424,835,-413,1788587109278555
cross_device,1,2,color,-2424,833,-386,1788587109311929
cross_device,1,2,color,-2424,830,-411,1788587109345237
cross_device,1,2,color,-2425,826,-579,1788587109378438
cross_device,1,2,color,-2425,824,-361,1788587109411773
cross_device,1,2,color,-2425,821,-380,1788587109445122
cross_device,1,2,color,-2425,817,-543,1788587109478423
cross_device,1,2,color,-2425,813,-573,1788587109511743
cross_device,1,2,color,-2426,809,-498,1788587109545121
cross_device,1,2,color,-2426,808,-568,1788587109578428
cross_device,1,2,color,-2426,804,-525,1788587109612056
cross_device,1,2,color,-2426,801,-393,1788587109645099
cross_device,1,2,color,-2427,798,-386,1788587109678439
cross_device,1,2,color,-2427,796,-471,1788587109711887
cross_device,1,2,color,-2427,792,-454,1788587109745084
cross_device,1,2,color,-2427,789,-579,1788587109778430
cross_device,1,2,color,-2428,787,-509,1788587109811783
cross_device,1,2,color,-2428,782,-390,1788587109845123
cross_device,1,2,color,-2428,779,-604,1788587109878430
cross_device,1,2,color,-2428,776,-622,1788587109911752
cross_device,1,2,color,-2428,771,-526,1788587109945110
cross_device,1,2,color,-2428,769,-519,1788587109978442
cross_device,1,2,color,-2429,767,-413,1788587110011768
cross_device,1,2,color,-2428,764,-446,1788587110045081
cross_device,1,2,color,-2429,762,-403,1788587110078813
cross_device,1,2,color,-2429,760,-536,1788587110111775
cross_device,1,2,color,-2429,757,-360,1788587110145130
cross_device,1,2,color,-2429,755,-377,1788587110178435
cross_device,1,2,color,-2430,753,-261,1788587110211771
cross_device,1,2,color,-2430,753,-223,1788587110245242
cross_device,1,2,color,-2430,749,-475,1788587110278569
cross_device,1,2,color,-2430,746,-626,1788587110311748
cross_device,1,2,color,-2430,744,-392,1788587110345254
cross_device,1,2,color,-2431,741,-415,1788587110378541
cross_device,1,2,color,-2431,740,-223,1788587110411899
cross_device,1,2,color,-2431,739,-507,1788587110445117
cross_device,1,2,color,-2431,737,-370,1788587110478575
cross_device,1,2,color,-2431,734,-405,1788587110511868
cross_device,1,2,color,-2432,729,-446,1788587110545423
cross_device,1,2,color,-2432,730,-384,1788587110578559
cross_device,1,2,color,-2432,726,-528,1788587110611784
cross_device,1,2,color,-2432,726,-405,1788587110645106
cross_device,1,2,color,-2433,724,-404,1788587110678435
cross_device,1,2,color,-2433,720,-321,1788587110711797
cross_device,1,2,color,-2433,719,-543,1788587110745246
cross_device,1,2,color,-2433,717,-379,1788587110778534
cross_device,1,2,color,-2433,715,-594,1788587110811746
cross_device,1,2,color,-2434,710,-530,1788587110845127
cross_device,1,2,color,-2434,708,-549,1788587110878447
cross_device,1,2,color,-2434,705,-465,1788587110911783
cross_device,1,2,color,-2435,702,-467,1788587110945110
cross_device,1,2,color,-2434,699,-506,1788587110978442
cross_device,1,2,color,-2435,698,-482,1788587111011785
cross_device,1,2,color,-2435,696,-255,1788587111045107
cross_device,1,2,color,-2435,696,-361,1788587111078442
cross_device,1,2,color,-2435,693,-489,1788587111111781
cross_device,1,2,color,-2435,692,-215,1788587111145528
cross_device,1,2,color,-2435,692,-502,1788587111178472
cross_device,1,2,color,-2436,687,-504,1788587111211800
cross_device,1,2,color,-2436,688,-246,1788587111245553
cross_device,1,2,color,-2437,685,-326,1788587111278936
cross_device,1,2,color,-2436,685,-414,1788587111311925
cross_device,1,2,color,-2437,682,-531,1788587111345133
cross_device,1,2,color,-2437,680,-581,1788587111378433
cross_device,1,2,color,-2437,676,-475,1788587111411789
cross_device,1,2,color,-2438,675,-336,1788587111445272
cross_device,1,2,color,-2437,672,-546,1788587111478430
cross_device,1,2,color,-2438,670,-386,1788587111511927
cross_device,1,2,color,-2438,669,-245,1788587111545260
cross_device,1,2,color,-2438,668,-378,1788587111578569
cross_device,1,2,color,-2438,666,-405,1788587111611750
cross_device,1,2,color,-2439,665,-280,1788587111645240
cross_device,1,2,color,-2439,663,-379,1788587111678435
cross_device,1,2,color,-2439,663,-393,1788587111711760
cross_device,1,2,color,-2439,663,-137,1788587111745218
cross_device,1,2,color,-2439,663,-296,1788587111778540
cross_device,1,2,color,-2440,660,-522,1788587111811780
cross_device,1,2,color,-2440,657,-590,1788587111845114
cross_device,1,2,color,-2440,657,-480,1788587111878540
cross_device,1,2,color,-2440,652,-583,1788587111911748
cross_device,1,2,color,-2441,651,-483,1788587111945135
cross_device,1,2,color,-2440,650,-360,1788587111978451
cross_device,1,2,color,-2441,648,-539,1788587112011771
cross_device,1,2,color,-2441,645,-422,1788587112045103
cross_device,1,2,color,-2442,643,-346,1788587112078458
cross_device,1,2,color,-2441,642,-233,1788587112111910
cross_device,1,2,color,-2442,641,-333,1788587112145242
cross_device,1,2,color,-2442,642,-398,1788587112178424
cross_device,1,2,color,-2442,640,-220,1788587112211917
cross_device,1,2,color,-2442,641,-186,1788587112245278
cross_device,1,2,color,-2442,638,-623,1788587112278424
cross_device,1,2,color,-2442,636,-552,1788587112311775
cross_device,1,2,color,-2443,631,-560,1788587112345126
cross_device,1,2,color,-2443,631,-323,1788587112378672
cross_device,1,2,color,-2443,630,-485,1788587112411888
cross_device,1,2,color,-2444,626,-504,1788587112445115
cross_device,1,2,color,-2443,629,-138,1788587112478795
cross_device,1,2,color,-2444,627,-389,1788587112511878
cross_device,1,2,color,-2444,625,-413,1788587112545237
cross_device,1,2,color,-2445,624,-372,1788587112578560
cross_device,1,2,color,-2444,626,-221,1788587112611917
cross_device,1,2,color,-2445,624,-381,1788587112645103
cross_device,1,2,color,-2445,621,-488,1788587112678776
cross_device,1,2,color,-2445,620,-374,1788587112711789
cross_device,1,2,color,-2446,620,-187,1788587112745143
cross_device,1,2,color,-2445,618,-503,1788587112778576
cross_device,1,2,color,-2446,618,-287,1788587112811925
cross_device,1,2,color,-2446,615,-372,1788587112845277
cross_device,1,2,color,-2446,613,-547,1788587112878465
cross_device,1,2,color,-2446,612,-390,1788587112911929
cross_device,1,2,color,-2446,612,-353,1788587112945136
cross_device,1,2,color,-2446,611,-483,1788587112978464
cross_device,1,2,color,-2447,611,-251,1788587113011911
cross_device,1,2,color,-2447,608,-546,1788587113045124
cross_device,1,2,color,-2447,607,-378,1788587113078469
cross_device,1,2,color,-2447,605,-380,1788587113111781
cross_device,1,2,color,-2448,603,-548,1788587113145143
cross_device,1,2,color,-2448,601,-555,1788587113178454
cross_device,1,2,color,-2448,599,-606,1788587113211766
cross_device,1,2,color,-2449,597,-199,1788587113245248
cross_device,1,2,color,-2448,599,-182,1788587113278612
cross_device,1,2,color,-2449,594,-468,1788587113311772
cross_device,1,2,color,-2449,595,-405,1788587113345118
cross_device,1,2,color,-2449,592,-545,1788587113378443
cross_device,1,2,color,-2449,588,-521,1788587113411801
cross_device,1,2,color,-2449,589,-272,1788587113445249
cross_device,1,2,color,-2450,587,-365,1788587113478597
cross_device,1,2,color,-2450,585,-352,1788587113511918
cross_device,1,2,color,-2450,584,-354,1788587113545276
cross_device,1,2,color,-2450,584,-335,1788587113578597
cross_device,1,2,color,-2450,582,-523,1788587113611797
cross_device,1,2,color,-2451,579,-534,1788587113645108
cross_device,1,2,color,-2451,578,-482,1788587113678463
cross_device,1,2,color,-2451,579,-215,1788587113711928
cross_device,1,2,color,-2451,577,-361,1788587113745128
cross_device,1,2,color,-2452,574,-330,1788587113778449
cross_device,1,2,color,-2452,575,-96,1788587113812049
cross_device,1,2,color,-2452,575,-229,1788587113845257
cross_device,1,2,color,-2452,573,-522,1788587113878453
cross_device,1,2,color,-2452,573,-374,1788587113911946
cross_device,1,2,color,-2453,570,-493,1788587113945144
cross_device,1,2,color,-2452,568,-470,1788587113978463
cross_device,1,2,color,-2453,563,-543,1788587114011782
cross_device,1,2,color,-2454,560,-496,1788587114045128
cross_device,1,2,color,-2454,560,-382,1788587114078599
cross_device,1,2,color,-2454,559,-458,1788587114111809
cross_device,1,2,color,-2454,556,-494,1788587114145264
cross_device,1,2,color,-2454,556,-356,1788587114178596
cross_device,1,2,color,-2454,554,-399,1788587114211915
cross_device,1,2,color,-2454,551,-536,1788587114245142
cross_device,1,2,color,-2455,549,-386,1788587114278601
cross_device,1,2,color,-2455,547,-534,1788587114311778
cross_device,1,2,color,-2455,544,-514,1788587114345156
cross_device,1,2,color,-2455,543,-485,1788587114378464
cross_device,1,2,color,-2455,541,-495,1788587114411800
cross_device,1,2,color,-2456,539,-342,1788587114445268
cross_device,1,2,color,-2456,536,-553,1788587114478595
cross_device,1,2,color,-2456,535,-340,1788587114511915
cross_device,1,2,color,-2457,534,-417,1788587114545113
cross_device,1,2,color,-2456,533,-524,1788587114578452
cross_device,1,2,color,-2456,531,-361,1788587114611790
cross_device,1,2,color,-2457,530,-350,1788587114645154
cross_device,1,2,color,-2457,527,-515,1788587114678458
cross_device,1,2,color,-2457,525,-360,1788587114711804
cross_device,1,2,color,-2457,526,-326,1788587114745281
cross_device,1,2,color,-2458,523,-365,1788587114778437
cross_device,1,2,color,-2458,524,-379,1788587114811790
cross_device,1,2,color,-2457,526,-200,1788587114845534
cross_device,1,2,color,-2458,522,-373,1788587114878610
cross_device,1,2,color,-2459,520,-350,1788587114912045
cross_device,1,2,color,-784,2195,1272,1788587114945260
cross_device,1,2,color,-2451,526,-408,1788587114978575
cross_device,1,2,color,-2452,524,-563,1788587115011767
cross_device,1,2,color,-2452,523,-261,1788587115045103
cross_device,1,2,color,-2452,522,-467,1788587115078465
cross_device,1,2,color,-2452,520,-382,1788587115111894
cross_device,1,2,color,-2452,519,-465,1788587115145142
cross_device,1,2,color,-2452,514,-618,1788587115178434
cross_device,1,2,color,-2453,513,-530,1788587115211780
cross_device,1,2,color,-2453,512,-487,1788587115245444
cross_device,1,2,color,-2454,507,-406,1788587115278550
cross_device,1,2,color,-2454,507,-499,1788587115311799
cross_device,1,2,color,-2453,507,-351,1788587115345296
cross_device,1,2,color,-2454,505,-513,1788587115378453
cross_device,1,2,color,-2454,503,-542,1788587115411785
cross_device,1,2,color,-2454,501,-257,1788587115445236
cross_device,1,2,color,-2455,500,-361,1788587115478604
cross_device,1,2,color,-2454,502,-305,1788587115512097
cross_device,1,2,color,-2455,499,-260,1788587115545474
cross_device,1,2,color,-2455,498,-507,1788587115578453
cross_device,1,2,color,-2455,498,-421,1788587115611939
cross_device,1,2,color,-2455,499,-226,1788587115645278
cross_device,1,2,color,-2456,497,-381,1788587115678578
cross_device,1,2,color,-2456,494,-248,1788587115711921
cross_device,1,2,color,-2456,495,-389,1788587115745296
cross_device,1,2,color,-2456,496,-213,1788587115778605
cross_device,1,2,color,-2456,495,-209,1788587115811938
cross_device,1,2,color,-2456,496,-81,1788587115845276
cross_device,1,2,color,-2457,495,-189,1788587115878487
cross_device,1,2,color,-2457,495,-558,1788587115911801
cross_device,1,2,color,-2458,491,-448,1788587115945248
cross_device,1,2,color,-2457,491,-519,1788587115978460
cross_device,1,2,color,-2458,487,-532,1788587116011805
cross_device,1,2,color,-2458,486,-501,1788587116045127
cross_device,1,2,color,-2458,486,-207,1788587116078594
cross_device,1,2,color,-2458,485,-478,1788587116111797
cross_device,1,2,color,-2458,482,-489,1788587116145152
cross_device,1,2,color,-2458,484,-485,1788587116178446
cross_device,1,2,color,-2459,481,-353,1788587116211795
cross_device,1,2,color,-2459,479,-391,1788587116245281
cross_device,1,2,color,-2460,480,-218,1788587116278596
cross_device,1,2,color,-2460,477,-476,1788587116311789
cross_device,1,2,color,-2460,478,-356,1788587116345280
cross_device,1,2,color,-2460,476,-405,1788587116378573
cross_device,1,2,color,-2460,474,-506,1788587116411819
cross_device,1,2,color,-2460,474,-487,1788587116445125
cross_device,1,2,color,-2461,471,-357,1788587116478623
cross_device,1,2,color,-2461,469,-519,1788587116511792
cross_device,1,2,color,-2461,471,-321,1788587116545292
cross_device,1,2,color,-2461,469,-464,1788587116578475
cross_device,1,2,color,-2461,468,-499,1788587116611793
cross_device,1,2,color,-2461,467,-332,1788587116645297
cross_device,1,2,color,-2461,468,-327,1788587116678602
cross_device,1,2,color,-2462,466,-198,1788587116711910
cross_device,1,2,color,-2462,466,-358,1788587116745122
cross_device,1,2,color,-2462,465,-498,1788587116778439
cross_device,1,2,color,-2462,466,-168,1788587116811946
cross_device,1,2,color,-2462,465,-191,1788587116845270
cross_device,1,2,color,-2463,463,-280,1788587116878577
cross_device,1,2,color,-2463,464,-374,1788587116911783
cross_device,1,2,color,-2463,463,-365,1788587116945301
cross_device,1,2,color,-2464,461,-402,1788587116978583
cross_device,1,2,color,-2464,459,-405,1788587117011922
cross_device,1,2,color,-2464,459,-530,1788587117045146
cross_device,1,2,color,-2464,459,-430,1788587117078472
cross_device,1,2,color,-2465,456,-416,1788587117112046
cross_device,1,2,color,-2464,458,-338,1788587117145273
cross_device,1,2,color,-2464,457,-314,1788587117178584
cross_device,1,2,color,-2465,454,-467,1788587117211798
cross_device,1,2,color,-2465,453,-480,1788587117245137
cross_device,1,2,color,-2465,451,-513,1788587117278450
cross_device,1,2,color,-2465,452,-350,1788587117311919
cross_device,1,2,color,-2466,449,-529,1788587117345128
cross_device,1,2,color,-2466,448,-543,1788587117378455
cross_device,1,2,color,-2466,446,-471,1788587117411799
cross_device,1,2,color,-2467,446,-303,1788587117445154
cross_device,1,2,color,-2466,444,-508,1788587117478476
cross_device,1,2,color,-2467,443,-407,1788587117511932
cross_device,1,2,color,-2467,444,-214,1788587117545263
cross_device,1,2,color,-2467,444,-306,1788587117578618
cross_device,1,2,color,-2468,441,-532,1788587117611808
cross_device,1,2,color,-2467,442,-474,1788587117645138
cross_device,1,2,color,-2468,440,-483,1788587117678475
cross_device,1,2,color,-2468,438,-485,1788587117711787
cross_device,1,2,color,-2468,437,-365,1788587117745146
cross_device,1,2,color,-2468,435,-506,1788587117778460
cross_device,1,2,color,-2469,434,-413,1788587117811942
cross_device,1,2,color,-2469,433,-328,1788587117845145
cross_device,1,2,color,-2469,434,-352,1788587117878472
cross_device,1,2,color,-2469,434,-281,1788587117911914
cross_device,1,2,color,-2469,435,-232,1788587117945273
cross_device,1,2,color,-2468,435,-410,1788587117978581
cross_device,1,2,color,-2469,434,-599,1788587118011803
cross_device,1,2,color,-2469,432,-375,1788587118045268
cross_device,1,2,color,-2466,435,-347,1788587118078617
cross_device,1,2,color,-2470,430,-360,1788587118111945
cross_device,1,2,color,-2471,429,-330,1788587118145141
cross_device,1,2,color,-2464,436,-375,1788587118178608
cross_device,1,2,color,-2471,429,-419,1788587118211901
cross_device,1,2,color,-2471,427,-364,1788587118245134
cross_device,1,2,color,-2463,435,-354,1788587118278485
cross_device,1,2,color,-2471,427,-321,1788587118311782
cross_device,1,2,color,-2472,424,-501,1788587118345155
cross_device,1,2,color,-2462,434,-588,1788587118378446
cross_device,1,2,color,-2473,424,-386,1788587118411952
cross_device,1,2,color,-2472,420,-581,1788587118445265
cross_device,1,2,color,-2472,421,-367,1788587118478601
cross_device,1,2,color,-2472,422,-392,1788587118511933
cross_device,1,2,color,-2473,419,-360,1788587118545276
cross_device,1,2,color,-2474,417,-443,1788587118578610
cross_device,1,2,color,-2474,416,-503,1788587118611793
cross_device,1,2,color,-2474,416,-498,1788587118645139
cross_device,1,2,color,-2474,415,-374,1788587118678631
cross_device,1,2,color,-2474,415,-374,1788587118711931
cross_device,1,2,color,-2474,416,-387,1788587118745290
multi_device,0,0,depth_all,2294,625,0,0
multi_device,0,0,depth_all,2295,630,0,0
multi_device,0,0,depth_all,2295,633,0,0
multi_device,0,0,depth_all,2296,637,0,0
multi_device,0,0,depth_all,2295,639,0,0
multi_device,0,0,depth_all,2296,643,0,0
multi_device,0,0,depth_all,2296,646,0,0
multi_device,0,0,depth_all,2296,649,0,0
multi_device,0,0,depth_all,2297,653,0,0
multi_device,0,0,depth_all,2297,656,0,0
multi_device,0,0,depth_all,2297,506,0,0
multi_device,0,0,depth_all,2297,509,0,0
multi_device,0,0,depth_all,2298,508,0,0
multi_device,0,0,depth_all,2297,511,0,0
multi_device,0,0,depth_all,2298,511,0,0
multi_device,0,0,depth_all,2298,512,0,0
multi_device,0,0,depth_all,2298,513,0,0
multi_device,0,0,depth_all,2299,514,0,0
multi_device,0,0,depth_all,2299,515,0,0
multi_device,0,0,depth_all,2299,516,0,0
multi_device,0,0,depth_all,2299,514,0,0
multi_device,0,0,depth_all,2299,516,0,0
multi_device,0,0,depth_all,2300,516,0,0
multi_device,0,0,depth_all,2300,518,0,0
multi_device,0,0,depth_all,2300,519,0,0
multi_device,0,0,depth_all,2300,520,0,0
multi_device,0,0,depth_all,2301,520,0,0
multi_device,0,0,depth_all,2301,521,0,0
multi_device,0,0,depth_all,2300,522,0,0
multi_device,0,0,depth_all,2301,523,0,0
multi_device,0,0,depth_all,2301,525,0,0
multi_device,0,0,depth_all,2301,452,0,0
multi_device,0,0,depth_all,2301,453,0,0
multi_device,0,0,depth_all,2302,456,0,0
multi_device,0,0,depth_all,2302,459,0,0
multi_device,0,0,depth_all,2298,460,0,0
multi_device,0,0,depth_all,2298,461,0,0
multi_device,0,0,depth_all,2298,463,0,0
multi_device,0,0,depth_all,2298,466,0,0
multi_device,0,0,depth_all,2299,468,0,0
multi_device,0,0,depth_all,2299,470,0,0
multi_device,0,0,depth_all,2299,216,0,0
multi_device,0,0,depth_all,2299,217,0,0
multi_device,0,0,depth_all,2299,214,0,0
multi_device,0,0,depth_all,2300,214,0,0
multi_device,0,0,depth_all,2300,215,0,0
multi_device,0,0,depth_all,2300,212,0,0
multi_device,0,0,depth_all,2300,215,0,0
multi_device,0,0,depth_all,2300,215,0,0
multi_device,0,0,depth_all,2301,215,0,0
multi_device,0,0,depth_all,2301,215,0,0
multi_device,0,0,depth_all,2301,215,0,0
multi_device,0,0,depth_all,2302,214,0,0
multi_device,0,0,depth_all,2302,215,0,0
multi_device,0,0,depth_all,2302,216,0,0
multi_device,0,0,depth_all,2302,215,0,0
multi_device,0,0,depth_all,2302,216,0,0
multi_device,0,0,depth_all,2302,216,0,0
multi_device,0,0,depth_all,2302,216,0,0
multi_device,0,0,depth_all,2303,216,0,0
multi_device,0,0,depth_all,2303,216,0,0
multi_device,0,0,depth_all,2303,124,0,0
multi_device,0,0,depth_all,2304,123,0,0
multi_device,0,0,depth_all,2304,124,0,0
multi_device,0,0,depth_all,2304,124,0,0
multi_device,0,0,depth_all,2304,124,0,0
multi_device,0,0,depth_all,2304,124,0,0
multi_device,0,0,depth_all,2305,124,0,0
multi_device,0,0,depth_all,2305,126,0,0
multi_device,0,0,depth_all,2305,125,0,0
multi_device,0,0,depth_all,2305,126,0,0
multi_device,0,0,depth_all,2306,188,0,0
multi_device,0,0,depth_all,2305,188,0,0
multi_device,0,0,depth_all,2306,186,0,0
multi_device,0,0,depth_all,2306,187,0,0
multi_device,0,0,depth_all,2307,186,0,0
multi_device,0,0,depth_all,2306,185,0,0
multi_device,0,0,depth_all,2306,185,0,0
multi_device,0,0,depth_all,2307,184,0,0
multi_device,0,0,depth_all,2307,184,0,0
multi_device,0,0,depth_all,2307,182,0,0
multi_device,0,0,depth_all,2308,182,0,0
multi_device,0,0,depth_all,2308,181,0,0
multi_device,0,0,depth_all,2307,181,0,0
multi_device,0,0,depth_all,2308,180,0,0
multi_device,0,0,depth_all,2308,180,0,0
multi_device,0,0,depth_all,2309,177,0,0
multi_device,0,0,depth_all,2309,178,0,0
multi_device,0,0,depth_all,2309,177,0,0
multi_device,0,0,depth_all,2309,176,0,0
multi_device,0,0,depth_all,2310,175,0,0
multi_device,0,0,depth_all,2310,288,0,0
multi_device,0,0,depth_all,2310,289,0,0
multi_device,0,0,depth_all,2310,289,0,0
multi_device,0,0,depth_all,2310,289,0,0
multi_device,0,0,depth_all,2311,289,0,0
multi_device,0,0,depth_all,2311,290,0,0
multi_device,0,0,depth_all,2311,290,0,0
multi_device,0,0,depth_all,2311,290,0,0
multi_device,0,0,depth_all,2312,290,0,0
multi_device,0,0,depth_all,2311,293,0,0
multi_device,0,0,depth_all,2311,181,0,0
multi_device,0,0,depth_all,2312,182,0,0
multi_device,0,0,depth_all,2313,184,0,0
multi_device,0,0,depth_all,2313,185,0,0
multi_device,0,0,depth_all,2312,188,0,0
multi_device,0,0,depth_all,2313,188,0,0
multi_device,0,0,depth_all,2313,190,0,0
multi_device,0,0,depth_all,2313,193,0,0
multi_device,0,0,depth_all,2314,194,0,0
multi_device,0,0,depth_all,2314,197,0,0
multi_device,0,0,depth_all,2314,197,0,0
multi_device,0,0,depth_all,2314,199,0,0
multi_device,0,0,depth_all,2314,200,0,0
multi_device,0,0,depth_all,2315,204,0,0
multi_device,0,0,depth_all,2314,206,0,0
multi_device,0,0,depth_all,2315,207,0,0
multi_device,0,0,depth_all,2315,208,0,0
multi_device,0,0,depth_all,2315,211,0,0
multi_device,0,0,depth_all,2316,212,0,0
multi_device,0,0,depth_all,2315,213,0,0
multi_device,0,0,depth_all,2316,267,0,0
multi_device,0,0,depth_all,2316,266,0,0
multi_device,0,0,depth_all,2316,269,0,0
multi_device,0,0,depth_all,2316,268,0,0
multi_device,0,0,depth_all,2317,271,0,0
multi_device,0,0,depth_all,2316,273,0,0
multi_device,0,0,depth_all,2317,274,0,0
multi_device,0,0,depth_all,2317,276,0,0
multi_device,0,0,depth_all,2317,277,0,0
multi_device,0,0,depth_all,2318,278,0,0
multi_device,0,0,depth_all,2318,383,0,0
multi_device,0,0,depth_all,2318,382,0,0
multi_device,0,0,depth_all,2319,385,0,0
multi_device,0,0,depth_all,2319,385,0,0
multi_device,0,0,depth_all,2318,384,0,0
multi_device,0,0,depth_all,2319,387,0,0
multi_device,0,0,depth_all,2319,385,0,0
multi_device,0,0,depth_all,2319,385,0,0
multi_device,0,0,depth_all,2320,387,0,0
multi_device,0,0,depth_all,2319,386,0,0
multi_device,0,0,depth_all,2320,386,0,0
multi_device,0,0,depth_all,2320,387,0,0
multi_device,0,0,depth_all,2320,388,0,0
multi_device,0,0,depth_all,2321,389,0,0
multi_device,0,0,depth_all,2321,390,0,0
multi_device,0,0,depth_all,2321,389,0,0
multi_device,0,0,depth_all,2321,389,0,0
multi_device,0,0,depth_all,2322,390,0,0
multi_device,0,0,depth_all,2322,391,0,0
multi_device,0,0,depth_all,2321,390,0,0
multi_device,0,0,depth_all,2322,406,0,0
multi_device,0,0,depth_all,2323,406,0,0
multi_device,0,0,depth_all,2323,407,0,0
multi_device,0,0,depth_all,2322,405,0,0
multi_device,0,0,depth_all,2322,405,0,0
multi_device,0,0,depth_all,2323,407,0,0
multi_device,0,0,depth_all,2323,407,0,0
multi_device,0,0,depth_all,2324,408,0,0
multi_device,0,0,depth_all,2324,409,0,0
multi_device,0,0,depth_all,2324,407,0,0
multi_device,0,0,depth_all,2324,407,0,0
multi_device,0,0,depth_all,2324,408,0,0
multi_device,0,0,depth_all,2324,407,0,0
multi_device,0,0,depth_all,2325,409,0,0
multi_device,0,0,depth_all,2325,407,0,0
multi_device,0,0,depth_all,2325,409,0,0
multi_device,0,0,depth_all,2325,409,0,0
multi_device,0,0,depth_all,2326,409,0,0
multi_device,0,0,depth_all,2325,409,0,0
multi_device,0,0,depth_all,2326,411,0,0
multi_device,0,0,depth_all,2327,410,0,0
multi_device,0,0,depth_all,2327,410,0,0
multi_device,0,0,depth_all,2327,411,0,0
multi_device,0,0,depth_all,2327,409,0,0
multi_device,0,0,depth_all,2327,410,0,0
multi_device,0,0,depth_all,2327,410,0,0
multi_device,0,0,depth_all,2327,410,0,0
multi_device,0,0,depth_all,2327,410,0,0
multi_device,0,0,depth_all,2328,412,0,0
multi_device,0,0,depth_all,2328,411,0,0
multi_device,0,0,depth_all,2329,412,0,0
multi_device,0,0,depth_all,2328,412,0,0
multi_device,0,0,depth_all,2328,411,0,0
multi_device,0,0,depth_all,2329,411,0,0
multi_device,0,0,depth_all,2329,276,0,0
multi_device,0,0,depth_all,2330,142,0,0
multi_device,0,0,depth_all,2329,51,0,0
multi_device,0,0,depth_all,2330,176,0,0
multi_device,0,0,depth_all,2330,307,0,0
multi_device,0,0,depth_all,2330,439,0,0
multi_device,0,0,depth_all,2330,569,0,0
multi_device,0,0,depth_all,2331,697,0,0
multi_device,0,0,depth_all,2331,824,0,0
multi_device,0,0,depth_all,2331,953,0,0
multi_device,0,0,depth_all,2331,1081,0,0
multi_device,0,0,depth_all,2331,1205,0,0
multi_device,0,0,depth_all,2332,1330,0,0
multi_device,0,0,depth_all,2332,1454,0,0
multi_device,0,0,depth_all,2332,1576,0,0
multi_device,0,0,depth_all,2332,1698,0,0
multi_device,0,0,depth_all,2332,1820,0,0
multi_device,0,0,depth_all,2332,1942,0,0
multi_device,0,0,depth_all,2333,2061,0,0
multi_device,0,0,depth_all,2333,2178,0,0
multi_device,0,0,depth_all,2333,2297,0,0
multi_device,0,0,depth_all,2333,2415,0,0
multi_device,0,0,depth_all,2334,2531,0,0
multi_device,0,0,depth_all,2334,2648,0,0
multi_device,0,0,depth_all,2334,2762,0,0
multi_device,0,0,depth_all,2334,2875,0,0
multi_device,0,0,depth_all,2335,2990,0,0
multi_device,0,0,depth_all,2335,3102,0,0
multi_device,0,0,depth_all,2335,3214,0,0
multi_device,0,0,depth_all,2335,3325,0,0
multi_device,0,0,depth_all,2335,3435,0,0
multi_device,0,0,depth_all,2336,3544,0,0
multi_device,0,0,depth_all,2335,3653,0,0
multi_device,0,0,depth_all,2336,3762,0,0
multi_device,0,0,depth_all,2336,3872,0,0
multi_device,0,0,depth_all,2337,3977,0,0
multi_device,0,0,depth_all,2336,4083,0,0
multi_device,0,0,depth_all,2337,4188,0,0
multi_device,0,0,depth_all,2337,4292,0,0
multi_device,0,0,depth_all,2337,4396,0,0
multi_device,0,0,depth_all,2337,4501,0,0
multi_device,0,0,depth_all,2338,4604,0,0
multi_device,0,0,depth_all,2338,4702,0,0
multi_device,0,0,depth_all,2338,4805,0,0
multi_device,0,0,depth_all,2338,4906,0,0
multi_device,0,0,depth_all,2339,5007,0,0
multi_device,0,0,depth_all,2339,5104,0,0
multi_device,0,0,depth_all,2339,5203,0,0
multi_device,0,0,depth_all,2339,5300,0,0
multi_device,0,0,depth_all,2339,5397,0,0
multi_device,0,0,depth_all,2339,5494,0,0
multi_device,0,0,depth_all,2339,5592,0,0
multi_device,0,0,depth_all,2340,5685,0,0
multi_device,0,0,depth_all,2340,5782,0,0
multi_device,0,0,depth_all,2340,5877,0,0
multi_device,0,0,depth_all,2340,5969,0,0
multi_device,0,0,depth_all,2341,6063,0,0
multi_device,0,0,depth_all,2341,6155,0,0
multi_device,0,0,depth_all,2341,6247,0,0
multi_device,0,0,depth_all,2341,6336,0,0
multi_device,0,0,depth_all,2342,6424,0,0
multi_device,0,0,depth_all,2341,6517,0,0
multi_device,0,0,depth_all,2342,6606,0,0
multi_device,0,0,depth_all,2342,6694,0,0
multi_device,0,0,depth_all,2342,6783,0,0
multi_device,0,0,depth_all,2343,6871,0,0
multi_device,0,0,depth_all,2343,6957,0,0
multi_device,0,0,depth_all,2343,7043,0,0
multi_device,0,0,depth_all,2343,7128,0,0
multi_device,0,0,depth_all,2344,7213,0,0
multi_device,0,0,depth_all,2343,7298,0,0
multi_device,0,0,depth_all,2343,7381,0,0
multi_device,0,0,depth_all,2344,7462,0,0
multi_device,0,0,depth_all,2344,7546,0,0
multi_device,0,0,depth_all,2344,7627,0,0
multi_device,0,0,depth_all,2345,7709,0,0
multi_device,0,0,depth_all,2345,7791,0,0
multi_device,0,0,depth_all,2345,7871,0,0
multi_device,0,0,depth_all,2345,7949,0,0
multi_device,0,0,depth_all,2345,8030,0,0
multi_device,0,0,depth_all,2346,8110,0,0
multi_device,0,0,depth_all,2346,8189,0,0
multi_device,0,0,depth_all,2346,8264,0,0
multi_device,0,0,depth_all,2346,8343,0,0
multi_device,0,0,depth_all,2346,8419,0,0
multi_device,0,0,depth_all,2346,8493,0,0
multi_device,0,0,depth_all,2347,8570,0,0
multi_device,0,0,depth_all,2347,8646,0,0
multi_device,0,0,depth_all,2347,8716,0,0
multi_device,0,0,depth_all,2348,8793,0,0
multi_device,0,0,depth_all,2348,8867,0,0
multi_device,0,0,depth_all,2348,8937,0,0
multi_device,0,0,depth_all,2348,9014,0,0
multi_device,0,0,depth_all,2349,9084,0,0
multi_device,0,0,depth_all,2349,9149,0,0
multi_device,0,0,depth_all,2348,9229,0,0
multi_device,0,0,depth_all,2349,9155,0,0
multi_device,0,0,depth_all,2349,9076,0,0
multi_device,0,0,depth_all,2349,9011,0,0
multi_device,0,0,depth_all,2349,8942,0,0
multi_device,0,0,depth_all,2349,8863,0,0
multi_device,0,0,depth_all,2350,8798,0,0
multi_device,0,0,depth_all,2350,8730,0,0
multi_device,0,0,depth_all,2351,8650,0,0
multi_device,0,0,depth_all,2350,8591,0,0
multi_device,0,0,depth_all,2351,8520,0,0
multi_device,0,0,depth_all,2351,8444,0,0
multi_device,0,0,depth_all,2351,8383,0,0
multi_device,0,0,depth_all,2351,8316,0,0
multi_device,0,0,depth_all,2351,8250,0,0
multi_device,0,0,depth_all,2352,8184,0,0
multi_device,0,0,depth_all,2352,8117,0,0
multi_device,0,0,depth_all,2352,8054,0,0
multi_device,0,0,depth_all,2353,7989,0,0
multi_device,0,0,depth_all,2353,7925,0,0
multi_device,0,0,depth_all,2353,7862,0,0
multi_device,0,0,depth_all,2352,7798,0,0
multi_device,0,0,depth_all,2353,7734,0,0
multi_device,0,0,depth_all,2354,7672,0,0
multi_device,0,0,depth_all,2354,7609,0,0
multi_device,0,0,depth_all,2353,7546,0,0
multi_device,0,0,depth_all,2354,7486,0,0
multi_device,0,0,depth_all,2354,7423,0,0
multi_device,0,0,depth_all,2354,7362,0,0
multi_device,0,0,depth_all,2355,7301,0,0
multi_device,0,0,depth_all,2355,7243,0,0
multi_device,0,0,depth_all,2355,7183,0,0
multi_device,0,0,depth_all,2355,7122,0,0
multi_device,0,0,depth_all,2355,7062,0,0
multi_device,0,0,depth_all,2356,7004,0,0
multi_device,0,0,depth_all,2356,6945,0,0
multi_device,0,0,depth_all,2357,6889,0,0
multi_device,0,0,depth_all,2356,6832,0,0
multi_device,0,0,depth_all,2356,6774,0,0
multi_device,0,0,depth_all,2357,6718,0,0
multi_device,0,0,depth_all,2357,6662,0,0
multi_device,0,0,depth_all,2357,6604,0,0
multi_device,0,0,depth_all,2358,6552,0,0
multi_device,0,0,depth_all,2357,6495,0,0
multi_device,0,0,depth_all,2358,6443,0,0
multi_device,0,0,depth_all,2358,6388,0,0
multi_device,0,0,depth_all,2358,6336,0,0
multi_device,0,0,depth_all,2358,6282,0,0
multi_device,0,0,depth_all,2359,6226,0,0
multi_device,0,0,depth_all,2359,6173,0,0
multi_device,0,0,depth_all,2359,6123,0,0
multi_device,0,0,depth_all,2360,6072,0,0
multi_device,0,0,depth_all,2359,6019,0,0
multi_device,0,0,depth_all,2360,5967,0,0
multi_device,0,0,depth_all,2358,5919,0,0
multi_device,0,0,depth_all,2360,5866,0,0
multi_device,0,0,depth_all,2360,5817,0,0
multi_device,0,0,depth_all,2357,5769,0,0
multi_device,0,0,depth_all,2361,5717,0,0
multi_device,0,0,depth_all,2361,5668,0,0
multi_device,0,0,depth_all,2356,5623,0,0
multi_device,0,0,depth_all,2361,5569,0,0
multi_device,0,0,depth_all,2361,5519,0,0
multi_device,0,0,depth_all,2355,5479,0,0
multi_device,0,0,depth_all,2361,5426,0,0
multi_device,0,0,depth_all,2362,5379,0,0
multi_device,0,0,depth_all,2353,5342,0,0
multi_device,0,0,depth_all,2363,5286,0,0
multi_device,0,0,depth_all,2362,5241,0,0
multi_device,0,0,depth_all,2363,5195,0,0
multi_device,0,0,depth_all,2363,5150,0,0
multi_device,0,0,depth_all,2363,5103,0,0
multi_device,0,0,depth_all,2363,5055,0,0
multi_device,0,0,depth_all,2363,5008,0,0
multi_device,0,0,depth_all,2364,4965,0,0
multi_device,0,0,depth_all,2364,4921,0,0
multi_device,0,0,depth_all,2365,4874,0,0
multi_device,0,0,depth_all,2364,4833,0,0
multi_device,0,0,depth_all,2364,4790,0,0
multi_device,0,0,depth_all,2365,4745,0,0
multi_device,0,0,depth_all,2365,4702,0,0
multi_device,0,0,depth_all,2365,4657,0,0
multi_device,0,0,depth_all,2366,4617,0,0
multi_device,0,0,depth_all,2366,4575,0,0
multi_device,0,0,depth_all,2366,4533,0,0
multi_device,0,0,depth_all,2366,4494,0,0
multi_device,0,0,depth_all,2366,4450,0,0
multi_device,0,0,depth_all,2367,4413,0,0
multi_device,0,0,depth_all,2367,4371,0,0
multi_device,0,0,depth_all,2367,4344,0,0
multi_device,0,0,depth_all,2367,4327,0,0
multi_device,0,0,depth_all,2367,4311,0,0
multi_device,0,0,depth_all,2368,4293,0,0
multi_device,0,0,depth_all,2367,4277,0,0
multi_device,0,0,depth_all,2368,4260,0,0
multi_device,0,0,depth_all,2368,4242,0,0
multi_device,0,0,depth_all,2368,4225,0,0
multi_device,0,0,depth_all,2368,4209,0,0
multi_device,0,0,depth_all,2369,4194,0,0
multi_device,0,0,depth_all,2369,4176,0,0
multi_device,0,0,depth_all,2369,4159,0,0
multi_device,0,0,depth_all,2369,4145,0,0
multi_device,0,0,depth_all,2370,4126,0,0
multi_device,0,0,depth_all,2369,4112,0,0
multi_device,0,0,depth_all,2369,4096,0,0
multi_device,0,0,depth_all,2370,4082,0,0
multi_device,0,0,depth_all,2371,4064,0,0
multi_device,0,0,depth_all,2362,4050,0,0
multi_device,0,0,depth_all,2362,4034,0,0
multi_device,0,0,depth_all,2362,4017,0,0
multi_device,0,0,depth_all,2362,4005,0,0
multi_device,0,0,depth_all,2362,3987,0,0
multi_device,0,0,depth_all,2363,3975,0,0
multi_device,0,0,depth_all,2363,3958,0,0
multi_device,0,0,depth_all,2364,3944,0,0
multi_device,0,0,depth_all,2375,3927,0,0
multi_device,0,0,depth_all,2375,3915,0,0
multi_device,0,0,depth_all,2376,3901,0,0
multi_device,0,0,depth_all,2376,3888,0,0
multi_device,0,0,depth_all,2376,3875,0,0
multi_device,0,0,depth_all,2376,3860,0,0
multi_device,0,0,depth_all,2376,3845,0,0
multi_device,0,0,depth_all,2377,3830,0,0
multi_device,0,0,depth_all,2376,3817,0,0
multi_device,0,0,depth_all,2377,3801,0,0
multi_device,0,0,depth_all,2377,3789,0,0
multi_device,0,0,depth_all,2377,3775,0,0
multi_device,0,0,depth_all,2378,3761,0,0
multi_device,0,0,depth_all,2377,3746,0,0
multi_device,0,0,depth_all,2378,3733,0,0
multi_device,0,0,depth_all,2378,3718,0,0
multi_device,0,0,depth_all,2379,3707,0,0
multi_device,0,0,depth_all,2378,3693,0,0
multi_device,0,0,depth_all,2379,3680,0,0
multi_device,0,0,depth_all,2379,3671,0,0
multi_device,0,0,depth_all,2379,3657,0,0
multi_device,0,0,depth_all,2379,3644,0,0
multi_device,0,0,depth_all,2380,3632,0,0
multi_device,0,0,depth_all,2380,3616,0,0
multi_device,0,0,depth_all,2380,3602,0,0
multi_device,0,0,depth_all,2380,3589,0,0
multi_device,0,0,depth_all,2380,3577,0,0
multi_device,0,0,depth_all,2381,3563,0,0
multi_device,0,0,depth_all,2381,3552,0,0
multi_device,0,0,depth_all,2381,3542,0,0
multi_device,0,0,depth_all,2381,3529,0,0
multi_device,0,0,depth_all,2381,3519,0,0
multi_device,0,0,depth_all,2382,3506,0,0
multi_device,0,0,depth_all,2382,3496,0,0
multi_device,0,0,depth_all,2382,3484,0,0
multi_device,0,0,depth_all,2383,3471,0,0
multi_device,0,0,depth_all,2383,3460,0,0
multi_device,0,0,depth_all,2382,3448,0,0
multi_device,0,0,depth_all,2383,3438,0,0
multi_device,0,0,depth_all,2383,3428,0,0
multi_device,0,0,depth_all,2384,3415,0,0
multi_device,0,0,depth_all,2383,3405,0,0
multi_device,0,0,depth_all,2384,3394,0,0
multi_device,0,0,depth_all,2384,3382,0,0
multi_device,0,0,depth_all,2384,3373,0,0
multi_device,0,0,depth_all,2384,3361,0,0
multi_device,0,0,depth_all,2385,3353,0,0
multi_device,0,0,depth_all,2385,3342,0,0
multi_device,0,0,depth_all,2381,3330,0,0
multi_device,0,0,depth_all,2381,3319,0,0
multi_device,0,0,depth_all,2382,3309,0,0
multi_device,0,0,depth_all,2382,3298,0,0
multi_device,0,0,depth_all,2382,3289,0,0
multi_device,0,0,depth_all,2382,3278,0,0
multi_device,0,0,depth_all,2382,3267,0,0
multi_device,0,0,depth_all,2382,3257,0,0
multi_device,0,0,depth_all,2383,3247,0,0
multi_device,0,0,depth_all,2383,3238,0,0
multi_device,0,0,depth_all,2383,3228,0,0
multi_device,0,0,depth_all,2384,3218,0,0
multi_device,0,0,depth_all,2384,3208,0,0
multi_device,0,0,depth_all,2385,3200,0,0
multi_device,0,0,depth_all,2384,3189,0,0
multi_device,0,0,depth_all,2385,3180,0,0
multi_device,0,0,depth_all,2385,3172,0,0
multi_device,0,0,depth_all,2385,3164,0,0
multi_device,0,0,depth_all,2386,3155,0,0
multi_device,0,0,depth_all,2385,3145,0,0
multi_device,0,0,depth_all,2386,3135,0,0
multi_device,0,0,depth_all,2386,3125,0,0
multi_device,0,0,depth_all,2386,3115,0,0
multi_device,0,0,depth_all,2386,3106,0,0
multi_device,0,0,depth_all,2387,3097,0,0
multi_device,0,0,depth_all,2387,3085,0,0
multi_device,0,0,depth_all,2387,3078,0,0
multi_device,0,0,depth_all,2387,3069,0,0
multi_device,0,0,depth_all,2388,3061,0,0
multi_device,0,0,depth_all,2388,3051,0,0
multi_device,0,0,depth_all,2388,3042,0,0
multi_device,0,0,depth_all,2388,3033,0,0
multi_device,0,0,depth_all,2388,3024,0,0
multi_device,0,0,depth_all,2389,3016,0,0
multi_device,0,0,depth_all,2388,3007,0,0
multi_device,0,0,depth_all,2389,2999,0,0
multi_device,0,0,depth_all,2389,2990,0,0
multi_device,0,0,depth_all,2389,2983,0,0
multi_device,0,0,depth_all,2389,2976,0,0
multi_device,0,0,depth_all,2390,2969,0,0
multi_device,0,0,depth_all,2390,2959,0,0
multi_device,0,0,depth_all,2390,2952,0,0
multi_device,0,0,depth_all,2390,2944,0,0
multi_device,0,0,depth_all,2390,2935,0,0
multi_device,0,0,depth_all,2391,2928,0,0
multi_device,0,0,depth_all,2391,2920,0,0
multi_device,0,0,depth_all,2391,2908,0,0
multi_device,0,0,depth_all,2392,2899,0,0
multi_device,0,0,depth_all,2392,2894,0,0
multi_device,0,0,depth_all,2392,2885,0,0
multi_device,0,0,depth_all,2392,2878,0,0
multi_device,0,0,depth_all,2393,2868,0,0
multi_device,0,0,depth_all,2392,2861,0,0
multi_device,0,0,depth_all,2393,2856,0,0
multi_device,0,0,depth_all,2393,2849,0,0
multi_device,0,0,depth_all,2393,2837,0,0
multi_device,0,0,depth_all,2393,2829,0,0
multi_device,0,0,depth_all,2393,2824,0,0
multi_device,0,0,depth_all,2393,2819,0,0
multi_device,0,0,depth_all,2394,2808,0,0
multi_device,0,0,depth_all,2394,2802,0,0
multi_device,0,0,depth_all,2395,2795,0,0
multi_device,0,0,depth_all,2395,2789,0,0
multi_device,0,0,depth_all,2395,2779,0,0
multi_device,0,0,depth_all,2395,2772,0,0
multi_device,0,0,depth_all,2395,2763,0,0
multi_device,0,0,depth_all,2396,2758,0,0
multi_device,0,0,depth_all,2395,2752,0,0
multi_device,0,0,depth_all,2395,2743,0,0
multi_device,0,0,depth_all,2396,2736,0,0
multi_device,0,0,depth_all,2397,2730,0,0
multi_device,0,0,depth_all,2396,2723,0,0
multi_device,0,0,depth_all,2397,2717,0,0
multi_device,0,0,depth_all,2396,2710,0,0
multi_device,0,0,depth_all,2397,2705,0,0
multi_device,0,0,depth_all,2397,2699,0,0
multi_device,0,0,depth_all,2397,2694,0,0
multi_device,0,0,depth_all,2397,2690,0,0
multi_device,0,0,depth_all,2397,2684,0,0
multi_device,0,0,depth_all,2398,2677,0,0
multi_device,0,0,depth_all,2398,2674,0,0
multi_device,0,0,depth_all,2398,2667,0,0
multi_device,0,0,depth_all,2398,2663,0,0
multi_device,0,0,depth_all,2399,2657,0,0
multi_device,0,0,depth_all,2401,2655,0,0
multi_device,0,0,depth_all,2399,2649,0,0
multi_device,0,0,depth_all,2399,2643,0,0
multi_device,0,0,depth_all,2402,2639,0,0
multi_device,0,0,depth_all,2399,2632,0,0
multi_device,0,0,depth_all,2400,2627,0,0
multi_device,0,0,depth_all,2407,2626,0,0
multi_device,0,0,depth_all,2400,2613,0,0
multi_device,0,0,depth_all,2400,2608,0,0
multi_device,0,0,depth_all,2409,2610,0,0
multi_device,0,0,depth_all,2401,2595,0,0
multi_device,0,0,depth_all,2401,2594,0,0
multi_device,0,0,depth_all,2410,2595,0,0
multi_device,0,0,depth_all,2402,2579,0,0
multi_device,0,0,depth_all,2401,2573,0,0
multi_device,0,0,depth_all,2411,2579,0,0
multi_device,0,0,depth_all,2402,2562,0,0
multi_device,0,0,depth_all,2402,2555,0,0
multi_device,0,0,depth_all,2402,2548,0,0
multi_device,0,0,depth_all,2402,2544,0,0
multi_device,0,0,depth_all,2403,2538,0,0
multi_device,0,0,depth_all,2403,2535,0,0
multi_device,0,0,depth_all,2403,2528,0,0
multi_device,0,0,depth_all,2403,2521,0,0
multi_device,0,0,depth_all,2403,2517,0,0
multi_device,0,0,depth_all,2404,2514,0,0
multi_device,0,0,depth_all,2404,2509,0,0
multi_device,0,0,depth_all,2405,2503,0,0
multi_device,0,0,depth_all,2404,2499,0,0
multi_device,0,0,depth_all,2405,2494,0,0
multi_device,0,0,depth_all,2405,2488,0,0
multi_device,0,0,depth_all,2405,2484,0,0
multi_device,0,0,depth_all,2406,2478,0,0
multi_device,0,0,depth_all,2406,2475,0,0
multi_device,0,0,depth_all,2406,2469,0,0
multi_device,0,0,depth_all,2406,2463,0,0
multi_device,0,0,depth_all,2406,2460,0,0
multi_device,0,0,depth_all,2406,2455,0,0
multi_device,0,0,depth_all,2406,2449,0,0
multi_device,0,0,depth_all,2406,2445,0,0
multi_device,0,0,depth_all,2407,2443,0,0
multi_device,0,0,depth_all,2407,2436,0,0
multi_device,0,0,depth_all,2407,2436,0,0
multi_device,0,0,depth_all,2407,2442,0,0
multi_device,0,0,depth_all,2408,2448,0,0
multi_device,0,0,depth_all,2408,2456,0,0
multi_device,0,0,depth_all,2409,2461,0,0
multi_device,0,0,depth_all,2409,2468,0,0
multi_device,0,0,depth_all,2409,2471,0,0
multi_device,0,0,depth_all,2409,2478,0,0
multi_device,0,0,depth_all,2409,2482,0,0
multi_device,0,0,depth_all,2409,2490,0,0
multi_device,0,0,depth_all,2408,2495,0,0
multi_device,0,0,depth_all,2408,2498,0,0
multi_device,0,0,depth_all,2409,2502,0,0
multi_device,0,0,depth_all,2409,2509,0,0
multi_device,0,0,depth_all,2409,2515,0,0
multi_device,0,0,depth_all,2409,2520,0,0
multi_device,0,0,depth_all,2409,2524,0,0
multi_device,0,0,depth_all,2409,2530,0,0
multi_device,0,0,depth_all,2410,2536,0,0
multi_device,0,0,depth_all,2409,2537,0,0
multi_device,0,0,depth_all,2410,2546,0,0
multi_device,0,0,depth_all,2411,2550,0,0
multi_device,0,0,depth_all,2410,2556,0,0
multi_device,0,0,depth_all,2411,2560,0,0
multi_device,0,0,depth_all,2411,2565,0,0
multi_device,0,0,depth_all,2411,2568,0,0
multi_device,0,0,depth_all,2411,2572,0,0
multi_device,0,0,depth_all,2412,2579,0,0
multi_device,0,0,depth_all,2411,2581,0,0
multi_device,0,0,depth_all,2411,2587,0,0
multi_device,0,0,depth_all,2412,2591,0,0
multi_device,0,0,depth_all,2412,2598,0,0
multi_device,0,0,depth_all,2412,2600,0,0
multi_device,0,0,depth_all,2412,2606,0,0
multi_device,0,0,depth_all,2413,2610,0,0
multi_device,0,0,depth_all,2413,2617,0,0
multi_device,0,0,depth_all,2413,2620,0,0
multi_device,0,0,depth_all,2414,2625,0,0
multi_device,0,0,depth_all,2413,2628,0,0
multi_device,0,0,depth_all,2414,2633,0,0
multi_device,0,0,depth_all,2414,2638,0,0
multi_device,0,0,depth_all,2414,2643,0,0
multi_device,0,0,depth_all,2414,2645,0,0
multi_device,0,0,depth_all,2414,2652,0,0
multi_device,0,0,depth_all,2415,2657,0,0
multi_device,0,0,depth_all,2415,2661,0,0
multi_device,0,0,depth_all,2415,2666,0,0
multi_device,0,0,depth_all,2415,2671,0,0
multi_device,0,0,depth_all,2416,2677,0,0
multi_device,0,0,depth_all,2416,2679,0,0
multi_device,0,0,depth_all,2416,2683,0,0
multi_device,0,0,depth_all,2416,2687,0,0
multi_device,0,0,depth_all,2417,2690,0,0
multi_device,0,0,depth_all,2417,2695,0,0
multi_device,0,0,depth_all,2417,2699,0,0
multi_device,0,0,depth_all,2417,2703,0,0
multi_device,0,0,depth_all,2417,2707,0,0
multi_device,0,0,depth_all,2417,2712,0,0
multi_device,0,0,depth_all,2418,2717,0,0
multi_device,0,0,depth_all,2418,2721,0,0
multi_device,0,0,depth_all,2418,2724,0,0
multi_device,0,0,depth_all,2419,2729,0,0
multi_device,0,0,depth_all,2419,2733,0,0
multi_device,0,0,depth_all,2419,2737,0,0
multi_device,0,0,depth_all,2419,2741,0,0
multi_device,0,0,depth_all,2419,2746,0,0
multi_device,0,0,depth_all,2419,2749,0,0
multi_device,0,0,depth_all,2419,2754,0,0
multi_device,0,0,depth_all,2419,2758,0,0
multi_device,0,0,depth_all,2420,2763,0,0
multi_device,0,0,depth_all,2420,2766,0,0
multi_device,0,0,depth_all,2420,2771,0,0
multi_device,0,0,depth_all,2421,2777,0,0
multi_device,0,0,depth_all,2420,2779,0,0
multi_device,0,0,depth_all,2421,2785,0,0
multi_device,0,0,depth_all,2421,2789,0,0
multi_device,0,0,depth_all,2421,2794,0,0
multi_device,0,0,depth_all,2421,2799,0,0
multi_device,0,0,depth_all,2421,2803,0,0
multi_device,0,0,depth_all,2422,2809,0,0
multi_device,0,0,depth_all,2422,2813,0,0
multi_device,0,0,depth_all,2422,2815,0,0
multi_device,0,0,depth_all,2422,2818,0,0
multi_device,0,0,depth_all,2422,2822,0,0
multi_device,0,0,depth_all,2423,2827,0,0
multi_device,0,0,depth_all,2423,2831,0,0
multi_device,0,0,depth_all,2423,2838,0,0
multi_device,0,0,depth_all,2424,2840,0,0
multi_device,0,0,depth_all,2423,2841,0,0
multi_device,0,0,depth_all,2424,2846,0,0
multi_device,0,0,depth_all,2424,2850,0,0
multi_device,0,0,depth_all,2425,2853,0,0
multi_device,0,0,depth_all,2425,2857,0,0
multi_device,0,0,depth_all,2425,2858,0,0
multi_device,0,0,depth_all,2425,2859,0,0
multi_device,0,0,depth_all,2425,2861,0,0
multi_device,0,0,depth_all,2425,2864,0,0
multi_device,0,0,depth_all,2426,2868,0,0
multi_device,0,0,depth_all,2425,2870,0,0
multi_device,0,0,depth_all,2426,2875,0,0
multi_device,0,0,depth_all,2426,2877,0,0
multi_device,0,0,depth_all,2426,2879,0,0
multi_device,0,0,depth_all,2427,2883,0,0
multi_device,0,0,depth_all,2427,2886,0,0
multi_device,0,0,depth_all,2427,2888,0,0
multi_device,0,0,depth_all,2427,2891,0,0
multi_device,0,0,depth_all,2427,2894,0,0
multi_device,0,0,depth_all,2427,2896,0,0
multi_device,0,0,depth_all,2428,2903,0,0
multi_device,0,0,depth_all,2428,2902,0,0
multi_device,0,0,depth_all,2428,2906,0,0
multi_device,0,0,depth_all,2428,2908,0,0
multi_device,0,0,depth_all,2428,2913,0,0
multi_device,0,0,depth_all,2429,2914,0,0
multi_device,0,0,depth_all,2429,2920,0,0
multi_device,0,0,depth_all,2429,2921,0,0
multi_device,0,0,depth_all,2429,2923,0,0
multi_device,0,0,depth_all,2429,2925,0,0
multi_device,0,0,depth_all,2430,2927,0,0
multi_device,0,0,depth_all,2430,2929,0,0
multi_device,0,0,depth_all,2430,2931,0,0
multi_device,0,0,depth_all,2430,2935,0,0
multi_device,0,0,depth_all,2431,2939,0,0
multi_device,0,0,depth_all,2430,2940,0,0
multi_device,0,0,depth_all,2431,2941,0,0
multi_device,0,0,depth_all,2432,2947,0,0
multi_device,0,0,depth_all,2431,2949,0,0
multi_device,0,0,depth_all,2432,2952,0,0
multi_device,0,0,depth_all,2431,2954,0,0
multi_device,0,0,depth_all,2432,2959,0,0
multi_device,0,0,depth_all,2432,2960,0,0
multi_device,0,0,depth_all,2432,2962,0,0
multi_device,0,0,depth_all,2433,2966,0,0
multi_device,0,0,depth_all,2433,2969,0,0
multi_device,0,0,depth_all,2433,2969,0,0
multi_device,0,0,depth_all,2433,2972,0,0
multi_device,0,0,depth_all,2434,2975,0,0
multi_device,0,0,depth_all,2434,2980,0,0
multi_device,0,0,depth_all,2433,2983,0,0
multi_device,0,0,depth_all,2434,2986,0,0
multi_device,0,0,depth_all,2434,2988,0,0
multi_device,0,0,depth_all,2434,2991,0,0
multi_device,0,0,depth_all,2435,2994,0,0
multi_device,0,0,depth_all,2435,2994,0,0
multi_device,0,0,depth_all,2435,2998,0,0
multi_device,0,0,depth_all,2435,3000,0,0
multi_device,0,0,depth_all,2435,3003,0,0
multi_device,0,0,depth_all,2436,3007,0,0
multi_device,0,0,depth_all,2436,3007,0,0
multi_device,0,0,depth_all,2436,3010,0,0
multi_device,0,0,depth_all,2436,3010,0,0
multi_device,0,0,depth_all,2437,3013,0,0
multi_device,0,0,depth_all,2436,3014,0,0
multi_device,0,0,depth_all,2437,3017,0,0
multi_device,0,0,depth_all,2442,3022,0,0
multi_device,0,0,depth_all,2442,3025,0,0
multi_device,0,0,depth_all,2442,3028,0,0
multi_device,0,0,depth_all,2442,3031,0,0
multi_device,0,0,depth_all,2442,3032,0,0
multi_device,0,0,depth_all,2443,3036,0,0
multi_device,0,0,depth_all,2442,3037,0,0
multi_device,0,0,depth_all,2443,3041,0,0
multi_device,0,0,depth_all,2444,3043,0,0
multi_device,0,0,depth_all,2444,3045,0,0
multi_device,0,0,depth_all,2444,3047,0,0
multi_device,0,0,depth_all,2443,3049,0,0
multi_device,0,0,depth_all,2444,3053,0,0
multi_device,0,0,depth_all,2445,3056,0,0
multi_device,0,0,depth_all,2445,3057,0,0
multi_device,0,0,depth_all,2444,3059,0,0
multi_device,0,0,depth_all,2445,3062,0,0
multi_device,0,0,depth_all,2445,3062,0,0
multi_device,0,0,depth_all,2445,3064,0,0
multi_device,0,0,depth_all,2445,3066,0,0
multi_device,0,0,depth_all,2446,3068,0,0
multi_device,0,0,depth_all,2446,3072,0,0
multi_device,0,0,depth_all,2446,3072,0,0
multi_device,0,0,depth_all,2446,3074,0,0
multi_device,0,0,depth_all,2447,3078,0,0
multi_device,0,0,depth_all,2447,3081,0,0
multi_device,0,0,depth_all,2447,3082,0,0
multi_device,0,0,depth_all,2447,3082,0,0
multi_device,0,0,depth_all,2448,3086,0,0
multi_device,0,0,depth_all,2447,3085,0,0
multi_device,0,0,depth_all,2448,3088,0,0
multi_device,0,0,depth_all,2448,3089,0,0
multi_device,0,0,depth_all,2448,3090,0,0
multi_device,0,0,depth_all,2448,3090,0,0
multi_device,0,0,depth_all,2449,3097,0,0
multi_device,0,0,depth_all,2448,3096,0,0
multi_device,0,0,depth_all,2448,3099,0,0
multi_device,0,0,depth_all,2450,3102,0,0
multi_device,0,0,depth_all,2450,3105,0,0
multi_device,0,0,depth_all,2450,3107,0,0
multi_device,0,0,depth_all,2450,3111,0,0
multi_device,0,0,depth_all,2450,3113,0,0
multi_device,0,0,depth_all,2450,3118,0,0
multi_device,0,0,depth_all,2451,3120,0,0
multi_device,0,0,depth_all,2450,3120,0,0
multi_device,0,0,depth_all,2451,3122,0,0
multi_device,0,0,depth_all,2451,3125,0,0
multi_device,0,0,depth_all,2451,3128,0,0
multi_device,0,0,depth_all,2451,3127,0,0
multi_device,0,0,depth_all,2451,3131,0,0
multi_device,0,0,depth_all,2451,3132,0,0
multi_device,0,0,depth_all,2452,3139,0,0
multi_device,0,0,depth_all,2452,3140,0,0
multi_device,0,0,depth_all,2453,3140,0,0
multi_device,0,0,depth_all,2453,3143,0,0
multi_device,0,0,depth_all,2453,3144,0,0
multi_device,0,0,depth_all,2453,3146,0,0
multi_device,0,0,depth_all,2454,3150,0,0
multi_device,0,0,depth_all,2453,3149,0,0
multi_device,0,0,depth_all,2453,3151,0,0
multi_device,0,0,depth_all,2453,3155,0,0
multi_device,0,0,depth_all,2454,3158,0,0
multi_device,0,0,depth_all,2454,3159,0,0
multi_device,0,0,depth_all,2455,3163,0,0
multi_device,0,0,depth_all,2454,3163,0,0
multi_device,0,0,depth_all,2455,3166,0,0
multi_device,0,0,depth_all,2455,3168,0,0
multi_device,0,0,depth_all,2455,3170,0,0
multi_device,0,0,depth_all,2456,3172,0,0
multi_device,0,0,depth_all,2456,3175,0,0
multi_device,0,0,depth_all,2456,3177,0,0
multi_device,0,0,depth_all,2456,3178,0,0
multi_device,0,0,depth_all,2456,3180,0,0
multi_device,0,0,depth_all,2456,3182,0,0
multi_device,0,0,depth_all,2457,3186,0,0
multi_device,0,0,depth_all,2456,3188,0,0
multi_device,0,0,depth_all,2457,3191,0,0
multi_device,0,0,depth_all,2457,3193,0,0
multi_device,0,0,depth_all,2457,3193,0,0
multi_device,0,0,depth_all,2457,3195,0,0
multi_device,0,0,depth_all,2458,3199,0,0
multi_device,0,0,depth_all,2458,3197,0,0
multi_device,0,0,depth_all,2459,3199,0,0
multi_device,0,0,depth_all,2459,3201,0,0
multi_device,0,0,depth_all,2459,3203,0,0
multi_device,0,0,depth_all,2459,3203,0,0
multi_device,0,0,depth_all,2459,3205,0,0
multi_device,0,0,depth_all,2459,3208,0,0
multi_device,0,0,depth_all,2459,3209,0,0
multi_device,0,0,depth_all,2459,3212,0,0
multi_device,0,0,depth_all,2460,3213,0,0
multi_device,0,0,depth_all,2460,3215,0,0
multi_device,0,0,depth_all,2451,3209,0,0
multi_device,0,0,depth_all,2452,3210,0,0
multi_device,0,0,depth_all,2452,3211,0,0
multi_device,0,0,depth_all,2452,3212,0,0
multi_device,0,0,depth_all,2453,3215,0,0
multi_device,0,0,depth_all,2452,3215,0,0
multi_device,0,0,depth_all,2453,3218,0,0
multi_device,0,0,depth_all,2453,3218,0,0
multi_device,0,0,depth_all,2454,3219,0,0
multi_device,0,0,depth_all,2454,3220,0,0
multi_device,0,0,depth_all,2453,3219,0,0
multi_device,0,0,depth_all,2454,3221,0,0
multi_device,0,0,depth_all,2454,3221,0,0
multi_device,0,0,depth_all,2454,3224,0,0
multi_device,0,0,depth_all,2455,3228,0,0
multi_device,0,0,depth_all,2455,3228,0,0
multi_device,0,0,depth_all,2455,3229,0,0
multi_device,0,0,depth_all,2455,3228,0,0
multi_device,0,0,depth_all,2455,3229,0,0
multi_device,0,0,depth_all,2456,3231,0,0
multi_device,0,0,depth_all,2456,3233,0,0
multi_device,0,0,depth_all,2456,3235,0,0
multi_device,0,0,depth_all,2456,3235,0,0
multi_device,0,0,depth_all,2457,3236,0,0
multi_device,0,0,depth_all,2457,3238,0,0
multi_device,0,0,depth_all,2457,3239,0,0
multi_device,0,0,depth_all,2457,3241,0,0
multi_device,0,0,depth_all,2457,3242,0,0
multi_device,0,0,depth_all,2457,3244,0,0
multi_device,0,0,depth_all,2457,3246,0,0
multi_device,0,0,depth_all,2458,3245,0,0
multi_device,0,0,depth_all,2458,3248,0,0
multi_device,0,0,depth_all,2458,3248,0,0
multi_device,0,0,depth_all,2458,3248,0,0
multi_device,0,0,depth_all,2459,3249,0,0
multi_device,0,0,depth_all,2458,3249,0,0
multi_device,0,0,depth_all,2459,3250,0,0
multi_device,0,0,depth_all,2459,3254,0,0
multi_device,0,0,depth_all,2459,3255,0,0
multi_device,0,0,depth_all,2459,3256,0,0
multi_device,0,0,depth_all,2460,3258,0,0
multi_device,0,0,depth_all,2460,3257,0,0
multi_device,0,0,depth_all,2460,3259,0,0
multi_device,0,0,depth_all,2460,3263,0,0
multi_device,0,0,depth_all,2460,3261,0,0
multi_device,0,0,depth_all,2460,3264,0,0
multi_device,0,0,depth_all,2461,3266,0,0
multi_device,0,0,depth_all,2462,3268,0,0
multi_device,0,0,depth_all,2462,3271,0,0
multi_device,0,0,depth_all,2462,3272,0,0
multi_device,0,0,depth_all,2461,3273,0,0
multi_device,0,0,depth_all,2462,3275,0,0
multi_device,0,0,depth_all,2462,3274,0,0
multi_device,0,0,depth_all,2462,3275,0,0
multi_device,0,0,depth_all,2462,3277,0,0
multi_device,0,0,depth_all,2463,3280,0,0
multi_device,0,0,depth_all,2463,3279,0,0
multi_device,0,0,depth_all,2464,3281,0,0
multi_device,0,0,depth_all,2464,3282,0,0
multi_device,0,0,depth_all,2463,3281,0,0
multi_device,0,0,depth_all,2464,3283,0,0
multi_device,0,0,depth_all,2462,3282,0,0
multi_device,0,0,depth_all,2464,3284,0,0
multi_device,0,0,depth_all,2464,3285,0,0
multi_device,0,0,depth_all,2461,3283,0,0
multi_device,0,0,depth_all,2465,3289,0,0
multi_device,0,0,depth_all,2465,3289,0,0
multi_device,0,0,depth_all,2459,3284,0,0
multi_device,0,0,depth_all,2466,3291,0,0
multi_device,0,0,depth_all,2466,3292,0,0
multi_device,0,0,depth_all,2457,3283,0,0
multi_device,0,0,depth_all,2466,3293,0,0
multi_device,0,0,depth_all,2467,3295,0,0
multi_device,0,0,depth_all,2457,3285,0,0
multi_device,0,0,depth_all,2466,3296,0,0
multi_device,0,0,depth_all,2467,3299,0,0
multi_device,0,0,depth_all,2467,3299,0,0
multi_device,0,0,depth_all,2467,3302,0,0
multi_device,0,0,depth_all,2468,3304,0,0
multi_device,0,0,depth_all,2467,3304,0,0
multi_device,0,0,depth_all,2468,3305,0,0
multi_device,0,0,depth_all,2468,3305,0,0
multi_device,0,0,depth_all,2468,3306,0,0
multi_device,0,0,depth_all,2469,3307,0,0
multi_device,0,0,depth_all,2468,3307,0,0
multi_device,0,0,color_all,2298,627,0,0
multi_device,0,0,color_all,2298,629,0,0
multi_device,0,0,color_all,2298,631,0,0
multi_device,0,0,color_all,2298,635,0,0
multi_device,0,0,color_all,2299,639,0,0
multi_device,0,0,color_all,2299,644,0,0
multi_device,0,0,color_all,2299,646,0,0
multi_device,0,0,color_all,2299,650,0,0
multi_device,0,0,color_all,2299,653,0,0
multi_device,0,0,color_all,2300,657,0,0
multi_device,0,0,color_all,2300,659,0,0
multi_device,0,0,color_all,2300,504,0,0
multi_device,0,0,color_all,2300,506,0,0
multi_device,0,0,color_all,2301,506,0,0
multi_device,0,0,color_all,2301,508,0,0
multi_device,0,0,color_all,2300,509,0,0
multi_device,0,0,color_all,2301,508,0,0
multi_device,0,0,color_all,2301,511,0,0
multi_device,0,0,color_all,2301,512,0,0
multi_device,0,0,color_all,2301,512,0,0
multi_device,0,0,color_all,2302,512,0,0
multi_device,0,0,color_all,2302,513,0,0
multi_device,0,0,color_all,2302,515,0,0
multi_device,0,0,color_all,2302,516,0,0
multi_device,0,0,color_all,2302,517,0,0
multi_device,0,0,color_all,2302,518,0,0
multi_device,0,0,color_all,2303,517,0,0
multi_device,0,0,color_all,2303,519,0,0
multi_device,0,0,color_all,2304,520,0,0
multi_device,0,0,color_all,2304,520,0,0
multi_device,0,0,color_all,2303,522,0,0
multi_device,0,0,color_all,2304,451,0,0
multi_device,0,0,color_all,2305,455,0,0
multi_device,0,0,color_all,2304,455,0,0
multi_device,0,0,color_all,2305,457,0,0
multi_device,0,0,color_all,2305,460,0,0
multi_device,0,0,color_all,2306,461,0,0
multi_device,0,0,color_all,2305,463,0,0
multi_device,0,0,color_all,2305,465,0,0
multi_device,0,0,color_all,2305,467,0,0
multi_device,0,0,color_all,2306,470,0,0
multi_device,0,0,color_all,2306,209,0,0
multi_device,0,0,color_all,2306,208,0,0
multi_device,0,0,color_all,2306,206,0,0
multi_device,0,0,color_all,2307,207,0,0
multi_device,0,0,color_all,2307,207,0,0
multi_device,0,0,color_all,2307,207,0,0
multi_device,0,0,color_all,2307,207,0,0
multi_device,0,0,color_all,2300,214,0,0
multi_device,0,0,color_all,2300,216,0,0
multi_device,0,0,color_all,2301,215,0,0
multi_device,0,0,color_all,2301,214,0,0
multi_device,0,0,color_all,2301,215,0,0
multi_device,0,0,color_all,2301,215,0,0
multi_device,0,0,color_all,2301,216,0,0
multi_device,0,0,color_all,2301,215,0,0
multi_device,0,0,color_all,2302,216,0,0
multi_device,0,0,color_all,2302,218,0,0
multi_device,0,0,color_all,2303,214,0,0
multi_device,0,0,color_all,2302,216,0,0
multi_device,0,0,color_all,2302,216,0,0
multi_device,0,0,color_all,2303,123,0,0
multi_device,0,0,color_all,2303,123,0,0
multi_device,0,0,color_all,2303,123,0,0
multi_device,0,0,color_all,2303,124,0,0
multi_device,0,0,color_all,2303,124,0,0
multi_device,0,0,color_all,2304,124,0,0
multi_device,0,0,color_all,2304,123,0,0
multi_device,0,0,color_all,2304,125,0,0
multi_device,0,0,color_all,2305,124,0,0
multi_device,0,0,color_all,2305,125,0,0
multi_device,0,0,color_all,2305,188,0,0
multi_device,0,0,color_all,2306,188,0,0
multi_device,0,0,color_all,2305,188,0,0
multi_device,0,0,color_all,2306,185,0,0
multi_device,0,0,color_all,2306,186,0,0
multi_device,0,0,color_all,2306,185,0,0
multi_device,0,0,color_all,2307,183,0,0
multi_device,0,0,color_all,2307,182,0,0
multi_device,0,0,color_all,2307,182,0,0
multi_device,0,0,color_all,2307,182,0,0
multi_device,0,0,color_all,2307,182,0,0
multi_device,0,0,color_all,2307,181,0,0
multi_device,0,0,color_all,2308,180,0,0
multi_device,0,0,color_all,2308,180,0,0
multi_device,0,0,color_all,2308,179,0,0
multi_device,0,0,color_all,2308,177,0,0
multi_device,0,0,color_all,2308,177,0,0
multi_device,0,0,color_all,2308,176,0,0
multi_device,0,0,color_all,2309,176,0,0
multi_device,0,0,color_all,2309,174,0,0
multi_device,0,0,color_all,2309,287,0,0
multi_device,0,0,color_all,2309,289,0,0
multi_device,0,0,color_all,2309,288,0,0
multi_device,0,0,color_all,2310,289,0,0
multi_device,0,0,color_all,2310,289,0,0
multi_device,0,0,color_all,2310,289,0,0
multi_device,0,0,color_all,2310,290,0,0
multi_device,0,0,color_all,2310,292,0,0
multi_device,0,0,color_all,2311,291,0,0
multi_device,0,0,color_all,2311,291,0,0
multi_device,0,0,color_all,2312,182,0,0
multi_device,0,0,color_all,2311,182,0,0
multi_device,0,0,color_all,2312,182,0,0
multi_device,0,0,color_all,2312,185,0,0
multi_device,0,0,color_all,2312,188,0,0
multi_device,0,0,color_all,2312,189,0,0
multi_device,0,0,color_all,2312,189,0,0
multi_device,0,0,color_all,2313,194,0,0
multi_device,0,0,color_all,2313,193,0,0
multi_device,0,0,color_all,2313,196,0,0
multi_device,0,0,color_all,2313,198,0,0
multi_device,0,0,color_all,2314,200,0,0
multi_device,0,0,color_all,2313,201,0,0
multi_device,0,0,color_all,2314,203,0,0
multi_device,0,0,color_all,2314,203,0,0
multi_device,0,0,color_all,2314,206,0,0
multi_device,0,0,color_all,2315,208,0,0
multi_device,0,0,color_all,2314,210,0,0
multi_device,0,0,color_all,2315,212,0,0
multi_device,0,0,color_all,2315,213,0,0
multi_device,0,0,color_all,2315,266,0,0
multi_device,0,0,color_all,2316,268,0,0
multi_device,0,0,color_all,2316,268,0,0
multi_device,0,0,color_all,2316,268,0,0
multi_device,0,0,color_all,2316,271,0,0
multi_device,0,0,color_all,2317,273,0,0
multi_device,0,0,color_all,2316,274,0,0
multi_device,0,0,color_all,2317,275,0,0
multi_device,0,0,color_all,2317,277,0,0
multi_device,0,0,color_all,2317,278,0,0
multi_device,0,0,color_all,2318,383,0,0
multi_device,0,0,color_all,2318,383,0,0
multi_device,0,0,color_all,2318,384,0,0
multi_device,0,0,color_all,2318,384,0,0
multi_device,0,0,color_all,2319,384,0,0
multi_device,0,0,color_all,2319,386,0,0
multi_device,0,0,color_all,2319,386,0,0
multi_device,0,0,color_all,2319,386,0,0
multi_device,0,0,color_all,2319,386,0,0
multi_device,0,0,color_all,2320,386,0,0
multi_device,0,0,color_all,2319,386,0,0
multi_device,0,0,color_all,2319,387,0,0
multi_device,0,0,color_all,2320,387,0,0
multi_device,0,0,color_all,2320,387,0,0
multi_device,0,0,color_all,2320,389,0,0
multi_device,0,0,color_all,2321,389,0,0
multi_device,0,0,color_all,2320,389,0,0
multi_device,0,0,color_all,2321,389,0,0
multi_device,0,0,color_all,2321,390,0,0
multi_device,0,0,color_all,2322,391,0,0
multi_device,0,0,color_all,2322,405,0,0
multi_device,0,0,color_all,2322,406,0,0
multi_device,0,0,color_all,2322,406,0,0
multi_device,0,0,color_all,2322,406,0,0
multi_device,0,0,color_all,2323,407,0,0
multi_device,0,0,color_all,2323,406,0,0
multi_device,0,0,color_all,2323,407,0,0
multi_device,0,0,color_all,2323,408,0,0
multi_device,0,0,color_all,2323,406,0,0
multi_device,0,0,color_all,2323,408,0,0
multi_device,0,0,color_all,2324,409,0,0
multi_device,0,0,color_all,2323,407,0,0
multi_device,0,0,color_all,2324,406,0,0
multi_device,0,0,color_all,2324,408,0,0
multi_device,0,0,color_all,2324,406,0,0
multi_device,0,0,color_all,2324,406,0,0
multi_device,0,0,color_all,2325,410,0,0
multi_device,0,0,color_all,2325,407,0,0
multi_device,0,0,color_all,2326,409,0,0
multi_device,0,0,color_all,2326,409,0,0
multi_device,0,0,color_all,2326,409,0,0
multi_device,0,0,color_all,2326,409,0,0
multi_device,0,0,color_all,2326,410,0,0
multi_device,0,0,color_all,2327,410,0,0
multi_device,0,0,color_all,2327,411,0,0
multi_device,0,0,color_all,2326,410,0,0
multi_device,0,0,color_all,2327,411,0,0
multi_device,0,0,color_all,2328,411,0,0
multi_device,0,0,color_all,2327,409,0,0
multi_device,0,0,color_all,2328,411,0,0
multi_device,0,0,color_all,2328,411,0,0
multi_device,0,0,color_all,2328,412,0,0
multi_device,0,0,color_all,2329,412,0,0
multi_device,0,0,color_all,2328,411,0,0
multi_device,0,0,color_all,2329,412,0,0
multi_device,0,0,color_all,2329,412,0,0
multi_device,0,0,color_all,2329,411,0,0
multi_device,0,0,color_all,2329,412,0,0
multi_device,0,0,color_all,2330,414,0,0
multi_device,0,0,color_all,2329,411,0,0
multi_device,0,0,color_all,2330,414,0,0
multi_device,0,0,color_all,2330,413,0,0
multi_device,0,0,color_all,2330,412,0,0
multi_device,0,0,color_all,2331,414,0,0
multi_device,0,0,color_all,2331,413,0,0
multi_device,0,0,color_all,2331,413,0,0
multi_device,0,0,color_all,2331,414,0,0
multi_device,0,0,color_all,2331,412,0,0
multi_device,0,0,color_all,2332,415,0,0
multi_device,0,0,color_all,2332,414,0,0
multi_device,0,0,color_all,2331,413,0,0
multi_device,0,0,color_all,2332,413,0,0
multi_device,0,0,color_all,2332,413,0,0
multi_device,0,0,color_all,2332,414,0,0
multi_device,0,0,color_all,2332,274,0,0
multi_device,0,0,color_all,2333,135,0,0
multi_device,0,0,color_all,2333,38,0,0
multi_device,0,0,color_all,2334,174,0,0
multi_device,0,0,color_all,2333,309,0,0
multi_device,0,0,color_all,2334,443,0,0
multi_device,0,0,color_all,2334,576,0,0
multi_device,0,0,color_all,2334,709,0,0
multi_device,0,0,color_all,2335,841,0,0
multi_device,0,0,color_all,2334,973,0,0
multi_device,0,0,color_all,2334,1103,0,0
multi_device,0,0,color_all,2335,1231,0,0
multi_device,0,0,color_all,2336,1360,0,0
multi_device,0,0,color_all,2335,1489,0,0
multi_device,0,0,color_all,2336,1617,0,0
multi_device,0,0,color_all,2336,1743,0,0
multi_device,0,0,color_all,2336,1867,0,0
multi_device,0,0,color_all,2336,1993,0,0
multi_device,0,0,color_all,2337,2114,0,0
multi_device,0,0,color_all,2337,2240,0,0
multi_device,0,0,color_all,2337,2363,0,0
multi_device,0,0,color_all,2337,2483,0,0
multi_device,0,0,color_all,2337,2603,0,0
multi_device,0,0,color_all,2338,2724,0,0
multi_device,0,0,color_all,2337,2843,0,0
multi_device,0,0,color_all,2338,2960,0,0
multi_device,0,0,color_all,2338,3078,0,0
multi_device,0,0,color_all,2338,3193,0,0
multi_device,0,0,color_all,2338,3310,0,0
multi_device,0,0,color_all,2339,3424,0,0
multi_device,0,0,color_all,2339,3537,0,0
multi_device,0,0,color_all,2339,3651,0,0
multi_device,0,0,color_all,2339,3762,0,0
multi_device,0,0,color_all,2339,3875,0,0
multi_device,0,0,color_all,2340,3984,0,0
multi_device,0,0,color_all,2340,4096,0,0
multi_device,0,0,color_all,2340,4204,0,0
multi_device,0,0,color_all,2340,4314,0,0
multi_device,0,0,color_all,2341,4421,0,0
multi_device,0,0,color_all,2341,4528,0,0
multi_device,0,0,color_all,2341,4637,0,0
multi_device,0,0,color_all,2342,4742,0,0
multi_device,0,0,color_all,2342,4849,0,0
multi_device,0,0,color_all,2342,4955,0,0
multi_device,0,0,color_all,2341,5062,0,0
multi_device,0,0,color_all,2342,5167,0,0
multi_device,0,0,color_all,2342,5271,0,0
multi_device,0,0,color_all,2343,5365,0,0
multi_device,0,0,color_all,2342,5469,0,0
multi_device,0,0,color_all,2343,5568,0,0
multi_device,0,0,color_all,2343,5668,0,0
multi_device,0,0,color_all,2344,5765,0,0
multi_device,0,0,color_all,2344,5864,0,0
multi_device,0,0,color_all,2344,5963,0,0
multi_device,0,0,color_all,2344,6060,0,0
multi_device,0,0,color_all,2344,6158,0,0
multi_device,0,0,color_all,2344,6253,0,0
multi_device,0,0,color_all,2344,6346,0,0
multi_device,0,0,color_all,2345,6441,0,0
multi_device,0,0,color_all,2345,6534,0,0
multi_device,0,0,color_all,2345,6630,0,0
multi_device,0,0,color_all,2345,6721,0,0
multi_device,0,0,color_all,2345,6814,0,0
multi_device,0,0,color_all,2346,6907,0,0
multi_device,0,0,color_all,2346,6997,0,0
multi_device,0,0,color_all,2347,7087,0,0
multi_device,0,0,color_all,2347,7178,0,0
multi_device,0,0,color_all,2346,7269,0,0
multi_device,0,0,color_all,2347,7351,0,0
multi_device,0,0,color_all,2347,7441,0,0
multi_device,0,0,color_all,2347,7528,0,0
multi_device,0,0,color_all,2347,7612,0,0
multi_device,0,0,color_all,2348,7702,0,0
multi_device,0,0,color_all,2348,7787,0,0
multi_device,0,0,color_all,2348,7868,0,0
multi_device,0,0,color_all,2349,7959,0,0
multi_device,0,0,color_all,2348,8043,0,0
multi_device,0,0,color_all,2348,8121,0,0
multi_device,0,0,color_all,2349,8209,0,0
multi_device,0,0,color_all,2349,8292,0,0
multi_device,0,0,color_all,2350,8367,0,0
multi_device,0,0,color_all,2350,8456,0,0
multi_device,0,0,color_all,2350,8537,0,0
multi_device,0,0,color_all,2350,8609,0,0
multi_device,0,0,color_all,2350,8696,0,0
multi_device,0,0,color_all,2351,8775,0,0
multi_device,0,0,color_all,2350,8846,0,0
multi_device,0,0,color_all,2351,8930,0,0
multi_device,0,0,color_all,2351,9007,0,0
multi_device,0,0,color_all,2351,9083,0,0
multi_device,0,0,color_all,2351,9162,0,0
multi_device,0,0,color_all,2351,9236,0,0
multi_device,0,0,color_all,2351,9312,0,0
multi_device,0,0,color_all,2352,9386,0,0
multi_device,0,0,color_all,2352,9459,0,0
multi_device,0,0,color_all,2352,9535,0,0
multi_device,0,0,color_all,2353,9462,0,0
multi_device,0,0,color_all,2352,9390,0,0
multi_device,0,0,color_all,2353,9317,0,0
multi_device,0,0,color_all,2353,9245,0,0
multi_device,0,0,color_all,2354,9178,0,0
multi_device,0,0,color_all,2354,9108,0,0
multi_device,0,0,color_all,2354,9040,0,0
multi_device,0,0,color_all,2354,8972,0,0
multi_device,0,0,color_all,2354,8906,0,0
multi_device,0,0,color_all,2355,8837,0,0
multi_device,0,0,color_all,2354,8771,0,0
multi_device,0,0,color_all,2355,8706,0,0
multi_device,0,0,color_all,2355,8639,0,0
multi_device,0,0,color_all,2355,8574,0,0
multi_device,0,0,color_all,2355,8510,0,0
multi_device,0,0,color_all,2356,8446,0,0
multi_device,0,0,color_all,2355,8382,0,0
multi_device,0,0,color_all,2356,8315,0,0
multi_device,0,0,color_all,2356,8254,0,0
multi_device,0,0,color_all,2357,8190,0,0
multi_device,0,0,color_all,2356,8128,0,0
multi_device,0,0,color_all,2357,8067,0,0
multi_device,0,0,color_all,2357,8005,0,0
multi_device,0,0,color_all,2357,7945,0,0
multi_device,0,0,color_all,2358,7881,0,0
multi_device,0,0,color_all,2357,7821,0,0
multi_device,0,0,color_all,2357,7760,0,0
multi_device,0,0,color_all,2358,7699,0,0
multi_device,0,0,color_all,2358,7640,0,0
multi_device,0,0,color_all,2359,7583,0,0
multi_device,0,0,color_all,2359,7523,0,0
multi_device,0,0,color_all,2359,7466,0,0
multi_device,0,0,color_all,2359,7409,0,0
multi_device,0,0,color_all,2357,7355,0,0
multi_device,0,0,color_all,2359,7296,0,0
multi_device,0,0,color_all,2359,7241,0,0
multi_device,0,0,color_all,2356,7190,0,0
multi_device,0,0,color_all,2360,7131,0,0
multi_device,0,0,color_all,2360,7075,0,0
multi_device,0,0,color_all,2355,7026,0,0
multi_device,0,0,color_all,2361,6967,0,0
multi_device,0,0,color_all,2361,6915,0,0
multi_device,0,0,color_all,2355,6869,0,0
multi_device,0,0,color_all,2362,6810,0,0
multi_device,0,0,color_all,2362,6755,0,0
multi_device,0,0,color_all,2352,6715,0,0
multi_device,0,0,color_all,2362,6653,0,0
multi_device,0,0,color_all,2363,6599,0,0
multi_device,0,0,color_all,2363,6545,0,0
multi_device,0,0,color_all,2362,6498,0,0
multi_device,0,0,color_all,2363,6446,0,0
multi_device,0,0,color_all,2363,6397,0,0
multi_device,0,0,color_all,2364,6344,0,0
multi_device,0,0,color_all,2363,6294,0,0
multi_device,0,0,color_all,2364,6242,0,0
multi_device,0,0,color_all,2364,6190,0,0
multi_device,0,0,color_all,2364,6142,0,0
multi_device,0,0,color_all,2365,6093,0,0
multi_device,0,0,color_all,2364,6044,0,0
multi_device,0,0,color_all,2365,5993,0,0
multi_device,0,0,color_all,2365,5946,0,0
multi_device,0,0,color_all,2365,5899,0,0
multi_device,0,0,color_all,2365,5851,0,0
multi_device,0,0,color_all,2366,5804,0,0
multi_device,0,0,color_all,2366,5756,0,0
multi_device,0,0,color_all,2366,5708,0,0
multi_device,0,0,color_all,2366,5662,0,0
multi_device,0,0,color_all,2366,5616,0,0
multi_device,0,0,color_all,2366,5570,0,0
multi_device,0,0,color_all,2366,5525,0,0
multi_device,0,0,color_all,2367,5479,0,0
multi_device,0,0,color_all,2367,5432,0,0
multi_device,0,0,color_all,2368,5388,0,0
multi_device,0,0,color_all,2368,5343,0,0
multi_device,0,0,color_all,2367,5301,0,0
multi_device,0,0,color_all,2368,5259,0,0
multi_device,0,0,color_all,2368,5215,0,0
multi_device,0,0,color_all,2368,5172,0,0
multi_device,0,0,color_all,2369,5129,0,0
multi_device,0,0,color_all,2368,5085,0,0
multi_device,0,0,color_all,2369,5042,0,0
multi_device,0,0,color_all,2369,5000,0,0
multi_device,0,0,color_all,2370,4960,0,0
multi_device,0,0,color_all,2370,4917,0,0
multi_device,0,0,color_all,2369,4877,0,0
multi_device,0,0,color_all,2370,4835,0,0
multi_device,0,0,color_all,2370,4793,0,0
multi_device,0,0,color_all,2370,4754,0,0
multi_device,0,0,color_all,2371,4713,0,0
multi_device,0,0,color_all,2370,4674,0,0
multi_device,0,0,color_all,2371,4634,0,0
multi_device,0,0,color_all,2371,4595,0,0
multi_device,0,0,color_all,2372,4556,0,0
multi_device,0,0,color_all,2372,4519,0,0
multi_device,0,0,color_all,2372,4479,0,0
multi_device,0,0,color_all,2372,4441,0,0
multi_device,0,0,color_all,2372,4404,0,0
multi_device,0,0,color_all,2373,4364,0,0
multi_device,0,0,color_all,2373,4324,0,0
multi_device,0,0,color_all,2373,4288,0,0
multi_device,0,0,color_all,2373,4248,0,0
multi_device,0,0,color_all,2373,4212,0,0
multi_device,0,0,color_all,2374,4174,0,0
multi_device,0,0,color_all,2374,4140,0,0
multi_device,0,0,color_all,2374,4104,0,0
multi_device,0,0,color_all,2374,4068,0,0
multi_device,0,0,color_all,2374,4032,0,0
multi_device,0,0,color_all,2375,3996,0,0
multi_device,0,0,color_all,2375,3962,0,0
multi_device,0,0,color_all,2375,3925,0,0
multi_device,0,0,color_all,2375,3893,0,0
multi_device,0,0,color_all,2375,3858,0,0
multi_device,0,0,color_all,2375,3824,0,0
multi_device,0,0,color_all,2376,3791,0,0
multi_device,0,0,color_all,2376,3756,0,0
multi_device,0,0,color_all,2376,3723,0,0
multi_device,0,0,color_all,2376,3690,0,0
multi_device,0,0,color_all,2376,3655,0,0
multi_device,0,0,color_all,2377,3624,0,0
multi_device,0,0,color_all,2377,3590,0,0
multi_device,0,0,color_all,2378,3559,0,0
multi_device,0,0,color_all,2377,3528,0,0
multi_device,0,0,color_all,2377,3499,0,0
multi_device,0,0,color_all,2378,3467,0,0
multi_device,0,0,color_all,2378,3436,0,0
multi_device,0,0,color_all,2379,3405,0,0
multi_device,0,0,color_all,2378,3375,0,0
multi_device,0,0,color_all,2379,3347,0,0
multi_device,0,0,color_all,2379,3318,0,0
multi_device,0,0,color_all,2379,3290,0,0
multi_device,0,0,color_all,2379,3261,0,0
multi_device,0,0,color_all,2380,3232,0,0
multi_device,0,0,color_all,2379,3205,0,0
multi_device,0,0,color_all,2380,3176,0,0
multi_device,0,0,color_all,2380,3149,0,0
multi_device,0,0,color_all,2380,3122,0,0
multi_device,0,0,color_all,2381,3094,0,0
multi_device,0,0,color_all,2380,3068,0,0
multi_device,0,0,color_all,2381,3040,0,0
multi_device,0,0,color_all,2381,3014,0,0
multi_device,0,0,color_all,2381,2986,0,0
multi_device,0,0,color_all,2381,2959,0,0
multi_device,0,0,color_all,2382,2932,0,0
multi_device,0,0,color_all,2382,2905,0,0
multi_device,0,0,color_all,2382,2878,0,0
multi_device,0,0,color_all,2382,2850,0,0
multi_device,0,0,color_all,2382,2822,0,0
multi_device,0,0,color_all,2383,2797,0,0
multi_device,0,0,color_all,2383,2769,0,0
multi_device,0,0,color_all,2383,2745,0,0
multi_device,0,0,color_all,2383,2718,0,0
multi_device,0,0,color_all,2384,2692,0,0
multi_device,0,0,color_all,2383,2670,0,0
multi_device,0,0,color_all,2384,2645,0,0
multi_device,0,0,color_all,2384,2620,0,0
multi_device,0,0,color_all,2384,2595,0,0
multi_device,0,0,color_all,2385,2572,0,0
multi_device,0,0,color_all,2384,2549,0,0
multi_device,0,0,color_all,2385,2525,0,0
multi_device,0,0,color_all,2385,2503,0,0
multi_device,0,0,color_all,2385,2480,0,0
multi_device,0,0,color_all,2385,2458,0,0
multi_device,0,0,color_all,2386,2435,0,0
multi_device,0,0,color_all,2386,2411,0,0
multi_device,0,0,color_all,2386,2388,0,0
multi_device,0,0,color_all,2386,2367,0,0
multi_device,0,0,color_all,2386,2345,0,0
multi_device,0,0,color_all,2387,2323,0,0
multi_device,0,0,color_all,2387,2301,0,0
multi_device,0,0,color_all,2387,2278,0,0
multi_device,0,0,color_all,2387,2257,0,0
multi_device,0,0,color_all,2387,2237,0,0
multi_device,0,0,color_all,2388,2213,0,0
multi_device,0,0,color_all,2388,2194,0,0
multi_device,0,0,color_all,2388,2174,0,0
multi_device,0,0,color_all,2388,2154,0,0
multi_device,0,0,color_all,2389,2132,0,0
multi_device,0,0,color_all,2389,2112,0,0
multi_device,0,0,color_all,2389,2092,0,0
multi_device,0,0,color_all,2390,2070,0,0
multi_device,0,0,color_all,2390,2051,0,0
multi_device,0,0,color_all,2390,2033,0,0
multi_device,0,0,color_all,2390,2012,0,0
multi_device,0,0,color_all,2390,1992,0,0
multi_device,0,0,color_all,2390,1972,0,0
multi_device,0,0,color_all,2391,1952,0,0
multi_device,0,0,color_all,2391,1932,0,0
multi_device,0,0,color_all,2391,1913,0,0
multi_device,0,0,color_all,4065,514,0,0
multi_device,0,0,color_all,2399,1867,0,0
multi_device,0,0,color_all,2399,1849,0,0
multi_device,0,0,color_all,2399,1828,0,0
multi_device,0,0,color_all,2399,1809,0,0
multi_device,0,0,color_all,2400,1790,0,0
multi_device,0,0,color_all,2399,1771,0,0
multi_device,0,0,color_all,2400,1753,0,0
multi_device,0,0,color_all,2400,1735,0,0
multi_device,0,0,color_all,2400,1719,0,0
multi_device,0,0,color_all,2401,1702,0,0
multi_device,0,0,color_all,2400,1684,0,0
multi_device,0,0,color_all,2401,1668,0,0
multi_device,0,0,color_all,2401,1651,0,0
multi_device,0,0,color_all,2401,1633,0,0
multi_device,0,0,color_all,2402,1616,0,0
multi_device,0,0,color_all,2402,1598,0,0
multi_device,0,0,color_all,2402,1581,0,0
multi_device,0,0,color_all,2402,1564,0,0
multi_device,0,0,color_all,2403,1547,0,0
multi_device,0,0,color_all,2403,1531,0,0
multi_device,0,0,color_all,2402,1515,0,0
multi_device,0,0,color_all,2402,1498,0,0
multi_device,0,0,color_all,2403,1480,0,0
multi_device,0,0,color_all,2404,1464,0,0
multi_device,0,0,color_all,2404,1447,0,0
multi_device,0,0,color_all,2404,1434,0,0
multi_device,0,0,color_all,2404,1417,0,0
multi_device,0,0,color_all,2404,1401,0,0
multi_device,0,0,color_all,2404,1383,0,0
multi_device,0,0,color_all,2405,1365,0,0
multi_device,0,0,color_all,2405,1350,0,0
multi_device,0,0,color_all,2405,1334,0,0
multi_device,0,0,color_all,2405,1320,0,0
multi_device,0,0,color_all,2405,1304,0,0
multi_device,0,0,color_all,2405,1286,0,0
multi_device,0,0,color_all,2405,1274,0,0
multi_device,0,0,color_all,2406,1258,0,0
multi_device,0,0,color_all,2408,1245,0,0
multi_device,0,0,color_all,2407,1230,0,0
multi_device,0,0,color_all,2407,1216,0,0
multi_device,0,0,color_all,2409,1200,0,0
multi_device,0,0,color_all,2407,1188,0,0
multi_device,0,0,color_all,2407,1174,0,0
multi_device,0,0,color_all,2414,1159,0,0
multi_device,0,0,color_all,2408,1146,0,0
multi_device,0,0,color_all,2408,1130,0,0
multi_device,0,0,color_all,2416,1117,0,0
multi_device,0,0,color_all,2408,1116,0,0
multi_device,0,0,color_all,2409,1111,0,0
multi_device,0,0,color_all,2417,1097,0,0
multi_device,0,0,color_all,2409,1103,0,0
multi_device,0,0,color_all,2409,1100,0,0
multi_device,0,0,color_all,2418,1087,0,0
multi_device,0,0,color_all,2409,1090,0,0
multi_device,0,0,color_all,2410,1086,0,0
multi_device,0,0,color_all,2410,1082,0,0
multi_device,0,0,color_all,2411,1076,0,0
multi_device,0,0,color_all,2411,1073,0,0
multi_device,0,0,color_all,2410,1070,0,0
multi_device,0,0,color_all,2411,1064,0,0
multi_device,0,0,color_all,2411,1060,0,0
multi_device,0,0,color_all,2411,1056,0,0
multi_device,0,0,color_all,2411,1053,0,0
multi_device,0,0,color_all,2412,1047,0,0
multi_device,0,0,color_all,2412,1042,0,0
multi_device,0,0,color_all,2412,1037,0,0
multi_device,0,0,color_all,2412,1036,0,0
multi_device,0,0,color_all,2413,1030,0,0
multi_device,0,0,color_all,2412,1028,0,0
multi_device,0,0,color_all,2413,1023,0,0
multi_device,0,0,color_all,2413,1019,0,0
multi_device,0,0,color_all,2413,1014,0,0
multi_device,0,0,color_all,2414,1010,0,0
multi_device,0,0,color_all,2413,1008,0,0
multi_device,0,0,color_all,2414,1003,0,0
multi_device,0,0,color_all,2414,999,0,0
multi_device,0,0,color_all,2415,994,0,0
multi_device,0,0,color_all,2414,993,0,0
multi_device,0,0,color_all,2414,991,0,0
multi_device,0,0,color_all,2414,987,0,0
multi_device,0,0,color_all,2415,982,0,0
multi_device,0,0,color_all,2415,980,0,0
multi_device,0,0,color_all,2415,974,0,0
multi_device,0,0,color_all,2416,970,0,0
multi_device,0,0,color_all,2416,965,0,0
multi_device,0,0,color_all,2416,962,0,0
multi_device,0,0,color_all,2416,961,0,0
multi_device,0,0,color_all,2416,955,0,0
multi_device,0,0,color_all,2416,952,0,0
multi_device,0,0,color_all,2417,948,0,0
multi_device,0,0,color_all,2417,945,0,0
multi_device,0,0,color_all,2417,942,0,0
multi_device,0,0,color_all,2418,938,0,0
multi_device,0,0,color_all,2417,936,0,0
multi_device,0,0,color_all,2418,934,0,0
multi_device,0,0,color_all,2418,931,0,0
multi_device,0,0,color_all,2419,926,0,0
multi_device,0,0,color_all,2418,922,0,0
multi_device,0,0,color_all,2419,920,0,0
multi_device,0,0,color_all,2419,916,0,0
multi_device,0,0,color_all,2419,912,0,0
multi_device,0,0,color_all,2419,908,0,0
multi_device,0,0,color_all,2420,905,0,0
multi_device,0,0,color_all,2420,900,0,0
multi_device,0,0,color_all,2420,899,0,0
multi_device,0,0,color_all,2420,897,0,0
multi_device,0,0,color_all,2420,896,0,0
multi_device,0,0,color_all,2421,891,0,0
multi_device,0,0,color_all,2421,889,0,0
multi_device,0,0,color_all,2421,884,0,0
multi_device,0,0,color_all,2422,879,0,0
multi_device,0,0,color_all,2421,877,0,0
multi_device,0,0,color_all,2421,874,0,0
multi_device,0,0,color_all,2422,871,0,0
multi_device,0,0,color_all,2422,868,0,0
multi_device,0,0,color_all,2422,866,0,0
multi_device,0,0,color_all,2422,864,0,0
multi_device,0,0,color_all,2422,863,0,0
multi_device,0,0,color_all,2423,858,0,0
multi_device,0,0,color_all,2423,855,0,0
multi_device,0,0,color_all,2423,850,0,0
multi_device,0,0,color_all,2423,850,0,0
multi_device,0,0,color_all,2424,845,0,0
multi_device,0,0,color_all,2424,842,0,0
multi_device,0,0,color_all,2424,838,0,0
multi_device,0,0,color_all,2424,835,0,0
multi_device,0,0,color_all,2424,833,0,0
multi_device,0,0,color_all,2424,830,0,0
multi_device,0,0,color_all,2425,826,0,0
multi_device,0,0,color_all,2425,824,0,0
multi_device,0,0,color_all,2425,821,0,0
multi_device,0,0,color_all,2425,817,0,0
multi_device,0,0,color_all,2425,813,0,0
multi_device,0,0,color_all,2426,809,0,0
multi_device,0,0,color_all,2426,808,0,0
multi_device,0,0,color_all,2426,804,0,0
multi_device,0,0,color_all,2426,801,0,0
multi_device,0,0,color_all,2427,798,0,0
multi_device,0,0,color_all,2427,796,0,0
multi_device,0,0,color_all,2427,792,0,0
multi_device,0,0,color_all,2427,789,0,0
multi_device,0,0,color_all,2428,787,0,0
multi_device,0,0,color_all,2428,782,0,0
multi_device,0,0,color_all,2428,779,0,0
multi_device,0,0,color_all,2428,776,0,0
multi_device,0,0,color_all,2428,771,0,0
multi_device,0,0,color_all,2428,769,0,0
multi_device,0,0,color_all,2429,767,0,0
multi_device,0,0,color_all,2428,764,0,0
multi_device,0,0,color_all,2429,762,0,0
multi_device,0,0,color_all,2429,760,0,0
multi_device,0,0,color_all,2429,757,0,0
multi_device,0,0,color_all,2429,755,0,0
multi_device,0,0,color_all,2430,753,0,0
multi_device,0,0,color_all,2430,753,0,0
multi_device,0,0,color_all,2430,749,0,0
multi_device,0,0,color_all,2430,746,0,0
multi_device,0,0,color_all,2430,744,0,0
multi_device,0,0,color_all,2431,741,0,0
multi_device,0,0,color_all,2431,741,0,0
multi_device,0,0,color_all,2431,745,0,0
multi_device,0,0,color_all,2431,749,0,0
multi_device,0,0,color_all,2431,754,0,0
multi_device,0,0,color_all,2432,757,0,0
multi_device,0,0,color_all,2432,766,0,0
multi_device,0,0,color_all,2432,769,0,0
multi_device,0,0,color_all,2432,774,0,0
multi_device,0,0,color_all,2433,780,0,0
multi_device,0,0,color_all,2433,783,0,0
multi_device,0,0,color_all,2433,788,0,0
multi_device,0,0,color_all,2433,791,0,0
multi_device,0,0,color_all,2433,796,0,0
multi_device,0,0,color_all,2434,799,0,0
multi_device,0,0,color_all,2434,804,0,0
multi_device,0,0,color_all,2434,807,0,0
multi_device,0,0,color_all,2435,811,0,0
multi_device,0,0,color_all,2434,815,0,0
multi_device,0,0,color_all,2435,819,0,0
multi_device,0,0,color_all,2435,822,0,0
multi_device,0,0,color_all,2435,828,0,0
multi_device,0,0,color_all,2435,831,0,0
multi_device,0,0,color_all,2435,836,0,0
multi_device,0,0,color_all,2435,845,0,0
multi_device,0,0,color_all,2436,846,0,0
multi_device,0,0,color_all,2436,852,0,0
multi_device,0,0,color_all,2437,859,0,0
multi_device,0,0,color_all,2436,862,0,0
multi_device,0,0,color_all,2437,866,0,0
multi_device,0,0,color_all,2437,870,0,0
multi_device,0,0,color_all,2437,873,0,0
multi_device,0,0,color_all,2438,878,0,0
multi_device,0,0,color_all,2437,879,0,0
multi_device,0,0,color_all,2438,882,0,0
multi_device,0,0,color_all,2438,885,0,0
multi_device,0,0,color_all,2438,888,0,0
multi_device,0,0,color_all,2438,894,0,0
multi_device,0,0,color_all,2439,898,0,0
multi_device,0,0,color_all,2439,900,0,0
multi_device,0,0,color_all,2439,904,0,0
multi_device,0,0,color_all,2439,907,0,0
multi_device,0,0,color_all,2439,910,0,0
multi_device,0,0,color_all,2440,913,0,0
multi_device,0,0,color_all,2440,914,0,0
multi_device,0,0,color_all,2440,920,0,0
multi_device,0,0,color_all,2440,919,0,0
multi_device,0,0,color_all,2441,923,0,0
multi_device,0,0,color_all,2440,925,0,0
multi_device,0,0,color_all,2441,928,0,0
multi_device,0,0,color_all,2441,931,0,0
multi_device,0,0,color_all,2442,933,0,0
multi_device,0,0,color_all,2441,935,0,0
multi_device,0,0,color_all,2442,940,0,0
multi_device,0,0,color_all,2442,943,0,0
multi_device,0,0,color_all,2442,948,0,0
multi_device,0,0,color_all,2442,952,0,0
multi_device,0,0,color_all,2442,953,0,0
multi_device,0,0,color_all,2442,955,0,0
multi_device,0,0,color_all,2443,954,0,0
multi_device,0,0,color_all,2443,957,0,0
multi_device,0,0,color_all,2443,962,0,0
multi_device,0,0,color_all,2444,961,0,0
multi_device,0,0,color_all,2443,965,0,0
multi_device,0,0,color_all,2444,968,0,0
multi_device,0,0,color_all,2444,969,0,0
multi_device,0,0,color_all,2445,971,0,0
multi_device,0,0,color_all,2444,975,0,0
multi_device,0,0,color_all,2445,978,0,0
multi_device,0,0,color_all,2445,980,0,0
multi_device,0,0,color_all,2445,982,0,0
multi_device,0,0,color_all,2446,985,0,0
multi_device,0,0,color_all,2445,989,0,0
multi_device,0,0,color_all,2446,992,0,0
multi_device,0,0,color_all,2446,994,0,0
multi_device,0,0,color_all,2446,995,0,0
multi_device,0,0,color_all,2446,998,0,0
multi_device,0,0,color_all,2446,1001,0,0
multi_device,0,0,color_all,2446,1006,0,0
multi_device,0,0,color_all,2447,1007,0,0
multi_device,0,0,color_all,2447,1009,0,0
multi_device,0,0,color_all,2447,1013,0,0
multi_device,0,0,color_all,2447,1012,0,0
multi_device,0,0,color_all,2448,1017,0,0
multi_device,0,0,color_all,2448,1019,0,0
multi_device,0,0,color_all,2448,1022,0,0
multi_device,0,0,color_all,2449,1025,0,0
multi_device,0,0,color_all,2448,1029,0,0
multi_device,0,0,color_all,2449,1029,0,0
multi_device,0,0,color_all,2449,1031,0,0
multi_device,0,0,color_all,2449,1034,0,0
multi_device,0,0,color_all,2449,1033,0,0
multi_device,0,0,color_all,2449,1037,0,0
multi_device,0,0,color_all,2450,1040,0,0
multi_device,0,0,color_all,2450,1041,0,0
multi_device,0,0,color_all,2450,1044,0,0
multi_device,0,0,color_all,2450,1046,0,0
multi_device,0,0,color_all,2450,1048,0,0
multi_device,0,0,color_all,2451,1050,0,0
multi_device,0,0,color_all,2451,1051,0,0
multi_device,0,0,color_all,2451,1055,0,0
multi_device,0,0,color_all,2451,1056,0,0
multi_device,0,0,color_all,2452,1058,0,0
multi_device,0,0,color_all,2452,1059,0,0
multi_device,0,0,color_all,2452,1062,0,0
multi_device,0,0,color_all,2452,1062,0,0
multi_device,0,0,color_all,2452,1068,0,0
multi_device,0,0,color_all,2453,1067,0,0
multi_device,0,0,color_all,2452,1069,0,0
multi_device,0,0,color_all,2453,1069,0,0
multi_device,0,0,color_all,2454,1070,0,0
multi_device,0,0,color_all,2454,1073,0,0
multi_device,0,0,color_all,2454,1076,0,0
multi_device,0,0,color_all,2454,1078,0,0
multi_device,0,0,color_all,2454,1081,0,0
multi_device,0,0,color_all,2454,1083,0,0
multi_device,0,0,color_all,2454,1084,0,0
multi_device,0,0,color_all,2455,1087,0,0
multi_device,0,0,color_all,2455,1090,0,0
multi_device,0,0,color_all,2455,1090,0,0
multi_device,0,0,color_all,2455,1091,0,0
multi_device,0,0,color_all,2455,1092,0,0
multi_device,0,0,color_all,2456,1096,0,0
multi_device,0,0,color_all,2456,1098,0,0
multi_device,0,0,color_all,2456,1101,0,0
multi_device,0,0,color_all,2457,1104,0,0
multi_device,0,0,color_all,2456,1105,0,0
multi_device,0,0,color_all,2456,1104,0,0
multi_device,0,0,color_all,2457,1108,0,0
multi_device,0,0,color_all,2457,1107,0,0
multi_device,0,0,color_all,2457,1109,0,0
multi_device,0,0,color_all,2457,1113,0,0
multi_device,0,0,color_all,2458,1115,0,0
multi_device,0,0,color_all,2458,1118,0,0
multi_device,0,0,color_all,2457,1121,0,0
multi_device,0,0,color_all,2458,1122,0,0
multi_device,0,0,color_all,2459,1122,0,0
multi_device,0,0,color_all,784,2195,0,0
multi_device,0,0,color_all,2451,1129,0,0
multi_device,0,0,color_all,2452,1130,0,0
multi_device,0,0,color_all,2452,1129,0,0
multi_device,0,0,color_all,2452,1131,0,0
multi_device,0,0,color_all,2452,1132,0,0
multi_device,0,0,color_all,2452,1132,0,0
multi_device,0,0,color_all,2452,1132,0,0
multi_device,0,0,color_all,2453,1134,0,0
multi_device,0,0,color_all,2453,1138,0,0
multi_device,0,0,color_all,2454,1138,0,0
multi_device,0,0,color_all,2454,1141,0,0
multi_device,0,0,color_all,2453,1142,0,0
multi_device,0,0,color_all,2454,1142,0,0
multi_device,0,0,color_all,2454,1144,0,0
multi_device,0,0,color_all,2454,1145,0,0
multi_device,0,0,color_all,2455,1145,0,0
multi_device,0,0,color_all,2454,1150,0,0
multi_device,0,0,color_all,2455,1150,0,0
multi_device,0,0,color_all,2455,1153,0,0
multi_device,0,0,color_all,2455,1153,0,0
multi_device,0,0,color_all,2455,1157,0,0
multi_device,0,0,color_all,2456,1157,0,0
multi_device,0,0,color_all,2456,1159,0,0
multi_device,0,0,color_all,2456,1161,0,0
multi_device,0,0,color_all,2456,1162,0,0
multi_device,0,0,color_all,2456,1163,0,0
multi_device,0,0,color_all,2456,1166,0,0
multi_device,0,0,color_all,2457,1168,0,0
multi_device,0,0,color_all,2457,1168,0,0
multi_device,0,0,color_all,2458,1169,0,0
multi_device,0,0,color_all,2457,1172,0,0
multi_device,0,0,color_all,2458,1173,0,0
multi_device,0,0,color_all,2458,1175,0,0
multi_device,0,0,color_all,2458,1177,0,0
multi_device,0,0,color_all,2458,1178,0,0
multi_device,0,0,color_all,2458,1180,0,0
multi_device,0,0,color_all,2458,1183,0,0
multi_device,0,0,color_all,2459,1186,0,0
multi_device,0,0,color_all,2459,1188,0,0
multi_device,0,0,color_all,2460,1188,0,0
multi_device,0,0,color_all,2460,1190,0,0
multi_device,0,0,color_all,2460,1193,0,0
multi_device,0,0,color_all,2460,1194,0,0
multi_device,0,0,color_all,2460,1196,0,0
multi_device,0,0,color_all,2460,1196,0,0
multi_device,0,0,color_all,2461,1197,0,0
multi_device,0,0,color_all,2461,1200,0,0
multi_device,0,0,color_all,2461,1201,0,0
multi_device,0,0,color_all,2461,1202,0,0
multi_device,0,0,color_all,2461,1204,0,0
multi_device,0,0,color_all,2461,1207,0,0
multi_device,0,0,color_all,2461,1209,0,0
multi_device,0,0,color_all,2462,1211,0,0
multi_device,0,0,color_all,2462,1211,0,0
multi_device,0,0,color_all,2462,1215,0,0
multi_device,0,0,color_all,2462,1216,0,0
multi_device,0,0,color_all,2462,1218,0,0
multi_device,0,0,color_all,2463,1218,0,0
multi_device,0,0,color_all,2463,1220,0,0
multi_device,0,0,color_all,2463,1221,0,0
multi_device,0,0,color_all,2464,1221,0,0
multi_device,0,0,color_all,2464,1224,0,0
multi_device,0,0,color_all,2464,1225,0,0
multi_device,0,0,color_all,2464,1229,0,0
multi_device,0,0,color_all,2465,1231,0,0
multi_device,0,0,color_all,2464,1232,0,0
multi_device,0,0,color_all,2464,1233,0,0
multi_device,0,0,color_all,2465,1234,0,0
multi_device,0,0,color_all,2465,1236,0,0
multi_device,0,0,color_all,2465,1237,0,0
multi_device,0,0,color_all,2465,1241,0,0
multi_device,0,0,color_all,2466,1238,0,0
multi_device,0,0,color_all,2466,1241,0,0
multi_device,0,0,color_all,2466,1240,0,0
multi_device,0,0,color_all,2467,1241,0,0
multi_device,0,0,color_all,2466,1241,0,0
multi_device,0,0,color_all,2467,1240,0,0
multi_device,0,0,color_all,2467,1243,0,0
multi_device,0,0,color_all,2467,1246,0,0
multi_device,0,0,color_all,2468,1244,0,0
multi_device,0,0,color_all,2467,1245,0,0
multi_device,0,0,color_all,2468,1245,0,0
multi_device,0,0,color_all,2468,1245,0,0
multi_device,0,0,color_all,2468,1246,0,0
multi_device,0,0,color_all,2468,1245,0,0
multi_device,0,0,color_all,2469,1246,0,0
multi_device,0,0,color_all,2469,1247,0,0
multi_device,0,0,color_all,2469,1251,0,0
multi_device,0,0,color_all,2469,1249,0,0
multi_device,0,0,color_all,2469,1253,0,0
multi_device,0,0,color_all,2468,1254,0,0
multi_device,0,0,color_all,2469,1256,0,0
multi_device,0,0,color_all,2469,1257,0,0
multi_device,0,0,color_all,2466,1257,0,0
multi_device,0,0,color_all,2470,1258,0,0
multi_device,0,0,color_all,2471,1258,0,0
multi_device,0,0,color_all,2464,1260,0,0
multi_device,0,0,color_all,2471,1262,0,0
multi_device,0,0,color_all,2471,1260,0,0
multi_device,0,0,color_all,2463,1261,0,0
multi_device,0,0,color_all,2471,1262,0,0
multi_device,0,0,color_all,2472,1262,0,0
multi_device,0,0,color_all,2462,1262,0,0
multi_device,0,0,color_all,2473,1264,0,0
multi_device,0,0,color_all,2472,1261,0,0
multi_device,0,0,color_all,2472,1263,0,0
multi_device,0,0,color_all,2472,1264,0,0
multi_device,0,0,color_all,2473,1263,0,0
multi_device,0,0,color_all,2474,1262,0,0
multi_device,0,0,color_all,2474,1262,0,0
multi_device,0,0,color_all,2474,1265,0,0
multi_device,0,0,color_all,2474,1264,0,0
multi_device,0,0,color_all,2474,1266,0,0
multi_device,0,0,color_all,2474,1269,0,0
