deviceIndex,streamType,hwTimestampUs,globalTimestampUs,sysTimestampUs
0,DEPTH,1786100275369939,1786100275373291,1786100275519933
0,DEPTH,1786100275436468,1786100275439812,1786100276056003
0,DEPTH,1786100275499828,1786100275503165,1786100276058114
0,DEPTH,1786100275566482,1786100275569812,1786100276060211
0,DEPTH,1786100275903133,1786100275906427,1786100276062277
0,DEPTH,1786100275969800,1786100275973087,1786100276064355
0,DEPTH,1786100276036454,1786100276039733,1786100276066413
0,DEPTH,1786100276103128,1786100276106400,1786100276127227
0,DEPTH,1786100276169796,1786100276173061,1786100276193728
0,DEPTH,1786100276236480,1786100276239738,1786100276260218
0,DEPTH,1786100276303133,1786100276306383,1786100276326811
0,DEPTH,1786100276369792,1786100276373035,1786100276393723
0,DEPTH,1786100276436462,1786100276439698,1786100276460515
0,DEPTH,1786100276503116,1786100276506345,1786100276526991
0,DEPTH,1786100276569795,1786100276573017,1786100276593832
0,DEPTH,1786100276636468,1786100276639682,1786100276660498
0,DEPTH,1786100276703129,1786100276706336,1786100276726901
0,DEPTH,1786100276769785,1786100276772985,1786100276793688
0,DEPTH,1786100276836457,1786100276839650,1786100276860354
0,DEPTH,1786100276903126,1786100276906311,1786100276926997
0,DEPTH,1786100276969789,1786100276972967,1786100276993618
0,DEPTH,1786100277036464,1786100277039635,1786100277060389
0,DEPTH,1786100277103126,1786100277106290,1786100277127003
0,DEPTH,1786100277169774,1786100277172930,1786100277193839
0,DEPTH,1786100277236461,1786100277239610,1786100277260486
0,DEPTH,1786100277303119,1786100277306633,1786100277327104
0,DEPTH,1786100277369789,1786100277373303,1786100277393797
0,DEPTH,1786100277436468,1786100277439983,1786100277460187
0,DEPTH,1786100277503115,1786100277506631,1786100277526739
0,DEPTH,1786100277569784,1786100277573301,1786100277594026
0,DEPTH,1786100277636446,1786100277639963,1786100277660457
0,DEPTH,1786100277703117,1786100277706635,1786100277727100
0,DEPTH,1786100277769793,1786100277773311,1786100277793727
0,DEPTH,1786100277836452,1786100277839971,1786100277860712
0,DEPTH,1786100277903119,1786100277906639,1786100277926639
0,DEPTH,1786100277969771,1786100277973291,1786100277993662
0,DEPTH,1786100278036455,1786100278039976,1786100278060167
0,DEPTH,1786100278103112,1786100278106633,1786100278126643
0,DEPTH,1786100278169778,1786100278173300,1786100278193480
0,DEPTH,1786100278236448,1786100278239971,1786100278259962
0,DEPTH,1786100278303111,1786100278306634,1786100278326579
0,DEPTH,1786100278369780,1786100278373304,1786100278393584
0,DEPTH,1786100278436448,1786100278439973,1786100278460129
0,DEPTH,1786100278436448,1786100278439973,1786100278527143
0,DEPTH,1786100278569774,1786100278573300,1786100278593724
0,DEPTH,1786100278636440,1786100278639738,1786100278659955
0,DEPTH,1786100278703103,1786100278706398,1786100278727262
0,DEPTH,1786100278769770,1786100278773062,1786100278793379
0,DEPTH,1786100278836437,1786100278839726,1786100278860408
0,DEPTH,1786100278903101,1786100278906387,1786100278926626
0,DEPTH,1786100278969769,1786100278973053,1786100278993523
0,DEPTH,1786100279036436,1786100279039717,1786100279060639
0,DEPTH,1786100279103098,1786100279106376,1786100279127128
0,DEPTH,1786100279169768,1786100279173043,1786100279194099
0,DEPTH,1786100279236437,1786100279239709,1786100279260273
0,DEPTH,1786100279303095,1786100279306364,1786100279327151
0,DEPTH,1786100279369761,1786100279373027,1786100279394224
0,DEPTH,1786100279436429,1786100279439692,1786100279460260
0,DEPTH,1786100279503094,1786100279506354,1786100279527153
0,DEPTH,1786100279569761,1786100279573019,1786100279593761
0,DEPTH,1786100279636427,1786100279639551,1786100279660182
0,DEPTH,1786100279703092,1786100279706211,1786100279727291
0,DEPTH,1786100279769758,1786100279772873,1786100279793240
0,DEPTH,1786100279836423,1786100279839533,1786100279860230
0,DEPTH,1786100279903091,1786100279906196,1786100279926803
0,DEPTH,1786100279969756,1786100279972857,1786100279993712
0,DEPTH,1786100280036424,1786100280039520,1786100280060782
0,DEPTH,1786100280103090,1786100280106181,1786100280126900
0,DEPTH,1786100280169758,1786100280172845,1786100280193952
0,DEPTH,1786100280236420,1786100280239503,1786100280260049
0,DEPTH,1786100280303088,1786100280306166,1786100280326932
0,DEPTH,1786100280369753,1786100280372827,1786100280393451
0,DEPTH,1786100280436421,1786100280439490,1786100280460358
0,DEPTH,1786100280503082,1786100280506146,1786100280526787
0,DEPTH,1786100280569750,1786100280572810,1786100280593592
0,DEPTH,1786100280636417,1786100280639534,1786100280660666
0,DEPTH,1786100280703083,1786100280706197,1786100280727123
0,DEPTH,1786100280769750,1786100280772860,1786100280794039
0,DEPTH,1786100280836415,1786100280839521,1786100280860054
0,DEPTH,1786100280903081,1786100280906183,1786100280927022
0,DEPTH,1786100280969748,1786100280972846,1786100280993572
0,DEPTH,1786100281036416,1786100281039510,1786100281060136
0,DEPTH,1786100281103082,1786100281106172,1786100281126661
0,DEPTH,1786100281169746,1786100281172832,1786100281194057
0,DEPTH,1786100281236413,1786100281239495,1786100281260190
0,DEPTH,1786100281303081,1786100281306160,1786100281326938
0,DEPTH,1786100281369737,1786100281372812,1786100281393592
0,DEPTH,1786100281436415,1786100281439486,1786100281460426
0,DEPTH,1786100281503077,1786100281506144,1786100281527109
0,DEPTH,1786100281569744,1786100281572807,1786100281593553
0,DEPTH,1786100281636402,1786100281639458,1786100281660827
0,DEPTH,1786100281703075,1786100281706127,1786100281726980
0,DEPTH,1786100281769733,1786100281772781,1786100281793451
0,DEPTH,1786100281836406,1786100281839450,1786100281859922
0,DEPTH,1786100281903080,1786100281906120,1786100281927166
0,DEPTH,1786100281969739,1786100281972775,1786100281993633
0,DEPTH,1786100282036405,1786100282039437,1786100282060187
0,DEPTH,1786100282103075,1786100282106103,1786100282127007
0,DEPTH,1786100282103075,1786100282106103,1786100282193407
0,DEPTH,1786100282236400,1786100282239421,1786100282260297
0,DEPTH,1786100282303075,1786100282306091,1786100282327017
0,DEPTH,1786100282369736,1786100282372748,1786100282393447
0,DEPTH,1786100282436401,1786100282439410,1786100282460111
0,DEPTH,1786100282503065,1786100282506070,1786100282526796
0,DEPTH,1786100282503065,1786100282506070,1786100282594013
0,DEPTH,1786100282636402,1786100282639657,1786100282660117
0,DEPTH,1786100282703057,1786100282706311,1786100282727112
0,DEPTH,1786100282769723,1786100282772975,1786100282793794
0,DEPTH,1786100282769723,1786100282772975,1786100282860353
0,DEPTH,1786100282903064,1786100282906313,1786100282926733
0,DEPTH,1786100282969734,1786100282972981,1786100282993537
0,DEPTH,1786100283036399,1786100283039645,1786100283060101
0,DEPTH,1786100283103070,1786100283106314,1786100283126800
0,DEPTH,1786100283169731,1786100283172973,1786100283193956
0,DEPTH,1786100283236397,1786100283239638,1786100283260134
0,DEPTH,1786100283303067,1786100283306306,1786100283326750
0,DEPTH,1786100283369735,1786100283372972,1786100283393455
0,DEPTH,1786100283436394,1786100283439630,1786100283460036
0,DEPTH,1786100283503060,1786100283506294,1786100283526774
0,DEPTH,1786100283569724,1786100283572956,1786100283593777
0,DEPTH,1786100283636393,1786100283639748,1786100283660320
0,DEPTH,1786100283703060,1786100283706414,1786100283726968
0,DEPTH,1786100283769717,1786100283773070,1786100283793451
0,DEPTH,1786100283836386,1786100283839739,1786100283860276
0,DEPTH,1786100283903057,1786100283906409,1786100283926740
0,DEPTH,1786100283969722,1786100283973074,1786100283993531
0,DEPTH,1786100284036389,1786100284039740,1786100284060096
0,DEPTH,1786100284103055,1786100284106405,1786100284126746
0,DEPTH,1786100284169720,1786100284173069,1786100284193386
0,DEPTH,1786100284236381,1786100284239730,1786100284260057
0,DEPTH,1786100284303054,1786100284306402,1786100284326691
0,DEPTH,1786100284369723,1786100284373070,1786100284393627
0,DEPTH,1786100284436384,1786100284439731,1786100284460086
0,DEPTH,1786100284503051,1786100284506397,1786100284526762
0,DEPTH,1786100284569716,1786100284573062,1786100284593420
0,DEPTH,1786100284636383,1786100284639728,1786100284659946
0,DEPTH,1786100284703049,1786100284706393,1786100284726754
0,DEPTH,1786100284769714,1786100284773058,1786100284793634
0,DEPTH,1786100284836386,1786100284839729,1786100284859996
0,DEPTH,1786100284903047,1786100284906389,1786100284926756
0,DEPTH,1786100284969715,1786100284973057,1786100284993602
0,DEPTH,1786100285036380,1786100285039721,1786100285059965
0,DEPTH,1786100285103051,1786100285106392,1786100285127232
0,DEPTH,1786100285169709,1786100285173049,1786100285193881
0,DEPTH,1786100285236376,1786100285239715,1786100285260272
0,DEPTH,1786100285303047,1786100285306385,1786100285326955
0,DEPTH,1786100285369697,1786100285373035,1786100285393760
0,DEPTH,1786100285436383,1786100285439720,1786100285460286
0,DEPTH,1786100285503044,1786100285506381,1786100285526643
0,DEPTH,1786100285569707,1786100285573043,1786100285593549
0,DEPTH,1786100285636373,1786100285639708,1786100285660274
0,DEPTH,1786100285703040,1786100285706375,1786100285726737
0,DEPTH,1786100285769696,1786100285773030,1786100285794085
0,DEPTH,1786100285836364,1786100285839698,1786100285860330
0,DEPTH,1786100285903034,1786100285906367,1786100285926761
0,DEPTH,1786100285969697,1786100285973029,1786100285993539
0,DEPTH,1786100286036368,1786100286039699,1786100286060036
0,DEPTH,1786100286103033,1786100286106364,1786100286126755
0,DEPTH,1786100286169697,1786100286173027,1786100286193375
0,DEPTH,1786100286236366,1786100286239696,1786100286260087
0,DEPTH,1786100286303032,1786100286306361,1786100286326741
0,DEPTH,1786100286369697,1786100286373025,1786100286393478
0,DEPTH,1786100286436370,1786100286439698,1786100286460141
0,DEPTH,1786100286503021,1786100286506348,1786100286526622
0,DEPTH,1786100286569695,1786100286573022,1786100286593537
0,DEPTH,1786100286636361,1786100286639687,1786100286660086
0,DEPTH,1786100286703027,1786100286706352,1786100286726737
0,DEPTH,1786100286769692,1786100286773016,1786100286793358
0,DEPTH,1786100286836369,1786100286839693,1786100286860054
0,DEPTH,1786100286903026,1786100286906349,1786100286926739
0,DEPTH,1786100286969692,1786100286973015,1786100286993394
0,DEPTH,1786100287036356,1786100287039678,1786100287060356
0,DEPTH,1786100287103022,1786100287106343,1786100287126915
0,DEPTH,1786100287169692,1786100287173013,1786100287193644
0,DEPTH,1786100287236357,1786100287239677,1786100287260060
0,DEPTH,1786100287303022,1786100287306341,1786100287327055
0,DEPTH,1786100287369688,1786100287373007,1786100287393788
0,DEPTH,1786100287436356,1786100287439674,1786100287460082
0,DEPTH,1786100287503021,1786100287506339,1786100287526958
0,DEPTH,1786100287569688,1786100287573005,1786100287593744
0,DEPTH,1786100287636347,1786100287639663,1786100287660399
0,DEPTH,1786100287703019,1786100287706335,1786100287727251
0,DEPTH,1786100287769676,1786100287772991,1786100287793734
0,DEPTH,1786100287836347,1786100287839661,1786100287860317
0,DEPTH,1786100287903016,1786100287906330,1786100287927444
0,DEPTH,1786100287969683,1786100287972996,1786100287993927
0,DEPTH,1786100288036348,1786100288039660,1786100288060196
0,DEPTH,1786100288103017,1786100288106329,1786100288126818
0,DEPTH,1786100288169678,1786100288172989,1786100288193454
0,DEPTH,1786100288236348,1786100288239658,1786100288260372
0,DEPTH,1786100288303013,1786100288306323,1786100288327128
0,DEPTH,1786100288369678,1786100288372987,1786100288393567
0,DEPTH,1786100288436338,1786100288439646,1786100288460500
0,DEPTH,1786100288503002,1786100288506310,1786100288526749
0,DEPTH,1786100288569676,1786100288572983,1786100288593332
0,DEPTH,1786100288636340,1786100288639647,1786100288659969
0,DEPTH,1786100288703007,1786100288706313,1786100288727070
0,DEPTH,1786100288769665,1786100288772970,1786100288793700
0,DEPTH,1786100288836345,1786100288839650,1786100288860042
0,DEPTH,1786100288903007,1786100288906311,1786100288926904
0,DEPTH,1786100288969668,1786100288972972,1786100288994110
0,DEPTH,1786100289036337,1786100289039640,1786100289060377
0,DEPTH,1786100289103011,1786100289106313,1786100289127055
0,DEPTH,1786100289169670,1786100289172971,1786100289193881
0,DEPTH,1786100289236330,1786100289239631,1786100289260498
0,DEPTH,1786100289303003,1786100289306303,1786100289327082
0,DEPTH,1786100289369669,1786100289372969,1786100289393602
0,DEPTH,1786100289436333,1786100289439632,1786100289460404
0,DEPTH,1786100289503003,1786100289506301,1786100289527090
0,DEPTH,1786100289569666,1786100289572964,1786100289593775
0,DEPTH,1786100289636330,1786100289639627,1786100289660392
0,DEPTH,1786100289702998,1786100289706294,1786100289727390
0,DEPTH,1786100289769663,1786100289772959,1786100289793571
0,DEPTH,1786100289836327,1786100289839622,1786100289860446
0,DEPTH,1786100289902997,1786100289906292,1786100289926744
0,DEPTH,1786100289969663,1786100289972957,1786100289993494
0,DEPTH,1786100290036330,1786100290039623,1786100290060277
0,DEPTH,1786100290102995,1786100290106287,1786100290127258
0,DEPTH,1786100290169663,1786100290172955,1786100290193254
0,DEPTH,1786100290236327,1786100290239618,1786100290260054
0,DEPTH,1786100290302992,1786100290306283,1786100290326924
0,DEPTH,1786100290369657,1786100290372947,1786100290393434
0,DEPTH,1786100290436323,1786100290439612,1786100290460265
0,DEPTH,1786100290502987,1786100290506276,1786100290526843
0,DEPTH,1786100290569656,1786100290572944,1786100290593511
0,DEPTH,1786100290636323,1786100290639610,1786100290661102
0,DEPTH,1786100290702997,1786100290706284,1786100290726761
0,DEPTH,1786100290769653,1786100290772939,1786100290793890
0,DEPTH,1786100290836317,1786100290839602,1786100290860795
0,DEPTH,1786100290902988,1786100290906273,1786100290926640
0,DEPTH,1786100290969649,1786100290972933,1786100290993410
0,DEPTH,1786100291036318,1786100291039602,1786100291060292
0,DEPTH,1786100291102977,1786100291106260,1786100291127384
0,DEPTH,1786100291169647,1786100291172930,1786100291193416
0,DEPTH,1786100291236315,1786100291239597,1786100291261201
0,DEPTH,1786100291302984,1786100291306265,1786100291327174
0,DEPTH,1786100291369650,1786100291372930,1786100291393486
0,DEPTH,1786100291436316,1786100291439596,1786100291460782
0,DEPTH,1786100291502975,1786100291506254,1786100291527024
0,DEPTH,1786100291569648,1786100291572927,1786100291593756
0,DEPTH,1786100291636313,1786100291639591,1786100291660186
0,DEPTH,1786100291702980,1786100291706257,1786100291726982
0,DEPTH,1786100291769645,1786100291772922,1786100291794025
0,DEPTH,1786100291836309,1786100291839585,1786100291860217
0,DEPTH,1786100291902977,1786100291906252,1786100291926967
0,DEPTH,1786100291969644,1786100291972919,1786100291993424
0,DEPTH,1786100292036306,1786100292039580,1786100292060528
0,DEPTH,1786100292102976,1786100292106249,1786100292127217
0,DEPTH,1786100292169642,1786100292172915,1786100292193750
0,DEPTH,1786100292236309,1786100292239581,1786100292260251
0,DEPTH,1786100292302974,1786100292306245,1786100292327487
0,DEPTH,1786100292369640,1786100292372911,1786100292393582
0,DEPTH,1786100292436307,1786100292439577,1786100292460258
0,DEPTH,1786100292502964,1786100292506233,1786100292527183
0,DEPTH,1786100292569635,1786100292572904,1786100292593422
0,DEPTH,1786100292636302,1786100292639570,1786100292660347
0,DEPTH,1786100292702970,1786100292706238,1786100292727422
0,DEPTH,1786100292769634,1786100292772901,1786100292793564
0,DEPTH,1786100292836301,1786100292839567,1786100292860297
0,DEPTH,1786100292902968,1786100292906234,1786100292927088
0,DEPTH,1786100292969635,1786100292972900,1786100292993424
0,DEPTH,1786100293036298,1786100293039563,1786100293060087
0,DEPTH,1786100293102965,1786100293106229,1786100293126746
0,DEPTH,1786100293169633,1786100293172896,1786100293193567
0,DEPTH,1786100293236300,1786100293239563,1786100293260501
0,DEPTH,1786100293302963,1786100293306225,1786100293327426
0,DEPTH,1786100293369633,1786100293372894,1786100293393619
0,DEPTH,1786100293436296,1786100293439557,1786100293460088
0,DEPTH,1786100293502962,1786100293506222,1786100293527005
0,DEPTH,1786100293569626,1786100293572886,1786100293593585
0,DEPTH,1786100293636294,1786100293639896,1786100293660165
0,DEPTH,1786100293702962,1786100293706564,1786100293726726
0,DEPTH,1786100293769629,1786100293773232,1786100293793648
0,DEPTH,1786100293836295,1786100293839899,1786100293860401
0,DEPTH,1786100293902961,1786100293906566,1786100293926640
0,DEPTH,1786100293969628,1786100293973233,1786100293993319
0,DEPTH,1786100294036292,1786100294039898,1786100294059979
0,DEPTH,1786100294102959,1786100294106566,1786100294127269
0,DEPTH,1786100294169631,1786100294173238,1786100294193376
0,DEPTH,1786100294236289,1786100294239897,1786100294260299
0,DEPTH,1786100294302959,1786100294306568,1786100294326967
0,DEPTH,1786100294369624,1786100294373234,1786100294393432
0,DEPTH,1786100294436288,1786100294439898,1786100294460190
0,DEPTH,1786100294502946,1786100294506557,1786100294527228
0,DEPTH,1786100294569620,1786100294573231,1786100294593399
0,DEPTH,1786100294636288,1786100294639900,1786100294660086
0,DEPTH,1786100294702953,1786100294706566,1786100294726997
0,DEPTH,1786100294769619,1786100294773233,1786100294793406
0,DEPTH,1786100294836286,1786100294839900,1786100294860105
0,DEPTH,1786100294902954,1786100294906569,1786100294926636
0,DEPTH,1786100294969618,1786100294973234,1786100294993638
0,DEPTH,1786100295036283,1786100295039899,1786100295060380
0,DEPTH,1786100295102948,1786100295106565,1786100295127251
0,DEPTH,1786100295169616,1786100295173234,1786100295193425
0,DEPTH,1786100295236284,1786100295239902,1786100295260261
0,DEPTH,1786100295302939,1786100295306558,1786100295326698
0,DEPTH,1786100295369615,1786100295373235,1786100295393784
0,DEPTH,1786100295436282,1786100295439903,1786100295460089
0,DEPTH,1786100295502948,1786100295506569,1786100295526822
0,DEPTH,1786100295569613,1786100295573235,1786100295593731
0,DEPTH,1786100295636274,1786100295639897,1786100295660094
0,DEPTH,1786100295702947,1786100295706570,1786100295726961
0,DEPTH,1786100295769609,1786100295773233,1786100295793922
0,DEPTH,1786100295836275,1786100295839900,1786100295860250
0,DEPTH,1786100295902944,1786100295906570,1786100295926768
0,DEPTH,1786100295969607,1786100295973233,1786100295993661
0,DEPTH,1786100296036272,1786100296039899,1786100296059972
0,DEPTH,1786100296102941,1786100296106569,1786100296126997
0,DEPTH,1786100296169610,1786100296173238,1786100296193455
0,DEPTH,1786100296236268,1786100296239897,1786100296260557
0,DEPTH,1786100296302939,1786100296306569,1786100296326950
0,DEPTH,1786100296369602,1786100296373232,1786100296393606
0,DEPTH,1786100296436271,1786100296439902,1786100296460320
0,DEPTH,1786100296502936,1786100296506568,1786100296527356
0,DEPTH,1786100296569600,1786100296573233,1786100296593591
0,DEPTH,1786100296636258,1786100296639891,1786100296660074
0,DEPTH,1786100296702935,1786100296706569,1786100296727027
0,DEPTH,1786100296769600,1786100296773235,1786100296793754
0,DEPTH,1786100296836254,1786100296839889,1786100296860249
0,DEPTH,1786100296902933,1786100296906569,1786100296927245
0,DEPTH,1786100296969599,1786100296973236,1786100296993646
0,DEPTH,1786100297036265,1786100297039902,1786100297059948
0,DEPTH,1786100297102933,1786100297106571,1786100297126745
0,DEPTH,1786100297169598,1786100297173237,1786100297193419
0,DEPTH,1786100297236262,1786100297239901,1786100297260373
0,DEPTH,1786100297302928,1786100297306568,1786100297327117
0,DEPTH,1786100297369593,1786100297373234,1786100297393386
0,DEPTH,1786100297436260,1786100297439901,1786100297460300
0,DEPTH,1786100297502925,1786100297506567,1786100297526753
0,DEPTH,1786100297569591,1786100297573234,1786100297593882
0,DEPTH,1786100297636257,1786100297639901,1786100297660367
0,DEPTH,1786100297702923,1786100297706567,1786100297727333
0,DEPTH,1786100297769591,1786100297773236,1786100297793796
0,DEPTH,1786100297836254,1786100297839900,1786100297860123
0,DEPTH,1786100297902924,1786100297906570,1786100297926950
0,DEPTH,1786100297969587,1786100297973234,1786100297993730
0,DEPTH,1786100298036252,1786100298039900,1786100298060279
0,DEPTH,1786100298102921,1786100298106569,1786100298127085
0,DEPTH,1786100298169585,1786100298173234,1786100298193430
0,DEPTH,1786100298236249,1786100298239899,1786100298260381
0,DEPTH,1786100298302920,1786100298306570,1786100298326750
0,DEPTH,1786100298369586,1786100298373237,1786100298393294
0,DEPTH,1786100298436247,1786100298439899,1786100298460188
0,DEPTH,1786100298502907,1786100298506560,1786100298526922
0,DEPTH,1786100298569581,1786100298573234,1786100298593497
0,DEPTH,1786100298636247,1786100298639901,1786100298660375
0,DEPTH,1786100298702905,1786100298706560,1786100298726714
0,DEPTH,1786100298769574,1786100298773229,1786100298793757
0,DEPTH,1786100298836240,1786100298839896,1786100298860374
0,DEPTH,1786100298902916,1786100298906573,1786100298927138
0,DEPTH,1786100298969574,1786100298973231,1786100298994054
0,DEPTH,1786100299036245,1786100299039903,1786100299060108
0,DEPTH,1786100299102910,1786100299106569,1786100299127466
0,COLOR,1786100276169854,1786100276173119,1786100276188923
0,COLOR,1786100276236538,1786100276239796,1786100276255503
0,COLOR,1786100276303190,1786100276306440,1786100276322481
0,COLOR,1786100276369849,1786100276373092,1786100276389330
0,COLOR,1786100276369849,1786100276373092,1786100276455569
0,COLOR,1786100276503174,1786100276506402,1786100276522525
0,COLOR,1786100276569853,1786100276573074,1786100276589092
0,COLOR,1786100276636525,1786100276639739,1786100276656084
0,COLOR,1786100276703187,1786100276706394,1786100276722396
0,COLOR,1786100276769843,1786100276773043,1786100276788608
0,COLOR,1786100276836515,1786100276839708,1786100276855896
0,COLOR,1786100276903184,1786100276906369,1786100276922590
0,COLOR,1786100276969847,1786100276973025,1786100276989335
0,COLOR,1786100277036521,1786100277039692,1786100277055686
0,COLOR,1786100277103184,1786100277106347,1786100277122662
0,COLOR,1786100277169832,1786100277172988,1786100277189296
0,COLOR,1786100277236518,1786100277239667,1786100277256119
0,COLOR,1786100277303177,1786100277306691,1786100277322048
0,COLOR,1786100277369847,1786100277373362,1786100277389029
0,COLOR,1786100277436526,1786100277440041,1786100277455492
0,COLOR,1786100277503172,1786100277506688,1786100277522405
0,COLOR,1786100277569842,1786100277573359,1786100277589474
0,COLOR,1786100277636504,1786100277640021,1786100277656115
0,COLOR,1786100277703175,1786100277706693,1786100277722415
0,COLOR,1786100277769850,1786100277773369,1786100277789146
0,COLOR,1786100277836510,1786100277840029,1786100277855700
0,COLOR,1786100277903176,1786100277906696,1786100277922370
0,COLOR,1786100277969829,1786100277973349,1786100277989602
0,COLOR,1786100278036512,1786100278040033,1786100278056135
0,COLOR,1786100278103169,1786100278106690,1786100278122321
0,COLOR,1786100278169835,1786100278173357,1786100278188587
0,COLOR,1786100278236506,1786100278240029,1786100278255650
0,COLOR,1786100278303169,1786100278306692,1786100278322462
0,COLOR,1786100278369838,1786100278373362,1786100278389242
0,COLOR,1786100278436505,1786100278440030,1786100278456246
0,COLOR,1786100278503161,1786100278506686,1786100278522878
0,COLOR,1786100278569832,1786100278573358,1786100278590320
0,COLOR,1786100278636498,1786100278639796,1786100278656131
0,COLOR,1786100278703161,1786100278706456,1786100278722816
0,COLOR,1786100278769828,1786100278773120,1786100278788662
0,COLOR,1786100278836494,1786100278839783,1786100278856341
0,COLOR,1786100278903159,1786100278906445,1786100278922643
0,COLOR,1786100278969826,1786100278973109,1786100278989060
0,COLOR,1786100279036493,1786100279039774,1786100279055723
0,COLOR,1786100279103156,1786100279106434,1786100279122475
0,COLOR,1786100279169826,1786100279173101,1786100279188894
0,COLOR,1786100279236494,1786100279239766,1786100279256016
0,COLOR,1786100279303153,1786100279306422,1786100279322504
0,COLOR,1786100279369819,1786100279373085,1786100279389199
0,COLOR,1786100279436487,1786100279439750,1786100279456219
0,COLOR,1786100279503151,1786100279506412,1786100279522917
0,COLOR,1786100279569818,1786100279573076,1786100279589524
0,COLOR,1786100279636485,1786100279639609,1786100279656125
0,COLOR,1786100279703149,1786100279706268,1786100279722979
0,COLOR,1786100279769816,1786100279772931,1786100279788656
0,COLOR,1786100279836480,1786100279839590,1786100279856252
0,COLOR,1786100279903149,1786100279906255,1786100279922824
0,COLOR,1786100279969814,1786100279972915,1786100279989448
0,COLOR,1786100280036482,1786100280039578,1786100280055883
0,COLOR,1786100280103148,1786100280106240,1786100280122582
0,COLOR,1786100280169815,1786100280172902,1786100280189130
0,COLOR,1786100280236477,1786100280239559,1786100280255764
0,COLOR,1786100280303146,1786100280306224,1786100280322547
0,COLOR,1786100280369810,1786100280372883,1786100280389355
0,COLOR,1786100280436479,1786100280439548,1786100280455917
0,COLOR,1786100280503140,1786100280506204,1786100280522482
0,COLOR,1786100280569808,1786100280572867,1786100280589211
0,COLOR,1786100280636475,1786100280639592,1786100280656032
0,COLOR,1786100280703140,1786100280706254,1786100280722597
0,COLOR,1786100280769808,1786100280772917,1786100280788872
0,COLOR,1786100280836472,1786100280839578,1786100280855850
0,COLOR,1786100280903138,1786100280906240,1786100280922881
0,COLOR,1786100280969805,1786100280972903,1786100280989122
0,COLOR,1786100281036474,1786100281039568,1786100281055760
0,COLOR,1786100281103140,1786100281106230,1786100281122819
0,COLOR,1786100281169804,1786100281172890,1786100281189212
0,COLOR,1786100281236471,1786100281239553,1786100281255218
0,COLOR,1786100281303139,1786100281306218,1786100281322474
0,COLOR,1786100281369795,1786100281372870,1786100281389267
0,COLOR,1786100281436473,1786100281439544,1786100281456011
0,COLOR,1786100281503135,1786100281506202,1786100281522801
0,COLOR,1786100281569801,1786100281572864,1786100281589529
0,COLOR,1786100281636460,1786100281639516,1786100281656016
0,COLOR,1786100281703132,1786100281706184,1786100281722876
0,COLOR,1786100281769791,1786100281772839,1786100281788621
0,COLOR,1786100281836464,1786100281839508,1786100281856056
0,COLOR,1786100281903137,1786100281906177,1786100281922896
0,COLOR,1786100281969797,1786100281972833,1786100281989485
0,COLOR,1786100282036463,1786100282039495,1786100282055900
0,COLOR,1786100282103132,1786100282106160,1786100282122862
0,COLOR,1786100282169797,1786100282172821,1786100282189014
0,COLOR,1786100282236458,1786100282239478,1786100282256206
0,COLOR,1786100282303133,1786100282306149,1786100282322590
0,COLOR,1786100282369794,1786100282372807,1786100282389528
0,COLOR,1786100282436459,1786100282439468,1786100282455987
0,COLOR,1786100282503123,1786100282506128,1786100282522797
0,COLOR,1786100282569789,1786100282572790,1786100282589339
0,COLOR,1786100282636459,1786100282639714,1786100282655963
0,COLOR,1786100282703115,1786100282706369,1786100282722593
0,COLOR,1786100282769781,1786100282773033,1786100282788936
0,COLOR,1786100282836463,1786100282839714,1786100282855650
0,COLOR,1786100282903121,1786100282906370,1786100282922363
0,COLOR,1786100282969791,1786100282973038,1786100282989187
0,COLOR,1786100283036457,1786100283039703,1786100283055345
0,COLOR,1786100283103127,1786100283106371,1786100283122524
0,COLOR,1786100283169789,1786100283173031,1786100283189097
0,COLOR,1786100283236455,1786100283239696,1786100283255658
0,COLOR,1786100283303125,1786100283306364,1786100283321890
0,COLOR,1786100283369793,1786100283373030,1786100283389005
0,COLOR,1786100283436452,1786100283439688,1786100283455593
0,COLOR,1786100283503118,1786100283506352,1786100283522509
0,COLOR,1786100283569782,1786100283573015,1786100283589261
0,COLOR,1786100283636450,1786100283639805,1786100283655955
0,COLOR,1786100283703117,1786100283706471,1786100283722256
0,COLOR,1786100283769774,1786100283773127,1786100283789009
0,COLOR,1786100283836444,1786100283839797,1786100283855763
0,COLOR,1786100283903115,1786100283906467,1786100283922341
0,COLOR,1786100283969779,1786100283973130,1786100283989032
0,COLOR,1786100284036447,1786100284039798,1786100284055631
0,COLOR,1786100284103113,1786100284106463,1786100284122446
0,COLOR,1786100284169778,1786100284173127,1786100284188847
0,COLOR,1786100284236439,1786100284239788,1786100284255602
0,COLOR,1786100284303112,1786100284306460,1786100284322253
0,COLOR,1786100284369781,1786100284373129,1786100284389026
0,COLOR,1786100284436442,1786100284439789,1786100284456050
0,COLOR,1786100284503108,1786100284506454,1786100284522527
0,COLOR,1786100284569774,1786100284573120,1786100284589450
0,COLOR,1786100284636441,1786100284639786,1786100284655686
0,COLOR,1786100284703107,1786100284706452,1786100284722365
0,COLOR,1786100284769771,1786100284773115,1786100284789156
0,COLOR,1786100284836443,1786100284839786,1786100284855793
0,COLOR,1786100284903105,1786100284906447,1786100284922399
0,COLOR,1786100284969773,1786100284973115,1786100284989329
0,COLOR,1786100285036438,1786100285039779,1786100285055505
0,COLOR,1786100285103109,1786100285106450,1786100285122380
0,COLOR,1786100285169767,1786100285173107,1786100285189397
0,COLOR,1786100285236433,1786100285239772,1786100285255891
0,COLOR,1786100285303105,1786100285306444,1786100285322491
0,COLOR,1786100285369755,1786100285373093,1786100285389063
0,COLOR,1786100285436441,1786100285439778,1786100285455858
0,COLOR,1786100285503102,1786100285506439,1786100285522277
0,COLOR,1786100285569765,1786100285573101,1786100285589023
0,COLOR,1786100285636430,1786100285639766,1786100285655854
0,COLOR,1786100285703098,1786100285706433,1786100285722498
0,COLOR,1786100285769754,1786100285773088,1786100285789088
0,COLOR,1786100285836421,1786100285839755,1786100285855578
0,COLOR,1786100285903092,1786100285906425,1786100285922385
0,COLOR,1786100285969755,1786100285973087,1786100285988971
0,COLOR,1786100286036426,1786100286039758,1786100286055819
0,COLOR,1786100286103090,1786100286106421,1786100286122461
0,COLOR,1786100286169755,1786100286173085,1786100286188586
0,COLOR,1786100286236424,1786100286239753,1786100286255567
0,COLOR,1786100286303090,1786100286306419,1786100286322258
0,COLOR,1786100286369755,1786100286373083,1786100286388476
0,COLOR,1786100286436428,1786100286439756,1786100286455652
0,COLOR,1786100286503078,1786100286506405,1786100286522409
0,COLOR,1786100286569753,1786100286573080,1786100286588991
0,COLOR,1786100286636419,1786100286639745,1786100286655374
0,COLOR,1786100286703085,1786100286706410,1786100286722448
0,COLOR,1786100286769749,1786100286773074,1786100286788618
0,COLOR,1786100286836427,1786100286839751,1786100286855831
0,COLOR,1786100286903083,1786100286906406,1786100286922414
0,COLOR,1786100286969750,1786100286973073,1786100286988975
0,COLOR,1786100287036414,1786100287039736,1786100287055709
0,COLOR,1786100287103079,1786100287106400,1786100287122382
0,COLOR,1786100287169750,1786100287173071,1786100287188945
0,COLOR,1786100287236414,1786100287239734,1786100287255772
0,COLOR,1786100287303080,1786100287306399,1786100287322214
0,COLOR,1786100287369746,1786100287373065,1786100287388998
0,COLOR,1786100287436413,1786100287439731,1786100287455616
0,COLOR,1786100287503078,1786100287506395,1786100287522167
0,COLOR,1786100287569746,1786100287573063,1786100287589568
0,COLOR,1786100287636405,1786100287639721,1786100287656144
0,COLOR,1786100287703077,1786100287706393,1786100287722778
0,COLOR,1786100287769734,1786100287773049,1786100287789318
0,COLOR,1786100287836405,1786100287839719,1786100287856243
0,COLOR,1786100287903074,1786100287906388,1786100287922910
0,COLOR,1786100287969741,1786100287973054,1786100287989605
0,COLOR,1786100288036406,1786100288039718,1786100288056162
0,COLOR,1786100288103074,1786100288106386,1786100288122527
0,COLOR,1786100288169735,1786100288173046,1786100288188604
0,COLOR,1786100288236406,1786100288239716,1786100288256144
0,COLOR,1786100288303071,1786100288306381,1786100288322928
0,COLOR,1786100288369735,1786100288373044,1786100288389363
0,COLOR,1786100288436396,1786100288439705,1786100288455926
0,COLOR,1786100288503060,1786100288506368,1786100288522489
0,COLOR,1786100288569734,1786100288573041,1786100288589328
0,COLOR,1786100288636398,1786100288639705,1786100288656033
0,COLOR,1786100288703065,1786100288706371,1786100288722727
0,COLOR,1786100288769723,1786100288773028,1786100288788882
0,COLOR,1786100288836403,1786100288839708,1786100288856058
0,COLOR,1786100288903064,1786100288906368,1786100288922841
0,COLOR,1786100288969725,1786100288973028,1786100288989051
0,COLOR,1786100289036395,1786100289039698,1786100289055971
0,COLOR,1786100289103068,1786100289106370,1786100289122659
0,COLOR,1786100289169727,1786100289173029,1786100289189085
0,COLOR,1786100289236388,1786100289239689,1786100289255724
0,COLOR,1786100289303061,1786100289306361,1786100289322965
0,COLOR,1786100289369726,1786100289373025,1786100289389311
0,COLOR,1786100289436391,1786100289439690,1786100289455829
0,COLOR,1786100289503061,1786100289506359,1786100289522493
0,COLOR,1786100289569723,1786100289573021,1786100289589378
0,COLOR,1786100289636388,1786100289639685,1786100289656199
0,COLOR,1786100289703055,1786100289706352,1786100289722861
0,COLOR,1786100289769721,1786100289773017,1786100289789398
0,COLOR,1786100289836385,1786100289839680,1786100289856105
0,COLOR,1786100289903055,1786100289906350,1786100289922816
0,COLOR,1786100289969720,1786100289973014,1786100289989340
0,COLOR,1786100290036388,1786100290039681,1786100290056239
0,COLOR,1786100290103053,1786100290106346,1786100290122546
0,COLOR,1786100290169721,1786100290173013,1786100290188630
0,COLOR,1786100290236385,1786100290239676,1786100290255586
0,COLOR,1786100290303050,1786100290306341,1786100290322930
0,COLOR,1786100290369715,1786100290373005,1786100290389369
0,COLOR,1786100290436381,1786100290439670,1786100290456144
0,COLOR,1786100290503044,1786100290506333,1786100290522638
0,COLOR,1786100290569714,1786100290573002,1786100290589314
0,COLOR,1786100290636380,1786100290639667,1786100290656031
0,COLOR,1786100290703055,1786100290706342,1786100290722951
0,COLOR,1786100290769711,1786100290772997,1786100290788733
0,COLOR,1786100290836374,1786100290839660,1786100290856132
0,COLOR,1786100290903046,1786100290906331,1786100290922788
0,COLOR,1786100290969707,1786100290972991,1786100290989592
0,COLOR,1786100291036376,1786100291039660,1786100291055775
0,COLOR,1786100291103035,1786100291106318,1786100291122714
0,COLOR,1786100291169704,1786100291172986,1786100291188810
0,COLOR,1786100291236372,1786100291239654,1786100291256006
0,COLOR,1786100291303041,1786100291306322,1786100291322810
0,COLOR,1786100291369708,1786100291372988,1786100291389530
0,COLOR,1786100291436373,1786100291439653,1786100291456277
0,COLOR,1786100291503032,1786100291506311,1786100291522593
0,COLOR,1786100291569706,1786100291572985,1786100291589539
0,COLOR,1786100291636371,1786100291639649,1786100291656020
0,COLOR,1786100291703038,1786100291706315,1786100291722927
0,COLOR,1786100291769703,1786100291772979,1786100291788884
0,COLOR,1786100291836367,1786100291839643,1786100291855877
0,COLOR,1786100291903035,1786100291906310,1786100291922878
0,COLOR,1786100291969702,1786100291972977,1786100291989469
0,COLOR,1786100292036364,1786100292039638,1786100292055939
0,COLOR,1786100292103034,1786100292106308,1786100292122912
0,COLOR,1786100292169699,1786100292172972,1786100292189094
0,COLOR,1786100292236367,1786100292239639,1786100292255882
0,COLOR,1786100292303032,1786100292306303,1786100292322996
0,COLOR,1786100292369698,1786100292372969,1786100292389403
0,COLOR,1786100292436365,1786100292439635,1786100292456076
0,COLOR,1786100292503022,1786100292506292,1786100292522524
0,COLOR,1786100292569693,1786100292572962,1786100292589555
0,COLOR,1786100292636360,1786100292639628,1786100292656055
0,COLOR,1786100292703028,1786100292706296,1786100292722709
0,COLOR,1786100292769691,1786100292772958,1786100292788895
0,COLOR,1786100292836359,1786100292839625,1786100292856072
0,COLOR,1786100292903026,1786100292906292,1786100292922586
0,COLOR,1786100292969693,1786100292972958,1786100292989213
0,COLOR,1786100293036356,1786100293039621,1786100293055859
0,COLOR,1786100293103023,1786100293106287,1786100293122574
0,COLOR,1786100293169691,1786100293172954,1786100293189370
0,COLOR,1786100293236358,1786100293239620,1786100293255677
0,COLOR,1786100293303021,1786100293306283,1786100293322580
0,COLOR,1786100293369691,1786100293372952,1786100293389528
0,COLOR,1786100293436353,1786100293439614,1786100293456238
0,COLOR,1786100293503020,1786100293506280,1786100293522878
0,COLOR,1786100293569684,1786100293572943,1786100293589504
0,COLOR,1786100293636352,1786100293639611,1786100293656117
0,COLOR,1786100293703020,1786100293706623,1786100293722424
0,COLOR,1786100293769687,1786100293773290,1786100293789277
0,COLOR,1786100293836353,1786100293839957,1786100293855793
0,COLOR,1786100293903019,1786100293906624,1786100293922863
0,COLOR,1786100293969686,1786100293973291,1786100293989635
0,COLOR,1786100294036350,1786100294039956,1786100294056216
0,COLOR,1786100294103017,1786100294106624,1786100294122592
0,COLOR,1786100294169688,1786100294173295,1786100294189633
0,COLOR,1786100294236347,1786100294239955,1786100294256034
0,COLOR,1786100294303016,1786100294306625,1786100294322703
0,COLOR,1786100294369682,1786100294373291,1786100294389604
0,COLOR,1786100294436346,1786100294439956,1786100294456207
0,COLOR,1786100294503004,1786100294506615,1786100294522690
0,COLOR,1786100294569678,1786100294573290,1786100294589333
0,COLOR,1786100294636345,1786100294639957,1786100294656087
0,COLOR,1786100294703011,1786100294706624,1786100294722907
0,COLOR,1786100294769677,1786100294773291,1786100294788744
0,COLOR,1786100294836344,1786100294839958,1786100294856107
0,COLOR,1786100294903012,1786100294906627,1786100294922608
0,COLOR,1786100294969675,1786100294973291,1786100294989401
0,COLOR,1786100295036340,1786100295039957,1786100295055953
0,COLOR,1786100295103006,1786100295106623,1786100295122408
0,COLOR,1786100295169674,1786100295173292,1786100295189339
0,COLOR,1786100295236342,1786100295239961,1786100295256145
0,COLOR,1786100295302997,1786100295306616,1786100295322627
0,COLOR,1786100295369673,1786100295373293,1786100295389510
0,COLOR,1786100295436340,1786100295439961,1786100295456273
0,COLOR,1786100295503005,1786100295506626,1786100295522930
0,COLOR,1786100295569670,1786100295573292,1786100295588958
0,COLOR,1786100295636332,1786100295639955,1786100295656048
0,COLOR,1786100295703005,1786100295706628,1786100295722720
0,COLOR,1786100295769667,1786100295773291,1786100295789136
0,COLOR,1786100295836332,1786100295839957,1786100295856082
0,COLOR,1786100295903001,1786100295906626,1786100295922921
0,COLOR,1786100295969665,1786100295973291,1786100295989611
0,COLOR,1786100296036329,1786100296039956,1786100296056100
0,COLOR,1786100296102999,1786100296106627,1786100296122931
0,COLOR,1786100296169668,1786100296173296,1786100296189573
0,COLOR,1786100296236326,1786100296239955,1786100296255879
0,COLOR,1786100296302997,1786100296306627,1786100296322502
0,COLOR,1786100296369660,1786100296373290,1786100296389562
0,COLOR,1786100296436328,1786100296439959,1786100296456017
0,COLOR,1786100296502993,1786100296506625,1786100296522447
0,COLOR,1786100296569657,1786100296573289,1786100296589544
0,COLOR,1786100296636316,1786100296639949,1786100296655871
0,COLOR,1786100296702993,1786100296706627,1786100296722875
0,COLOR,1786100296769658,1786100296773293,1786100296788780
0,COLOR,1786100296836312,1786100296839947,1786100296855777
0,COLOR,1786100296902991,1786100296906627,1786100296922668
0,COLOR,1786100296969657,1786100296973294,1786100296989539
0,COLOR,1786100297036323,1786100297039960,1786100297056157
0,COLOR,1786100297102991,1786100297106629,1786100297122884
0,COLOR,1786100297169656,1786100297173295,1786100297189396
0,COLOR,1786100297236319,1786100297239958,1786100297256159
0,COLOR,1786100297302986,1786100297306626,1786100297322800
0,COLOR,1786100297369651,1786100297373292,1786100297389231
0,COLOR,1786100297436318,1786100297439959,1786100297456068
0,COLOR,1786100297502983,1786100297506625,1786100297522909
0,COLOR,1786100297569649,1786100297573292,1786100297589575
0,COLOR,1786100297636315,1786100297639959,1786100297655893
0,COLOR,1786100297702981,1786100297706625,1786100297722779
0,COLOR,1786100297769649,1786100297773294,1786100297788739
0,COLOR,1786100297836311,1786100297839957,1786100297856024
0,COLOR,1786100297902982,1786100297906628,1786100297922935
0,COLOR,1786100297969645,1786100297973292,1786100297989325
0,COLOR,1786100298036310,1786100298039958,1786100298056063
0,COLOR,1786100298102979,1786100298106627,1786100298123106
0,COLOR,1786100298169643,1786100298173292,1786100298189412
0,COLOR,1786100298236307,1786100298239957,1786100298256262
0,COLOR,1786100298302977,1786100298306628,1786100298322967
0,COLOR,1786100298369644,1786100298373295,1786100298388589
0,COLOR,1786100298436305,1786100298439957,1786100298455376
0,COLOR,1786100298502965,1786100298506618,1786100298522544
0,COLOR,1786100298569639,1786100298573292,1786100298589422
0,COLOR,1786100298636305,1786100298639959,1786100298655688
0,COLOR,1786100298702962,1786100298706617,1786100298722432
0,COLOR,1786100298769632,1786100298773287,1786100298788905
0,COLOR,1786100298836298,1786100298839954,1786100298855866
0,COLOR,1786100298902974,1786100298906631,1786100298922358
0,COLOR,1786100298969632,1786100298973290,1786100298989140
0,COLOR,1786100299036303,1786100299039961,1786100299055443
0,COLOR,1786100299102968,1786100299106627,1786100299122412
1,DEPTH,1786100276636438,1786100276636564,1786100276749486
1,DEPTH,1786100276699987,1786100276700026,1786100277300715
1,DEPTH,1786100276766643,1786100276766591,1786100277303078
1,DEPTH,1786100277303091,1786100277302308,1786100277326782
1,DEPTH,1786100277369761,1786100277368887,1786100277393406
1,DEPTH,1786100277436440,1786100277435475,1786100277460139
1,DEPTH,1786100277503086,1786100277502030,1786100277527128
1,DEPTH,1786100277569756,1786100277568609,1786100277593873
1,DEPTH,1786100277636418,1786100277635180,1786100277660453
1,DEPTH,1786100277703089,1786100277701760,1786100277727319
1,DEPTH,1786100277769765,1786100277768345,1786100277794120
1,DEPTH,1786100277836424,1786100277834913,1786100277860265
1,DEPTH,1786100277903091,1786100277901489,1786100277927014
1,DEPTH,1786100277969744,1786100277968051,1786100277993764
1,DEPTH,1786100278036428,1786100278034644,1786100278059975
1,DEPTH,1786100278103085,1786100278101210,1786100278126867
1,DEPTH,1786100278169751,1786100278167785,1786100278193515
1,DEPTH,1786100278303084,1786100278300937,1786100278326692
1,DEPTH,1786100278369754,1786100278367516,1786100278393316
1,DEPTH,1786100278436422,1786100278434093,1786100278460279
1,DEPTH,1786100278503077,1786100278500657,1786100278526675
1,DEPTH,1786100278569748,1786100278567237,1786100278593458
1,DEPTH,1786100278636414,1786100278637502,1786100278660079
1,DEPTH,1786100278703078,1786100278704136,1786100278727154
1,DEPTH,1786100278769745,1786100278770773,1786100278793755
1,DEPTH,1786100278836412,1786100278837410,1786100278860573
1,DEPTH,1786100278903076,1786100278904044,1786100278927091
1,DEPTH,1786100278969744,1786100278970682,1786100278993791
1,DEPTH,1786100279036411,1786100279037319,1786100279060481
1,DEPTH,1786100279103073,1786100279103951,1786100279127073
1,DEPTH,1786100279169744,1786100279170592,1786100279193720
1,DEPTH,1786100279236412,1786100279237230,1786100279260271
1,DEPTH,1786100279303071,1786100279303859,1786100279327076
1,DEPTH,1786100279369737,1786100279370495,1786100279394158
1,DEPTH,1786100279436405,1786100279437133,1786100279460832
1,DEPTH,1786100279503070,1786100279503768,1786100279527106
1,DEPTH,1786100279569737,1786100279570405,1786100279594390
1,DEPTH,1786100279636404,1786100279638625,1786100279660736
1,DEPTH,1786100279703069,1786100279705281,1786100279727566
1,DEPTH,1786100279769735,1786100279771938,1786100279793365
1,DEPTH,1786100279836400,1786100279838595,1786100279860958
1,DEPTH,1786100279903068,1786100279905254,1786100279927169
1,DEPTH,1786100279969734,1786100279971912,1786100279994281
1,DEPTH,1786100280036402,1786100280038571,1786100280060811
1,DEPTH,1786100280103068,1786100280105229,1786100280127383
1,DEPTH,1786100280169736,1786100280171888,1786100280193869
1,DEPTH,1786100280236398,1786100280238542,1786100280260415
1,DEPTH,1786100280303067,1786100280305202,1786100280327221
1,DEPTH,1786100280369731,1786100280371858,1786100280393920
1,DEPTH,1786100280436400,1786100280438518,1786100280460454
1,DEPTH,1786100280503061,1786100280505171,1786100280526817
1,DEPTH,1786100280569729,1786100280571830,1786100280593633
1,DEPTH,1786100280636396,1786100280639102,1786100280660437
1,DEPTH,1786100280703062,1786100280705766,1786100280727057
1,DEPTH,1786100280769729,1786100280772432,1786100280793744
1,DEPTH,1786100280836394,1786100280839095,1786100280860437
1,DEPTH,1786100280903060,1786100280905760,1786100280927338
1,DEPTH,1786100280969727,1786100280972426,1786100280994112
1,DEPTH,1786100281036396,1786100281039093,1786100281060647
1,DEPTH,1786100281103062,1786100281105758,1786100281127160
1,DEPTH,1786100281169727,1786100281172421,1786100281193909
1,DEPTH,1786100281236394,1786100281239087,1786100281260228
1,DEPTH,1786100281303062,1786100281305754,1786100281327279
1,DEPTH,1786100281369718,1786100281372408,1786100281393963
1,DEPTH,1786100281436396,1786100281439085,1786100281460727
1,DEPTH,1786100281503058,1786100281505745,1786100281527231
1,DEPTH,1786100281569725,1786100281572411,1786100281594070
1,DEPTH,1786100281636384,1786100281639287,1786100281660251
1,DEPTH,1786100281703056,1786100281705960,1786100281727319
1,DEPTH,1786100281769715,1786100281772620,1786100281793990
1,DEPTH,1786100281836388,1786100281839294,1786100281860268
1,DEPTH,1786100281903062,1786100281905969,1786100281927131
1,DEPTH,1786100281969721,1786100281972629,1786100281993567
1,DEPTH,1786100282036388,1786100282039297,1786100282060041
1,DEPTH,1786100282103057,1786100282105966,1786100282126766
1,DEPTH,1786100282169722,1786100282172632,1786100282193756
1,DEPTH,1786100282236383,1786100282239294,1786100282260366
1,DEPTH,1786100282303058,1786100282305970,1786100282326798
1,DEPTH,1786100282369719,1786100282372632,1786100282394031
1,DEPTH,1786100282436384,1786100282439297,1786100282459991
1,DEPTH,1786100282503048,1786100282505962,1786100282526728
1,DEPTH,1786100282569715,1786100282572630,1786100282594082
1,DEPTH,1786100282636385,1786100282639615,1786100282660327
1,DEPTH,1786100282703041,1786100282706274,1786100282726812
1,DEPTH,1786100282769707,1786100282772944,1786100282793879
1,DEPTH,1786100282836389,1786100282839630,1786100282860398
1,DEPTH,1786100282903048,1786100282906292,1786100282926752
1,DEPTH,1786100282969718,1786100282972966,1786100282993586
1,DEPTH,1786100283036384,1786100283039636,1786100283060119
1,DEPTH,1786100283103055,1786100283106311,1786100283126940
1,DEPTH,1786100283169717,1786100283172976,1786100283193899
1,DEPTH,1786100283236382,1786100283239645,1786100283260122
1,DEPTH,1786100283303053,1786100283306320,1786100283326958
1,DEPTH,1786100283369721,1786100283372991,1786100283393856
1,DEPTH,1786100283436380,1786100283439654,1786100283460220
1,DEPTH,1786100283503046,1786100283506324,1786100283526803
1,DEPTH,1786100283569710,1786100283572991,1786100283594064
1,DEPTH,1786100283636379,1786100283639867,1786100283660342
1,DEPTH,1786100283703046,1786100283706540,1786100283726967
1,DEPTH,1786100283769703,1786100283773202,1786100283793637
1,DEPTH,1786100283836373,1786100283839878,1786100283860338
1,DEPTH,1786100283903044,1786100283906554,1786100283926755
1,DEPTH,1786100283969709,1786100283973224,1786100283993517
1,DEPTH,1786100284036376,1786100284039897,1786100284060283
1,DEPTH,1786100284103043,1786100284106569,1786100284126766
1,DEPTH,1786100284169708,1786100284173239,1786100284193596
1,DEPTH,1786100284236369,1786100284239906,1786100284260227
1,DEPTH,1786100284303042,1786100284306584,1786100284326728
1,DEPTH,1786100284369711,1786100284373259,1786100284393636
1,DEPTH,1786100284436372,1786100284439925,1786100284460280
1,DEPTH,1786100284503039,1786100284506597,1786100284527167
1,DEPTH,1786100284569705,1786100284573269,1786100284593458
1,DEPTH,1786100284636371,1786100284639940,1786100284659983
1,DEPTH,1786100284703038,1786100284706612,1786100284726663
1,DEPTH,1786100284769703,1786100284773283,1786100284793594
1,DEPTH,1786100284836375,1786100284839960,1786100284860356
1,DEPTH,1786100284903036,1786100284906626,1786100284926741
1,DEPTH,1786100284969705,1786100284973301,1786100284993458
1,DEPTH,1786100285036370,1786100285039971,1786100285060003
1,DEPTH,1786100285103041,1786100285106648,1786100285127276
1,DEPTH,1786100285169699,1786100285173311,1786100285193791
1,DEPTH,1786100285236366,1786100285239983,1786100285260382
1,DEPTH,1786100285303037,1786100285306660,1786100285326720
1,DEPTH,1786100285369697,1786100285373325,1786100285393555
1,DEPTH,1786100285436374,1786100285440008,1786100285460086
1,DEPTH,1786100285503035,1786100285506674,1786100285526818
1,DEPTH,1786100285569698,1786100285573342,1786100285593812
1,DEPTH,1786100285636364,1786100285640014,1786100285660296
1,DEPTH,1786100285703031,1786100285706686,1786100285727062
1,DEPTH,1786100285769687,1786100285773347,1786100285793681
1,DEPTH,1786100285836355,1786100285840021,1786100285860328
1,DEPTH,1786100285903025,1786100285906696,1786100285926792
1,DEPTH,1786100285969693,1786100285973369,1786100285994312
1,DEPTH,1786100286036359,1786100286040041,1786100286060679
1,DEPTH,1786100286103025,1786100286106712,1786100286126959
1,DEPTH,1786100286169692,1786100286173385,1786100286193433
1,DEPTH,1786100286236359,1786100286240057,1786100286260121
1,DEPTH,1786100286303025,1786100286306728,1786100286327041
1,DEPTH,1786100286369692,1786100286373401,1786100286393755
1,DEPTH,1786100286436363,1786100286440077,1786100286460483
1,DEPTH,1786100286503014,1786100286506734,1786100286526657
1,DEPTH,1786100286569688,1786100286573413,1786100286593729
1,DEPTH,1786100286636355,1786100286640085,1786100286659995
1,DEPTH,1786100286703021,1786100286706757,1786100286727074
1,DEPTH,1786100286769685,1786100286773426,1786100286793462
1,DEPTH,1786100286836363,1786100286840110,1786100286860788
1,DEPTH,1786100286903020,1786100286906772,1786100286926832
1,DEPTH,1786100286969687,1786100286973444,1786100286993779
1,DEPTH,1786100287036350,1786100287040113,1786100287060622
1,DEPTH,1786100287103016,1786100287106784,1786100287127253
1,DEPTH,1786100287169687,1786100287173460,1786100287194318
1,DEPTH,1786100287236352,1786100287240131,1786100287260448
1,DEPTH,1786100287303017,1786100287306801,1786100287327131
1,DEPTH,1786100287369684,1786100287373474,1786100287394350
1,DEPTH,1786100287436351,1786100287440146,1786100287460566
1,DEPTH,1786100287503016,1786100287506816,1786100287527115
1,DEPTH,1786100287569684,1786100287573490,1786100287594296
1,DEPTH,1786100287636343,1786100287640154,1786100287660792
1,DEPTH,1786100287703015,1786100287706831,1786100287727506
1,DEPTH,1786100287769672,1786100287773494,1786100287794418
1,DEPTH,1786100287836344,1786100287840171,1786100287860402
1,DEPTH,1786100287903012,1786100287906845,1786100287927283
1,DEPTH,1786100287969680,1786100287973518,1786100287994187
1,DEPTH,1786100288036345,1786100288040188,1786100288060585
1,DEPTH,1786100288103013,1786100288106862,1786100288127188
1,DEPTH,1786100288169675,1786100288173529,1786100288193776
1,DEPTH,1786100288236345,1786100288240205,1786100288260588
1,DEPTH,1786100288303010,1786100288306875,1786100288327436
1,DEPTH,1786100288369675,1786100288373545,1786100288394243
1,DEPTH,1786100288436336,1786100288440212,1786100288460476
1,DEPTH,1786100288503000,1786100288506881,1786100288527536
1,DEPTH,1786100288569674,1786100288573561,1786100288593814
1,DEPTH,1786100288636338,1786100288640230,1786100288660667
1,DEPTH,1786100288703005,1786100288706902,1786100288727497
1,DEPTH,1786100288769663,1786100288773566,1786100288793581
1,DEPTH,1786100288836344,1786100288840252,1786100288860640
1,DEPTH,1786100288903005,1786100288906918,1786100288927174
1,DEPTH,1786100288969667,1786100288973586,1786100288993915
1,DEPTH,1786100289036337,1786100289040261,1786100289060767
1,DEPTH,1786100289103010,1786100289106939,1786100289127570
1,DEPTH,1786100289169669,1786100289173604,1786100289194281
1,DEPTH,1786100289236330,1786100289240270,1786100289260437
1,DEPTH,1786100289303003,1786100289306949,1786100289327232
1,DEPTH,1786100289369668,1786100289373619,1786100289394120
1,DEPTH,1786100289436333,1786100289440289,1786100289460467
1,DEPTH,1786100289503003,1786100289506965,1786100289527523
1,DEPTH,1786100289569666,1786100289573633,1786100289593850
1,DEPTH,1786100289636331,1786100289640304,1786100289660966
1,DEPTH,1786100289702998,1786100289706976,1786100289727849
1,DEPTH,1786100289769664,1786100289773647,1786100289793989
1,DEPTH,1786100289836328,1786100289840317,1786100289860612
1,DEPTH,1786100289902998,1786100289906992,1786100289927341
1,DEPTH,1786100289969664,1786100289973663,1786100289994107
1,DEPTH,1786100290036332,1786100290040337,1786100290060872
1,DEPTH,1786100290102997,1786100290107007,1786100290127127
1,DEPTH,1786100290169665,1786100290173681,1786100290193815
1,DEPTH,1786100290236330,1786100290240351,1786100290260530
1,DEPTH,1786100290302994,1786100290307020,1786100290327147
1,DEPTH,1786100290369659,1786100290373691,1786100290394113
1,DEPTH,1786100290436326,1786100290440363,1786100290460616
1,DEPTH,1786100290502989,1786100290507031,1786100290527013
1,DEPTH,1786100290569659,1786100290573707,1786100290593741
1,DEPTH,1786100290636326,1786100290640379,1786100290660679
1,DEPTH,1786100290703000,1786100290707059,1786100290727348
1,DEPTH,1786100290703000,1786100290707059,1786100290793698
1,DEPTH,1786100290836320,1786100290840389,1786100290860741
1,DEPTH,1786100290902991,1786100290907066,1786100290927130
1,DEPTH,1786100290969653,1786100290973733,1786100290993994
1,DEPTH,1786100291036322,1786100291040408,1786100291060283
1,DEPTH,1786100291102981,1786100291107072,1786100291127358
1,DEPTH,1786100291169651,1786100291173747,1786100291193551
1,DEPTH,1786100291236319,1786100291240421,1786100291260978
1,DEPTH,1786100291302988,1786100291307095,1786100291327113
1,DEPTH,1786100291369655,1786100291373767,1786100291393577
1,DEPTH,1786100291436320,1786100291440438,1786100291460722
1,DEPTH,1786100291502980,1786100291507103,1786100291527447
1,DEPTH,1786100291569654,1786100291573783,1786100291593745
1,DEPTH,1786100291636319,1786100291640453,1786100291660464
1,DEPTH,1786100291702986,1786100291707125,1786100291727104
1,DEPTH,1786100291769651,1786100291773796,1786100291793662
1,DEPTH,1786100291836315,1786100291840465,1786100291860070
1,DEPTH,1786100291902983,1786100291907138,1786100291927163
1,DEPTH,1786100291969650,1786100291973811,1786100291993929
1,DEPTH,1786100292036312,1786100292040478,1786100292060595
1,DEPTH,1786100292102983,1786100292107154,1786100292127424
1,DEPTH,1786100292169648,1786100292173825,1786100292193508
1,DEPTH,1786100292236316,1786100292240498,1786100292260599
1,DEPTH,1786100292302981,1786100292307169,1786100292327533
1,DEPTH,1786100292369647,1786100292373840,1786100292393891
1,DEPTH,1786100292436315,1786100292440513,1786100292460647
1,DEPTH,1786100292502971,1786100292507175,1786100292527206
1,DEPTH,1786100292569643,1786100292573852,1786100292593792
1,DEPTH,1786100292636310,1786100292640525,1786100292660702
1,DEPTH,1786100292702978,1786100292707198,1786100292727305
1,DEPTH,1786100292769642,1786100292773867,1786100292793638
1,DEPTH,1786100292836310,1786100292840541,1786100292860609
1,DEPTH,1786100292902976,1786100292907212,1786100292927264
1,DEPTH,1786100292969644,1786100292973886,1786100292993773
1,DEPTH,1786100293036307,1786100293040554,1786100293060254
1,DEPTH,1786100293102974,1786100293107226,1786100293127308
1,DEPTH,1786100293169642,1786100293173900,1786100293193605
1,DEPTH,1786100293236309,1786100293240572,1786100293260935
1,DEPTH,1786100293302972,1786100293307240,1786100293327486
1,DEPTH,1786100293369643,1786100293373917,1786100293393765
1,DEPTH,1786100293436305,1786100293440584,1786100293460473
1,DEPTH,1786100293502972,1786100293507256,1786100293527125
1,DEPTH,1786100293569637,1786100293573927,1786100293593766
1,DEPTH,1786100293636304,1786100293640457,1786100293660568
1,DEPTH,1786100293702973,1786100293707131,1786100293727096
1,DEPTH,1786100293769639,1786100293773802,1786100293793558
1,DEPTH,1786100293836306,1786100293840474,1786100293860430
1,DEPTH,1786100293902972,1786100293907145,1786100293926958
1,DEPTH,1786100293969639,1786100293973816,1786100293993620
1,DEPTH,1786100294036303,1786100294040486,1786100294060397
1,DEPTH,1786100294102971,1786100294107158,1786100294127184
1,DEPTH,1786100294169642,1786100294173834,1786100294193634
1,DEPTH,1786100294236301,1786100294240498,1786100294260910
1,DEPTH,1786100294302971,1786100294307173,1786100294327419
1,DEPTH,1786100294369636,1786100294373842,1786100294394061
1,DEPTH,1786100294436300,1786100294440511,1786100294460920
1,DEPTH,1786100294502959,1786100294507175,1786100294527449
1,DEPTH,1786100294569632,1786100294573853,1786100294593777
1,DEPTH,1786100294636300,1786100294640526,1786100294660459
1,DEPTH,1786100294702966,1786100294707197,1786100294727646
1,DEPTH,1786100294769632,1786100294773867,1786100294793766
1,DEPTH,1786100294836299,1786100294840539,1786100294860848
1,DEPTH,1786100294902967,1786100294907212,1786100294927366
1,DEPTH,1786100294969631,1786100294973881,1786100294994248
1,DEPTH,1786100294969631,1786100294973881,1786100295060232
1,DEPTH,1786100295102962,1786100295107221,1786100295127438
1,DEPTH,1786100295169630,1786100295173894,1786100295193898
1,DEPTH,1786100295236298,1786100295240567,1786100295261010
1,DEPTH,1786100295302954,1786100295307228,1786100295327143
1,DEPTH,1786100295369629,1786100295373908,1786100295394039
1,DEPTH,1786100295436297,1786100295440580,1786100295460850
1,DEPTH,1786100295502962,1786100295507250,1786100295527419
1,DEPTH,1786100295569628,1786100295573921,1786100295593766
1,DEPTH,1786100295636289,1786100295640587,1786100295660448
1,DEPTH,1786100295702962,1786100295707265,1786100295727317
1,DEPTH,1786100295769624,1786100295773932,1786100295793949
1,DEPTH,1786100295836290,1786100295840603,1786100295860545
1,DEPTH,1786100295902959,1786100295907276,1786100295927297
1,DEPTH,1786100295969623,1786100295973945,1786100295994052
1,DEPTH,1786100296036287,1786100296040614,1786100296060411
1,DEPTH,1786100296102958,1786100296107290,1786100296127719
1,DEPTH,1786100296169626,1786100296173963,1786100296193971
1,DEPTH,1786100296236285,1786100296240626,1786100296260956
1,DEPTH,1786100296302956,1786100296307302,1786100296327367
1,DEPTH,1786100296369619,1786100296373970,1786100296394254
1,DEPTH,1786100296436288,1786100296440644,1786100296460972
1,DEPTH,1786100296502953,1786100296507314,1786100296527352
1,DEPTH,1786100296569617,1786100296573983,1786100296593784
1,DEPTH,1786100296636275,1786100296640645,1786100296660253
1,DEPTH,1786100296702953,1786100296707328,1786100296727380
1,DEPTH,1786100296769618,1786100296773998,1786100296793707
1,DEPTH,1786100296836272,1786100296840657,1786100296860531
1,DEPTH,1786100296902951,1786100296907341,1786100296927109
1,DEPTH,1786100296969618,1786100296974012,1786100296994012
1,DEPTH,1786100297036284,1786100297040683,1786100297060255
1,DEPTH,1786100297102952,1786100297107356,1786100297127150
1,DEPTH,1786100297169617,1786100297174026,1786100297194006
1,DEPTH,1786100297236280,1786100297240694,1786100297260700
1,DEPTH,1786100297302947,1786100297307366,1786100297327093
1,DEPTH,1786100297369612,1786100297374036,1786100297393544
1,DEPTH,1786100297436280,1786100297440708,1786100297460725
1,DEPTH,1786100297502945,1786100297507378,1786100297526960
1,DEPTH,1786100297569611,1786100297574049,1786100297593744
1,DEPTH,1786100297636277,1786100297640720,1786100297660357
1,DEPTH,1786100297702943,1786100297707390,1786100297727657
1,DEPTH,1786100297769611,1786100297774063,1786100297793464
1,DEPTH,1786100297836274,1786100297840731,1786100297860481
1,DEPTH,1786100297902945,1786100297907407,1786100297927317
1,DEPTH,1786100297969608,1786100297974075,1786100297993955
1,DEPTH,1786100298036273,1786100298040745,1786100298060683
1,DEPTH,1786100298102942,1786100298107418,1786100298127509
1,DEPTH,1786100298169606,1786100298174087,1786100298193633
1,DEPTH,1786100298236270,1786100298240756,1786100298260516
1,DEPTH,1786100298302941,1786100298307432,1786100298326952
1,DEPTH,1786100298369607,1786100298374103,1786100298393374
1,DEPTH,1786100298436269,1786100298440770,1786100298460462
1,DEPTH,1786100298502929,1786100298507434,1786100298526883
1,DEPTH,1786100298569604,1786100298574114,1786100298593774
1,DEPTH,1786100298636270,1786100298640785,1786100298660167
1,DEPTH,1786100298702927,1786100298707447,1786100298727102
1,DEPTH,1786100298769597,1786100298774122,1786100298793574
1,DEPTH,1786100298836257,1786100298840787,1786100298860787
1,COLOR,1786100277369819,1786100277368944,1786100277388977
1,COLOR,1786100277436498,1786100277435532,1786100277455635
1,COLOR,1786100277503144,1786100277502088,1786100277522323
1,COLOR,1786100277569814,1786100277568667,1786100277589021
1,COLOR,1786100277636476,1786100277635238,1786100277655852
1,COLOR,1786100277703147,1786100277701818,1786100277722538
1,COLOR,1786100277769823,1786100277768403,1786100277789204
1,COLOR,1786100277836482,1786100277834971,1786100277855635
1,COLOR,1786100277903149,1786100277901547,1786100277922200
1,COLOR,1786100277969801,1786100277968108,1786100277989400
1,COLOR,1786100278036485,1786100278034701,1786100278055962
1,COLOR,1786100278103142,1786100278101267,1786100278122250
1,COLOR,1786100278169809,1786100278167843,1786100278188757
1,COLOR,1786100278303142,1786100278300994,1786100278322101
1,COLOR,1786100278369811,1786100278367573,1786100278389040
1,COLOR,1786100278436479,1786100278434150,1786100278455655
1,COLOR,1786100278503135,1786100278500715,1786100278522304
1,COLOR,1786100278569806,1786100278567295,1786100278588607
1,COLOR,1786100278636472,1786100278637561,1786100278655612
1,COLOR,1786100278703135,1786100278704193,1786100278722177
1,COLOR,1786100278769803,1786100278770831,1786100278788877
1,COLOR,1786100278836469,1786100278837467,1786100278856041
1,COLOR,1786100278903134,1786100278904102,1786100278922187
1,COLOR,1786100278969801,1786100278970739,1786100278988778
1,COLOR,1786100279036469,1786100279037377,1786100279055758
1,COLOR,1786100279103131,1786100279104009,1786100279121920
1,COLOR,1786100279169802,1786100279170650,1786100279189143
1,COLOR,1786100279236470,1786100279237288,1786100279255579
1,COLOR,1786100279303129,1786100279303917,1786100279322172
1,COLOR,1786100279369795,1786100279370553,1786100279388738
1,COLOR,1786100279436463,1786100279437191,1786100279455743
1,COLOR,1786100279503128,1786100279503826,1786100279522410
1,COLOR,1786100279569795,1786100279570463,1786100279589143
1,COLOR,1786100279636462,1786100279638683,1786100279655567
1,COLOR,1786100279703126,1786100279705338,1786100279722265
1,COLOR,1786100279769793,1786100279771996,1786100279789005
1,COLOR,1786100279836457,1786100279838652,1786100279855435
1,COLOR,1786100279903126,1786100279905312,1786100279922263
1,COLOR,1786100279969792,1786100279971970,1786100279988986
1,COLOR,1786100280036459,1786100280038628,1786100280055875
1,COLOR,1786100280103126,1786100280105287,1786100280122177
1,COLOR,1786100280169793,1786100280171945,1786100280189078
1,COLOR,1786100280236455,1786100280238599,1786100280255599
1,COLOR,1786100280303124,1786100280305259,1786100280322121
1,COLOR,1786100280369789,1786100280371916,1786100280389038
1,COLOR,1786100280436458,1786100280438576,1786100280455553
1,COLOR,1786100280503118,1786100280505228,1786100280522268
1,COLOR,1786100280569787,1786100280571888,1786100280588989
1,COLOR,1786100280636454,1786100280639159,1786100280655990
1,COLOR,1786100280703120,1786100280705824,1786100280722202
1,COLOR,1786100280769787,1786100280772490,1786100280789122
1,COLOR,1786100280836452,1786100280839154,1786100280855376
1,COLOR,1786100280903118,1786100280905818,1786100280922447
1,COLOR,1786100280969785,1786100280972484,1786100280989052
1,COLOR,1786100281036454,1786100281039151,1786100281055288
1,COLOR,1786100281103120,1786100281105816,1786100281122348
1,COLOR,1786100281169784,1786100281172479,1786100281189043
1,COLOR,1786100281236451,1786100281239144,1786100281255303
1,COLOR,1786100281303120,1786100281305811,1786100281322398
1,COLOR,1786100281369775,1786100281372465,1786100281388925
1,COLOR,1786100281436454,1786100281439143,1786100281455727
1,COLOR,1786100281503116,1786100281505803,1786100281522452
1,COLOR,1786100281569783,1786100281572469,1786100281589226
1,COLOR,1786100281636441,1786100281639344,1786100281655964
1,COLOR,1786100281703114,1786100281706018,1786100281722441
1,COLOR,1786100281769773,1786100281772678,1786100281788987
1,COLOR,1786100281836446,1786100281839352,1786100281855795
1,COLOR,1786100281903119,1786100281906026,1786100281922571
1,COLOR,1786100281969779,1786100281972687,1786100281988975
1,COLOR,1786100282036445,1786100282039353,1786100282055813
1,COLOR,1786100282103115,1786100282106024,1786100282122491
1,COLOR,1786100282169780,1786100282172690,1786100282188768
1,COLOR,1786100282236441,1786100282239352,1786100282255798
1,COLOR,1786100282303116,1786100282306028,1786100282322172
1,COLOR,1786100282369777,1786100282372689,1786100282388994
1,COLOR,1786100282436442,1786100282439356,1786100282455427
1,COLOR,1786100282503106,1786100282506020,1786100282522392
1,COLOR,1786100282569773,1786100282572688,1786100282589260
1,COLOR,1786100282636443,1786100282639672,1786100282655333
1,COLOR,1786100282703099,1786100282706332,1786100282722320
1,COLOR,1786100282769765,1786100282773002,1786100282789243
1,COLOR,1786100282836447,1786100282839688,1786100282856056
1,COLOR,1786100282903106,1786100282906350,1786100282922350
1,COLOR,1786100282969776,1786100282973024,1786100282989061
1,COLOR,1786100283036442,1786100283039694,1786100283055755
1,COLOR,1786100283103112,1786100283106367,1786100283122449
1,COLOR,1786100283169774,1786100283173033,1786100283188933
1,COLOR,1786100283236440,1786100283239703,1786100283255805
1,COLOR,1786100283303111,1786100283306377,1786100283322082
1,COLOR,1786100283369778,1786100283373048,1786100283389110
1,COLOR,1786100283436438,1786100283439712,1786100283455424
1,COLOR,1786100283503104,1786100283506382,1786100283522410
1,COLOR,1786100283569768,1786100283573049,1786100283589457
1,COLOR,1786100283636437,1786100283639925,1786100283655957
1,COLOR,1786100283703104,1786100283706598,1786100283722390
1,COLOR,1786100283769761,1786100283773260,1786100283789101
1,COLOR,1786100283836431,1786100283839936,1786100283855460
1,COLOR,1786100283903101,1786100283906611,1786100283922495
1,COLOR,1786100283969766,1786100283973281,1786100283989178
1,COLOR,1786100284036434,1786100284039954,1786100284055785
1,COLOR,1786100284103100,1786100284106626,1786100284122416
1,COLOR,1786100284169765,1786100284173297,1786100284188819
1,COLOR,1786100284236426,1786100284239963,1786100284255783
1,COLOR,1786100284303100,1786100284306642,1786100284322033
1,COLOR,1786100284369769,1786100284373317,1786100284388973
1,COLOR,1786100284436430,1786100284439983,1786100284455827
1,COLOR,1786100284503097,1786100284506655,1786100284522097
1,COLOR,1786100284569762,1786100284573326,1786100284589068
1,COLOR,1786100284636429,1786100284639998,1786100284655722
1,COLOR,1786100284703096,1786100284706670,1786100284722307
1,COLOR,1786100284769760,1786100284773340,1786100284789279
1,COLOR,1786100284836432,1786100284840017,1786100284855780
1,COLOR,1786100284903094,1786100284906685,1786100284922730
1,COLOR,1786100284969763,1786100284973359,1786100284988832
1,COLOR,1786100285036428,1786100285040029,1786100285055321
1,COLOR,1786100285103098,1786100285106705,1786100285122970
1,COLOR,1786100285169757,1786100285173369,1786100285189549
1,COLOR,1786100285236423,1786100285240040,1786100285255693
1,COLOR,1786100285303095,1786100285306718,1786100285322358
1,COLOR,1786100285369754,1786100285373382,1786100285389159
1,COLOR,1786100285436432,1786100285440065,1786100285455708
1,COLOR,1786100285503092,1786100285506731,1786100285522484
1,COLOR,1786100285569756,1786100285573400,1786100285589263
1,COLOR,1786100285636421,1786100285640071,1786100285656180
1,COLOR,1786100285703089,1786100285706744,1786100285722624
1,COLOR,1786100285769745,1786100285773405,1786100285788862
1,COLOR,1786100285836413,1786100285840079,1786100285855638
1,COLOR,1786100285903083,1786100285906754,1786100285922717
1,COLOR,1786100285969751,1786100285973428,1786100285989589
1,COLOR,1786100286036417,1786100286040099,1786100286056174
1,COLOR,1786100286103082,1786100286106769,1786100286122740
1,COLOR,1786100286169749,1786100286173442,1786100286188889
1,COLOR,1786100286236416,1786100286240114,1786100286255809
1,COLOR,1786100286303082,1786100286306786,1786100286322448
1,COLOR,1786100286369749,1786100286373458,1786100286389017
1,COLOR,1786100286436421,1786100286440135,1786100286456116
1,COLOR,1786100286503071,1786100286506791,1786100286522753
1,COLOR,1786100286569746,1786100286573471,1786100286589205
1,COLOR,1786100286636413,1786100286640143,1786100286655860
1,COLOR,1786100286703079,1786100286706815,1786100286722785
1,COLOR,1786100286769743,1786100286773484,1786100286789102
1,COLOR,1786100286836421,1786100286840168,1786100286856210
1,COLOR,1786100286903077,1786100286906829,1786100286922785
1,COLOR,1786100286969744,1786100286973501,1786100286989342
1,COLOR,1786100287036408,1786100287040171,1786100287055569
1,COLOR,1786100287103074,1786100287106842,1786100287122522
1,COLOR,1786100287169744,1786100287173517,1786100287188875
1,COLOR,1786100287236409,1786100287240188,1786100287255860
1,COLOR,1786100287303075,1786100287306859,1786100287322722
1,COLOR,1786100287369741,1786100287373531,1786100287389250
1,COLOR,1786100287436409,1786100287440204,1786100287456081
1,COLOR,1786100287503074,1786100287506874,1786100287522465
1,COLOR,1786100287569741,1786100287573547,1786100287589862
1,COLOR,1786100287636401,1786100287640212,1786100287655726
1,COLOR,1786100287703073,1786100287706889,1786100287722668
1,COLOR,1786100287769730,1786100287773552,1786100287788913
1,COLOR,1786100287836401,1786100287840228,1786100287855858
1,COLOR,1786100287903070,1786100287906903,1786100287922872
1,COLOR,1786100287969737,1786100287973575,1786100287989466
1,COLOR,1786100288036402,1786100288040245,1786100288056016
1,COLOR,1786100288103071,1786100288106920,1786100288122245
1,COLOR,1786100288169732,1786100288173586,1786100288188623
1,COLOR,1786100288236403,1786100288240262,1786100288255899
1,COLOR,1786100288303068,1786100288306933,1786100288322827
1,COLOR,1786100288369733,1786100288373603,1786100288389287
1,COLOR,1786100288436394,1786100288440270,1786100288455690
1,COLOR,1786100288503058,1786100288506939,1786100288522460
1,COLOR,1786100288569732,1786100288573619,1786100288589163
1,COLOR,1786100288636396,1786100288640288,1786100288655804
1,COLOR,1786100288703063,1786100288706960,1786100288722769
1,COLOR,1786100288769721,1786100288773624,1786100288788747
1,COLOR,1786100288836402,1786100288840310,1786100288855596
1,COLOR,1786100288903063,1786100288906976,1786100288922759
1,COLOR,1786100288969724,1786100288973643,1786100288988899
1,COLOR,1786100289036394,1786100289040318,1786100289055599
1,COLOR,1786100289103068,1786100289106997,1786100289122830
1,COLOR,1786100289169727,1786100289173662,1786100289188881
1,COLOR,1786100289236388,1786100289240328,1786100289255426
1,COLOR,1786100289303060,1786100289307006,1786100289322973
1,COLOR,1786100289369726,1786100289373677,1786100289389306
1,COLOR,1786100289436391,1786100289440347,1786100289455843
1,COLOR,1786100289503061,1786100289507023,1786100289522410
1,COLOR,1786100289569724,1786100289573691,1786100289589266
1,COLOR,1786100289636388,1786100289640361,1786100289656058
1,COLOR,1786100289703056,1786100289707034,1786100289722704
1,COLOR,1786100289769722,1786100289773705,1786100289789217
1,COLOR,1786100289836386,1786100289840375,1786100289856008
1,COLOR,1786100289903056,1786100289907050,1786100289922117
1,COLOR,1786100289969722,1786100289973722,1786100289989156
1,COLOR,1786100290036390,1786100290040395,1786100290055777
1,COLOR,1786100290103055,1786100290107065,1786100290122174
1,COLOR,1786100290169723,1786100290173738,1786100290188593
1,COLOR,1786100290236387,1786100290240408,1786100290255574
1,COLOR,1786100290303052,1786100290307078,1786100290322776
1,COLOR,1786100290369717,1786100290373749,1786100290388992
1,COLOR,1786100290436383,1786100290440420,1786100290455583
1,COLOR,1786100290503047,1786100290507089,1786100290522434
1,COLOR,1786100290569716,1786100290573764,1786100290588777
1,COLOR,1786100290636383,1786100290640436,1786100290655628
1,COLOR,1786100290703058,1786100290707116,1786100290722306
1,COLOR,1786100290769714,1786100290773778,1786100290789199
1,COLOR,1786100290836378,1786100290840448,1786100290855990
1,COLOR,1786100290903049,1786100290907124,1786100290922134
1,COLOR,1786100290969711,1786100290973791,1786100290989254
1,COLOR,1786100291036380,1786100291040465,1786100291056080
1,COLOR,1786100291103039,1786100291107130,1786100291122113
1,COLOR,1786100291169709,1786100291173805,1786100291188456
1,COLOR,1786100291236377,1786100291240479,1786100291255785
1,COLOR,1786100291303046,1786100291307153,1786100291322181
1,COLOR,1786100291369713,1786100291373825,1786100291389130
1,COLOR,1786100291436378,1786100291440496,1786100291455945
1,COLOR,1786100291503037,1786100291507160,1786100291522265
1,COLOR,1786100291569711,1786100291573840,1786100291588931
1,COLOR,1786100291636376,1786100291640510,1786100291655300
1,COLOR,1786100291703044,1786100291707183,1786100291722111
1,COLOR,1786100291769709,1786100291773854,1786100291788772
1,COLOR,1786100291836373,1786100291840523,1786100291855620
1,COLOR,1786100291903041,1786100291907196,1786100291922303
1,COLOR,1786100291969708,1786100291973869,1786100291989060
1,COLOR,1786100292036370,1786100292040536,1786100292055920
1,COLOR,1786100292103041,1786100292107213,1786100292122944
1,COLOR,1786100292169706,1786100292173883,1786100292188919
1,COLOR,1786100292236374,1786100292240556,1786100292255732
1,COLOR,1786100292303039,1786100292307227,1786100292322627
1,COLOR,1786100292369705,1786100292373898,1786100292388988
1,COLOR,1786100292436373,1786100292440572,1786100292455511
1,COLOR,1786100292503029,1786100292507233,1786100292522413
1,COLOR,1786100292569701,1786100292573910,1786100292589221
1,COLOR,1786100292636367,1786100292640582,1786100292655806
1,COLOR,1786100292703036,1786100292707256,1786100292722602
1,COLOR,1786100292769700,1786100292773926,1786100292788992
1,COLOR,1786100292836367,1786100292840598,1786100292855606
1,COLOR,1786100292903034,1786100292907270,1786100292922744
1,COLOR,1786100292969702,1786100292973943,1786100292988821
1,COLOR,1786100293036365,1786100293040612,1786100293055678
1,COLOR,1786100293103032,1786100293107284,1786100293122248
1,COLOR,1786100293169700,1786100293173958,1786100293188658
1,COLOR,1786100293236367,1786100293240630,1786100293255394
1,COLOR,1786100293303030,1786100293307298,1786100293322627
1,COLOR,1786100293369701,1786100293373975,1786100293388813
1,COLOR,1786100293436363,1786100293440642,1786100293455851
1,COLOR,1786100293503029,1786100293507314,1786100293522317
1,COLOR,1786100293569694,1786100293573984,1786100293588903
1,COLOR,1786100293636362,1786100293640515,1786100293655664
1,COLOR,1786100293703030,1786100293707188,1786100293722101
1,COLOR,1786100293769697,1786100293773860,1786100293788803
1,COLOR,1786100293836363,1786100293840531,1786100293855856
1,COLOR,1786100293903029,1786100293907202,1786100293922268
1,COLOR,1786100293969697,1786100293973875,1786100293989306
1,COLOR,1786100294036361,1786100294040543,1786100294055479
1,COLOR,1786100294103029,1786100294107216,1786100294122208
1,COLOR,1786100294169700,1786100294173892,1786100294189153
1,COLOR,1786100294236359,1786100294240556,1786100294255559
1,COLOR,1786100294303028,1786100294307230,1786100294322192
1,COLOR,1786100294369694,1786100294373900,1786100294389210
1,COLOR,1786100294436358,1786100294440569,1786100294455448
1,COLOR,1786100294503016,1786100294507232,1786100294522359
1,COLOR,1786100294569690,1786100294573911,1786100294588620
1,COLOR,1786100294636358,1786100294640584,1786100294655344
1,COLOR,1786100294703024,1786100294707255,1786100294722121
1,COLOR,1786100294769689,1786100294773925,1786100294788468
1,COLOR,1786100294836357,1786100294840597,1786100294855465
1,COLOR,1786100294903025,1786100294907270,1786100294921899
1,COLOR,1786100294969689,1786100294973939,1786100294988582
1,COLOR,1786100295036354,1786100295040609,1786100295055684
1,COLOR,1786100295103019,1786100295107279,1786100295122193
1,COLOR,1786100295169688,1786100295173952,1786100295188856
1,COLOR,1786100295236356,1786100295240625,1786100295255467
1,COLOR,1786100295303011,1786100295307285,1786100295322310
1,COLOR,1786100295369687,1786100295373966,1786100295388802
1,COLOR,1786100295436354,1786100295440638,1786100295455879
1,COLOR,1786100295503020,1786100295507308,1786100295522496
1,COLOR,1786100295569685,1786100295573978,1786100295588718
1,COLOR,1786100295636347,1786100295640645,1786100295655652
1,COLOR,1786100295703020,1786100295707323,1786100295722483
1,COLOR,1786100295769682,1786100295773990,1786100295789341
1,COLOR,1786100295836348,1786100295840660,1786100295855890
1,COLOR,1786100295903017,1786100295907334,1786100295922317
1,COLOR,1786100295969681,1786100295974003,1786100295989263
1,COLOR,1786100296036345,1786100296040672,1786100296055476
1,COLOR,1786100296103015,1786100296107347,1786100296122114
1,COLOR,1786100296169684,1786100296174021,1786100296189146
1,COLOR,1786100296236342,1786100296240684,1786100296255410
1,COLOR,1786100296303013,1786100296307359,1786100296322192
1,COLOR,1786100296369677,1786100296374028,1786100296388794
1,COLOR,1786100296436345,1786100296440701,1786100296455282
1,COLOR,1786100296503010,1786100296507371,1786100296522184
1,COLOR,1786100296569675,1786100296574041,1786100296589062
1,COLOR,1786100296636333,1786100296640703,1786100296655447
1,COLOR,1786100296703010,1786100296707385,1786100296722392
1,COLOR,1786100296769675,1786100296774055,1786100296788779
1,COLOR,1786100296836330,1786100296840715,1786100296855336
1,COLOR,1786100296903009,1786100296907399,1786100296922013
1,COLOR,1786100296969675,1786100296974070,1786100296988786
1,COLOR,1786100297036342,1786100297040741,1786100297055445
1,COLOR,1786100297103009,1786100297107413,1786100297122115
1,COLOR,1786100297169674,1786100297174083,1786100297188786
1,COLOR,1786100297236338,1786100297240752,1786100297255690
1,COLOR,1786100297303005,1786100297307424,1786100297322762
1,COLOR,1786100297369670,1786100297374093,1786100297389350
1,COLOR,1786100297436337,1786100297440765,1786100297455773
1,COLOR,1786100297503003,1786100297507436,1786100297522371
1,COLOR,1786100297569669,1786100297574107,1786100297589848
1,COLOR,1786100297636335,1786100297640778,1786100297655282
1,COLOR,1786100297703001,1786100297707449,1786100297722579
1,COLOR,1786100297769669,1786100297774122,1786100297788807
1,COLOR,1786100297836331,1786100297840788,1786100297855869
1,COLOR,1786100297903003,1786100297907465,1786100297922520
1,COLOR,1786100297969666,1786100297974133,1786100297988963
1,COLOR,1786100298036331,1786100298040803,1786100298056009
1,COLOR,1786100298103000,1786100298107476,1786100298122758
1,COLOR,1786100298169664,1786100298174145,1786100298189141
1,COLOR,1786100298236328,1786100298240814,1786100298256029
1,COLOR,1786100298302999,1786100298307490,1786100298322516
1,COLOR,1786100298369665,1786100298374161,1786100298388424
1,COLOR,1786100298436326,1786100298440827,1786100298455402
1,COLOR,1786100298502987,1786100298507492,1786100298522536
1,COLOR,1786100298569661,1786100298574171,1786100298589008
1,COLOR,1786100298636327,1786100298640842,1786100298655519
1,COLOR,1786100298702985,1786100298707505,1786100298721971
1,COLOR,1786100298769654,1786100298774179,1786100298789304
1,COLOR,1786100298836315,1786100298840844,1786100298855693
2,DEPTH,1786100277987744,1786100277989808,1786100278118350
2,DEPTH,1786100278054428,1786100278056491,1786100278593317
2,DEPTH,1786100278121086,1786100278123148,1786100278595449
2,DEPTH,1786100278187752,1786100278189812,1786100278597790
2,DEPTH,1786100278454425,1786100278456481,1786100278599849
2,DEPTH,1786100278521081,1786100278523135,1786100278602142
2,DEPTH,1786100278587752,1786100278589805,1786100278609278
2,DEPTH,1786100278654419,1786100278656675,1786100278675569
2,DEPTH,1786100278721082,1786100278723340,1786100278742169
2,DEPTH,1786100278787750,1786100278790011,1786100278809361
2,DEPTH,1786100278854417,1786100278856680,1786100278875765
2,DEPTH,1786100278921082,1786100278923348,1786100278942663
2,DEPTH,1786100278987750,1786100278990018,1786100279009359
2,DEPTH,1786100279054417,1786100279056687,1786100279075632
2,DEPTH,1786100279121081,1786100279123354,1786100279142511
2,DEPTH,1786100279187751,1786100279190026,1786100279209293
2,DEPTH,1786100279254420,1786100279256698,1786100279275832
2,DEPTH,1786100279321080,1786100279323360,1786100279342514
2,DEPTH,1786100279387746,1786100279390029,1786100279409191
2,DEPTH,1786100279454414,1786100279456699,1786100279476061
2,DEPTH,1786100279521080,1786100279523368,1786100279542568
2,DEPTH,1786100279587747,1786100279590037,1786100279609196
2,DEPTH,1786100279654415,1786100279656847,1786100279677222
2,DEPTH,1786100279721079,1786100279723516,1786100279742325
2,DEPTH,1786100279787747,1786100279790188,1786100279809051
2,DEPTH,1786100279854411,1786100279856857,1786100279876053
2,DEPTH,1786100279921080,1786100279923530,1786100279942535
2,DEPTH,1786100279987746,1786100279990201,1786100280008957
2,DEPTH,1786100280054415,1786100280056874,1786100280075626
2,DEPTH,1786100280121081,1786100280123545,1786100280142501
2,DEPTH,1786100280187749,1786100280190217,1786100280208997
2,DEPTH,1786100280254412,1786100280256885,1786100280275663
2,DEPTH,1786100280321081,1786100280323558,1786100280342305
2,DEPTH,1786100280387746,1786100280390227,1786100280409068
2,DEPTH,1786100280454415,1786100280456901,1786100280475765
2,DEPTH,1786100280521076,1786100280523566,1786100280542307
2,DEPTH,1786100280587745,1786100280590240,1786100280609232
2,DEPTH,1786100280654413,1786100280656912,1786100280675906
2,DEPTH,1786100280721079,1786100280723516,1786100280742395
2,DEPTH,1786100280787747,1786100280790187,1786100280809218
2,DEPTH,1786100280854412,1786100280856856,1786100280876081
2,DEPTH,1786100280921079,1786100280923526,1786100280942223
2,DEPTH,1786100280987746,1786100280990197,1786100281009339
2,DEPTH,1786100281054415,1786100281056870,1786100281075865
2,DEPTH,1786100281121082,1786100281123540,1786100281142341
2,DEPTH,1786100281187747,1786100281190209,1786100281209542
2,DEPTH,1786100281254414,1786100281256880,1786100281275671
2,DEPTH,1786100281321083,1786100281323552,1786100281342472
2,DEPTH,1786100281387739,1786100281390212,1786100281409224
2,DEPTH,1786100281454418,1786100281456895,1786100281475862
2,DEPTH,1786100281521080,1786100281523560,1786100281542392
2,DEPTH,1786100281587747,1786100281590231,1786100281609059
2,DEPTH,1786100281654406,1786100281656894,1786100281675691
2,DEPTH,1786100281721079,1786100281723487,1786100281742422
2,DEPTH,1786100281787739,1786100281790150,1786100281809220
2,DEPTH,1786100281854412,1786100281856826,1786100281875831
2,DEPTH,1786100281921086,1786100281923503,1786100281942530
2,DEPTH,1786100281987746,1786100281990166,1786100282009207
2,DEPTH,1786100282054413,1786100282056835,1786100282075657
2,DEPTH,1786100282121083,1786100282123508,1786100282142523
2,DEPTH,1786100282187748,1786100282190176,1786100282209176
2,DEPTH,1786100282254410,1786100282256840,1786100282276117
2,DEPTH,1786100282321085,1786100282323518,1786100282342345
2,DEPTH,1786100282387746,1786100282390182,1786100282409590
2,DEPTH,1786100282454412,1786100282456851,1786100282476054
2,DEPTH,1786100282521076,1786100282523518,1786100282542800
2,DEPTH,1786100282587744,1786100282590188,1786100282609501
2,DEPTH,1786100282654414,1786100282656861,1786100282676451
2,DEPTH,1786100282721070,1786100282723405,1786100282742660
2,DEPTH,1786100282787737,1786100282790074,1786100282809508
2,DEPTH,1786100282854420,1786100282856758,1786100282876250
2,DEPTH,1786100282921079,1786100282923419,1786100282943272
2,DEPTH,1786100282987749,1786100282990091,1786100283009905
2,DEPTH,1786100283054415,1786100283056758,1786100283076216
2,DEPTH,1786100283121086,1786100283123431,1786100283142982
2,DEPTH,1786100283187749,1786100283190096,1786100283209238
2,DEPTH,1786100283254415,1786100283256763,1786100283276243
2,DEPTH,1786100283321086,1786100283323436,1786100283343084
2,DEPTH,1786100283387754,1786100283390106,1786100283409939
2,DEPTH,1786100283454414,1786100283456768,1786100283476591
2,DEPTH,1786100283521080,1786100283523435,1786100283543156
2,DEPTH,1786100283587745,1786100283590102,1786100283609882
2,DEPTH,1786100283654414,1786100283656773,1786100283676276
2,DEPTH,1786100283721081,1786100283723365,1786100283742816
2,DEPTH,1786100283787739,1786100283790023,1786100283809506
2,DEPTH,1786100283854409,1786100283856695,1786100283876213
2,DEPTH,1786100283921080,1786100283923367,1786100283943263
2,DEPTH,1786100283987746,1786100283990034,1786100284009923
2,DEPTH,1786100284054413,1786100284056702,1786100284076404
2,DEPTH,1786100284121080,1786100284123370,1786100284143089
2,DEPTH,1786100284187746,1786100284190037,1786100284209624
2,DEPTH,1786100284254407,1786100284256699,1786100284276581
2,DEPTH,1786100284321081,1786100284323374,1786100284342672
2,DEPTH,1786100284387750,1786100284390044,1786100284409925
2,DEPTH,1786100284454412,1786100284456707,1786100284475600
2,DEPTH,1786100284521079,1786100284523375,1786100284543049
2,DEPTH,1786100284587745,1786100284590042,1786100284609928
2,DEPTH,1786100284654413,1786100284656711,1786100284676635
2,DEPTH,1786100284721079,1786100284723378,1786100284742805
2,DEPTH,1786100284787744,1786100284790044,1786100284809212
2,DEPTH,1786100284854417,1786100284856718,1786100284876452
2,DEPTH,1786100284921079,1786100284923381,1786100284942902
2,DEPTH,1786100284987748,1786100284990051,1786100285010006
2,DEPTH,1786100285054413,1786100285056717,1786100285076088
2,DEPTH,1786100285121084,1786100285123389,1786100285142991
2,DEPTH,1786100285187743,1786100285190049,1786100285209546
2,DEPTH,1786100285254410,1786100285256717,1786100285276246
2,DEPTH,1786100285321082,1786100285323390,1786100285343083
2,DEPTH,1786100285387742,1786100285390051,1786100285409966
2,DEPTH,1786100285454420,1786100285456730,1786100285476443
2,DEPTH,1786100285521081,1786100285523392,1786100285543379
2,DEPTH,1786100285587745,1786100285590057,1786100285609697
2,DEPTH,1786100285654411,1786100285656724,1786100285676453
2,DEPTH,1786100285721079,1786100285723394,1786100285743048
2,DEPTH,1786100285787735,1786100285790051,1786100285809401
2,DEPTH,1786100285854404,1786100285856721,1786100285876300
2,DEPTH,1786100285921074,1786100285923392,1786100285943060
2,DEPTH,1786100285987742,1786100285990061,1786100286009827
2,DEPTH,1786100286054409,1786100286056729,1786100286076519
2,DEPTH,1786100286121075,1786100286123396,1786100286143105
2,DEPTH,1786100286187742,1786100286190064,1786100286209605
2,DEPTH,1786100286254410,1786100286256733,1786100286276440
2,DEPTH,1786100286321076,1786100286323400,1786100286342761
2,DEPTH,1786100286387743,1786100286390068,1786100286409368
2,DEPTH,1786100286454415,1786100286456741,1786100286475607
2,DEPTH,1786100286521066,1786100286523393,1786100286542488
2,DEPTH,1786100286587741,1786100286590069,1786100286609724
2,DEPTH,1786100286654408,1786100286656737,1786100286676255
2,DEPTH,1786100286721074,1786100286723404,1786100286742877
2,DEPTH,1786100286787739,1786100286790070,1786100286809272
2,DEPTH,1786100286854417,1786100286856749,1786100286876290
2,DEPTH,1786100286921074,1786100286923407,1786100286942905
2,DEPTH,1786100286987742,1786100286990076,1786100287009535
2,DEPTH,1786100287054406,1786100287056741,1786100287075863
2,DEPTH,1786100287121072,1786100287123408,1786100287142778
2,DEPTH,1786100287187743,1786100287190080,1786100287209709
2,DEPTH,1786100287254408,1786100287256746,1786100287276270
2,DEPTH,1786100287321074,1786100287323413,1786100287343124
2,DEPTH,1786100287387741,1786100287390081,1786100287409257
2,DEPTH,1786100287454409,1786100287456750,1786100287476555
2,DEPTH,1786100287521075,1786100287523417,1786100287543137
2,DEPTH,1786100287587742,1786100287590085,1786100287609788
2,DEPTH,1786100287654402,1786100287656746,1786100287676407
2,DEPTH,1786100287721075,1786100287723420,1786100287743111
2,DEPTH,1786100287787732,1786100287790078,1786100287809383
2,DEPTH,1786100287854404,1786100287856751,1786100287876281
2,DEPTH,1786100287921073,1786100287923421,1786100287943160
2,DEPTH,1786100287987741,1786100287990090,1786100288009194
2,DEPTH,1786100288054406,1786100288056757,1786100288076077
2,DEPTH,1786100288121075,1786100288123427,1786100288142265
2,DEPTH,1786100288187737,1786100288190090,1786100288209515
2,DEPTH,1786100288254408,1786100288256762,1786100288276463
2,DEPTH,1786100288321074,1786100288323429,1786100288343135
2,DEPTH,1786100288387739,1786100288390094,1786100288409577
2,DEPTH,1786100288454400,1786100288456757,1786100288475588
2,DEPTH,1786100288521064,1786100288523422,1786100288542954
2,DEPTH,1786100288587739,1786100288590098,1786100288609406
2,DEPTH,1786100288654403,1786100288656763,1786100288676411
2,DEPTH,1786100288721071,1786100288723432,1786100288743117
2,DEPTH,1786100288787729,1786100288790091,1786100288809584
2,DEPTH,1786100288854410,1786100288856773,1786100288876571
2,DEPTH,1786100288921072,1786100288923436,1786100288943018
2,DEPTH,1786100288987734,1786100288990099,1786100289009560
2,DEPTH,1786100289054404,1786100289056770,1786100289076080
2,DEPTH,1786100289121078,1786100289123445,1786100289143135
2,DEPTH,1786100289187737,1786100289190105,1786100289209566
2,DEPTH,1786100289254399,1786100289256768,1786100289276357
2,DEPTH,1786100289321072,1786100289323442,1786100289343153
2,DEPTH,1786100289387738,1786100289390109,1786100289409784
2,DEPTH,1786100289454403,1786100289456775,1786100289476239
2,DEPTH,1786100289521073,1786100289523446,1786100289543167
2,DEPTH,1786100289587737,1786100289590111,1786100289609387
2,DEPTH,1786100289654402,1786100289656777,1786100289676082
2,DEPTH,1786100289721070,1786100289723446,1786100289743146
2,DEPTH,1786100289787736,1786100289790113,1786100289809126
2,DEPTH,1786100289854401,1786100289856779,1786100289876258
2,DEPTH,1786100289921071,1786100289923450,1786100289942950
2,DEPTH,1786100289987737,1786100289990117,1786100290009689
2,DEPTH,1786100290054405,1786100290056786,1786100290075893
2,DEPTH,1786100290121071,1786100290123454,1786100290143036
2,DEPTH,1786100290187739,1786100290190122,1786100290210114
2,DEPTH,1786100290254404,1786100290256789,1786100290276473
2,DEPTH,1786100290321069,1786100290323455,1786100290342708
2,DEPTH,1786100290387735,1786100290390122,1786100290409821
2,DEPTH,1786100290454402,1786100290456790,1786100290475648
2,DEPTH,1786100290521065,1786100290523454,1786100290543119
2,DEPTH,1786100290587735,1786100290590125,1786100290609744
2,DEPTH,1786100290654403,1786100290656794,1786100290676208
2,DEPTH,1786100290721078,1786100290723470,1786100290743122
2,DEPTH,1786100290787735,1786100290790128,1786100290809336
2,DEPTH,1786100290854398,1786100290856792,1786100290876568
2,DEPTH,1786100290921070,1786100290923465,1786100290942897
2,DEPTH,1786100290987732,1786100290990128,1786100291009732
2,DEPTH,1786100291054401,1786100291056798,1786100291076150
2,DEPTH,1786100291121061,1786100291123459,1786100291142935
2,DEPTH,1786100291187731,1786100291190130,1786100291209301
2,DEPTH,1786100291254400,1786100291256800,1786100291276430
2,DEPTH,1786100291321069,1786100291323470,1786100291343170
2,DEPTH,1786100291387736,1786100291390138,1786100291409567
2,DEPTH,1786100291454402,1786100291456805,1786100291476177
2,DEPTH,1786100291521062,1786100291523466,1786100291543046
2,DEPTH,1786100291587736,1786100291590141,1786100291609821
2,DEPTH,1786100291654402,1786100291656808,1786100291676282
2,DEPTH,1786100291721069,1786100291723476,1786100291743215
2,DEPTH,1786100291787735,1786100291790143,1786100291809422
2,DEPTH,1786100291854399,1786100291856808,1786100291875803
2,DEPTH,1786100291921067,1786100291923477,1786100291942919
2,DEPTH,1786100291987735,1786100291990146,1786100292009778
2,DEPTH,1786100292054397,1786100292056809,1786100292076569
2,DEPTH,1786100292121069,1786100292123482,1786100292143117
2,DEPTH,1786100292187734,1786100292190149,1786100292209684
2,DEPTH,1786100292254402,1786100292256818,1786100292276471
2,DEPTH,1786100292321068,1786100292323485,1786100292343097
2,DEPTH,1786100292387735,1786100292390153,1786100292409805
2,DEPTH,1786100292454402,1786100292456821,1786100292475788
2,DEPTH,1786100292521059,1786100292523479,1786100292543024
2,DEPTH,1786100292587732,1786100292590153,1786100292609777
2,DEPTH,1786100292654399,1786100292656821,1786100292676233
2,DEPTH,1786100292721067,1786100292723490,1786100292742918
2,DEPTH,1786100292787732,1786100292790156,1786100292809357
2,DEPTH,1786100292854400,1786100292856825,1786100292876329
2,DEPTH,1786100292921067,1786100292923493,1786100292942935
2,DEPTH,1786100292987735,1786100292990162,1786100293009622
2,DEPTH,1786100293054398,1786100293056826,1786100293076271
2,DEPTH,1786100293121066,1786100293123495,1786100293142678
2,DEPTH,1786100293187735,1786100293190165,1786100293209499
2,DEPTH,1786100293254402,1786100293256833,1786100293276146
2,DEPTH,1786100293321065,1786100293323497,1786100293343230
2,DEPTH,1786100293387736,1786100293390169,1786100293409700
2,DEPTH,1786100293454399,1786100293456833,1786100293476458
2,DEPTH,1786100293521066,1786100293523501,1786100293542552
2,DEPTH,1786100293587731,1786100293590167,1786100293609801
2,DEPTH,1786100293654399,1786100293656836,1786100293676517
2,DEPTH,1786100293721068,1786100293723350,1786100293742911
2,DEPTH,1786100293787735,1786100293790017,1786100293809652
2,DEPTH,1786100293854402,1786100293856685,1786100293876358
2,DEPTH,1786100293921068,1786100293923351,1786100293942868
2,DEPTH,1786100293987736,1786100293990019,1786100294009785
2,DEPTH,1786100294054401,1786100294056685,1786100294076229
2,DEPTH,1786100294121068,1786100294123352,1786100294143007
2,DEPTH,1786100294187740,1786100294190025,1786100294209497
2,DEPTH,1786100294254399,1786100294256684,1786100294276240
2,DEPTH,1786100294321069,1786100294323355,1786100294343086
2,DEPTH,1786100294387735,1786100294390021,1786100294409796
2,DEPTH,1786100294454400,1786100294456686,1786100294475984
2,DEPTH,1786100294521059,1786100294523346,1786100294543082
2,DEPTH,1786100294587733,1786100294590020,1786100294609426
2,DEPTH,1786100294654401,1786100294656689,1786100294676467
2,DEPTH,1786100294721067,1786100294723355,1786100294742921
2,DEPTH,1786100294787733,1786100294790021,1786100294809151
2,DEPTH,1786100294854401,1786100294856690,1786100294876380
2,DEPTH,1786100294921070,1786100294923359,1786100294942949
2,DEPTH,1786100294987734,1786100294990024,1786100295009727
2,DEPTH,1786100295054399,1786100295056689,1786100295075760
2,DEPTH,1786100295121065,1786100295123355,1786100295143005
2,DEPTH,1786100295187734,1786100295190025,1786100295209657
2,DEPTH,1786100295254403,1786100295256694,1786100295276324
2,DEPTH,1786100295321058,1786100295323350,1786100295343266
2,DEPTH,1786100295387734,1786100295390026,1786100295409930
2,DEPTH,1786100295454402,1786100295456694,1786100295476628
2,DEPTH,1786100295521068,1786100295523361,1786100295543241
2,DEPTH,1786100295587734,1786100295590027,1786100295609513
2,DEPTH,1786100295654396,1786100295656690,1786100295676552
2,DEPTH,1786100295721069,1786100295723363,1786100295743078
2,DEPTH,1786100295787732,1786100295790026,1786100295809527
2,DEPTH,1786100295854398,1786100295856693,1786100295876424
2,DEPTH,1786100295921068,1786100295923363,1786100295943002
2,DEPTH,1786100295987732,1786100295990028,1786100296009738
2,DEPTH,1786100296054396,1786100296056692,1786100296076251
2,DEPTH,1786100296121067,1786100296123363,1786100296143114
2,DEPTH,1786100296121067,1786100296123363,1786100296209281
2,DEPTH,1786100296254395,1786100296256692,1786100296275878
2,DEPTH,1786100296321066,1786100296323364,1786100296342670
2,DEPTH,1786100296387730,1786100296390028,1786100296409484
2,DEPTH,1786100296454399,1786100296456697,1786100296475760
2,DEPTH,1786100296521064,1786100296523363,1786100296542855
2,DEPTH,1786100296587729,1786100296590028,1786100296609691
2,DEPTH,1786100296654388,1786100296656688,1786100296676392
2,DEPTH,1786100296721066,1786100296723366,1786100296743034
2,DEPTH,1786100296787731,1786100296790031,1786100296809477
2,DEPTH,1786100296854386,1786100296856687,1786100296876447
2,DEPTH,1786100296921065,1786100296923366,1786100296942877
2,DEPTH,1786100296987732,1786100296990034,1786100297009873
2,DEPTH,1786100297054399,1786100297056701,1786100297076264
2,DEPTH,1786100297121067,1786100297123369,1786100297142800
2,DEPTH,1786100297187733,1786100297190036,1786100297209292
2,DEPTH,1786100297254387,1786100297256690,1786100297276420
2,DEPTH,1786100297321054,1786100297323358,1786100297342768
2,DEPTH,1786100297387720,1786100297390024,1786100297409676
2,DEPTH,1786100297454388,1786100297456693,1786100297476359
2,DEPTH,1786100297521071,1786100297523376,1786100297543091
2,DEPTH,1786100297587738,1786100297590043,1786100297609551
2,DEPTH,1786100297654404,1786100297656710,1786100297676207
2,DEPTH,1786100297721071,1786100297723377,1786100297743060
2,DEPTH,1786100297787739,1786100297790045,1786100297809569
2,DEPTH,1786100297854402,1786100297856709,1786100297876284
2,DEPTH,1786100297921074,1786100297923381,1786100297943116
2,DEPTH,1786100297987737,1786100297990045,1786100298009765
2,DEPTH,1786100298054402,1786100298056710,1786100298076406
2,DEPTH,1786100298121072,1786100298123381,1786100298143074
2,DEPTH,1786100298187736,1786100298190045,1786100298209134
2,DEPTH,1786100298254401,1786100298256711,1786100298276228
2,DEPTH,1786100298321072,1786100298323382,1786100298343105
2,DEPTH,1786100298387739,1786100298390049,1786100298408905
2,DEPTH,1786100298454400,1786100298456711,1786100298475776
2,DEPTH,1786100298521061,1786100298523372,1786100298542788
2,COLOR,1786100278855178,1786100278857441,1786100278888119
2,COLOR,1786100278921843,1786100278924109,1786100278954848
2,COLOR,1786100278988511,1786100278990779,1786100279021238
2,COLOR,1786100279055179,1786100279057449,1786100279087813
2,COLOR,1786100279121842,1786100279124115,1786100279154534
2,COLOR,1786100279188513,1786100279190788,1786100279221019
2,COLOR,1786100279255182,1786100279257460,1786100279287899
2,COLOR,1786100279321841,1786100279324121,1786100279354543
2,COLOR,1786100279388508,1786100279390790,1786100279421351
2,COLOR,1786100279455176,1786100279457461,1786100279487905
2,COLOR,1786100279521841,1786100279524128,1786100279554612
2,COLOR,1786100279588509,1786100279590799,1786100279621179
2,COLOR,1786100279655176,1786100279657608,1786100279687962
2,COLOR,1786100279721841,1786100279724278,1786100279754530
2,COLOR,1786100279788508,1786100279790949,1786100279820708
2,COLOR,1786100279855173,1786100279857619,1786100279887663
2,COLOR,1786100279921842,1786100279924292,1786100279954623
2,COLOR,1786100279988508,1786100279990962,1786100280021417
2,COLOR,1786100280055176,1786100280057635,1786100280088096
2,COLOR,1786100280121843,1786100280124307,1786100280154328
2,COLOR,1786100280188511,1786100280190979,1786100280220991
2,COLOR,1786100280255173,1786100280257646,1786100280287746
2,COLOR,1786100280321843,1786100280324320,1786100280354827
2,COLOR,1786100280388507,1786100280390988,1786100280421216
2,COLOR,1786100280455176,1786100280457662,1786100280487819
2,COLOR,1786100280521838,1786100280524329,1786100280554357
2,COLOR,1786100280588507,1786100280591002,1786100280620898
2,COLOR,1786100280655174,1786100280657607,1786100280687675
2,COLOR,1786100280721840,1786100280724277,1786100280754364
2,COLOR,1786100280788508,1786100280790948,1786100280821271
2,COLOR,1786100280855173,1786100280857617,1786100280887674
2,COLOR,1786100280921840,1786100280924288,1786100280954455
2,COLOR,1786100280988507,1786100280990958,1786100281020819
2,COLOR,1786100281055177,1786100281057632,1786100281087666
2,COLOR,1786100281121843,1786100281124301,1786100281154145
2,COLOR,1786100281188508,1786100281190970,1786100281220895
2,COLOR,1786100281255175,1786100281257640,1786100281288382
2,COLOR,1786100281321844,1786100281324313,1786100281354770
2,COLOR,1786100281388500,1786100281390973,1786100281421273
2,COLOR,1786100281455179,1786100281457656,1786100281488380
2,COLOR,1786100281521841,1786100281524321,1786100281554799
2,COLOR,1786100281588509,1786100281590993,1786100281621327
2,COLOR,1786100281655168,1786100281657574,1786100281688012
2,COLOR,1786100281721841,1786100281724249,1786100281754748
2,COLOR,1786100281788500,1786100281790911,1786100281821323
2,COLOR,1786100281855173,1786100281857587,1786100281888103
2,COLOR,1786100281921847,1786100281924264,1786100281954817
2,COLOR,1786100281988508,1786100281990927,1786100282021448
2,COLOR,1786100282056848,1786100282059270,1786100282089792
2,COLOR,1786100282123519,1786100282125944,1786100282156541
2,COLOR,1786100282188517,1786100282190945,1786100282221493
2,COLOR,1786100282255178,1786100282257609,1786100282287886
2,COLOR,1786100282321854,1786100282324287,1786100282354958
2,COLOR,1786100282388515,1786100282390951,1786100282421276
2,COLOR,1786100282455181,1786100282457620,1786100282488252
2,COLOR,1786100282521845,1786100282524287,1786100282554979
2,COLOR,1786100282588512,1786100282590956,1786100282621438
2,COLOR,1786100282655183,1786100282657630,1786100282687624
2,COLOR,1786100282721839,1786100282724174,1786100282754691
2,COLOR,1786100282788506,1786100282790843,1786100282821213
2,COLOR,1786100282855188,1786100282857526,1786100282888247
2,COLOR,1786100282921847,1786100282924187,1786100282955141
2,COLOR,1786100282988518,1786100282990860,1786100283021482
2,COLOR,1786100283055184,1786100283057527,1786100283088135
2,COLOR,1786100283121855,1786100283124200,1786100283154927
2,COLOR,1786100283188517,1786100283190864,1786100283221018
2,COLOR,1786100283255184,1786100283257532,1786100283288106
2,COLOR,1786100283321854,1786100283324204,1786100283355011
2,COLOR,1786100283388523,1786100283390875,1786100283421799
2,COLOR,1786100283455183,1786100283457537,1786100283488287
2,COLOR,1786100283521849,1786100283524204,1786100283555154
2,COLOR,1786100283588514,1786100283590871,1786100283621780
2,COLOR,1786100283655183,1786100283657542,1786100283688336
2,COLOR,1786100283721850,1786100283724134,1786100283754673
2,COLOR,1786100283788508,1786100283790792,1786100283821640
2,COLOR,1786100283855178,1786100283857464,1786100283888355
2,COLOR,1786100283921849,1786100283924136,1786100283954981
2,COLOR,1786100283988514,1786100283990802,1786100284021746
2,COLOR,1786100284055182,1786100284057471,1786100284088264
2,COLOR,1786100284121849,1786100284124139,1786100284154747
2,COLOR,1786100284188515,1786100284190806,1786100284221060
2,COLOR,1786100284255176,1786100284257468,1786100284288149
2,COLOR,1786100284321850,1786100284324143,1786100284354772
2,COLOR,1786100284388519,1786100284390813,1786100284421770
2,COLOR,1786100284455181,1786100284457476,1786100284488053
2,COLOR,1786100284521848,1786100284524144,1786100284554995
2,COLOR,1786100284588514,1786100284590811,1786100284621594
2,COLOR,1786100284655181,1786100284657479,1786100284688431
2,COLOR,1786100284721848,1786100284724147,1786100284754561
2,COLOR,1786100284788513,1786100284790813,1786100284821121
2,COLOR,1786100284855186,1786100284857487,1786100284888155
2,COLOR,1786100284921848,1786100284924150,1786100284954983
2,COLOR,1786100284988517,1786100284990820,1786100285021622
2,COLOR,1786100285055182,1786100285057486,1786100285088328
2,COLOR,1786100285121853,1786100285124158,1786100285154578
2,COLOR,1786100285188512,1786100285190818,1786100285221249
2,COLOR,1786100285255179,1786100285257486,1786100285288005
2,COLOR,1786100285321851,1786100285324159,1786100285354357
2,COLOR,1786100285388511,1786100285390820,1786100285421778
2,COLOR,1786100285455188,1786100285457498,1786100285488088
2,COLOR,1786100285521850,1786100285524161,1786100285555175
2,COLOR,1786100285588513,1786100285590825,1786100285621466
2,COLOR,1786100285655179,1786100285657492,1786100285688303
2,COLOR,1786100285721847,1786100285724161,1786100285754667
2,COLOR,1786100285788504,1786100285790820,1786100285821618
2,COLOR,1786100285855172,1786100285857489,1786100285888106
2,COLOR,1786100285921843,1786100285924161,1786100285954601
2,COLOR,1786100285988511,1786100285990830,1786100286021846
2,COLOR,1786100286055178,1786100286057498,1786100286088138
2,COLOR,1786100286121843,1786100286124164,1786100286154952
2,COLOR,1786100286188511,1786100286190833,1786100286221652
2,COLOR,1786100286255178,1786100286257501,1786100286288173
2,COLOR,1786100286321844,1786100286324168,1786100286354738
2,COLOR,1786100286388512,1786100286390837,1786100286421365
2,COLOR,1786100286455184,1786100286457510,1786100286488178
2,COLOR,1786100286521835,1786100286524162,1786100286554563
2,COLOR,1786100286588510,1786100286590838,1786100286621570
2,COLOR,1786100286655177,1786100286657506,1786100286688341
2,COLOR,1786100286721843,1786100286724173,1786100286754367
2,COLOR,1786100286788508,1786100286790839,1786100286821600
2,COLOR,1786100286855186,1786100286857518,1786100286888277
2,COLOR,1786100286921843,1786100286924176,1786100286954932
2,COLOR,1786100286988510,1786100286990844,1786100287021534
2,COLOR,1786100287055174,1786100287057509,1786100287088181
2,COLOR,1786100287121841,1786100287124177,1786100287154740
2,COLOR,1786100287188512,1786100287190849,1786100287221363
2,COLOR,1786100287255177,1786100287257515,1786100287288292
2,COLOR,1786100287321843,1786100287324182,1786100287354901
2,COLOR,1786100287388510,1786100287390850,1786100287421219
2,COLOR,1786100287455178,1786100287457519,1786100287488329
2,COLOR,1786100287521843,1786100287524185,1786100287554894
2,COLOR,1786100287588511,1786100287590854,1786100287621228
2,COLOR,1786100287655171,1786100287657515,1786100287688244
2,COLOR,1786100287721843,1786100287724188,1786100287754652
2,COLOR,1786100287788501,1786100287790847,1786100287821406
2,COLOR,1786100287855173,1786100287857521,1786100287888069
2,COLOR,1786100287921842,1786100287924191,1786100287955001
2,COLOR,1786100287988509,1786100287990859,1786100288021293
2,COLOR,1786100288055175,1786100288057525,1786100288087938
2,COLOR,1786100288121844,1786100288124196,1786100288154670
2,COLOR,1786100288188506,1786100288190859,1786100288221815
2,COLOR,1786100288255177,1786100288257531,1786100288288134
2,COLOR,1786100288321842,1786100288324197,1786100288355144
2,COLOR,1786100288388507,1786100288390863,1786100288421415
2,COLOR,1786100288455169,1786100288457526,1786100288487797
2,COLOR,1786100288521833,1786100288524191,1786100288555144
2,COLOR,1786100288588507,1786100288590866,1786100288621430
2,COLOR,1786100288655172,1786100288657532,1786100288688254
2,COLOR,1786100288721840,1786100288724201,1786100288754646
2,COLOR,1786100288788498,1786100288790860,1786100288821401
2,COLOR,1786100288855179,1786100288857542,1786100288888415
2,COLOR,1786100288921841,1786100288924205,1786100288954418
2,COLOR,1786100288988503,1786100288990868,1786100289021788
2,COLOR,1786100289055173,1786100289057539,1786100289088311
2,COLOR,1786100289121847,1786100289124214,1786100289154864
2,COLOR,1786100289188506,1786100289190874,1786100289221359
2,COLOR,1786100289255167,1786100289257536,1786100289288476
2,COLOR,1786100289321841,1786100289324211,1786100289354989
2,COLOR,1786100289388507,1786100289390878,1786100289421753
2,COLOR,1786100289455172,1786100289457544,1786100289488570
2,COLOR,1786100289521842,1786100289524215,1786100289554802
2,COLOR,1786100289588505,1786100289590879,1786100289621285
2,COLOR,1786100289655171,1786100289657546,1786100289688125
2,COLOR,1786100289721839,1786100289724215,1786100289754767
2,COLOR,1786100289788505,1786100289790882,1786100289821440
2,COLOR,1786100289855170,1786100289857549,1786100289888075
2,COLOR,1786100289921840,1786100289924219,1786100289954975
2,COLOR,1786100289988506,1786100289990887,1786100290021461
2,COLOR,1786100290055174,1786100290057555,1786100290088301
2,COLOR,1786100290121840,1786100290124223,1786100290154786
2,COLOR,1786100290188508,1786100290190891,1786100290221330
2,COLOR,1786100290255173,1786100290257558,1786100290288268
2,COLOR,1786100290321838,1786100290324224,1786100290355129
2,COLOR,1786100290388504,1786100290390891,1786100290421685
2,COLOR,1786100290455170,1786100290457558,1786100290487832
2,COLOR,1786100290521834,1786100290524223,1786100290554953
2,COLOR,1786100290588504,1786100290590894,1786100290621679
2,COLOR,1786100290655172,1786100290657563,1786100290688212
2,COLOR,1786100290721846,1786100290724238,1786100290755146
2,COLOR,1786100290788503,1786100290790896,1786100290821340
2,COLOR,1786100290855167,1786100290857561,1786100290888413
2,COLOR,1786100290921839,1786100290924234,1786100290955154
2,COLOR,1786100290988501,1786100290990897,1786100291021608
2,COLOR,1786100291055170,1786100291057567,1786100291087906
2,COLOR,1786100291121830,1786100291124228,1786100291155135
2,COLOR,1786100291188500,1786100291190899,1786100291221735
2,COLOR,1786100291255168,1786100291257568,1786100291288328
2,COLOR,1786100291321838,1786100291324239,1786100291354981
2,COLOR,1786100291388505,1786100291390907,1786100291421607
2,COLOR,1786100291455171,1786100291457574,1786100291488280
2,COLOR,1786100291521830,1786100291524234,1786100291554956
2,COLOR,1786100291588505,1786100291590910,1786100291621372
2,COLOR,1786100291655170,1786100291657576,1786100291688107
2,COLOR,1786100291721838,1786100291724245,1786100291754981
2,COLOR,1786100291788503,1786100291790911,1786100291821300
2,COLOR,1786100291855168,1786100291857577,1786100291888307
2,COLOR,1786100291921836,1786100291924246,1786100291954959
2,COLOR,1786100291988504,1786100291990916,1786100292021791
2,COLOR,1786100292055166,1786100292057578,1786100292088398
2,COLOR,1786100292121837,1786100292124251,1786100292155006
2,COLOR,1786100292188503,1786100292190917,1786100292221550
2,COLOR,1786100292255171,1786100292257587,1786100292288467
2,COLOR,1786100292321837,1786100292324254,1786100292355156
2,COLOR,1786100292388503,1786100292390920,1786100292421868
2,COLOR,1786100292455171,1786100292457590,1786100292487765
2,COLOR,1786100292521828,1786100292524248,1786100292554964
2,COLOR,1786100292588500,1786100292590921,1786100292621626
2,COLOR,1786100292655167,1786100292657589,1786100292688079
2,COLOR,1786100292721836,1786100292724259,1786100292754628
2,COLOR,1786100292788500,1786100292790924,1786100292821192
2,COLOR,1786100292855168,1786100292857593,1786100292888316
2,COLOR,1786100292921836,1786100292924262,1786100292954928
2,COLOR,1786100292988504,1786100292990931,1786100293021802
2,COLOR,1786100293055167,1786100293057595,1786100293088298
2,COLOR,1786100293121835,1786100293124264,1786100293155008
2,COLOR,1786100293188503,1786100293190933,1786100293221259
2,COLOR,1786100293255170,1786100293257601,1786100293288461
2,COLOR,1786100293321834,1786100293324266,1786100293355319
2,COLOR,1786100293388505,1786100293390938,1786100293421645
2,COLOR,1786100293455168,1786100293457602,1786100293488276
2,COLOR,1786100293521834,1786100293524269,1786100293554761
2,COLOR,1786100293588500,1786100293590936,1786100293621853
2,COLOR,1786100293655168,1786100293657605,1786100293688294
2,COLOR,1786100293721837,1786100293724119,1786100293755036
2,COLOR,1786100293788504,1786100293790786,1786100293821702
2,COLOR,1786100293855170,1786100293857453,1786100293888501
2,COLOR,1786100293921837,1786100293924120,1786100293954986
2,COLOR,1786100293988505,1786100293990789,1786100294021865
2,COLOR,1786100294055169,1786100294057453,1786100294088112
2,COLOR,1786100294121837,1786100294124121,1786100294154571
2,COLOR,1786100294188509,1786100294190794,1786100294221527
2,COLOR,1786100294255168,1786100294257453,1786100294288540
2,COLOR,1786100294321838,1786100294324124,1786100294354811
2,COLOR,1786100294388504,1786100294390790,1786100294421781
2,COLOR,1786100294455169,1786100294457455,1786100294487593
2,COLOR,1786100294521827,1786100294524114,1786100294555034
2,COLOR,1786100294588502,1786100294590789,1786100294621742
2,COLOR,1786100294655170,1786100294657458,1786100294688414
2,COLOR,1786100294721836,1786100294724124,1786100294754529
2,COLOR,1786100294788502,1786100294790790,1786100294822031
2,COLOR,1786100294855170,1786100294857459,1786100294888389
2,COLOR,1786100294921839,1786100294924128,1786100294954988
2,COLOR,1786100294988503,1786100294990792,1786100295021819
2,COLOR,1786100295055168,1786100295057458,1786100295088250
2,COLOR,1786100295121834,1786100295124124,1786100295155143
2,COLOR,1786100295188503,1786100295190794,1786100295221909
2,COLOR,1786100295255171,1786100295257462,1786100295287806
2,COLOR,1786100295321827,1786100295324119,1786100295355118
2,COLOR,1786100295388503,1786100295390795,1786100295421802
2,COLOR,1786100295455171,1786100295457464,1786100295488293
2,COLOR,1786100295521837,1786100295524130,1786100295555107
2,COLOR,1786100295588503,1786100295590796,1786100295621816
2,COLOR,1786100295655165,1786100295657459,1786100295688321
2,COLOR,1786100295721838,1786100295724132,1786100295754750
2,COLOR,1786100295788501,1786100295790795,1786100295820904
2,COLOR,1786100295855167,1786100295857462,1786100295888309
2,COLOR,1786100295921836,1786100295924131,1786100295955174
2,COLOR,1786100295988501,1786100295990797,1786100296021646
2,COLOR,1786100296055165,1786100296057461,1786100296087893
2,COLOR,1786100296121836,1786100296124132,1786100296155123
2,COLOR,1786100296188505,1786100296190802,1786100296221568
2,COLOR,1786100296255164,1786100296257461,1786100296288328
2,COLOR,1786100296321835,1786100296324133,1786100296354944
2,COLOR,1786100296388499,1786100296390797,1786100296421505
2,COLOR,1786100296455168,1786100296457466,1786100296487828
2,COLOR,1786100296521833,1786100296524132,1786100296555029
2,COLOR,1786100296588498,1786100296590797,1786100296621047
2,COLOR,1786100296655157,1786100296657457,1786100296688119
2,COLOR,1786100296721835,1786100296724135,1786100296754717
2,COLOR,1786100296788500,1786100296790801,1786100296821408
2,COLOR,1786100296855154,1786100296857455,1786100296888109
2,COLOR,1786100296921834,1786100296924135,1786100296954934
2,COLOR,1786100296988501,1786100296990803,1786100297021746
2,COLOR,1786100297055168,1786100297057470,1786100297087942
2,COLOR,1786100297121836,1786100297124139,1786100297155295
2,COLOR,1786100297188501,1786100297190804,1786100297221615
2,COLOR,1786100297255165,1786100297257468,1786100297288301
2,COLOR,1786100297321832,1786100297324136,1786100297354578
2,COLOR,1786100297388498,1786100297390802,1786100297421324
2,COLOR,1786100297455166,1786100297457471,1786100297488414
2,COLOR,1786100297521831,1786100297524136,1786100297555015
2,COLOR,1786100297588498,1786100297590803,1786100297621427
2,COLOR,1786100297655164,1786100297657470,1786100297687989
2,COLOR,1786100297721831,1786100297724137,1786100297755150
2,COLOR,1786100297788499,1786100297790806,1786100297821106
2,COLOR,1786100297855162,1786100297857469,1786100297888317
2,COLOR,1786100297921834,1786100297924141,1786100297955141
2,COLOR,1786100297988497,1786100297990805,1786100298021707
2,COLOR,1786100298055162,1786100298057470,1786100298088013
2,COLOR,1786100298121832,1786100298124141,1786100298154740
2,COLOR,1786100298188496,1786100298190805,1786100298221544
2,COLOR,1786100298255161,1786100298257471,1786100298288366
2,COLOR,1786100298321832,1786100298324142,1786100298354885
2,COLOR,1786100298388499,1786100298390809,1786100298421257
2,COLOR,1786100298455161,1786100298457472,1786100298487846
2,COLOR,1786100298521821,1786100298524132,1786100298555044
