comparison_type,device_i,device_j,stream,hw_diff_us,global_diff_us,sys_diff_us,timestamp_us
cross_stream,0,0,depth+color,-57,-57,2950,1786588038047353
cross_stream,0,0,depth+color,-57,-56,4950,1786588038080946
cross_stream,0,0,depth+color,-57,-57,5010,1786588038114336
cross_stream,0,0,depth+color,-57,-57,5074,1786588038147714
cross_stream,0,0,depth+color,-58,-58,4941,1786588038180955
cross_stream,0,0,depth+color,-58,-58,4989,1786588038213872
cross_stream,0,0,depth+color,-58,-58,5105,1786588038247488
cross_stream,0,0,depth+color,-58,-58,4938,1786588038280715
cross_stream,0,0,depth+color,-58,-58,4839,1786588038313829
cross_stream,0,0,depth+color,-58,-58,4799,1786588038347582
cross_stream,0,0,depth+color,-58,-58,4477,1786588038380424
cross_stream,0,0,depth+color,-57,-56,4841,1786588038414097
cross_stream,0,0,depth+color,-57,-57,4808,1786588038447421
cross_stream,0,0,depth+color,-58,-58,4671,1786588038480624
cross_stream,0,0,depth+color,-58,-58,4727,1786588038514127
cross_stream,0,0,depth+color,-58,-58,4942,1786588038547629
cross_stream,0,0,depth+color,-58,-58,4635,1786588038580715
cross_stream,0,0,depth+color,-58,-58,4921,1786588038614163
cross_stream,0,0,depth+color,-58,-58,4675,1786588038647463
cross_stream,0,0,depth+color,-57,-57,4650,1786588038680719
cross_stream,0,0,depth+color,-57,-57,4600,1786588038713999
cross_stream,0,0,depth+color,-58,-58,5170,1786588038747525
cross_stream,0,0,depth+color,-58,-58,5143,1786588038780818
cross_stream,0,0,depth+color,-57,-56,4591,1786588038813988
cross_stream,0,0,depth+color,-58,-58,5023,1786588038847491
cross_stream,0,0,depth+color,-58,-58,4625,1786588038880551
cross_stream,0,0,depth+color,-58,-58,5228,1786588038914037
cross_stream,0,0,depth+color,-58,-58,5048,1786588038947239
cross_stream,0,0,depth+color,-58,-58,5028,1786588038980797
cross_stream,0,0,depth+color,-58,-58,5072,1786588039014456
cross_stream,0,0,depth+color,-58,-58,4780,1786588039047374
cross_stream,0,0,depth+color,-58,-58,4754,1786588039080695
cross_stream,0,0,depth+color,-58,-58,4580,1786588039114028
cross_stream,0,0,depth+color,-58,-58,4404,1786588039147313
cross_stream,0,0,depth+color,-58,-57,4728,1786588039181006
cross_stream,0,0,depth+color,-57,-57,4440,1786588039213898
cross_stream,0,0,depth+color,-58,-58,5185,1786588039247584
cross_stream,0,0,depth+color,-58,-58,5072,1786588039280985
cross_stream,0,0,depth+color,-58,-58,4800,1786588039314038
cross_stream,0,0,depth+color,-58,-58,4893,1786588039347506
cross_stream,0,0,depth+color,-58,-58,37948,1786588039380561
cross_stream,0,0,depth+color,-58,-58,4642,1786588039414015
cross_stream,0,0,depth+color,-58,-58,4794,1786588039447310
cross_stream,0,0,depth+color,-58,-58,4999,1786588039480858
cross_stream,0,0,depth+color,-58,-58,4892,1786588039514139
cross_stream,0,0,depth+color,-58,-58,4824,1786588039547320
cross_stream,0,0,depth+color,-57,-57,5000,1786588039580829
cross_stream,0,0,depth+color,-58,-58,4991,1786588039614326
cross_stream,0,0,depth+color,-57,-57,5008,1786588039647350
cross_stream,0,0,depth+color,-57,-57,5149,1786588039680912
cross_stream,0,0,depth+color,-57,-57,4554,1786588039713995
cross_stream,0,0,depth+color,-58,-58,4932,1786588039747567
cross_stream,0,0,depth+color,-58,-58,4861,1786588039780788
cross_stream,0,0,depth+color,-57,-57,4714,1786588039813642
cross_stream,0,0,depth+color,-57,-57,4756,1786588039847321
cross_stream,0,0,depth+color,-58,-58,4696,1786588039880622
cross_stream,0,0,depth+color,-58,-58,4957,1786588039914257
cross_stream,0,0,depth+color,-58,-58,5128,1786588039947850
cross_stream,0,0,depth+color,-57,-57,4722,1786588039980825
cross_stream,0,0,depth+color,-58,-58,4886,1786588040014144
cross_stream,0,0,depth+color,-58,-59,4246,1786588040047173
cross_stream,0,0,depth+color,-58,-58,4931,1786588040080768
cross_stream,0,0,depth+color,-58,-58,5228,1786588040114306
cross_stream,0,0,depth+color,-58,-57,4768,1786588040147508
cross_stream,0,0,depth+color,-58,-58,4854,1786588040180776
cross_stream,0,0,depth+color,-57,-57,4529,1786588040213866
cross_stream,0,0,depth+color,-58,-57,4230,1786588040247379
cross_stream,0,0,depth+color,-58,-58,4674,1786588040280690
cross_stream,0,0,depth+color,-58,-58,4559,1786588040313954
cross_stream,0,0,depth+color,-58,-57,4825,1786588040347368
cross_stream,0,0,depth+color,-58,-58,4416,1786588040380712
cross_stream,0,0,depth+color,-57,-57,4886,1786588040414274
cross_stream,0,0,depth+color,-58,-59,4460,1786588040447366
cross_stream,0,0,depth+color,-57,-57,4554,1786588040480447
cross_stream,0,0,depth+color,-58,-58,4901,1786588040514203
cross_stream,0,0,depth+color,-58,-59,6037,1786588040548344
cross_stream,0,0,depth+color,-58,-58,4826,1786588040580469
cross_stream,0,0,depth+color,-58,-58,4521,1786588040613973
cross_stream,0,0,depth+color,-58,-58,4728,1786588040647308
cross_stream,0,0,depth+color,-58,-58,4976,1786588040680668
cross_stream,0,0,depth+color,-58,-58,5070,1786588040714073
cross_stream,0,0,depth+color,-57,-57,4989,1786588040747489
cross_stream,0,0,depth+color,-58,-58,4811,1786588040780738
cross_stream,0,0,depth+color,-58,-58,5230,1786588040814158
cross_stream,0,0,depth+color,-57,-57,5056,1786588040847466
cross_stream,0,0,depth+color,-58,-58,4892,1786588040880798
cross_stream,0,0,depth+color,-58,-58,5012,1786588040914072
cross_stream,0,0,depth+color,-58,-58,4772,1786588040947416
cross_stream,0,0,depth+color,-58,-58,4602,1786588040980538
cross_stream,0,0,depth+color,-58,-58,5095,1786588041014183
cross_stream,0,0,depth+color,-58,-59,5142,1786588041047491
cross_stream,0,0,depth+color,-58,-58,4608,1786588041080722
cross_stream,0,0,depth+color,-58,-58,4830,1786588041114076
cross_stream,0,0,depth+color,-57,-57,4763,1786588041147369
cross_stream,0,0,depth+color,-57,-57,4800,1786588041180714
cross_stream,0,0,depth+color,-58,-58,4987,1786588041213995
cross_stream,0,0,depth+color,-58,-58,4886,1786588041247235
cross_stream,0,0,depth+color,-58,-58,4845,1786588041280663
cross_stream,0,0,depth+color,-58,-57,4944,1786588041313886
cross_stream,0,0,depth+color,-58,-58,4756,1786588041347342
cross_stream,0,0,depth+color,-58,-58,4877,1786588041380743
cross_stream,0,0,depth+color,-58,-58,4738,1786588041414008
cross_stream,0,0,depth+color,-58,-58,4787,1786588041447400
cross_stream,0,0,depth+color,-58,-59,4784,1786588041480674
cross_stream,0,0,depth+color,-58,-58,4959,1786588041514158
cross_stream,0,0,depth+color,-57,-57,4637,1786588041547257
cross_stream,0,0,depth+color,-58,-58,5135,1786588041580879
cross_stream,0,0,depth+color,-58,-58,4762,1786588041613983
cross_stream,0,0,depth+color,-58,-58,4792,1786588041647363
cross_stream,0,0,depth+color,-58,-58,4990,1786588041680854
cross_stream,0,0,depth+color,-58,-58,4921,1786588041714010
cross_stream,0,0,depth+color,-57,-57,4711,1786588041747330
cross_stream,0,0,depth+color,-58,-58,4858,1786588041780666
cross_stream,0,0,depth+color,-58,-58,4832,1786588041814038
cross_stream,0,0,depth+color,-58,-58,5011,1786588041847340
cross_stream,0,0,depth+color,-58,-58,4921,1786588041880843
cross_stream,0,0,depth+color,-58,-58,5006,1786588041914004
cross_stream,0,0,depth+color,-58,-58,4755,1786588041947289
cross_stream,0,0,depth+color,-57,-58,4597,1786588041980677
cross_stream,0,0,depth+color,-58,-58,4944,1786588042014163
cross_stream,0,0,depth+color,-58,-58,5225,1786588042047557
cross_stream,0,0,depth+color,-57,-57,4656,1786588042080863
cross_stream,0,0,depth+color,-58,-58,4962,1786588042114179
cross_stream,0,0,depth+color,-58,-58,4659,1786588042147343
cross_stream,0,0,depth+color,-57,-57,4746,1786588042180672
cross_stream,0,0,depth+color,-58,-58,4744,1786588042213933
cross_stream,0,0,depth+color,-58,-58,5296,1786588042247627
cross_stream,0,0,depth+color,-57,-57,4838,1786588042280597
cross_stream,0,0,depth+color,-58,-58,4799,1786588042314145
cross_stream,0,0,depth+color,-58,-58,4884,1786588042347383
cross_stream,0,0,depth+color,-58,-58,4539,1786588042380496
cross_stream,0,0,depth+color,-57,-58,4928,1786588042414204
cross_stream,0,0,depth+color,-58,-58,4637,1786588042447377
cross_stream,0,0,depth+color,-58,-58,4764,1786588042480616
cross_stream,0,0,depth+color,-58,-58,4996,1786588042513996
cross_stream,0,0,depth+color,-57,-57,5041,1786588042547625
cross_stream,0,0,depth+color,-58,-58,4811,1786588042580710
cross_stream,0,0,depth+color,-58,-57,5115,1786588042614450
cross_stream,0,0,depth+color,-58,-58,4782,1786588042647400
cross_stream,0,0,depth+color,-58,-58,4789,1786588042680709
cross_stream,0,0,depth+color,-58,-58,4931,1786588042714208
cross_stream,0,0,depth+color,-58,-58,5332,1786588042747609
cross_stream,0,0,depth+color,-58,-58,4568,1786588042780673
cross_stream,0,0,depth+color,-58,-58,5007,1786588042814237
cross_stream,0,0,depth+color,-57,-57,4995,1786588042847482
cross_stream,0,0,depth+color,-57,-57,4977,1786588042880899
cross_stream,0,0,depth+color,-58,-57,4937,1786588042913954
cross_stream,0,0,depth+color,-58,-58,4711,1786588042947511
cross_stream,0,0,depth+color,-57,-57,4743,1786588042980881
cross_stream,0,0,depth+color,-57,-57,4769,1786588043014368
cross_stream,0,0,depth+color,-58,-59,5068,1786588043047982
cross_stream,0,0,depth+color,-57,-57,5226,1786588043081127
cross_stream,0,0,depth+color,-58,-58,4842,1786588043114225
cross_stream,0,0,depth+color,-57,-57,4805,1786588043147568
cross_stream,0,0,depth+color,-58,-58,4698,1786588043180742
cross_stream,0,0,depth+color,-58,-58,4799,1786588043214243
cross_stream,0,0,depth+color,-58,-58,5283,1786588043247769
cross_stream,0,0,depth+color,-57,-57,4800,1786588043280900
cross_stream,0,0,depth+color,-58,-58,4930,1786588043314135
cross_stream,0,0,depth+color,-58,-59,4676,1786588043347356
cross_stream,0,0,depth+color,-58,-57,4912,1786588043380718
cross_stream,0,0,depth+color,-58,-58,5090,1786588043414195
cross_stream,0,0,depth+color,-58,-58,4758,1786588043447541
cross_stream,0,0,depth+color,-58,-58,4982,1786588043480879
cross_stream,0,0,depth+color,-58,-58,4795,1786588043514236
cross_stream,0,0,depth+color,-57,-57,4780,1786588043547104
cross_stream,0,0,depth+color,-58,-57,5196,1786588043581065
cross_stream,0,0,depth+color,-57,-58,4789,1786588043614185
cross_stream,0,0,depth+color,-57,-57,4591,1786588043647358
cross_stream,0,0,depth+color,-58,-58,4568,1786588043680738
cross_stream,0,0,depth+color,-58,-58,4326,1786588043713754
cross_stream,0,0,depth+color,-58,-58,37874,1786588043747302
cross_stream,0,0,depth+color,-58,-58,4943,1786588043780643
cross_stream,0,0,depth+color,-57,-57,4661,1786588043814012
cross_stream,0,0,depth+color,-58,-58,5005,1786588043847376
cross_stream,0,0,depth+color,-58,-58,4978,1786588043880741
cross_stream,0,0,depth+color,-58,-57,4998,1786588043914216
cross_stream,0,0,depth+color,-58,-58,4568,1786588043947371
cross_stream,0,0,depth+color,-58,-58,4605,1786588043980710
cross_stream,0,0,depth+color,-58,-58,4574,1786588044013993
cross_stream,0,0,depth+color,-58,-58,4810,1786588044047562
cross_stream,0,0,depth+color,-58,-58,4535,1786588044080695
cross_stream,0,0,depth+color,-58,-58,4584,1786588044114035
cross_stream,0,0,depth+color,-58,-57,4828,1786588044147395
cross_stream,0,0,depth+color,-58,-58,4628,1786588044180700
cross_stream,0,0,depth+color,-57,-57,4563,1786588044213995
cross_stream,0,0,depth+color,-58,-58,5357,1786588044247684
cross_stream,0,0,depth+color,-58,-57,4656,1786588044280884
cross_stream,0,0,depth+color,-58,-58,4408,1786588044313975
cross_stream,0,0,depth+color,-57,-57,4773,1786588044347341
cross_stream,0,0,depth+color,-58,-58,4949,1786588044380556
cross_stream,0,0,depth+color,-57,-57,5004,1786588044414410
cross_stream,0,0,depth+color,-58,-59,4826,1786588044447376
cross_stream,0,0,depth+color,-58,-58,4684,1786588044480731
cross_stream,0,0,depth+color,-57,-57,4483,1786588044514030
cross_stream,0,0,depth+color,-57,-57,4648,1786588044547365
cross_stream,0,0,depth+color,-58,-19,5228,1786588044580762
cross_stream,0,0,depth+color,-58,-58,4858,1786588044614285
cross_stream,0,0,depth+color,-57,-57,4941,1786588044647332
cross_stream,0,0,depth+color,-58,-57,5019,1786588044680725
cross_stream,0,0,depth+color,-58,-58,4898,1786588044714265
cross_stream,0,0,depth+color,-57,-57,4924,1786588044747558
cross_stream,0,0,depth+color,-57,-58,4800,1786588044780497
cross_stream,0,0,depth+color,-57,-58,4661,1786588044814139
cross_stream,0,0,depth+color,-58,-59,4922,1786588044847521
cross_stream,0,0,depth+color,-58,-57,4551,1786588044880523
cross_stream,0,0,depth+color,-58,-58,5032,1786588044914117
cross_stream,0,0,depth+color,-58,-58,4838,1786588044947420
cross_stream,0,0,depth+color,-57,-58,4851,1786588044980843
cross_stream,0,0,depth+color,-57,-57,4881,1786588045014206
cross_stream,0,0,depth+color,-58,-58,4989,1786588045047607
cross_stream,0,0,depth+color,-58,-58,4796,1786588045080742
cross_stream,0,0,depth+color,-58,-58,38179,1786588045114125
cross_stream,0,0,depth+color,-58,-58,4982,1786588045147593
cross_stream,0,0,depth+color,-57,-56,5174,1786588045180868
cross_stream,0,0,depth+color,-57,-57,5196,1786588045214167
cross_stream,0,0,depth+color,-58,-58,4993,1786588045247410
cross_stream,0,0,depth+color,-57,-57,5141,1786588045281140
cross_stream,0,0,depth+color,-58,-58,5230,1786588045314175
cross_stream,0,0,depth+color,-58,-58,5269,1786588045347580
cross_stream,0,0,depth+color,-58,-58,5206,1786588045380892
cross_stream,0,0,depth+color,-58,-58,4856,1786588045414205
cross_stream,0,0,depth+color,-58,-58,5199,1786588045447492
cross_stream,0,0,depth+color,-58,-58,4869,1786588045480600
cross_stream,0,0,depth+color,-57,-57,5223,1786588045514164
cross_stream,0,0,depth+color,-58,-58,5229,1786588045547518
cross_stream,0,0,depth+color,-58,-58,38526,1786588045580815
cross_stream,0,0,depth+color,-58,-58,5239,1786588045614188
cross_stream,0,0,depth+color,-58,-58,5270,1786588045647542
cross_stream,0,0,depth+color,-58,-58,5137,1786588045680789
cross_stream,0,0,depth+color,-58,-59,5172,1786588045714162
cross_stream,0,0,depth+color,-58,-58,5180,1786588045747473
cross_stream,0,0,depth+color,-57,-57,5199,1786588045780809
cross_stream,0,0,depth+color,-57,-57,5243,1786588045814133
cross_stream,0,0,depth+color,-58,-58,5265,1786588045847485
cross_stream,0,0,depth+color,-57,-57,4931,1786588045880521
cross_stream,0,0,depth+color,-57,-57,38549,1786588045914139
cross_stream,0,0,depth+color,-58,-58,4706,1786588045947207
cross_stream,0,0,depth+color,-58,-58,4877,1786588045980828
cross_stream,0,0,depth+color,-57,-57,5042,1786588046014328
cross_stream,0,0,depth+color,-58,-58,5065,1786588046047356
cross_stream,0,0,depth+color,-58,-58,4852,1786588046080863
cross_stream,0,0,depth+color,-58,-58,4754,1786588046114198
cross_stream,0,0,depth+color,-58,-58,4866,1786588046147490
cross_stream,0,0,depth+color,-58,-58,4914,1786588046180631
cross_stream,0,0,depth+color,-57,-57,4755,1786588046214029
cross_stream,0,0,depth+color,-58,-58,4920,1786588046247227
cross_stream,0,0,depth+color,-58,-58,4793,1786588046280749
cross_stream,0,0,depth+color,-58,-58,4737,1786588046314011
cross_stream,0,0,depth+color,-58,-58,4801,1786588046347390
cross_stream,0,0,depth+color,-58,-58,5209,1786588046380844
cross_stream,0,0,depth+color,-57,-57,4743,1786588046414012
cross_stream,0,0,depth+color,-58,-58,5123,1786588046447446
cross_stream,0,0,depth+color,-58,-58,4791,1786588046480546
cross_stream,0,0,depth+color,-58,-58,4855,1786588046514060
cross_stream,0,0,depth+color,-57,-57,4597,1786588046547329
cross_stream,0,0,depth+color,-58,-57,4590,1786588046580673
cross_stream,0,0,depth+color,-58,-58,4841,1786588046614180
cross_stream,0,0,depth+color,-58,-58,4542,1786588046647343
cross_stream,0,0,depth+color,-58,-58,4583,1786588046680648
cross_stream,0,0,depth+color,-57,-57,4844,1786588046714227
cross_stream,0,0,depth+color,-58,-58,4874,1786588046747490
cross_stream,0,0,depth+color,-57,-57,5047,1786588046780712
cross_stream,0,0,depth+color,-58,-58,5323,1786588046814361
cross_stream,0,0,depth+color,-58,-58,4843,1786588046847365
cross_stream,0,0,depth+color,-58,-58,5118,1786588046880727
cross_stream,0,0,depth+color,-58,-58,5090,1786588046913964
cross_stream,0,0,depth+color,-58,-57,4939,1786588046947422
cross_stream,0,0,depth+color,-58,-58,4789,1786588046980721
cross_stream,0,0,depth+color,-58,-57,4758,1786588047014013
cross_stream,0,0,depth+color,-58,-58,4559,1786588047047265
cross_stream,0,0,depth+color,-57,-57,4867,1786588047080752
cross_stream,0,0,depth+color,-57,-57,4892,1786588047114152
cross_stream,0,0,depth+color,-58,-58,5339,1786588047147730
cross_stream,0,0,depth+color,-57,-57,4529,1786588047180685
cross_stream,0,0,depth+color,-57,-57,4701,1786588047214004
cross_stream,0,0,depth+color,-58,-58,5183,1786588047247654
cross_stream,0,0,depth+color,-58,-58,4850,1786588047280885
cross_stream,0,0,depth+color,-58,-58,4806,1786588047314232
cross_stream,0,0,depth+color,-57,-57,5163,1786588047347771
cross_stream,0,0,depth+color,-58,-59,4964,1786588047380897
cross_stream,0,0,depth+color,-58,-58,4781,1786588047414054
cross_stream,0,0,depth+color,-58,-59,4837,1786588047447427
cross_stream,0,0,depth+color,-58,-58,4910,1786588047480763
cross_stream,0,0,depth+color,-58,-58,5129,1786588047514514
cross_stream,0,0,depth+color,-58,-58,4903,1786588047547514
cross_stream,0,0,depth+color,-58,-58,4971,1786588047580945
cross_stream,0,0,depth+color,-58,-58,4771,1786588047614386
cross_stream,0,0,depth+color,-58,-58,4818,1786588047647364
cross_stream,0,0,depth+color,-58,-58,4891,1786588047680842
cross_stream,0,0,depth+color,-57,-57,4695,1786588047713986
cross_stream,0,0,depth+color,-57,-57,5020,1786588047747700
cross_stream,0,0,depth+color,-57,-57,4731,1786588047780939
cross_stream,0,0,depth+color,-58,-58,4764,1786588047814179
cross_stream,0,0,depth+color,-58,-58,4744,1786588047847432
cross_stream,0,0,depth+color,-57,-56,5047,1786588047880691
cross_stream,0,0,depth+color,-58,-58,4924,1786588047913899
cross_stream,0,0,depth+color,-58,-58,5009,1786588047947593
cross_stream,0,0,depth+color,-57,-57,5116,1786588047980883
cross_stream,0,0,depth+color,-58,-58,5121,1786588048014506
cross_stream,0,0,depth+color,-58,-58,4788,1786588048047417
cross_stream,0,0,depth+color,-58,-58,4845,1786588048080797
cross_stream,0,0,depth+color,-58,-58,4804,1786588048114104
cross_stream,0,0,depth+color,-57,-57,4607,1786588048147401
cross_stream,0,0,depth+color,-58,-58,4714,1786588048180744
cross_stream,0,0,depth+color,-57,-57,4784,1786588048214034
cross_stream,0,0,depth+color,-58,-58,4860,1786588048247450
cross_stream,0,0,depth+color,-58,-58,5044,1786588048280671
cross_stream,0,0,depth+color,-58,-57,4933,1786588048313954
cross_stream,0,0,depth+color,-57,-57,4640,1786588048347485
cross_stream,0,0,depth+color,-58,-59,4949,1786588048380942
cross_stream,0,0,depth+color,-58,-58,4669,1786588048414056
cross_stream,0,0,depth+color,-58,-58,4368,1786588048447367
cross_stream,0,0,depth+color,-58,-58,4858,1786588048480567
cross_stream,0,0,depth+color,-58,-58,4692,1786588048514013
cross_stream,0,0,depth+color,-57,-57,5065,1786588048547388
cross_stream,0,0,depth+color,-58,-58,4899,1786588048580799
cross_stream,0,0,depth+color,-57,-57,4788,1786588048614108
cross_stream,0,0,depth+color,-58,-58,4678,1786588048647354
cross_stream,0,0,depth+color,-58,-59,4971,1786588048680873
cross_stream,0,0,depth+color,-58,-58,4423,1786588048713997
cross_stream,0,0,depth+color,-57,-58,5131,1786588048747359
cross_stream,0,0,depth+color,-58,-58,4789,1786588048780729
cross_stream,0,0,depth+color,-58,-59,4722,1786588048814006
cross_stream,0,0,depth+color,-58,-58,4554,1786588048847431
cross_stream,0,0,depth+color,-58,-58,4633,1786588048880671
cross_stream,0,0,depth+color,-58,-58,4595,1786588048914141
cross_stream,0,0,depth+color,-58,-58,4880,1786588048947596
cross_stream,0,0,depth+color,-57,-57,4821,1786588048980660
cross_stream,0,0,depth+color,-58,-58,4721,1786588049013940
cross_stream,0,0,depth+color,-57,-57,4691,1786588049047313
cross_stream,0,0,depth+color,-58,-58,4960,1786588049080742
cross_stream,0,0,depth+color,-58,-58,4748,1786588049114115
cross_stream,0,0,depth+color,-58,-58,4915,1786588049147517
cross_stream,0,0,depth+color,-57,-58,4542,1786588049180661
cross_stream,0,0,depth+color,-58,-58,4727,1786588049214026
cross_stream,0,0,depth+color,-57,-58,5186,1786588049247576
cross_stream,0,0,depth+color,-58,-58,4581,1786588049280866
cross_stream,0,0,depth+color,-57,-57,4750,1786588049314187
cross_stream,0,0,depth+color,-58,-58,4775,1786588049347558
cross_stream,0,0,depth+color,-58,-58,4764,1786588049380858
cross_stream,0,0,depth+color,-58,-58,4861,1786588049414240
cross_stream,0,0,depth+color,-57,-57,4729,1786588049447514
cross_stream,0,0,depth+color,-58,-58,4374,1786588049480558
cross_stream,0,0,depth+color,-58,-58,4926,1786588049514173
cross_stream,0,0,depth+color,-58,-58,4718,1786588049547476
cross_stream,0,0,depth+color,-58,-58,4877,1786588049580767
cross_stream,0,0,depth+color,-58,-58,5029,1786588049614312
cross_stream,0,0,depth+color,-58,-58,4640,1786588049647419
cross_stream,0,0,depth+color,-57,-58,4816,1786588049680770
cross_stream,0,0,depth+color,-58,-58,5144,1786588049714430
cross_stream,0,0,depth+color,-58,-59,4280,1786588049747357
cross_stream,0,0,depth+color,-58,-58,4548,1786588049780712
cross_stream,0,0,depth+color,-58,-58,4801,1786588049814045
cross_stream,0,0,depth+color,-57,-57,4927,1786588049847539
cross_stream,0,0,depth+color,-58,-58,4598,1786588049880533
cross_stream,0,0,depth+color,-57,-57,4184,1786588049913996
cross_stream,0,0,depth+color,-58,-58,4756,1786588049947417
cross_stream,0,0,depth+color,-58,-58,4756,1786588049980749
cross_stream,0,0,depth+color,-57,-57,4873,1786588050013959
cross_stream,0,0,depth+color,-57,-58,5025,1786588050047404
cross_stream,0,0,depth+color,-58,-58,4755,1786588050080696
cross_stream,0,0,depth+color,-58,-57,4727,1786588050114016
cross_stream,0,0,depth+color,-58,-58,4756,1786588050147367
cross_stream,0,0,depth+color,-58,-57,4763,1786588050180703
cross_stream,0,0,depth+color,-58,-58,4961,1786588050214256
cross_stream,0,0,depth+color,-58,-58,4932,1786588050247325
cross_stream,0,0,depth+color,-58,-58,4815,1786588050280762
cross_stream,0,0,depth+color,-57,-57,4728,1786588050314065
cross_stream,0,0,depth+color,-58,-58,4674,1786588050347429
cross_stream,0,0,depth+color,-58,-58,4609,1786588050380713
cross_stream,0,0,depth+color,-57,-57,4622,1786588050413991
cross_stream,0,0,depth+color,-58,-58,4741,1786588050447357
cross_stream,0,0,depth+color,-58,-58,4996,1786588050480764
cross_stream,0,0,depth+color,-57,-57,5073,1786588050514001
cross_stream,0,0,depth+color,-58,-58,4952,1786588050547476
cross_stream,0,0,depth+color,-58,-58,4950,1786588050580714
cross_stream,0,0,depth+color,-58,-59,5217,1786588050614595
cross_stream,0,0,depth+color,-58,-58,4760,1786588050647409
cross_stream,0,0,depth+color,-58,-58,4882,1786588050680803
cross_stream,0,0,depth+color,-58,-58,4836,1786588050714248
cross_stream,0,0,depth+color,-57,-57,4657,1786588050747436
cross_stream,0,0,depth+color,-58,-58,4823,1786588050780750
cross_stream,0,0,depth+color,-58,-58,4797,1786588050814094
cross_stream,0,0,depth+color,-58,-58,4664,1786588050847396
cross_stream,0,0,depth+color,-58,-58,4610,1786588050880699
cross_stream,0,0,depth+color,-58,-59,4807,1786588050914072
cross_stream,0,0,depth+color,-58,-58,4626,1786588050947362
cross_stream,0,0,depth+color,-58,-58,4662,1786588050980739
cross_stream,0,0,depth+color,-57,-57,4610,1786588051013905
cross_stream,0,0,depth+color,-58,-59,5103,1786588051047712
cross_stream,0,0,depth+color,-58,-58,4617,1786588051080695
cross_stream,0,0,depth+color,-57,-57,4883,1786588051114261
cross_stream,0,0,depth+color,-58,-58,4825,1786588051147611
cross_stream,0,0,depth+color,-57,-57,4470,1786588051180681
cross_stream,0,0,depth+color,-58,-58,4582,1786588051214000
cross_stream,0,0,depth+color,-58,-58,4729,1786588051247511
cross_stream,0,0,depth+color,-58,-58,4768,1786588051280566
cross_stream,0,0,depth+color,-58,-58,4957,1786588051314186
cross_stream,0,0,depth+color,-58,-58,4720,1786588051347552
cross_stream,0,0,depth+color,-57,-57,4940,1786588051380913
cross_stream,0,0,depth+color,-58,-58,4385,1786588051413970
cross_stream,0,0,depth+color,-58,-58,4726,1786588051447324
cross_stream,0,0,depth+color,-58,-58,5263,1786588051480930
cross_stream,0,0,depth+color,-58,-58,5011,1786588051514014
cross_stream,0,0,depth+color,-58,-57,5218,1786588051547917
cross_stream,0,0,depth+color,-58,-58,5158,1786588051580951
cross_stream,0,0,depth+color,-57,-57,4772,1786588051613991
cross_stream,0,0,depth+color,-58,-58,4647,1786588051647609
cross_stream,0,0,depth+color,-57,-57,4649,1786588051680761
cross_stream,0,0,depth+color,-58,-58,4673,1786588051714048
cross_stream,0,0,depth+color,-58,-58,38312,1786588051747687
cross_stream,0,0,depth+color,-57,-58,4762,1786588051780806
cross_stream,0,0,depth+color,-57,-57,4445,1786588051814044
cross_stream,0,0,depth+color,-58,-58,4506,1786588051847427
cross_stream,0,0,depth+color,-58,-58,4403,1786588051880729
cross_stream,0,0,depth+color,-57,-58,4698,1786588051913986
cross_stream,0,0,depth+color,-57,-57,4754,1786588051947492
cross_stream,0,0,depth+color,-58,-57,4524,1786588051980815
cross_stream,0,0,depth+color,-57,-57,4637,1786588052014031
cross_stream,0,0,depth+color,-58,-58,4572,1786588052047191
cross_stream,0,0,depth+color,-58,-58,5107,1786588052080779
cross_stream,0,0,depth+color,-57,-57,4906,1786588052114104
cross_stream,0,0,depth+color,-58,-58,4654,1786588052147415
cross_stream,0,0,depth+color,-58,-58,4800,1786588052180719
cross_stream,0,0,depth+color,-58,-57,4587,1786588052213996
cross_stream,0,0,depth+color,-58,-58,4965,1786588052247386
cross_stream,0,0,depth+color,-58,-57,4491,1786588052280804
cross_stream,0,0,depth+color,-58,-58,4609,1786588052313984
cross_stream,0,0,depth+color,-58,-59,4728,1786588052347341
cross_stream,0,0,depth+color,-58,-58,4947,1786588052380853
cross_stream,0,0,depth+color,-58,-58,4734,1786588052414010
cross_stream,0,0,depth+color,-58,-58,4912,1786588052447534
cross_stream,0,0,depth+color,-58,-58,4558,1786588052480616
cross_stream,0,0,depth+color,-58,-58,4817,1786588052513823
cross_stream,0,0,depth+color,-58,-58,4917,1786588052547491
cross_stream,0,0,depth+color,-57,-57,4912,1786588052580455
cross_stream,0,0,depth+color,-58,-58,4612,1786588052614024
cross_stream,0,0,depth+color,-57,-57,4593,1786588052647483
cross_stream,0,0,depth+color,-58,-58,4639,1786588052680669
cross_stream,0,0,depth+color,-58,-58,4662,1786588052714067
cross_stream,0,0,depth+color,-57,-57,4634,1786588052747389
cross_stream,0,0,depth+color,-58,-58,4832,1786588052780749
cross_stream,0,0,depth+color,-57,-57,4470,1786588052814007
cross_stream,0,0,depth+color,-58,-59,4786,1786588052847522
cross_stream,0,0,depth+color,-58,-58,4416,1786588052880488
cross_stream,0,0,depth+color,-57,-57,4531,1786588052913866
cross_stream,0,0,depth+color,-58,-58,4869,1786588052947438
cross_stream,0,0,depth+color,-58,-58,4695,1786588052980804
cross_stream,0,0,depth+color,-58,-58,4753,1786588053014023
cross_stream,0,0,depth+color,-58,-58,4940,1786588053047518
cross_stream,0,0,depth+color,-58,-58,4805,1786588053080775
cross_stream,0,0,depth+color,-57,-57,4798,1786588053114014
cross_stream,0,0,depth+color,-58,-58,4968,1786588053147371
cross_stream,0,0,depth+color,-57,-57,4523,1786588053180628
cross_stream,0,0,depth+color,-58,-59,4534,1786588053213800
cross_stream,0,0,depth+color,-58,-58,4837,1786588053247443
cross_stream,0,0,depth+color,-58,-58,4542,1786588053280488
cross_stream,0,0,depth+color,-58,-58,4551,1786588053313810
cross_stream,0,0,depth+color,-58,-58,4770,1786588053347141
cross_stream,0,0,depth+color,-58,-58,4533,1786588053380513
cross_stream,0,0,depth+color,-58,-58,4625,1786588053413851
cross_stream,0,0,depth+color,-57,-57,4556,1786588053447163
cross_stream,0,0,depth+color,-58,-58,4855,1786588053480482
cross_stream,0,0,depth+color,-58,-58,4878,1786588053513799
cross_stream,0,0,depth+color,-58,-58,4471,1786588053547093
cross_stream,0,0,depth+color,-57,-58,4686,1786588053580648
cross_stream,0,0,depth+color,-58,-58,5041,1786588053614086
cross_stream,0,0,depth+color,-57,-57,4693,1786588053647273
cross_stream,0,0,depth+color,-58,-58,4527,1786588053680736
cross_stream,0,0,depth+color,-58,-57,4392,1786588053713801
cross_stream,0,0,depth+color,-58,-58,4881,1786588053747300
cross_stream,0,0,depth+color,-58,-59,4590,1786588053780725
cross_stream,0,0,depth+color,-58,-58,4529,1786588053813749
cross_stream,0,0,depth+color,-58,-58,4693,1786588053847336
cross_stream,0,0,depth+color,-58,-58,4690,1786588053880404
cross_stream,0,0,depth+color,-58,-58,4468,1786588053913757
cross_stream,0,0,depth+color,-57,-57,4397,1786588053947135
cross_stream,0,0,depth+color,-58,-58,4380,1786588053980483
cross_stream,0,0,depth+color,-58,-58,4769,1786588054014078
cross_stream,0,0,depth+color,-57,-57,4687,1786588054047164
cross_stream,0,0,depth+color,-58,-59,4567,1786588054080543
cross_stream,0,0,depth+color,-58,-58,4555,1786588054113815
cross_stream,0,0,depth+color,-58,-58,4621,1786588054147283
cross_stream,0,0,depth+color,-58,-58,4534,1786588054180489
cross_stream,0,0,depth+color,-57,-56,4222,1786588054213787
cross_stream,0,0,depth+color,-57,-57,5109,1786588054247566
cross_stream,0,0,depth+color,-58,-58,4557,1786588054280499
cross_stream,0,0,depth+color,-58,-58,4351,1786588054313830
cross_stream,0,0,depth+color,-57,-57,4564,1786588054347163
cross_stream,0,0,depth+color,-58,-58,4546,1786588054380511
cross_stream,0,0,depth+color,-57,-57,4781,1786588054413787
cross_stream,0,0,depth+color,-57,-56,4866,1786588054447171
cross_stream,0,0,depth+color,-58,-58,4856,1786588054480484
cross_stream,0,0,depth+color,-58,-58,5627,1786588054514573
cross_stream,0,0,depth+color,-58,-58,4952,1786588054547457
cross_stream,0,0,depth+color,-58,-57,5061,1786588054580746
cross_stream,0,0,depth+color,-58,-58,4977,1786588054613895
cross_stream,0,0,depth+color,-58,-59,5165,1786588054647592
cross_stream,0,0,depth+color,-58,-58,5035,1786588054680685
cross_stream,0,0,depth+color,-57,-57,4404,1786588054713878
cross_stream,0,0,depth+color,-57,-57,4751,1786588054747503
cross_stream,0,0,depth+color,-57,-57,4688,1786588054780358
cross_stream,0,0,depth+color,-58,-58,5112,1786588054814073
cross_stream,0,0,depth+color,-58,-58,4903,1786588054847368
cross_stream,0,0,depth+color,-57,-57,4977,1786588054880709
cross_stream,0,0,depth+color,-57,-57,4458,1786588054913922
cross_stream,0,0,depth+color,-57,-57,5255,1786588054947558
cross_stream,0,0,depth+color,-58,-58,5107,1786588054980724
cross_stream,0,0,depth+color,-58,-58,4983,1786588055014226
cross_stream,0,0,depth+color,-57,-57,4884,1786588055047160
cross_stream,0,0,depth+color,-58,-57,5075,1786588055080690
cross_stream,0,0,depth+color,-58,-58,5199,1786588055114525
cross_stream,0,0,depth+color,-58,-58,4862,1786588055147482
cross_stream,0,0,depth+color,-58,-58,4547,1786588055180509
cross_stream,0,0,depth+color,-58,-58,4180,1786588055213850
cross_stream,0,0,depth+color,-58,-58,5062,1786588055247846
cross_stream,0,0,depth+color,-58,-58,5146,1786588055280742
cross_stream,0,0,depth+color,-58,-58,4603,1786588055313997
cross_stream,0,0,depth+color,-58,-58,4764,1786588055347326
cross_stream,0,0,depth+color,-58,-58,4721,1786588055380654
cross_stream,0,0,depth+color,-58,-58,4760,1786588055413989
cross_stream,0,0,depth+color,-58,-58,4541,1786588055447369
cross_stream,0,0,depth+color,-57,-57,4787,1786588055480691
cross_stream,0,0,depth+color,-58,-58,4822,1786588055513928
cross_stream,0,0,depth+color,-58,-58,3985,1786588055547040
cross_stream,0,0,depth+color,-58,-57,4679,1786588055580646
cross_stream,0,0,depth+color,-58,-58,4800,1786588055613809
cross_stream,0,0,depth+color,-58,-58,5291,1786588055647662
cross_stream,0,0,depth+color,-58,-58,4370,1786588055680578
cross_stream,0,0,depth+color,-58,-58,4669,1786588055714019
cross_stream,0,0,depth+color,-58,-58,4742,1786588055747314
cross_stream,0,0,depth+color,-57,-57,4796,1786588055780546
cross_stream,0,0,depth+color,-58,-58,4775,1786588055814020
cross_stream,0,0,depth+color,-58,-58,4766,1786588055847349
cross_stream,0,0,depth+color,-58,-57,5048,1786588055880674
cross_stream,0,0,depth+color,-58,-58,4330,1786588055913756
cross_stream,0,0,depth+color,-58,-58,4741,1786588055947449
cross_stream,0,0,depth+color,-58,-58,4798,1786588055980512
cross_stream,0,0,depth+color,-58,-58,4982,1786588056014062
cross_stream,0,0,depth+color,-58,-58,4677,1786588056047371
cross_stream,0,0,depth+color,-57,-57,4987,1786588056080675
cross_stream,0,0,depth+color,-58,-58,4825,1786588056113944
cross_stream,0,0,depth+color,-57,-57,4457,1786588056146996
cross_stream,0,0,depth+color,-58,-58,5228,1786588056180893
cross_stream,0,0,depth+color,-57,-57,4569,1786588056213763
cross_stream,0,0,depth+color,-58,-57,4827,1786588056247193
cross_stream,0,0,depth+color,-58,-58,4806,1786588056280855
cross_stream,0,0,depth+color,-58,-58,4673,1786588056313952
cross_stream,0,0,depth+color,-58,-58,4099,1786588056347097
cross_stream,0,0,depth+color,-58,-58,5089,1786588056380915
cross_stream,0,0,depth+color,-57,-57,5143,1786588056414153
cross_stream,0,0,depth+color,-58,-58,4533,1786588056447361
cross_stream,0,0,depth+color,-58,-58,4797,1786588056480471
cross_stream,0,0,depth+color,-58,-58,5062,1786588056514236
cross_stream,0,0,depth+color,-58,-58,4817,1786588056547433
cross_stream,0,0,depth+color,-57,-57,4734,1786588056580493
cross_stream,0,0,depth+color,-58,-58,5010,1786588056614178
cross_stream,0,0,depth+color,-58,-58,4807,1786588056647294
cross_stream,0,0,depth+color,-58,-58,4714,1786588056680665
cross_stream,0,0,depth+color,-58,-58,4568,1786588056713992
cross_stream,0,0,depth+color,-58,-58,4438,1786588056747188
cross_stream,0,0,depth+color,-57,-57,4400,1786588056780733
cross_stream,0,0,depth+color,-58,-58,5134,1786588056814199
cross_stream,0,0,depth+color,-57,-57,4947,1786588056847519
cross_stream,0,0,depth+color,-57,-57,4585,1786588056880677
cross_stream,0,0,depth+color,-58,-58,4583,1786588056913987
cross_stream,0,0,depth+color,-58,-58,4917,1786588056947356
cross_stream,0,0,depth+color,-58,-58,4401,1786588056980578
cross_stream,0,0,depth+color,-58,-58,4624,1786588057014204
cross_stream,0,0,depth+color,-57,-58,4823,1786588057047548
cross_stream,0,0,depth+color,-58,-58,4513,1786588057080643
cross_stream,0,0,depth+color,-57,-57,4415,1786588057114021
cross_stream,0,0,depth+color,-58,-59,4586,1786588057147336
cross_stream,0,0,depth+color,-58,-58,4578,1786588057180483
cross_stream,0,0,depth+color,-58,-58,4627,1786588057214206
cross_stream,0,0,depth+color,-58,-58,4922,1786588057247713
cross_stream,0,0,depth+color,-58,-58,4858,1786588057280779
cross_stream,0,0,depth+color,-58,-58,5085,1786588057314055
cross_stream,0,0,depth+color,-58,-58,4134,1786588057347133
cross_stream,0,0,depth+color,-58,-58,5127,1786588057380854
cross_stream,0,0,depth+color,-58,-58,4696,1786588057414182
cross_stream,0,0,depth+color,-57,-57,5154,1786588057447503
cross_stream,0,0,depth+color,-58,-58,4688,1786588057480716
cross_stream,0,0,depth+color,-58,-58,4862,1786588057514099
cross_stream,0,0,depth+color,-58,-58,4419,1786588057547116
cross_stream,0,0,depth+color,-58,-58,4481,1786588057580686
cross_stream,0,0,depth+color,-57,-56,4362,1786588057614030
cross_stream,0,0,depth+color,-57,-57,4156,1786588057647091
cross_stream,0,0,depth+color,-58,-58,4092,1786588057680684
cross_stream,0,0,depth+color,-58,-58,4536,1786588057713834
cross_stream,0,0,depth+color,-58,-58,4667,1786588057747030
cross_stream,0,0,depth+color,-57,-57,4575,1786588057780377
cross_stream,0,0,depth+color,-58,-58,4741,1786588057814020
cross_stream,0,0,depth+color,-58,-58,4363,1786588057847021
cross_stream,0,0,depth+color,-58,-58,4691,1786588057880585
cross_stream,0,0,depth+color,-58,-58,4565,1786588057913887
cross_stream,0,0,depth+color,-57,-57,5347,1786588057947512
cross_stream,0,0,depth+color,-58,-58,4227,1786588057980556
cross_stream,0,0,depth+color,-57,-57,4524,1786588058014035
cross_stream,0,0,depth+color,-58,-58,4719,1786588058047478
cross_stream,0,0,depth+color,-58,-58,4937,1786588058080703
cross_stream,0,0,depth+color,-57,-57,5166,1786588058114104
cross_stream,0,0,depth+color,-58,-58,4914,1786588058147421
cross_stream,0,0,depth+color,-58,-58,4855,1786588058180445
cross_stream,0,0,depth+color,-58,-58,5030,1786588058214078
cross_stream,0,0,depth+color,-58,-58,4933,1786588058247133
cross_stream,0,0,depth+color,-57,-57,4603,1786588058280873
cross_stream,0,0,depth+color,-58,-58,4684,1786588058314036
cross_stream,0,0,depth+color,-58,-58,4790,1786588058347646
cross_stream,0,0,depth+color,-58,-58,4819,1786588058380690
cross_stream,0,0,depth+color,-58,-58,4579,1786588058414052
cross_stream,0,0,depth+color,-58,-58,4920,1786588058447579
cross_stream,0,0,depth+color,-57,-57,4510,1786588058480715
cross_stream,0,0,depth+color,-58,-58,4683,1786588058514326
cross_stream,0,0,depth+color,-58,-58,4939,1786588058547414
cross_stream,0,0,depth+color,-58,-58,4439,1786588058580654
cross_stream,0,0,depth+color,-57,-57,4999,1786588058614247
cross_stream,0,0,depth+color,-58,-58,5096,1786588058647512
cross_stream,0,0,depth+color,-58,-58,38134,1786588058680550
cross_stream,0,0,depth+color,-58,-58,4921,1786588058713857
cross_stream,0,0,depth+color,-58,-58,5055,1786588058747402
cross_stream,0,0,depth+color,-58,-58,38522,1786588058780869
cross_stream,0,0,depth+color,-57,-57,4359,1786588058847103
cross_stream,0,0,depth+color,-57,-57,37802,1786588058880546
cross_stream,0,0,depth+color,-58,-58,4961,1786588058914033
cross_stream,0,0,depth+color,-58,-58,4553,1786588058947317
cross_stream,0,0,depth+color,-58,-58,5044,1786588058980684
cross_stream,0,0,depth+color,-58,-57,5011,1786588059014004
cross_stream,0,0,depth+color,-58,-58,4941,1786588059047214
cross_stream,0,0,depth+color,-58,-58,4863,1786588059080937
cross_stream,0,0,depth+color,-57,-57,4866,1786588059114039
cross_stream,0,0,depth+color,-57,-57,5381,1786588059147725
cross_stream,0,0,depth+color,-57,-57,38208,1786588059180552
cross_stream,0,0,depth+color,-57,-57,4637,1786588059213756
cross_stream,0,0,depth+color,-57,-57,4389,1786588059247500
cross_stream,0,0,depth+color,-58,-58,4247,1786588059280428
cross_stream,0,0,depth+color,-58,-58,4161,1786588059313790
cross_stream,0,0,depth+color,-57,-58,4282,1786588059347122
cross_stream,0,0,depth+color,-58,-58,4457,1786588059380389
cross_stream,0,0,depth+color,-57,-57,4563,1786588059414014
cross_stream,0,0,depth+color,-58,-58,5187,1786588059447700
cross_stream,0,0,depth+color,-58,-59,4566,1786588059480725
cross_stream,0,0,depth+color,-58,-58,4562,1786588059513891
cross_stream,0,0,depth+color,-58,-58,4595,1786588059547098
cross_stream,0,0,depth+color,-58,-58,5257,1786588059581040
cross_stream,0,0,depth+color,-57,-57,4725,1786588059613873
cross_stream,0,0,depth+color,-58,-58,4600,1786588059647109
cross_stream,0,0,depth+color,-57,-57,4854,1786588059680605
cross_stream,0,0,depth+color,-57,-57,38033,1786588059713784
cross_stream,0,0,depth+color,-58,-58,5032,1786588059747537
cross_stream,0,0,depth+color,-57,-57,4767,1786588059780838
cross_stream,0,0,depth+color,-57,-56,4774,1786588059813928
cross_stream,0,0,depth+color,-57,-57,4999,1786588059847310
cross_stream,0,0,depth+color,-58,-58,4464,1786588059880455
cross_stream,0,0,depth+color,-58,-58,4490,1786588059913774
cross_stream,0,0,depth+color,-57,-57,4746,1786588059980440
cross_stream,0,0,depth+color,-57,-57,4255,1786588060013791
cross_stream,0,0,depth+color,-58,-58,4475,1786588060047141
cross_stream,0,0,depth+color,-58,-58,37828,1786588060080494
cross_stream,0,0,depth+color,-58,-58,4349,1786588060113791
cross_stream,0,0,depth+color,-58,-59,4874,1786588060147272
cross_stream,0,0,depth+color,-58,-58,4491,1786588060180439
cross_stream,0,0,depth+color,-58,-58,4822,1786588060247302
cross_stream,0,0,depth+color,-58,-58,4530,1786588060280556
cross_stream,0,0,depth+color,-58,-58,5194,1786588060314266
cross_stream,0,0,depth+color,-58,-58,4818,1786588060347205
cross_stream,0,0,depth+color,-58,-57,4810,1786588060380441
cross_stream,0,0,depth+color,-58,-58,4598,1786588060413959
cross_stream,0,0,depth+color,-58,-58,4918,1786588060447292
cross_stream,0,0,depth+color,-58,-58,4690,1786588060480465
cross_stream,0,0,depth+color,-57,-56,4805,1786588060513942
cross_stream,0,0,depth+color,-58,-58,5030,1786588060547409
cross_stream,0,0,depth+color,-58,-58,4892,1786588060580649
cross_stream,0,0,depth+color,-58,-59,4857,1786588060613844
cross_stream,0,0,depth+color,-58,-58,4878,1786588060647461
cross_stream,0,0,depth+color,-58,-58,4719,1786588060680607
cross_stream,0,0,depth+color,-58,-58,4771,1786588060713667
cross_stream,0,0,depth+color,-57,-57,4655,1786588060747710
cross_stream,0,0,depth+color,-58,-58,4845,1786588060780791
cross_stream,0,0,depth+color,-57,-57,4947,1786588060813941
cross_stream,0,0,depth+color,-58,-58,5006,1786588060847505
cross_stream,0,0,depth+color,-58,-58,5147,1786588060880725
cross_stream,0,0,depth+color,-58,-58,4715,1786588060913729
cross_stream,0,0,depth+color,-58,-58,5045,1786588060947245
cross_stream,0,0,depth+color,-58,-58,4741,1786588060980317
cross_stream,0,0,depth+color,-57,-57,4902,1786588061014206
cross_stream,1,1,depth+color,-58,-59,4680,1786588039280585
cross_stream,1,1,depth+color,-58,-58,4860,1786588039314098
cross_stream,1,1,depth+color,-58,-58,4723,1786588039347361
cross_stream,1,1,depth+color,-58,-58,4691,1786588039380555
cross_stream,1,1,depth+color,-58,-58,5029,1786588039414212
cross_stream,1,1,depth+color,-58,-58,4776,1786588039447348
cross_stream,1,1,depth+color,-58,-58,4731,1786588039480709
cross_stream,1,1,depth+color,-58,-59,4829,1786588039514210
cross_stream,1,1,depth+color,-58,-58,4972,1786588039547491
cross_stream,1,1,depth+color,-57,-57,4666,1786588039580675
cross_stream,1,1,depth+color,-58,-58,4651,1786588039614016
cross_stream,1,1,depth+color,-58,-58,5091,1786588039647532
cross_stream,1,1,depth+color,-58,-58,4538,1786588039680448
cross_stream,1,1,depth+color,-58,-58,4365,1786588039713762
cross_stream,1,1,depth+color,-57,-56,4706,1786588039780703
cross_stream,1,1,depth+color,-58,-58,5033,1786588039813961
cross_stream,1,1,depth+color,-58,-58,4576,1786588039847169
cross_stream,1,1,depth+color,-58,-58,4480,1786588039880398
cross_stream,1,1,depth+color,-58,-58,4744,1786588039914140
cross_stream,1,1,depth+color,-58,-58,4850,1786588039947559
cross_stream,1,1,depth+color,-57,-57,4303,1786588039980385
cross_stream,1,1,depth+color,-58,-58,4428,1786588040013729
cross_stream,1,1,depth+color,-58,-58,4279,1786588040047087
cross_stream,1,1,depth+color,-57,-57,4536,1786588040080516
cross_stream,1,1,depth+color,-58,-58,4983,1786588040114178
cross_stream,1,1,depth+color,-57,-56,4081,1786588040147157
cross_stream,1,1,depth+color,-58,-58,4977,1786588040180693
cross_stream,1,1,depth+color,-58,-58,4411,1786588040213725
cross_stream,1,1,depth+color,-58,-58,4778,1786588040247504
cross_stream,1,1,depth+color,-58,-58,4525,1786588040280399
cross_stream,1,1,depth+color,-58,-58,4562,1786588040313790
cross_stream,1,1,depth+color,-58,-58,4367,1786588040347064
cross_stream,1,1,depth+color,-58,-58,4102,1786588040380399
cross_stream,1,1,depth+color,-57,-57,4179,1786588040413735
cross_stream,1,1,depth+color,-58,-58,4326,1786588040447090
cross_stream,1,1,depth+color,-57,-57,4772,1786588040480668
cross_stream,1,1,depth+color,-57,-58,4733,1786588040514079
cross_stream,1,1,depth+color,-58,-58,6014,1786588040548574
cross_stream,1,1,depth+color,-57,-57,4514,1786588040580370
cross_stream,1,1,depth+color,-58,-58,4019,1786588040647048
cross_stream,1,1,depth+color,-58,-58,4487,1786588040680420
cross_stream,1,1,depth+color,-57,-57,4602,1786588040713729
cross_stream,1,1,depth+color,-58,-58,4743,1786588040747349
cross_stream,1,1,depth+color,-58,-58,4756,1786588040780414
cross_stream,1,1,depth+color,-58,-58,4922,1786588040814180
cross_stream,1,1,depth+color,-57,-57,4369,1786588040847094
cross_stream,1,1,depth+color,-58,-58,4686,1786588040880678
cross_stream,1,1,depth+color,-58,-58,4771,1786588040913816
cross_stream,1,1,depth+color,-58,-58,4497,1786588040947092
cross_stream,1,1,depth+color,-57,-57,4832,1786588040980489
cross_stream,1,1,depth+color,-58,-58,4646,1786588041013746
cross_stream,1,1,depth+color,-58,-58,4821,1786588041047384
cross_stream,1,1,depth+color,-57,-57,4745,1786588041080392
cross_stream,1,1,depth+color,-57,-57,4777,1786588041113731
cross_stream,1,1,depth+color,-58,-58,4795,1786588041147075
cross_stream,1,1,depth+color,-58,-58,4712,1786588041180390
cross_stream,1,1,depth+color,-58,-58,4918,1786588041213768
cross_stream,1,1,depth+color,-58,-57,4862,1786588041247276
cross_stream,1,1,depth+color,-58,-58,4775,1786588041280438
cross_stream,1,1,depth+color,-57,-57,4848,1786588041313954
cross_stream,1,1,depth+color,-57,-57,4602,1786588041347191
cross_stream,1,1,depth+color,-57,-57,4881,1786588041380432
cross_stream,1,1,depth+color,-57,-56,4794,1786588041413723
cross_stream,1,1,depth+color,-58,-58,4862,1786588041447120
cross_stream,1,1,depth+color,-58,-57,4777,1786588041480457
cross_stream,1,1,depth+color,-57,-57,4809,1786588041513735
cross_stream,1,1,depth+color,-58,-58,4797,1786588041547082
cross_stream,1,1,depth+color,-57,-57,4740,1786588041580347
cross_stream,1,1,depth+color,-58,-57,4852,1786588041613769
cross_stream,1,1,depth+color,-58,-58,4791,1786588041647083
cross_stream,1,1,depth+color,-58,-58,4766,1786588041680397
cross_stream,1,1,depth+color,-58,-57,4885,1786588041713993
cross_stream,1,1,depth+color,-57,-57,4852,1786588041747471
cross_stream,1,1,depth+color,-57,-57,4743,1786588041780368
cross_stream,1,1,depth+color,-58,-57,4880,1786588041813902
cross_stream,1,1,depth+color,-58,-58,4626,1786588041847097
cross_stream,1,1,depth+color,-58,-57,4935,1786588041880863
cross_stream,1,1,depth+color,-58,-58,4527,1786588041913757
cross_stream,1,1,depth+color,-58,-58,4544,1786588041947033
cross_stream,1,1,depth+color,-58,-58,4369,1786588041980443
cross_stream,1,1,depth+color,-58,-58,4674,1786588042013873
cross_stream,1,1,depth+color,-58,-58,4793,1786588042047548
cross_stream,1,1,depth+color,-57,-57,4745,1786588042080852
cross_stream,1,1,depth+color,-57,-57,4445,1786588042113708
cross_stream,1,1,depth+color,-58,-57,4392,1786588042147023
cross_stream,1,1,depth+color,-58,-58,4472,1786588042180393
cross_stream,1,1,depth+color,-58,-58,4558,1786588042213763
cross_stream,1,1,depth+color,-58,-59,5537,1786588042248007
cross_stream,1,1,depth+color,-58,-58,4497,1786588042280369
cross_stream,1,1,depth+color,-57,-56,4891,1786588042314177
cross_stream,1,1,depth+color,-57,-57,4558,1786588042347141
cross_stream,1,1,depth+color,-57,-57,4501,1786588042380407
cross_stream,1,1,depth+color,-58,-59,4479,1786588042413759
cross_stream,1,1,depth+color,-58,-58,4337,1786588042447093
cross_stream,1,1,depth+color,-58,-58,4744,1786588042480506
cross_stream,1,1,depth+color,-57,-57,4804,1786588042513687
cross_stream,1,1,depth+color,-57,-57,4958,1786588042547567
cross_stream,1,1,depth+color,-58,-59,4814,1786588042580416
cross_stream,1,1,depth+color,-58,-58,4889,1786588042614254
cross_stream,1,1,depth+color,-58,-58,4489,1786588042647064
cross_stream,1,1,depth+color,-58,-58,4518,1786588042680413
cross_stream,1,1,depth+color,-58,-57,4424,1786588042713739
cross_stream,1,1,depth+color,-57,-57,4537,1786588042747100
cross_stream,1,1,depth+color,-58,-57,4301,1786588042780413
cross_stream,1,1,depth+color,-58,-58,4483,1786588042813771
cross_stream,1,1,depth+color,-58,-58,4741,1786588042847299
cross_stream,1,1,depth+color,-58,-58,5049,1786588042881010
cross_stream,1,1,depth+color,-57,-57,4677,1786588042914004
cross_stream,1,1,depth+color,-58,-58,4396,1786588042947194
cross_stream,1,1,depth+color,-57,-57,5100,1786588042981209
cross_stream,1,1,depth+color,-57,-57,4456,1786588043013864
cross_stream,1,1,depth+color,-58,-58,4844,1786588043047633
cross_stream,1,1,depth+color,-58,-58,5214,1786588043080844
cross_stream,1,1,depth+color,-57,-57,4702,1786588043114011
cross_stream,1,1,depth+color,-58,-58,5099,1786588043147382
cross_stream,1,1,depth+color,-57,-57,4726,1786588043180673
cross_stream,1,1,depth+color,-57,-56,4515,1786588043213759
cross_stream,1,1,depth+color,-58,-58,5103,1786588043247469
cross_stream,1,1,depth+color,-58,-59,4701,1786588043280669
cross_stream,1,1,depth+color,-58,-58,4772,1786588043314176
cross_stream,1,1,depth+color,-57,-57,4420,1786588043347223
cross_stream,1,1,depth+color,-58,-58,4804,1786588043380369
cross_stream,1,1,depth+color,-58,-58,4832,1786588043414013
cross_stream,1,1,depth+color,-58,-58,5153,1786588043447456
cross_stream,1,1,depth+color,-57,-57,4765,1786588043480682
cross_stream,1,1,depth+color,-58,-58,4771,1786588043514032
cross_stream,1,1,depth+color,-58,-58,4710,1786588043547160
cross_stream,1,1,depth+color,-57,-57,4969,1786588043580729
cross_stream,1,1,depth+color,-58,-58,5267,1786588043614234
cross_stream,1,1,depth+color,-58,-58,5045,1786588043647344
cross_stream,1,1,depth+color,-57,-57,5225,1786588043680880
cross_stream,1,1,depth+color,-58,-58,4876,1786588043713836
cross_stream,1,1,depth+color,-58,-58,4636,1786588043747295
cross_stream,1,1,depth+color,-58,-58,4613,1786588043780692
cross_stream,1,1,depth+color,-57,-57,4607,1786588043814022
cross_stream,1,1,depth+color,-58,-58,4706,1786588043847345
cross_stream,1,1,depth+color,-58,-58,4724,1786588043880659
cross_stream,1,1,depth+color,-58,-58,4721,1786588043913899
cross_stream,1,1,depth+color,-58,-58,4634,1786588043947354
cross_stream,1,1,depth+color,-58,-58,4132,1786588043980650
cross_stream,1,1,depth+color,-57,-57,4666,1786588044014024
cross_stream,1,1,depth+color,-58,-58,4510,1786588044047437
cross_stream,1,1,depth+color,-57,-57,4603,1786588044080702
cross_stream,1,1,depth+color,-57,-58,4565,1786588044114013
cross_stream,1,1,depth+color,-58,-58,4630,1786588044147341
cross_stream,1,1,depth+color,-58,-58,4654,1786588044180565
cross_stream,1,1,depth+color,-57,-57,4806,1786588044214035
cross_stream,1,1,depth+color,-58,-58,5176,1786588044247603
cross_stream,1,1,depth+color,-58,-58,4577,1786588044280846
cross_stream,1,1,depth+color,-58,-58,4434,1786588044313832
cross_stream,1,1,depth+color,-58,-58,4645,1786588044347390
cross_stream,1,1,depth+color,-58,-58,4423,1786588044380317
cross_stream,1,1,depth+color,-58,-58,4923,1786588044414162
cross_stream,1,1,depth+color,-57,-56,4778,1786588044447368
cross_stream,1,1,depth+color,-57,-57,4468,1786588044480502
cross_stream,1,1,depth+color,-58,-58,4589,1786588044514032
cross_stream,1,1,depth+color,-57,-57,4494,1786588044547245
cross_stream,1,1,depth+color,-58,-58,5195,1786588044580738
cross_stream,1,1,depth+color,-58,-58,4745,1786588044614218
cross_stream,1,1,depth+color,-57,-57,4593,1786588044647341
cross_stream,1,1,depth+color,-58,-58,4910,1786588044680683
cross_stream,1,1,depth+color,-58,-58,4820,1786588044714006
cross_stream,1,1,depth+color,-57,-57,4711,1786588044747327
cross_stream,1,1,depth+color,-58,-58,4721,1786588044780371
cross_stream,1,1,depth+color,-58,-58,4814,1786588044814289
cross_stream,1,1,depth+color,-58,-58,4961,1786588044847582
cross_stream,1,1,depth+color,-57,-57,4663,1786588044880662
cross_stream,1,1,depth+color,-57,-57,4775,1786588044913816
cross_stream,1,1,depth+color,-58,-58,4735,1786588044947342
cross_stream,1,1,depth+color,-57,-57,4721,1786588044980711
cross_stream,1,1,depth+color,-57,-57,4741,1786588045014032
cross_stream,1,1,depth+color,-58,-58,4752,1786588045047407
cross_stream,1,1,depth+color,-58,-58,4732,1786588045080664
cross_stream,1,1,depth+color,-58,-58,4629,1786588045113761
cross_stream,1,1,depth+color,-58,-58,4812,1786588045147320
cross_stream,1,1,depth+color,-58,-58,5021,1786588045180686
cross_stream,1,1,depth+color,-58,-59,5050,1786588045214036
cross_stream,1,1,depth+color,-57,-57,4643,1786588045247337
cross_stream,1,1,depth+color,-58,-58,4677,1786588045280708
cross_stream,1,1,depth+color,-58,-58,4731,1786588045313982
cross_stream,1,1,depth+color,-58,-58,4672,1786588045347360
cross_stream,1,1,depth+color,-57,-56,4743,1786588045380772
cross_stream,1,1,depth+color,-58,-58,4663,1786588045413967
cross_stream,1,1,depth+color,-58,-58,5147,1786588045447419
cross_stream,1,1,depth+color,-58,-58,4883,1786588045480766
cross_stream,1,1,depth+color,-57,-58,4724,1786588045514015
cross_stream,1,1,depth+color,-57,-57,4724,1786588045547332
cross_stream,1,1,depth+color,-58,-92,4522,1786588045580663
cross_stream,1,1,depth+color,-57,-57,4781,1786588045614032
cross_stream,1,1,depth+color,-58,-58,5052,1786588045647338
cross_stream,1,1,depth+color,-58,-59,4810,1786588045680736
cross_stream,1,1,depth+color,-57,-57,4565,1786588045713965
cross_stream,1,1,depth+color,-57,-57,4553,1786588045747305
cross_stream,1,1,depth+color,-58,-58,5034,1786588045780663
cross_stream,1,1,depth+color,-58,-58,5149,1786588045814026
cross_stream,1,1,depth+color,-58,-58,4763,1786588045847565
cross_stream,1,1,depth+color,-58,-58,4693,1786588045880402
cross_stream,1,1,depth+color,-57,-58,4813,1786588045913960
cross_stream,1,1,depth+color,-58,-58,4626,1786588045947221
cross_stream,1,1,depth+color,-58,-58,5170,1786588045980786
cross_stream,1,1,depth+color,-57,-57,4995,1786588046014281
cross_stream,1,1,depth+color,-58,-58,5151,1786588046047445
cross_stream,1,1,depth+color,-58,-58,4999,1786588046080899
cross_stream,1,1,depth+color,-57,-57,5135,1786588046114176
cross_stream,1,1,depth+color,-58,-59,5237,1786588046147490
cross_stream,1,1,depth+color,-57,-57,4939,1786588046180719
cross_stream,1,1,depth+color,-58,-58,5191,1786588046214117
cross_stream,1,1,depth+color,-58,-58,5158,1786588046247487
cross_stream,1,1,depth+color,-58,-58,5078,1786588046280698
cross_stream,1,1,depth+color,-58,-58,5055,1786588046313997
cross_stream,1,1,depth+color,-58,-58,5116,1786588046347408
cross_stream,1,1,depth+color,-58,-59,4809,1786588046380435
cross_stream,1,1,depth+color,-57,-57,5074,1786588046414024
cross_stream,1,1,depth+color,-57,-57,4646,1786588046447259
cross_stream,1,1,depth+color,-58,-58,5129,1786588046480731
cross_stream,1,1,depth+color,-57,-57,4990,1786588046514071
cross_stream,1,1,depth+color,-58,-58,4966,1786588046547376
cross_stream,1,1,depth+color,-57,-57,4817,1786588046580603
cross_stream,1,1,depth+color,-58,-58,4944,1786588046613887
cross_stream,1,1,depth+color,-57,-57,4968,1786588046647359
cross_stream,1,1,depth+color,-58,-58,5099,1786588046680699
cross_stream,1,1,depth+color,-57,-57,5177,1786588046714238
cross_stream,1,1,depth+color,-58,-58,5220,1786588046747495
cross_stream,1,1,depth+color,-57,-57,5187,1786588046780834
cross_stream,1,1,depth+color,-58,-59,4990,1786588046813919
cross_stream,1,1,depth+color,-57,-57,5056,1786588046847326
cross_stream,1,1,depth+color,-57,-57,5153,1786588046880766
cross_stream,1,1,depth+color,-58,-58,5212,1786588046914113
cross_stream,1,1,depth+color,-57,-57,5594,1786588046947930
cross_stream,1,1,depth+color,-58,-58,4675,1786588046980317
cross_stream,1,1,depth+color,-57,-57,4835,1786588047013788
cross_stream,1,1,depth+color,-58,-58,4768,1786588047047628
cross_stream,1,1,depth+color,-58,-58,4770,1786588047080409
cross_stream,1,1,depth+color,-58,-58,4800,1786588047113859
cross_stream,1,1,depth+color,-58,-58,4888,1786588047147204
cross_stream,1,1,depth+color,-57,-57,4573,1786588047180387
cross_stream,1,1,depth+color,-58,-58,4763,1786588047213761
cross_stream,1,1,depth+color,-58,-59,4921,1786588047247111
cross_stream,1,1,depth+color,-58,-58,4770,1786588047280411
cross_stream,1,1,depth+color,-57,-57,4770,1786588047313759
cross_stream,1,1,depth+color,-58,-58,4991,1786588047347298
cross_stream,1,1,depth+color,-58,-58,4795,1786588047380455
cross_stream,1,1,depth+color,-57,-57,5094,1786588047414065
cross_stream,1,1,depth+color,-57,-56,5092,1786588047447330
cross_stream,1,1,depth+color,-57,-57,5161,1786588047480734
cross_stream,1,1,depth+color,-58,-58,4936,1786588047514318
cross_stream,1,1,depth+color,-57,-57,5118,1786588047547394
cross_stream,1,1,depth+color,-58,-58,5139,1786588047580702
cross_stream,1,1,depth+color,-58,-58,4525,1786588047614187
cross_stream,1,1,depth+color,-58,-59,5118,1786588047647412
cross_stream,1,1,depth+color,-58,-59,5074,1786588047680718
cross_stream,1,1,depth+color,-57,-57,5103,1786588047714037
cross_stream,1,1,depth+color,-58,-58,4828,1786588047747477
cross_stream,1,1,depth+color,-58,-58,4990,1786588047780913
cross_stream,1,1,depth+color,-58,-58,4949,1786588047814016
cross_stream,1,1,depth+color,-58,-58,4661,1786588047847252
cross_stream,1,1,depth+color,-58,-58,4924,1786588047880728
cross_stream,1,1,depth+color,-58,-57,4722,1786588047913955
cross_stream,1,1,depth+color,-58,-58,5053,1786588047947335
cross_stream,1,1,depth+color,-57,-57,5087,1786588047980811
cross_stream,1,1,depth+color,-58,-58,4986,1786588048014283
cross_stream,1,1,depth+color,-58,-58,5067,1786588048047357
cross_stream,1,1,depth+color,-58,-58,5043,1786588048080694
cross_stream,1,1,depth+color,-58,-59,5103,1786588048114065
cross_stream,1,1,depth+color,-57,-57,5107,1786588048147412
cross_stream,1,1,depth+color,-57,-57,5112,1786588048180782
cross_stream,1,1,depth+color,-58,-58,5004,1786588048214064
cross_stream,1,1,depth+color,-58,-58,4623,1786588048247374
cross_stream,1,1,depth+color,-58,-58,4703,1786588048280435
cross_stream,1,1,depth+color,-58,-59,4875,1786588048314242
cross_stream,1,1,depth+color,-58,-58,5157,1786588048347954
cross_stream,1,1,depth+color,-57,-57,4737,1786588048380879
cross_stream,1,1,depth+color,-58,-58,4925,1786588048414082
cross_stream,1,1,depth+color,-57,-57,4910,1786588048447510
cross_stream,1,1,depth+color,-58,-58,4700,1786588048480390
cross_stream,1,1,depth+color,-58,-58,4896,1786588048513850
cross_stream,1,1,depth+color,-58,-58,5004,1786588048547387
cross_stream,1,1,depth+color,-58,-57,5014,1786588048580757
cross_stream,1,1,depth+color,-58,-58,5125,1786588048614034
cross_stream,1,1,depth+color,-57,-57,4942,1786588048647319
cross_stream,1,1,depth+color,-57,-57,5244,1786588048680889
cross_stream,1,1,depth+color,-57,-57,4811,1786588048714011
cross_stream,1,1,depth+color,-58,-58,5131,1786588048747383
cross_stream,1,1,depth+color,-58,-59,5106,1786588048780734
cross_stream,1,1,depth+color,-58,-58,4921,1786588048813989
cross_stream,1,1,depth+color,-58,-58,4967,1786588048847348
cross_stream,1,1,depth+color,-58,-58,4477,1786588048880353
cross_stream,1,1,depth+color,-58,-58,4705,1786588048914055
cross_stream,1,1,depth+color,-58,-58,4690,1786588048947476
cross_stream,1,1,depth+color,-58,-58,4369,1786588048980495
cross_stream,1,1,depth+color,-57,-57,4605,1786588049013925
cross_stream,1,1,depth+color,-58,-58,5091,1786588049047355
cross_stream,1,1,depth+color,-57,-57,5127,1786588049080732
cross_stream,1,1,depth+color,-57,-57,4538,1786588049113858
cross_stream,1,1,depth+color,-58,-58,4860,1786588049147352
cross_stream,1,1,depth+color,-58,-57,4937,1786588049180715
cross_stream,1,1,depth+color,-58,-58,4982,1786588049214018
cross_stream,1,1,depth+color,-57,-57,5055,1786588049247348
cross_stream,1,1,depth+color,-58,-58,4983,1786588049280735
cross_stream,1,1,depth+color,-57,-57,4933,1786588049313971
cross_stream,1,1,depth+color,-58,-58,5086,1786588049347486
cross_stream,1,1,depth+color,-57,-57,5247,1786588049380836
cross_stream,1,1,depth+color,-58,-58,5119,1786588049414171
cross_stream,1,1,depth+color,-57,-58,4976,1786588049447370
cross_stream,1,1,depth+color,-58,-58,4512,1786588049480524
cross_stream,1,1,depth+color,-58,-58,5060,1786588049514060
cross_stream,1,1,depth+color,-57,-57,5172,1786588049547450
cross_stream,1,1,depth+color,-58,-58,4860,1786588049580487
cross_stream,1,1,depth+color,-58,-58,5321,1786588049614275
cross_stream,1,1,depth+color,-57,-56,5162,1786588049647428
cross_stream,1,1,depth+color,-57,-57,4806,1786588049680438
cross_stream,1,1,depth+color,-58,-58,5301,1786588049714268
cross_stream,1,1,depth+color,-58,-58,4477,1786588049747195
cross_stream,1,1,depth+color,-58,-58,4653,1786588049780437
cross_stream,1,1,depth+color,-58,-58,5131,1786588049814078
cross_stream,1,1,depth+color,-57,-57,5036,1786588049847395
cross_stream,1,1,depth+color,-58,-57,4849,1786588049880489
cross_stream,1,1,depth+color,-58,-58,4237,1786588049913908
cross_stream,1,1,depth+color,-58,-58,4877,1786588049947179
cross_stream,1,1,depth+color,-57,-57,4520,1786588049980503
cross_stream,1,1,depth+color,-58,-58,4474,1786588050013697
cross_stream,1,1,depth+color,-58,-58,5076,1786588050047430
cross_stream,1,1,depth+color,-58,-58,4849,1786588050080790
cross_stream,1,1,depth+color,-58,-58,4701,1786588050114014
cross_stream,1,1,depth+color,-58,-58,4803,1786588050147362
cross_stream,1,1,depth+color,-58,-58,4803,1786588050180760
cross_stream,1,1,depth+color,-58,-58,4622,1786588050214037
cross_stream,1,1,depth+color,-58,-58,4911,1786588050247350
cross_stream,1,1,depth+color,-58,-58,4821,1786588050280739
cross_stream,1,1,depth+color,-57,-56,4774,1786588050314052
cross_stream,1,1,depth+color,-57,-57,4463,1786588050347368
cross_stream,1,1,depth+color,-58,-58,4520,1786588050380701
cross_stream,1,1,depth+color,-58,-58,4609,1786588050413997
cross_stream,1,1,depth+color,-58,-58,4607,1786588050447361
cross_stream,1,1,depth+color,-58,-58,4909,1786588050480737
cross_stream,1,1,depth+color,-58,-58,4377,1786588050513730
cross_stream,1,1,depth+color,-58,-59,4041,1786588050547532
cross_stream,1,1,depth+color,-58,-58,5133,1786588050580772
cross_stream,1,1,depth+color,-58,-58,4939,1786588050614343
cross_stream,1,1,depth+color,-58,-58,5155,1786588050647405
cross_stream,1,1,depth+color,-57,-57,5074,1786588050680684
cross_stream,1,1,depth+color,-57,-57,5294,1786588050714226
cross_stream,1,1,depth+color,-58,-58,5069,1786588050747523
cross_stream,1,1,depth+color,-57,-57,4947,1786588050780775
cross_stream,1,1,depth+color,-57,-57,5025,1786588050813981
cross_stream,1,1,depth+color,-58,-58,4762,1786588050847138
cross_stream,1,1,depth+color,-57,-57,5134,1786588050880768
cross_stream,1,1,depth+color,-58,-58,4669,1786588050913981
cross_stream,1,1,depth+color,-58,-58,5023,1786588050947369
cross_stream,1,1,depth+color,-58,-59,5087,1786588050980696
cross_stream,1,1,depth+color,-58,-58,4958,1786588051013897
cross_stream,1,1,depth+color,-58,-58,4876,1786588051047478
cross_stream,1,1,depth+color,-57,-57,4999,1786588051080726
cross_stream,1,1,depth+color,-58,-58,5110,1786588051114040
cross_stream,1,1,depth+color,-57,-57,5124,1786588051147387
cross_stream,1,1,depth+color,-58,-57,5166,1786588051180872
cross_stream,1,1,depth+color,-57,-56,5107,1786588051214059
cross_stream,1,1,depth+color,-58,-58,4924,1786588051247257
cross_stream,1,1,depth+color,-57,-57,4809,1786588051280457
cross_stream,1,1,depth+color,-57,-57,4987,1786588051314032
cross_stream,1,1,depth+color,-58,-58,4873,1786588051347368
cross_stream,1,1,depth+color,-58,-58,5066,1786588051380691
cross_stream,1,1,depth+color,-58,-59,5003,1786588051414054
cross_stream,1,1,depth+color,-58,-58,5134,1786588051447397
cross_stream,1,1,depth+color,-58,-58,4753,1786588051480418
cross_stream,1,1,depth+color,-58,-58,4805,1786588051513736
cross_stream,1,1,depth+color,-58,-58,4727,1786588051547242
cross_stream,1,1,depth+color,-58,-57,4753,1786588051580466
cross_stream,1,1,depth+color,-58,-58,4602,1786588051613655
cross_stream,1,1,depth+color,-58,-57,5127,1786588051647520
cross_stream,1,1,depth+color,-58,-58,4924,1786588051680681
cross_stream,1,1,depth+color,-57,-57,4949,1786588051714002
cross_stream,1,1,depth+color,-57,-57,4603,1786588051747359
cross_stream,1,1,depth+color,-58,-58,4843,1786588051780762
cross_stream,1,1,depth+color,-58,-58,4825,1786588051814021
cross_stream,1,1,depth+color,-58,-59,5095,1786588051847500
cross_stream,1,1,depth+color,-57,-57,4872,1786588051880727
cross_stream,1,1,depth+color,-57,-57,4481,1786588051914028
cross_stream,1,1,depth+color,-58,-58,4417,1786588051947463
cross_stream,1,1,depth+color,-58,-58,5051,1786588051981173
cross_stream,1,1,depth+color,-58,-58,5050,1786588052014098
cross_stream,1,1,depth+color,-57,-56,4897,1786588052047486
cross_stream,1,1,depth+color,-58,-57,4830,1786588052080896
cross_stream,1,1,depth+color,-58,-58,4823,1786588052113748
cross_stream,1,1,depth+color,-57,-57,4654,1786588052147054
cross_stream,1,1,depth+color,-58,-58,4764,1786588052180406
cross_stream,1,1,depth+color,-57,-57,4761,1786588052213714
cross_stream,1,1,depth+color,-58,-58,4974,1786588052247360
cross_stream,1,1,depth+color,-58,-58,4561,1786588052280845
cross_stream,1,1,depth+color,-58,-58,4995,1786588052314022
cross_stream,1,1,depth+color,-57,-57,5067,1786588052347368
cross_stream,1,1,depth+color,-58,-58,5065,1786588052380670
cross_stream,1,1,depth+color,-58,-58,5052,1786588052414024
cross_stream,1,1,depth+color,-58,-58,5052,1786588052447362
cross_stream,1,1,depth+color,-57,-57,4928,1786588052480573
cross_stream,1,1,depth+color,-58,-58,4969,1786588052513920
cross_stream,1,1,depth+color,-58,-58,5032,1786588052547306
cross_stream,1,1,depth+color,-58,-58,4676,1786588052580475
cross_stream,1,1,depth+color,-57,-57,5127,1786588052614036
cross_stream,1,1,depth+color,-58,-58,4772,1786588052647445
cross_stream,1,1,depth+color,-58,-57,5136,1786588052680747
cross_stream,1,1,depth+color,-58,-58,5061,1786588052714002
cross_stream,1,1,depth+color,-57,-57,5100,1786588052747376
cross_stream,1,1,depth+color,-58,-58,5095,1786588052780727
cross_stream,1,1,depth+color,-58,-58,5113,1786588052814217
cross_stream,1,1,depth+color,-57,-57,5053,1786588052847343
cross_stream,1,1,depth+color,-58,-58,5073,1786588052880695
cross_stream,1,1,depth+color,-58,-58,5058,1786588052914019
cross_stream,1,1,depth+color,-57,-56,4962,1786588052947518
cross_stream,1,1,depth+color,-58,-58,4966,1786588052980795
cross_stream,1,1,depth+color,-57,-57,5064,1786588053014015
cross_stream,1,1,depth+color,-57,-57,5122,1786588053047371
cross_stream,1,1,depth+color,-57,-57,38442,1786588053080691
cross_stream,1,1,depth+color,-57,-58,4797,1786588053113785
cross_stream,1,1,depth+color,-58,-59,4782,1786588053147139
cross_stream,1,1,depth+color,-58,-58,4900,1786588053180699
cross_stream,1,1,depth+color,-58,-58,38444,1786588053214243
cross_stream,1,1,depth+color,-58,-58,5115,1786588053247597
cross_stream,1,1,depth+color,-57,-57,5338,1786588053280923
cross_stream,1,1,depth+color,-57,-57,5131,1786588053314065
cross_stream,1,1,depth+color,-57,-57,4992,1786588053347373
cross_stream,1,1,depth+color,-57,-56,4648,1786588053380432
cross_stream,1,1,depth+color,-57,-57,5058,1786588053413994
cross_stream,1,1,depth+color,-58,-58,4969,1786588053447321
cross_stream,1,1,depth+color,-58,-58,5061,1786588053480704
cross_stream,1,1,depth+color,-58,-58,5053,1786588053514005
cross_stream,1,1,depth+color,-58,-58,5174,1786588053547464
cross_stream,1,1,depth+color,-57,-57,4661,1786588053580506
cross_stream,1,1,depth+color,-57,-57,5072,1786588053614100
cross_stream,1,1,depth+color,-57,-57,5315,1786588053647603
cross_stream,1,1,depth+color,-58,-58,5195,1786588053681119
cross_stream,1,1,depth+color,-57,-57,4960,1786588053714022
cross_stream,1,1,depth+color,-57,-57,4859,1786588053747215
cross_stream,1,1,depth+color,-58,-58,4647,1786588053780646
cross_stream,1,1,depth+color,-57,-58,4650,1786588053813705
cross_stream,1,1,depth+color,-57,-57,4984,1786588053847382
cross_stream,1,1,depth+color,-58,-58,4621,1786588053880344
cross_stream,1,1,depth+color,-57,-57,4883,1786588053913842
cross_stream,1,1,depth+color,-57,-57,4873,1786588053947356
cross_stream,1,1,depth+color,-57,-57,4835,1786588053980731
cross_stream,1,1,depth+color,-58,-58,4978,1786588054014114
cross_stream,1,1,depth+color,-58,-58,4813,1786588054047375
cross_stream,1,1,depth+color,-57,-57,4718,1786588054080471
cross_stream,1,1,depth+color,-58,-58,5249,1786588054114259
cross_stream,1,1,depth+color,-58,-58,4810,1786588054147325
cross_stream,1,1,depth+color,-58,-58,4973,1786588054180704
cross_stream,1,1,depth+color,-58,-58,5113,1786588054214063
cross_stream,1,1,depth+color,-58,-58,4950,1786588054247220
cross_stream,1,1,depth+color,-57,-56,5325,1786588054280931
cross_stream,1,1,depth+color,-57,-57,5145,1786588054314094
cross_stream,1,1,depth+color,-58,-58,4751,1786588054380692
cross_stream,1,1,depth+color,-57,-57,4657,1786588054413724
cross_stream,1,1,depth+color,-57,-57,4677,1786588054447306
cross_stream,1,1,depth+color,-58,-59,4791,1786588054480707
cross_stream,1,1,depth+color,-57,-57,4984,1786588054514045
cross_stream,1,1,depth+color,-58,-58,4854,1786588054547387
cross_stream,1,1,depth+color,-58,-58,4807,1786588054580747
cross_stream,1,1,depth+color,-58,-58,5034,1786588054647634
cross_stream,1,1,depth+color,-58,-57,4790,1786588054680703
cross_stream,1,1,depth+color,-58,-57,5246,1786588054714640
cross_stream,1,1,depth+color,-58,-58,4927,1786588054747482
cross_stream,1,1,depth+color,-57,-57,4878,1786588054780495
cross_stream,1,1,depth+color,-58,-58,4763,1786588054814173
cross_stream,1,1,depth+color,-58,-58,4820,1786588054847396
cross_stream,1,1,depth+color,-57,-57,4804,1786588054880709
cross_stream,1,1,depth+color,-57,-56,4891,1786588054914117
cross_stream,1,1,depth+color,-58,-58,5048,1786588054947346
cross_stream,1,1,depth+color,-58,-58,4879,1786588055014176
cross_stream,1,1,depth+color,-58,-58,4627,1786588055047185
cross_stream,1,1,depth+color,-57,-57,4901,1786588055080623
cross_stream,1,1,depth+color,-57,-58,4853,1786588055114063
cross_stream,1,1,depth+color,-58,-58,4820,1786588055147141
cross_stream,1,1,depth+color,-58,-58,4857,1786588055180678
cross_stream,1,1,depth+color,-58,-58,4791,1786588055214005
cross_stream,1,1,depth+color,-58,-58,38340,1786588055247554
cross_stream,1,1,depth+color,-58,-58,5062,1786588055280848
cross_stream,1,1,depth+color,-58,-58,4787,1786588055314079
cross_stream,1,1,depth+color,-57,-58,4744,1786588055347354
cross_stream,1,1,depth+color,-58,-58,5009,1786588055414006
cross_stream,1,1,depth+color,-57,-57,4908,1786588055447423
cross_stream,1,1,depth+color,-58,-58,5267,1786588055480900
cross_stream,1,1,depth+color,-57,-57,4990,1786588055513889
cross_stream,1,1,depth+color,-58,-58,4515,1786588055547443
cross_stream,1,1,depth+color,-58,-57,4682,1786588055580647
cross_stream,1,1,depth+color,-57,-57,4334,1786588055613831
cross_stream,1,1,depth+color,-57,-57,37613,1786588055647110
cross_stream,1,1,depth+color,-57,-57,4791,1786588055680924
cross_stream,1,1,depth+color,-58,-57,4745,1786588055714168
cross_stream,1,1,depth+color,-58,-58,4421,1786588055747032
cross_stream,1,1,depth+color,-57,-57,4936,1786588055780895
cross_stream,1,1,depth+color,-58,-58,4727,1786588055814021
cross_stream,1,1,depth+color,-58,-58,4731,1786588055847325
cross_stream,1,1,depth+color,-57,-57,5265,1786588055880895
cross_stream,1,1,depth+color,-58,-58,4377,1786588055913691
cross_stream,1,1,depth+color,-57,-57,5025,1786588055947501
cross_stream,1,1,depth+color,-57,-57,4725,1786588055980750
cross_stream,1,1,depth+color,-58,-58,4969,1786588056014176
cross_stream,1,1,depth+color,-57,-57,4778,1786588056047244
cross_stream,1,1,depth+color,-58,-58,4845,1786588056080834
cross_stream,1,1,depth+color,-58,-58,4901,1786588056114169
cross_stream,1,1,depth+color,-58,-58,4928,1786588056147300
cross_stream,1,1,depth+color,-58,-58,5125,1786588056180744
cross_stream,1,1,depth+color,-58,-59,5144,1786588056214089
cross_stream,1,1,depth+color,-58,-58,4953,1786588056247352
cross_stream,1,1,depth+color,-57,-57,5081,1786588056280879
cross_stream,1,1,depth+color,-57,-57,5020,1786588056314024
cross_stream,1,1,depth+color,-58,-58,5094,1786588056347582
cross_stream,1,1,depth+color,-58,-58,5173,1786588056381088
cross_stream,1,1,depth+color,-58,-58,5080,1786588056414043
cross_stream,1,1,depth+color,-57,-57,5061,1786588056480704
cross_stream,1,1,depth+color,-58,-58,4760,1786588056514120
cross_stream,1,1,depth+color,-58,-58,4897,1786588056547326
cross_stream,1,1,depth+color,-57,-57,4612,1786588056580434
cross_stream,1,1,depth+color,-58,-59,5050,1786588056614008
cross_stream,1,1,depth+color,-58,-58,5010,1786588056647459
cross_stream,1,1,depth+color,-57,-56,4774,1786588056680719
cross_stream,1,1,depth+color,-58,-58,5320,1786588056714278
cross_stream,1,1,depth+color,-58,-58,38556,1786588056747514
cross_stream,1,1,depth+color,-58,-58,5501,1786588056781126
cross_stream,1,1,depth+color,-58,-58,5098,1786588056814005
cross_stream,1,1,depth+color,-58,-58,5301,1786588056847584
cross_stream,1,1,depth+color,-58,-58,5406,1786588056881044
cross_stream,1,1,depth+color,-57,-57,5337,1786588056914246
cross_stream,1,1,depth+color,-58,-58,5160,1786588056947467
cross_stream,1,1,depth+color,-58,-58,5292,1786588056980910
cross_stream,1,1,depth+color,-58,-58,5067,1786588057014014
cross_stream,1,1,depth+color,-58,-58,5018,1786588057047322
cross_stream,1,1,depth+color,-58,-58,5075,1786588057080617
cross_stream,1,1,depth+color,-58,-58,4948,1786588057113995
cross_stream,1,1,depth+color,-58,-58,4988,1786588057147777
cross_stream,1,1,depth+color,-57,-57,5083,1786588057180700
cross_stream,1,1,depth+color,-57,-57,5035,1786588057213991
cross_stream,1,1,depth+color,-57,-57,5046,1786588057247679
cross_stream,1,1,depth+color,-57,-57,4818,1786588057280725
cross_stream,1,1,depth+color,-57,-57,5124,1786588057314094
cross_stream,1,1,depth+color,-57,-57,39034,1786588057348004
cross_stream,1,1,depth+color,-58,-58,5006,1786588057380777
cross_stream,1,1,depth+color,-58,-58,5162,1786588057414240
cross_stream,1,1,depth+color,-57,-57,5059,1786588057447363
cross_stream,1,1,depth+color,-57,-57,5193,1786588057480903
cross_stream,1,1,depth+color,-57,-57,5376,1786588057514233
cross_stream,1,1,depth+color,-58,-58,4539,1786588057547282
cross_stream,1,1,depth+color,-57,-57,5025,1786588057580824
cross_stream,1,1,depth+color,-58,-58,5223,1786588057614172
cross_stream,1,1,depth+color,-58,-58,4722,1786588057647145
cross_stream,1,1,depth+color,-57,-57,5205,1786588057680762
cross_stream,1,1,depth+color,-58,-59,4876,1786588057713871
cross_stream,1,1,depth+color,-58,-58,4660,1786588057747226
cross_stream,1,1,depth+color,-57,-56,4971,1786588057780908
cross_stream,1,1,depth+color,-57,-57,5114,1786588057814213
cross_stream,1,1,depth+color,-58,-59,4995,1786588057847301
cross_stream,1,1,depth+color,-57,-57,4584,1786588057880307
cross_stream,1,1,depth+color,-58,-59,5067,1786588057914065
cross_stream,1,1,depth+color,-58,-58,5036,1786588057947578
cross_stream,1,1,depth+color,-57,-57,5291,1786588057981092
cross_stream,1,1,depth+color,-58,-58,4827,1786588058014051
cross_stream,1,1,depth+color,-57,-57,5092,1786588058047436
cross_stream,1,1,depth+color,-57,-57,4812,1786588058080453
cross_stream,1,1,depth+color,-58,-58,4730,1786588058114035
cross_stream,1,1,depth+color,-57,-57,4845,1786588058147320
cross_stream,1,1,depth+color,-57,-57,4652,1786588058180418
cross_stream,1,1,depth+color,-58,-58,5168,1786588058214035
cross_stream,1,1,depth+color,-58,-58,4893,1786588058247135
cross_stream,1,1,depth+color,-58,-58,38631,1786588058280873
cross_stream,1,1,depth+color,-58,-58,4675,1786588058314026
cross_stream,1,1,depth+color,-58,-58,4631,1786588058347371
cross_stream,1,1,depth+color,-57,-57,5119,1786588058380727
cross_stream,1,1,depth+color,-58,-58,4738,1786588058414195
cross_stream,1,1,depth+color,-58,-58,4934,1786588058447566
cross_stream,1,1,depth+color,-58,-58,4715,1786588058480794
cross_stream,1,1,depth+color,-57,-57,4848,1786588058514291
cross_stream,1,1,depth+color,-57,-57,5157,1786588058547392
cross_stream,1,1,depth+color,-57,-57,4522,1786588058580659
cross_stream,1,1,depth+color,-58,-58,5112,1786588058647387
cross_stream,1,1,depth+color,-58,-58,5224,1786588058680863
cross_stream,1,1,depth+color,-58,-58,5159,1786588058714031
cross_stream,1,1,depth+color,-58,-59,5374,1786588058747628
cross_stream,1,1,depth+color,-58,-58,4962,1786588058781002
cross_stream,1,1,depth+color,-58,-58,4685,1786588058814234
cross_stream,1,1,depth+color,-58,-58,4762,1786588058847472
cross_stream,1,1,depth+color,-57,-58,5018,1786588058880630
cross_stream,1,1,depth+color,-58,-58,4806,1786588058914050
cross_stream,1,1,depth+color,-58,-59,4690,1786588058947342
cross_stream,1,1,depth+color,-58,-57,4758,1786588059014035
cross_stream,1,1,depth+color,-58,-58,5015,1786588059047608
cross_stream,1,1,depth+color,-58,-57,4857,1786588059080882
cross_stream,1,1,depth+color,-57,-57,5059,1786588059114222
cross_stream,1,1,depth+color,-57,-57,4776,1786588059147358
cross_stream,1,1,depth+color,-58,-58,4506,1786588059180732
cross_stream,1,1,depth+color,-58,-58,4916,1786588059247498
cross_stream,1,1,depth+color,-57,-57,4651,1786588059280862
cross_stream,1,1,depth+color,-57,-57,4794,1786588059314070
cross_stream,1,1,depth+color,-58,-58,4586,1786588059347421
cross_stream,1,1,depth+color,-57,-57,4924,1786588059380899
cross_stream,1,1,depth+color,-58,-58,4589,1786588059414010
cross_stream,1,1,depth+color,-57,-57,4946,1786588059447542
cross_stream,1,1,depth+color,-58,-58,4561,1786588059480416
cross_stream,1,1,depth+color,-58,-58,4849,1786588059513917
cross_stream,1,1,depth+color,-58,-58,5044,1786588059547368
cross_stream,1,1,depth+color,-58,-58,4856,1786588059580850
cross_stream,1,1,depth+color,-58,-58,4948,1786588059614177
cross_stream,1,1,depth+color,-58,-58,38165,1786588059647394
cross_stream,1,1,depth+color,-58,-58,4906,1786588059680907
cross_stream,1,1,depth+color,-57,-57,4731,1786588059713743
cross_stream,1,1,depth+color,-57,-57,4494,1786588059747173
cross_stream,1,1,depth+color,-58,-58,4541,1786588059780761
cross_stream,1,1,depth+color,-58,-58,4874,1786588059814070
cross_stream,1,1,depth+color,-58,-58,4958,1786588059847349
cross_stream,1,1,depth+color,-57,-57,4920,1786588059880717
cross_stream,1,1,depth+color,-58,-58,4810,1786588059913862
cross_stream,1,1,depth+color,-58,-58,4794,1786588059947371
cross_stream,1,1,depth+color,-58,-58,5191,1786588059980834
cross_stream,1,1,depth+color,-57,-57,4502,1786588060013729
cross_stream,1,1,depth+color,-57,-57,5071,1786588060047371
cross_stream,1,1,depth+color,-57,-57,4566,1786588060080723
cross_stream,1,1,depth+color,-57,-56,4972,1786588060114087
cross_stream,1,1,depth+color,-58,-58,5058,1786588060147456
cross_stream,1,1,depth+color,-58,-59,5131,1786588060180781
cross_stream,1,1,depth+color,-58,-58,5262,1786588060214292
cross_stream,1,1,depth+color,-58,-59,4691,1786588060247102
cross_stream,1,1,depth+color,-58,-58,4822,1786588060280699
cross_stream,1,1,depth+color,-57,-57,4757,1786588060313957
cross_stream,1,1,depth+color,-58,-58,4992,1786588060347412
cross_stream,1,1,depth+color,-58,-57,5068,1786588060380746
cross_stream,1,1,depth+color,-58,-58,4574,1786588060413774
cross_stream,1,1,depth+color,-58,-58,5007,1786588060447419
cross_stream,1,1,depth+color,-57,-57,5208,1786588060480813
cross_stream,1,1,depth+color,-58,-58,4728,1786588060513870
cross_stream,1,1,depth+color,-57,-57,4453,1786588060546961
cross_stream,1,1,depth+color,-57,-57,5219,1786588060580884
cross_stream,1,1,depth+color,-58,-58,5169,1786588060614178
cross_stream,1,1,depth+color,-57,-57,4915,1786588060647555
cross_stream,1,1,depth+color,-57,-57,5118,1786588060714043
cross_stream,1,1,depth+color,-57,-57,4667,1786588060747704
cross_stream,1,1,depth+color,-58,-58,4975,1786588060780930
cross_stream,2,2,depth+color,-403,-403,2832,1786588040679004
cross_stream,2,2,depth+color,-403,-403,3121,1786588040712645
cross_stream,2,2,depth+color,-20,-20,2815,1786588040745517
cross_stream,2,2,depth+color,-5,-5,3414,1786588040779190
cross_stream,2,2,depth+color,-5,-5,3216,1786588040812481
cross_stream,2,2,depth+color,-5,-5,3255,1786588040845883
cross_stream,2,2,depth+color,-5,-5,3159,1786588040879238
cross_stream,2,2,depth+color,-5,-4,3321,1786588040912513
cross_stream,2,2,depth+color,-5,-5,3216,1786588040945898
cross_stream,2,2,depth+color,-5,-5,3212,1786588040979145
cross_stream,2,2,depth+color,-5,-5,3184,1786588041012387
cross_stream,2,2,depth+color,-5,-5,3250,1786588041045813
cross_stream,2,2,depth+color,-5,-5,3248,1786588041079217
cross_stream,2,2,depth+color,-4,-4,3011,1786588041112515
cross_stream,2,2,depth+color,-5,-5,3390,1786588041145885
cross_stream,2,2,depth+color,-5,-5,3541,1786588041179194
cross_stream,2,2,depth+color,-4,-4,3327,1786588041212417
cross_stream,2,2,depth+color,-5,-5,2942,1786588041245505
cross_stream,2,2,depth+color,-5,-4,3203,1786588041278993
cross_stream,2,2,depth+color,-5,-5,3045,1786588041312224
cross_stream,2,2,depth+color,-5,-5,3619,1786588041346172
cross_stream,2,2,depth+color,-5,-5,3577,1786588041379446
cross_stream,2,2,depth+color,-5,-5,3391,1786588041412777
cross_stream,2,2,depth+color,-5,-5,3262,1786588041446095
cross_stream,2,2,depth+color,-5,-5,3254,1786588041479419
cross_stream,2,2,depth+color,-5,-4,3186,1786588041512756
cross_stream,2,2,depth+color,-5,-5,3031,1786588041545822
cross_stream,2,2,depth+color,-5,-5,3154,1786588041579021
cross_stream,2,2,depth+color,-5,-5,3119,1786588041612505
cross_stream,2,2,depth+color,-5,-6,3279,1786588041645835
cross_stream,2,2,depth+color,-5,-5,3239,1786588041679143
cross_stream,2,2,depth+color,-5,-5,3527,1786588041712623
cross_stream,2,2,depth+color,-5,-5,3089,1786588041745903
cross_stream,2,2,depth+color,-5,-5,3542,1786588041779326
cross_stream,2,2,depth+color,-5,-5,3448,1786588041812723
cross_stream,2,2,depth+color,-5,-5,3710,1786588041846154
cross_stream,2,2,depth+color,-5,-5,3377,1786588041879297
cross_stream,2,2,depth+color,-5,-5,3596,1786588041912728
cross_stream,2,2,depth+color,-5,-5,3407,1786588041946003
cross_stream,2,2,depth+color,-5,-5,3340,1786588041979401
cross_stream,2,2,depth+color,-5,-5,3384,1786588042012801
cross_stream,2,2,depth+color,-4,-4,3642,1786588042046151
cross_stream,2,2,depth+color,-5,-6,2960,1786588042079278
cross_stream,2,2,depth+color,-5,-5,3138,1786588042112650
cross_stream,2,2,depth+color,-5,-5,3367,1786588042145998
cross_stream,2,2,depth+color,-5,-5,3781,1786588042179445
cross_stream,2,2,depth+color,-5,-5,3633,1786588042212744
cross_stream,2,2,depth+color,-5,-5,3377,1786588042245913
cross_stream,2,2,depth+color,-5,-5,3162,1786588042278963
cross_stream,2,2,depth+color,-5,-5,3070,1786588042312449
cross_stream,2,2,depth+color,-5,-4,3272,1786588042345899
cross_stream,2,2,depth+color,-4,-4,3299,1786588042379248
cross_stream,2,2,depth+color,-5,-5,3286,1786588042412586
cross_stream,2,2,depth+color,-5,-5,3021,1786588042445956
cross_stream,2,2,depth+color,-4,-5,3326,1786588042479186
cross_stream,2,2,depth+color,-5,-5,3274,1786588042512454
cross_stream,2,2,depth+color,-5,-5,3128,1786588042545997
cross_stream,2,2,depth+color,-5,-5,3255,1786588042579283
cross_stream,2,2,depth+color,-5,-5,2920,1786588042612518
cross_stream,2,2,depth+color,-5,-4,3010,1786588042645932
cross_stream,2,2,depth+color,-5,-5,3267,1786588042679252
cross_stream,2,2,depth+color,-5,-5,3185,1786588042712601
cross_stream,2,2,depth+color,-5,-5,3512,1786588042745874
cross_stream,2,2,depth+color,-5,-5,3145,1786588042779396
cross_stream,2,2,depth+color,-5,-5,2803,1786588042812476
cross_stream,2,2,depth+color,-5,-5,2980,1786588042845678
cross_stream,2,2,depth+color,-5,-5,2703,1786588042878874
cross_stream,2,2,depth+color,-5,-5,3207,1786588042912364
cross_stream,2,2,depth+color,-5,-5,3096,1786588042945841
cross_stream,2,2,depth+color,-5,-5,2836,1786588042978843
cross_stream,2,2,depth+color,-5,-5,3058,1786588043012524
cross_stream,2,2,depth+color,-4,-4,3149,1786588043046009
cross_stream,2,2,depth+color,-4,-4,3229,1786588043079161
cross_stream,2,2,depth+color,-5,-5,3113,1786588043112476
cross_stream,2,2,depth+color,-5,-5,3058,1786588043145832
cross_stream,2,2,depth+color,-5,-5,3274,1786588043179174
cross_stream,2,2,depth+color,-5,-5,3060,1786588043212538
cross_stream,2,2,depth+color,-5,-5,3340,1786588043245777
cross_stream,2,2,depth+color,-4,-4,3186,1786588043279158
cross_stream,2,2,depth+color,-5,-5,3229,1786588043312416
cross_stream,2,2,depth+color,-5,-5,2873,1786588043345550
cross_stream,2,2,depth+color,-5,-5,3148,1786588043379016
cross_stream,2,2,depth+color,-5,-6,3256,1786588043412566
cross_stream,2,2,depth+color,-5,-5,3225,1786588043445884
cross_stream,2,2,depth+color,-5,-5,2992,1786588043478837
cross_stream,2,2,depth+color,-5,-5,2985,1786588043512459
cross_stream,2,2,depth+color,-5,-5,4059,1786588043546327
cross_stream,2,2,depth+color,-5,-5,3146,1786588043579009
cross_stream,2,2,depth+color,-5,253,3398,1786588043612749
cross_stream,2,2,depth+color,-5,-5,3370,1786588043646237
cross_stream,2,2,depth+color,-5,-5,3423,1786588043679449
cross_stream,2,2,depth+color,-5,-5,3277,1786588043712585
cross_stream,2,2,depth+color,-4,-4,3722,1786588043746399
cross_stream,2,2,depth+color,-5,-5,3480,1786588043779224
cross_stream,2,2,depth+color,-5,-5,3235,1786588043812654
cross_stream,2,2,depth+color,-5,-5,3794,1786588043846198
cross_stream,2,2,depth+color,-5,-5,3289,1786588043879185
cross_stream,2,2,depth+color,-5,-5,3517,1786588043912785
cross_stream,2,2,depth+color,-5,-5,3335,1786588043946115
cross_stream,2,2,depth+color,-5,-6,3428,1786588043979386
cross_stream,2,2,depth+color,-5,-5,3362,1786588044012672
cross_stream,2,2,depth+color,-5,-5,3219,1786588044046025
cross_stream,2,2,depth+color,-5,-5,3424,1786588044079412
cross_stream,2,2,depth+color,-5,-5,3464,1786588044112766
cross_stream,2,2,depth+color,-5,-5,3500,1786588044146095
cross_stream,2,2,depth+color,-5,-6,3369,1786588044179329
cross_stream,2,2,depth+color,-5,-5,3203,1786588044212493
cross_stream,2,2,depth+color,-5,-5,3214,1786588044245619
cross_stream,2,2,depth+color,-5,-5,2575,1786588044278818
cross_stream,2,2,depth+color,-5,-5,2898,1786588044312387
cross_stream,2,2,depth+color,-4,-4,3193,1786588044345808
cross_stream,2,2,depth+color,-5,-5,3397,1786588044379046
cross_stream,2,2,depth+color,-5,-5,3273,1786588044412251
cross_stream,2,2,depth+color,-5,-5,3165,1786588044445820
cross_stream,2,2,depth+color,-5,-5,2839,1786588044478848
cross_stream,2,2,depth+color,-5,-5,3070,1786588044512503
cross_stream,2,2,depth+color,-5,-5,3104,1786588044545861
cross_stream,2,2,depth+color,-5,-5,3489,1786588044579095
cross_stream,2,2,depth+color,-5,-5,2779,1786588044612190
cross_stream,2,2,depth+color,-5,-5,3285,1786588044646020
cross_stream,2,2,depth+color,-5,-5,3401,1786588044679160
cross_stream,2,2,depth+color,-5,-5,3182,1786588044712521
cross_stream,2,2,depth+color,-5,-6,2834,1786588044745869
cross_stream,2,2,depth+color,-5,-6,3435,1786588044779093
cross_stream,2,2,depth+color,-5,-5,2742,1786588044812192
cross_stream,2,2,depth+color,-5,-5,3148,1786588044845852
cross_stream,2,2,depth+color,-5,-5,2944,1786588044878964
cross_stream,2,2,depth+color,-5,-5,3203,1786588044912380
cross_stream,2,2,depth+color,-5,-5,3144,1786588044945845
cross_stream,2,2,depth+color,-5,-5,2953,1786588044979125
cross_stream,2,2,depth+color,-5,-5,3023,1786588045012485
cross_stream,2,2,depth+color,-5,-5,3070,1786588045045844
cross_stream,2,2,depth+color,-4,-4,3016,1786588045079014
cross_stream,2,2,depth+color,-5,-5,3146,1786588045112312
cross_stream,2,2,depth+color,-5,-5,3228,1786588045145803
cross_stream,2,2,depth+color,-5,-5,3159,1786588045179138
cross_stream,2,2,depth+color,-5,-5,2912,1786588045212503
cross_stream,2,2,depth+color,-5,-5,2657,1786588045245758
cross_stream,2,2,depth+color,-5,-5,3236,1786588045279311
cross_stream,2,2,depth+color,-5,-5,3070,1786588045312541
cross_stream,2,2,depth+color,-5,-5,2822,1786588045345806
cross_stream,2,2,depth+color,-5,-5,3429,1786588045379150
cross_stream,2,2,depth+color,-5,-5,3138,1786588045412459
cross_stream,2,2,depth+color,-5,-5,3300,1786588045445886
cross_stream,2,2,depth+color,-4,-5,3033,1786588045478815
cross_stream,2,2,depth+color,-5,-5,3249,1786588045512500
cross_stream,2,2,depth+color,-4,-4,3213,1786588045545838
cross_stream,2,2,depth+color,-5,-5,2894,1786588045579022
cross_stream,2,2,depth+color,-5,-5,2943,1786588045612518
cross_stream,2,2,depth+color,-5,-5,3455,1786588045645889
cross_stream,2,2,depth+color,-5,-5,3155,1786588045679137
cross_stream,2,2,depth+color,-5,-5,3078,1786588045712428
cross_stream,2,2,depth+color,-5,-5,2934,1786588045745763
cross_stream,2,2,depth+color,-5,-5,3501,1786588045779275
cross_stream,2,2,depth+color,-5,-6,3434,1786588045812550
cross_stream,2,2,depth+color,-5,-5,2925,1786588045845807
cross_stream,2,2,depth+color,-4,-4,3080,1786588045879030
cross_stream,2,2,depth+color,-5,-5,2948,1786588045912224
cross_stream,2,2,depth+color,-5,-5,3255,1786588045945852
cross_stream,2,2,depth+color,-5,-5,3362,1786588045979136
cross_stream,2,2,depth+color,-5,-5,3286,1786588046012721
cross_stream,2,2,depth+color,-5,-5,3264,1786588046045868
cross_stream,2,2,depth+color,-5,-5,3354,1786588046079243
cross_stream,2,2,depth+color,-5,-5,2910,1786588046112490
cross_stream,2,2,depth+color,-5,-5,3026,1786588046145822
cross_stream,2,2,depth+color,-5,-5,2881,1786588046179126
cross_stream,2,2,depth+color,-5,-4,2883,1786588046212511
cross_stream,2,2,depth+color,-4,-4,3099,1786588046245840
cross_stream,2,2,depth+color,-5,-5,3063,1786588046279166
cross_stream,2,2,depth+color,-12,-12,3063,1786588046345864
cross_stream,2,2,depth+color,-12,-12,3105,1786588046379194
cross_stream,2,2,depth+color,-12,-12,3077,1786588046412496
cross_stream,2,2,depth+color,-12,-12,3067,1786588046445748
cross_stream,2,2,depth+color,-13,-13,2802,1786588046478995
cross_stream,2,2,depth+color,-12,-12,2967,1786588046512423
cross_stream,2,2,depth+color,-12,-12,3136,1786588046545848
cross_stream,2,2,depth+color,-13,-13,2953,1786588046579053
cross_stream,2,2,depth+color,-12,-12,2812,1786588046612481
cross_stream,2,2,depth+color,-12,-12,2905,1786588046645813
cross_stream,2,2,depth+color,-12,-12,2780,1786588046679137
cross_stream,2,2,depth+color,-13,-13,2878,1786588046712534
cross_stream,2,2,depth+color,-13,-13,2839,1786588046745836
cross_stream,2,2,depth+color,-12,-12,3001,1786588046779145
cross_stream,2,2,depth+color,-13,-13,2871,1786588046812539
cross_stream,2,2,depth+color,-13,-13,3247,1786588046845845
cross_stream,2,2,depth+color,-12,-12,2895,1786588046879148
cross_stream,2,2,depth+color,-12,-12,3147,1786588046912332
cross_stream,2,2,depth+color,-12,-12,3039,1786588046945627
cross_stream,2,2,depth+color,-12,-12,3462,1786588046979415
cross_stream,2,2,depth+color,-13,-13,3185,1786588047012435
cross_stream,2,2,depth+color,-12,-11,2585,1786588047045516
cross_stream,2,2,depth+color,-12,-12,2972,1786588047079213
cross_stream,2,2,depth+color,-12,-12,3176,1786588047112616
cross_stream,2,2,depth+color,-12,-12,3180,1786588047145821
cross_stream,2,2,depth+color,-12,-12,3062,1786588047179144
cross_stream,2,2,depth+color,-13,-13,3327,1786588047212548
cross_stream,2,2,depth+color,-12,-12,3486,1786588047245847
cross_stream,2,2,depth+color,-12,-12,3063,1786588047279205
cross_stream,2,2,depth+color,-13,-13,3193,1786588047312494
cross_stream,2,2,depth+color,-12,-12,3054,1786588047345842
cross_stream,2,2,depth+color,-12,-12,3050,1786588047379151
cross_stream,2,2,depth+color,-13,-13,2923,1786588047412485
cross_stream,2,2,depth+color,-13,-13,3324,1786588047445678
cross_stream,2,2,depth+color,-12,-12,3059,1786588047478973
cross_stream,2,2,depth+color,-12,-12,2634,1786588047512225
cross_stream,2,2,depth+color,-13,-13,2975,1786588047545806
cross_stream,2,2,depth+color,-12,-12,2907,1786588047578975
cross_stream,2,2,depth+color,-12,-12,2325,1786588047612098
cross_stream,2,2,depth+color,-13,-13,2924,1786588047645843
cross_stream,2,2,depth+color,-12,-11,2915,1786588047679164
cross_stream,2,2,depth+color,-13,-13,2987,1786588047712496
cross_stream,2,2,depth+color,-12,-12,2563,1786588047745500
cross_stream,2,2,depth+color,-12,-12,2952,1786588047778928
cross_stream,2,2,depth+color,-13,-12,3005,1786588047812498
cross_stream,2,2,depth+color,-13,-13,3438,1786588047845999
cross_stream,2,2,depth+color,-12,-12,3052,1786588047879036
cross_stream,2,2,depth+color,-12,-12,2667,1786588047912205
cross_stream,2,2,depth+color,-13,-13,3066,1786588047945840
cross_stream,2,2,depth+color,-12,-12,2875,1786588047978823
cross_stream,2,2,depth+color,-12,-12,2604,1786588048012235
cross_stream,2,2,depth+color,-12,-12,3410,1786588048046023
cross_stream,2,2,depth+color,-13,-13,2946,1786588048079159
cross_stream,2,2,depth+color,-13,-13,2919,1786588048112514
cross_stream,2,2,depth+color,-13,-12,3234,1786588048145986
cross_stream,2,2,depth+color,-13,-13,3162,1786588048179161
cross_stream,2,2,depth+color,-12,-12,3386,1786588048212654
cross_stream,2,2,depth+color,-12,-12,2812,1786588048245513
cross_stream,2,2,depth+color,-12,-12,2907,1786588048278991
cross_stream,2,2,depth+color,-12,-12,2930,1786588048312239
cross_stream,2,2,depth+color,-13,-13,2902,1786588048345680
cross_stream,2,2,depth+color,-12,-12,2690,1786588048378872
cross_stream,2,2,depth+color,-13,-13,3096,1786588048412517
cross_stream,2,2,depth+color,-13,-13,2845,1786588048445791
cross_stream,2,2,depth+color,-12,-12,3005,1786588048479036
cross_stream,2,2,depth+color,-12,-12,3072,1786588048512504
cross_stream,2,2,depth+color,-13,-13,3055,1786588048545826
cross_stream,2,2,depth+color,-12,-12,3236,1786588048579151
cross_stream,2,2,depth+color,-12,-12,3216,1786588048612480
cross_stream,2,2,depth+color,-12,-12,3067,1786588048645804
cross_stream,2,2,depth+color,-12,-12,3178,1786588048679288
cross_stream,2,2,depth+color,-13,-14,3233,1786588048712647
cross_stream,2,2,depth+color,-12,-12,3001,1786588048745812
cross_stream,2,2,depth+color,-12,-12,3185,1786588048779132
cross_stream,2,2,depth+color,-13,-13,3250,1786588048812478
cross_stream,2,2,depth+color,-12,-12,3041,1786588048845427
cross_stream,2,2,depth+color,-12,-12,3204,1786588048879060
cross_stream,2,2,depth+color,-12,-11,2947,1786588048912152
cross_stream,2,2,depth+color,-13,-13,2839,1786588048945574
cross_stream,2,2,depth+color,-12,-12,4364,1786588048980155
cross_stream,2,2,depth+color,-12,-12,2946,1786588049012204
cross_stream,2,2,depth+color,-12,-12,3072,1786588049045861
cross_stream,2,2,depth+color,-12,-12,3000,1786588049079011
cross_stream,2,2,depth+color,-12,-12,2801,1786588049112202
cross_stream,2,2,depth+color,-13,-13,2900,1786588049145823
cross_stream,2,2,depth+color,-12,-12,3008,1786588049179142
cross_stream,2,2,depth+color,-12,-12,3235,1786588049212915
cross_stream,2,2,depth+color,-12,-12,3278,1786588049245832
cross_stream,2,2,depth+color,-13,-13,3057,1786588049279344
cross_stream,2,2,depth+color,-12,-12,2794,1786588049312383
cross_stream,2,2,depth+color,-12,-12,2874,1786588049345805
cross_stream,2,2,depth+color,-12,-12,2835,1786588049379127
cross_stream,2,2,depth+color,-13,-13,3288,1786588049412884
cross_stream,2,2,depth+color,-13,-13,3242,1786588049446205
cross_stream,2,2,depth+color,-12,-12,3085,1786588049479021
cross_stream,2,2,depth+color,-13,-13,3805,1786588049512962
cross_stream,2,2,depth+color,-12,-12,3327,1786588049546083
cross_stream,2,2,depth+color,-13,-13,3646,1786588049579438
cross_stream,2,2,depth+color,-12,-12,3266,1786588049612649
cross_stream,2,2,depth+color,-13,-13,3290,1786588049646077
cross_stream,2,2,depth+color,-12,-11,3470,1786588049679466
cross_stream,2,2,depth+color,-13,-13,3498,1786588049712780
cross_stream,2,2,depth+color,-13,-14,3098,1786588049745902
cross_stream,2,2,depth+color,-12,-12,3326,1786588049779284
cross_stream,2,2,depth+color,-12,-13,3582,1786588049812717
cross_stream,2,2,depth+color,-12,-12,3774,1786588049846080
cross_stream,2,2,depth+color,-13,-14,3743,1786588049879410
cross_stream,2,2,depth+color,-12,-12,2946,1786588049912709
cross_stream,2,2,depth+color,-13,-13,3662,1786588049946144
cross_stream,2,2,depth+color,-12,-12,3690,1786588049979326
cross_stream,2,2,depth+color,-12,-12,3067,1786588050012226
cross_stream,2,2,depth+color,-12,-12,3470,1786588050045850
cross_stream,2,2,depth+color,-12,-12,3527,1786588050079174
cross_stream,2,2,depth+color,-13,-13,3192,1786588050112488
cross_stream,2,2,depth+color,-12,-12,3310,1786588050145884
cross_stream,2,2,depth+color,-12,-12,3242,1786588050179221
cross_stream,2,2,depth+color,-12,-12,3256,1786588050212498
cross_stream,2,2,depth+color,-12,-12,3122,1786588050245559
cross_stream,2,2,depth+color,-13,-13,3142,1786588050279146
cross_stream,2,2,depth+color,-12,-12,3158,1786588050312459
cross_stream,2,2,depth+color,-12,-12,2964,1786588050345836
cross_stream,2,2,depth+color,-12,-12,3430,1786588050379152
cross_stream,2,2,depth+color,-13,-13,3049,1786588050412504
cross_stream,2,2,depth+color,-12,-12,3299,1786588050445870
cross_stream,2,2,depth+color,-13,-13,2912,1786588050479061
cross_stream,2,2,depth+color,-12,-11,3309,1786588050512257
cross_stream,2,2,depth+color,-12,-12,3144,1786588050545652
cross_stream,2,2,depth+color,-12,-12,2908,1786588050578995
cross_stream,2,2,depth+color,-13,-13,2840,1786588050612243
cross_stream,2,2,depth+color,-12,-12,3111,1786588050645871
cross_stream,2,2,depth+color,-13,-13,3143,1786588050679189
cross_stream,2,2,depth+color,-12,-13,3190,1786588050712739
cross_stream,2,2,depth+color,-12,-12,3124,1786588050745891
cross_stream,2,2,depth+color,-12,-12,2980,1786588050779203
cross_stream,2,2,depth+color,-13,-13,3287,1786588050812524
cross_stream,2,2,depth+color,-13,-14,3051,1786588050845861
cross_stream,2,2,depth+color,-12,-12,3272,1786588050879174
cross_stream,2,2,depth+color,-13,-14,2473,1786588050912253
cross_stream,2,2,depth+color,-13,-13,2945,1786588050945844
cross_stream,2,2,depth+color,-12,-13,3203,1786588050979129
cross_stream,2,2,depth+color,-13,-13,2921,1786588051012501
cross_stream,2,2,depth+color,-13,-13,3220,1786588051045856
cross_stream,2,2,depth+color,-12,-12,3077,1786588051079162
cross_stream,2,2,depth+color,-12,-12,2971,1786588051112517
cross_stream,2,2,depth+color,-12,-12,3195,1786588051145802
cross_stream,2,2,depth+color,-13,-13,3133,1786588051179140
cross_stream,2,2,depth+color,-12,-12,3197,1786588051212461
cross_stream,2,2,depth+color,-12,-12,2969,1786588051245670
cross_stream,2,2,depth+color,-13,-13,3162,1786588051279129
cross_stream,2,2,depth+color,-12,-12,2900,1786588051312482
cross_stream,2,2,depth+color,-13,-14,2862,1786588051345796
cross_stream,2,2,depth+color,-12,-12,2885,1786588051379135
cross_stream,2,2,depth+color,-12,-13,3357,1786588051412469
cross_stream,2,2,depth+color,-12,-12,3209,1786588051445805
cross_stream,2,2,depth+color,-13,-14,3138,1786588051478944
cross_stream,2,2,depth+color,-12,-12,3477,1786588051512412
cross_stream,2,2,depth+color,-12,-12,3183,1786588051545676
cross_stream,2,2,depth+color,-12,-12,3440,1786588051579161
cross_stream,2,2,depth+color,-12,-12,2982,1786588051612379
cross_stream,2,2,depth+color,-12,-12,3163,1786588051645971
cross_stream,2,2,depth+color,-12,-13,2988,1786588051679146
cross_stream,2,2,depth+color,-13,-13,3150,1786588051712496
cross_stream,2,2,depth+color,-12,-13,2978,1786588051745502
cross_stream,2,2,depth+color,-12,-12,3219,1786588051779137
cross_stream,2,2,depth+color,-12,-12,3038,1786588051812502
cross_stream,2,2,depth+color,-12,-12,3082,1786588051845859
cross_stream,2,2,depth+color,-13,-13,3006,1786588051879120
cross_stream,2,2,depth+color,-12,-12,3133,1786588051912302
cross_stream,2,2,depth+color,-13,-13,3225,1786588051945857
cross_stream,2,2,depth+color,-12,-12,2713,1786588051978899
cross_stream,2,2,depth+color,-5,-5,3085,1786588052045816
cross_stream,2,2,depth+color,-5,-5,2846,1786588052078885
cross_stream,2,2,depth+color,-5,-5,3557,1786588052112759
cross_stream,2,2,depth+color,-5,-5,3333,1786588052146071
cross_stream,2,2,depth+color,-5,-5,3512,1786588052179443
cross_stream,2,2,depth+color,-5,-5,3329,1786588052212713
cross_stream,2,2,depth+color,-5,-5,3517,1786588052245951
cross_stream,2,2,depth+color,-5,-5,2876,1786588052279181
cross_stream,2,2,depth+color,-5,-5,3299,1786588052312746
cross_stream,2,2,depth+color,-4,-4,3475,1786588052346080
cross_stream,2,2,depth+color,-5,-5,3081,1786588052379414
cross_stream,2,2,depth+color,-5,-5,3469,1786588052412740
cross_stream,2,2,depth+color,-5,-6,3202,1786588052445852
cross_stream,2,2,depth+color,-4,-4,2990,1786588052479167
cross_stream,2,2,depth+color,-5,-5,2714,1786588052512299
cross_stream,2,2,depth+color,-5,-5,3028,1786588052545790
cross_stream,2,2,depth+color,-5,-5,3437,1786588052579010
cross_stream,2,2,depth+color,-5,-5,3535,1786588052612803
cross_stream,2,2,depth+color,-5,-5,2831,1786588052645883
cross_stream,2,2,depth+color,-5,-5,3826,1786588052679414
cross_stream,2,2,depth+color,-5,-5,3438,1786588052712721
cross_stream,2,2,depth+color,-5,-5,3327,1786588052746089
cross_stream,2,2,depth+color,-5,-5,3421,1786588052779375
cross_stream,2,2,depth+color,-5,-5,3291,1786588052812746
cross_stream,2,2,depth+color,-5,-5,3844,1786588052846138
cross_stream,2,2,depth+color,-5,-5,3174,1786588052879329
cross_stream,2,2,depth+color,-5,-5,3232,1786588052912701
cross_stream,2,2,depth+color,-4,-4,2915,1786588052945956
cross_stream,2,2,depth+color,-5,-5,3882,1786588052979728
cross_stream,2,2,depth+color,-5,-5,3357,1786588053012687
cross_stream,2,2,depth+color,-5,-5,3658,1786588053046104
cross_stream,2,2,depth+color,-5,-5,3399,1786588053079338
cross_stream,2,2,depth+color,-5,-5,3765,1786588053112836
cross_stream,2,2,depth+color,-5,-5,3726,1786588053146125
cross_stream,2,2,depth+color,-5,-5,3256,1786588053179400
cross_stream,2,2,depth+color,-5,-5,3334,1786588053212917
cross_stream,2,2,depth+color,-5,-5,3464,1786588053246127
cross_stream,2,2,depth+color,-5,-5,3402,1786588053279469
cross_stream,2,2,depth+color,-5,-5,3355,1786588053312816
cross_stream,2,2,depth+color,-5,-4,3645,1786588053346023
cross_stream,2,2,depth+color,-4,-4,3098,1786588053379109
cross_stream,2,2,depth+color,-5,-5,3676,1786588053412680
cross_stream,2,2,depth+color,-4,-4,2960,1786588053445879
cross_stream,2,2,depth+color,-5,-5,3137,1786588053479325
cross_stream,2,2,depth+color,-5,-5,3457,1786588053512583
cross_stream,2,2,depth+color,-5,-5,3105,1786588053545746
cross_stream,2,2,depth+color,-5,-5,3167,1786588053579173
cross_stream,2,2,depth+color,-5,-5,2928,1786588053612124
cross_stream,2,2,depth+color,-5,-5,3628,1786588053645938
cross_stream,2,2,depth+color,-5,-5,2975,1786588053679126
cross_stream,2,2,depth+color,-5,-5,3497,1786588053712473
cross_stream,2,2,depth+color,-5,-5,3280,1786588053745517
cross_stream,2,2,depth+color,-5,-5,3250,1786588053779231
cross_stream,2,2,depth+color,-5,-5,3682,1786588053812733
cross_stream,2,2,depth+color,-5,-5,2861,1786588053845480
cross_stream,2,2,depth+color,-5,-5,3012,1786588053879039
cross_stream,2,2,depth+color,-5,-5,3369,1786588053912353
cross_stream,2,2,depth+color,-5,-5,3427,1786588053945900
cross_stream,2,2,depth+color,-5,-5,3349,1786588053979174
cross_stream,2,2,depth+color,-5,-5,2806,1786588054012131
cross_stream,2,2,depth+color,-5,-5,3030,1786588054045937
cross_stream,2,2,depth+color,-5,-5,3324,1786588054079006
cross_stream,2,2,depth+color,-5,-5,3261,1786588054112300
cross_stream,2,2,depth+color,-5,-5,3612,1786588054145964
cross_stream,2,2,depth+color,-5,-5,3515,1786588054179160
cross_stream,2,2,depth+color,-5,-5,3277,1786588054212476
cross_stream,2,2,depth+color,-5,-4,3289,1786588054245658
cross_stream,2,2,depth+color,-4,-4,3648,1786588054279298
cross_stream,2,2,depth+color,-5,-6,3335,1786588054312510
cross_stream,2,2,depth+color,-5,-5,3155,1786588054345829
cross_stream,2,2,depth+color,-4,-4,3164,1786588054379139
cross_stream,2,2,depth+color,-5,-5,3399,1786588054412629
cross_stream,2,2,depth+color,-5,-6,3191,1786588054445831
cross_stream,2,2,depth+color,-4,-4,3185,1786588054479133
cross_stream,2,2,depth+color,-5,-6,2995,1786588054512212
cross_stream,2,2,depth+color,-5,-5,3291,1786588054545799
cross_stream,2,2,depth+color,-5,-5,3445,1786588054579105
cross_stream,2,2,depth+color,-5,-5,3164,1786588054612131
cross_stream,2,2,depth+color,-5,-5,3399,1786588054645830
cross_stream,2,2,depth+color,-5,-5,3597,1786588054679266
cross_stream,2,2,depth+color,-5,-6,2862,1786588054712238
cross_stream,2,2,depth+color,-5,-5,3444,1786588054745848
cross_stream,2,2,depth+color,-5,-6,3485,1786588054779137
cross_stream,2,2,depth+color,-5,-5,3485,1786588054812479
cross_stream,2,2,depth+color,-5,-5,3364,1786588054845828
cross_stream,2,2,depth+color,-5,-5,3453,1786588054879096
cross_stream,2,2,depth+color,-5,-5,3378,1786588054912323
cross_stream,2,2,depth+color,-5,-5,3523,1786588054945792
cross_stream,2,2,depth+color,-5,-5,3468,1786588054979096
cross_stream,2,2,depth+color,-4,-4,2984,1786588055012161
cross_stream,2,2,depth+color,-5,-5,3510,1786588055045829
cross_stream,2,2,depth+color,-5,-5,3445,1786588055079159
cross_stream,2,2,depth+color,-5,-5,3015,1786588055112276
cross_stream,2,2,depth+color,-5,-5,3420,1786588055145722
cross_stream,2,2,depth+color,-5,-5,3313,1786588055179163
cross_stream,2,2,depth+color,-4,-4,3286,1786588055212546
cross_stream,2,2,depth+color,-4,-4,3463,1786588055245779
cross_stream,2,2,depth+color,-5,-6,3643,1786588055279259
cross_stream,2,2,depth+color,-5,-5,3531,1786588055312488
cross_stream,2,2,depth+color,-5,-5,3525,1786588055345823
cross_stream,2,2,depth+color,-5,-5,3276,1786588055379126
cross_stream,2,2,depth+color,-5,-5,3299,1786588055412466
cross_stream,2,2,depth+color,-5,-5,3358,1786588055445876
cross_stream,2,2,depth+color,-5,-5,3471,1786588055479130
cross_stream,2,2,depth+color,-5,-5,3329,1786588055512235
cross_stream,2,2,depth+color,-5,-5,2480,1786588055545515
cross_stream,2,2,depth+color,-5,-5,3402,1786588055579068
cross_stream,2,2,depth+color,-4,-5,3506,1786588055612504
cross_stream,2,2,depth+color,-5,-5,3428,1786588055645925
cross_stream,2,2,depth+color,-5,-5,3396,1786588055679206
cross_stream,2,2,depth+color,-4,-4,3513,1786588055712533
cross_stream,2,2,depth+color,-5,-5,3180,1786588055745791
cross_stream,2,2,depth+color,-5,-5,3014,1786588055779077
cross_stream,2,2,depth+color,-5,-4,3515,1786588055812485
cross_stream,2,2,depth+color,-5,-5,3179,1786588055845829
cross_stream,2,2,depth+color,-5,-5,3564,1786588055879232
cross_stream,2,2,depth+color,-5,-5,3211,1786588055912535
cross_stream,2,2,depth+color,-5,-5,2715,1786588055945684
cross_stream,2,2,depth+color,-5,-5,3123,1786588055979061
cross_stream,2,2,depth+color,-5,-5,2673,1786588056012135
cross_stream,2,2,depth+color,-5,-5,3105,1786588056045560
cross_stream,2,2,depth+color,-5,-5,3205,1786588056079158
cross_stream,2,2,depth+color,-5,-5,3124,1786588056112394
cross_stream,2,2,depth+color,-5,-5,2816,1786588056145542
cross_stream,2,2,depth+color,-4,-4,3492,1786588056179176
cross_stream,2,2,depth+color,-5,-5,3206,1786588056212537
cross_stream,2,2,depth+color,-5,-5,3126,1786588056245562
cross_stream,2,2,depth+color,-5,-4,2885,1786588056278963
cross_stream,2,2,depth+color,-5,-5,3599,1786588056312567
cross_stream,2,2,depth+color,-5,-5,3316,1786588056345809
cross_stream,2,2,depth+color,-5,-5,3418,1786588056379110
cross_stream,2,2,depth+color,-5,-5,36667,1786588056412359
cross_stream,2,2,depth+color,-5,-5,3259,1786588056445782
cross_stream,2,2,depth+color,-5,-5,3351,1786588056479007
cross_stream,2,2,depth+color,-5,-5,2843,1786588056512222
cross_stream,2,2,depth+color,-5,-5,3508,1786588056545834
cross_stream,2,2,depth+color,-5,-5,3306,1786588056579138
cross_stream,2,2,depth+color,-5,-5,3292,1786588056612459
cross_stream,2,2,depth+color,-5,-5,3433,1786588056645821
cross_stream,2,2,depth+color,-5,-5,2768,1786588056678852
cross_stream,2,2,depth+color,-5,-5,3532,1786588056712502
cross_stream,2,2,depth+color,-5,-5,3257,1786588056745712
cross_stream,2,2,depth+color,-5,-5,3472,1786588056779104
cross_stream,2,2,depth+color,-5,-5,3319,1786588056812395
cross_stream,2,2,depth+color,-5,-6,3514,1786588056845797
cross_stream,2,2,depth+color,-4,-4,3467,1786588056879106
cross_stream,2,2,depth+color,-5,-6,3340,1786588056912458
cross_stream,2,2,depth+color,-5,-5,3415,1786588056945770
cross_stream,2,2,depth+color,-5,-5,3464,1786588056979095
cross_stream,2,2,depth+color,-5,-5,3516,1786588057012463
cross_stream,2,2,depth+color,-5,-5,3296,1786588057045815
cross_stream,2,2,depth+color,-5,-5,3295,1786588057079022
cross_stream,2,2,depth+color,-5,-5,3380,1786588057112438
cross_stream,2,2,depth+color,-5,-5,2902,1786588057145747
cross_stream,2,2,depth+color,-5,-4,3409,1786588057179026
cross_stream,2,2,depth+color,-5,-5,3345,1786588057212466
cross_stream,2,2,depth+color,-5,-5,2728,1786588057245569
cross_stream,2,2,depth+color,-5,-5,2969,1786588057278887
cross_stream,2,2,depth+color,-5,-6,3462,1786588057312452
cross_stream,2,2,depth+color,-5,-5,3637,1786588057345981
cross_stream,2,2,depth+color,-5,-5,3568,1786588057379276
cross_stream,2,2,depth+color,-5,-5,3265,1786588057412436
cross_stream,2,2,depth+color,-4,-4,3216,1786588057445769
cross_stream,2,2,depth+color,-5,-4,3429,1786588057479126
cross_stream,2,2,depth+color,-5,-5,3408,1786588057512467
cross_stream,2,2,depth+color,-5,-5,2793,1786588057545538
cross_stream,2,2,depth+color,-4,-4,3258,1786588057579102
cross_stream,2,2,depth+color,-5,-5,3275,1786588057612451
cross_stream,2,2,depth+color,-5,-5,3490,1786588057645822
cross_stream,2,2,depth+color,-4,-4,3326,1786588057678909
cross_stream,2,2,depth+color,-5,-5,3280,1786588057712275
cross_stream,2,2,depth+color,-5,-5,2861,1786588057745606
cross_stream,2,2,depth+color,-5,-5,3543,1786588057779309
cross_stream,2,2,depth+color,-5,-5,3574,1786588057812558
cross_stream,2,2,depth+color,-13,-12,3304,1786588057879181
cross_stream,2,2,depth+color,-12,-12,3680,1786588057912666
cross_stream,2,2,depth+color,-12,-12,2871,1786588057945632
cross_stream,2,2,depth+color,24,24,3487,1786588057979283
cross_stream,2,2,depth+color,24,24,2656,1786588058012448
cross_stream,2,2,depth+color,-21,-21,2847,1786588058045887
cross_stream,2,2,depth+color,-21,-21,2800,1786588058079069
cross_stream,2,2,depth+color,-21,-21,2649,1786588058112410
cross_stream,2,2,depth+color,-21,-21,3250,1786588058145820
cross_stream,2,2,depth+color,-21,-21,2716,1786588058178976
cross_stream,2,2,depth+color,-21,-21,3260,1786588058212599
cross_stream,2,2,depth+color,-20,-20,2880,1786588058245500
cross_stream,2,2,depth+color,-21,-21,2498,1786588058279120
cross_stream,2,2,depth+color,-21,-21,3509,1786588058312507
cross_stream,2,2,depth+color,-21,-21,3286,1786588058345842
cross_stream,2,2,depth+color,-21,-21,2675,1786588058378819
cross_stream,2,2,depth+color,-20,-20,3274,1786588058412481
cross_stream,2,2,depth+color,-21,-21,3465,1786588058445865
cross_stream,2,2,depth+color,-21,-21,3524,1786588058479299
cross_stream,2,2,depth+color,-21,-21,2675,1786588058512220
cross_stream,2,2,depth+color,-21,-21,3582,1786588058545850
cross_stream,2,2,depth+color,-21,-21,3106,1786588058579209
cross_stream,2,2,depth+color,-21,-21,3488,1786588058612596
cross_stream,2,2,depth+color,-21,-21,3522,1786588058645862
cross_stream,2,2,depth+color,-21,-21,3479,1786588058679148
cross_stream,2,2,depth+color,-20,-20,3449,1786588058712494
cross_stream,2,2,depth+color,-21,-21,3296,1786588058745712
cross_stream,2,2,depth+color,-21,-21,3556,1786588058779197
cross_stream,2,2,depth+color,-21,-21,3382,1786588058812533
cross_stream,2,2,depth+color,-21,-21,36324,1786588058845475
cross_stream,2,2,depth+color,-21,-21,3506,1786588058879166
cross_stream,2,2,depth+color,-21,-21,3276,1786588058912492
cross_stream,2,2,depth+color,-21,-21,2927,1786588058945738
cross_stream,2,2,depth+color,-21,-21,3409,1786588058979137
cross_stream,2,2,depth+color,-21,-21,3477,1786588059012563
cross_stream,2,2,depth+color,-21,-21,3453,1786588059045744
cross_stream,2,2,depth+color,-21,-21,2835,1786588059079044
cross_stream,2,2,depth+color,-20,-20,2787,1786588059112178
cross_stream,2,2,depth+color,-21,-21,2809,1786588059145690
cross_stream,2,2,depth+color,-21,-21,3334,1786588059179198
cross_stream,2,2,depth+color,-20,-20,3476,1786588059212562
cross_stream,2,2,depth+color,-21,-21,2744,1786588059245505
cross_stream,2,2,depth+color,-21,-21,3223,1786588059279236
cross_stream,2,2,depth+color,-21,-21,3085,1786588059312506
cross_stream,2,2,depth+color,-21,-21,3234,1786588059345859
cross_stream,2,2,depth+color,-21,-21,3244,1786588059379187
cross_stream,2,2,depth+color,-21,-21,3414,1786588059412642
cross_stream,2,2,depth+color,-21,-21,3200,1786588059445808
cross_stream,2,2,depth+color,-21,-21,3079,1786588059479190
cross_stream,2,2,depth+color,-21,-21,3482,1786588059512733
cross_stream,2,2,depth+color,-21,-21,3461,1786588059545833
cross_stream,2,2,depth+color,-21,-21,2879,1786588059579139
cross_stream,2,2,depth+color,-21,-21,3041,1786588059612492
cross_stream,2,2,depth+color,-21,-21,3278,1786588059645835
cross_stream,2,2,depth+color,-21,-21,3085,1786588059679278
cross_stream,2,2,depth+color,-21,-21,3015,1786588059712574
cross_stream,2,2,depth+color,-21,-21,2716,1786588059745608
cross_stream,2,2,depth+color,-21,-21,2653,1786588059778781
cross_stream,2,2,depth+color,-21,-21,3118,1786588059812604
cross_stream,2,2,depth+color,-21,-21,2961,1786588059845819
cross_stream,2,2,depth+color,-21,-21,2742,1786588059878838
cross_stream,2,2,depth+color,-21,-21,3048,1786588059912514
cross_stream,2,2,depth+color,-21,-21,3326,1786588059946236
cross_stream,2,2,depth+color,-20,-20,3158,1786588059979174
cross_stream,2,2,depth+color,-21,-21,2792,1786588060012460
cross_stream,2,2,depth+color,-21,-21,3083,1786588060045863
cross_stream,2,2,depth+color,-21,-21,3294,1786588060079129
cross_stream,2,2,depth+color,-21,-21,3121,1786588060112599
cross_stream,2,2,depth+color,-21,-21,3176,1786588060145577
cross_stream,2,2,depth+color,-21,-21,2934,1786588060179144
cross_stream,2,2,depth+color,-21,-21,3173,1786588060212499
cross_stream,2,2,depth+color,-21,-21,3361,1786588060245670
cross_stream,2,2,depth+color,-21,-21,3431,1786588060279015
cross_stream,2,2,depth+color,-20,-20,3651,1786588060313060
cross_stream,2,2,depth+color,-21,-21,3377,1786588060346011
cross_stream,2,2,depth+color,-21,-21,3847,1786588060379437
cross_stream,2,2,depth+color,-20,-20,3093,1786588060412540
cross_stream,2,2,depth+color,-21,-21,3214,1786588060445960
cross_stream,2,2,depth+color,-21,-21,3343,1786588060479449
cross_stream,2,2,depth+color,-21,-21,2866,1786588060512199
cross_device,0,1,depth,-643,-900,400,1786588039280985
cross_device,0,1,depth,-644,-903,-60,1786588039314038
cross_device,0,1,depth,-643,-904,145,1786588039347506
cross_device,0,1,depth,-643,-904,33200,1786588039380561
cross_device,0,1,depth,-644,-910,-197,1786588039414015
cross_device,0,1,depth,-644,-911,-38,1786588039447310
cross_device,0,1,depth,-644,-914,149,1786588039480858
cross_device,0,1,depth,-644,-915,-71,1786588039514139
cross_device,0,1,depth,-644,-917,-171,1786588039547320
cross_device,0,1,depth,-644,-920,154,1786588039580829
cross_device,0,1,depth,-645,-923,310,1786588039614326
cross_device,0,1,depth,-644,-923,-182,1786588039647350
cross_device,0,1,depth,-644,-926,464,1786588039680912
cross_device,0,1,depth,-644,-928,233,1786588039713995
cross_device,0,1,depth,-645,-934,85,1786588039780788
cross_device,0,1,depth,-644,-934,-319,1786588039813642
cross_device,0,1,depth,-644,-936,152,1786588039847321
cross_device,0,1,depth,-645,-940,224,1786588039880622
cross_device,0,1,depth,-645,-941,117,1786588039914257
cross_device,0,1,depth,-645,-943,291,1786588039947850
cross_device,0,1,depth,-645,-946,440,1786588039980825
cross_device,0,1,depth,-645,-947,415,1786588040014144
cross_device,0,1,depth,-645,-950,86,1786588040047173
cross_device,0,1,depth,-646,-953,252,1786588040080768
cross_device,0,1,depth,-645,-954,128,1786588040114306
cross_device,0,1,depth,-646,-957,351,1786588040147508
cross_device,0,1,depth,-646,-959,83,1786588040180776
cross_device,0,1,depth,-645,-960,141,1786588040213866
cross_device,0,1,depth,-646,-963,-125,1786588040247379
cross_device,0,1,depth,-646,-965,291,1786588040280690
cross_device,0,1,depth,-646,-967,164,1786588040313954
cross_device,0,1,depth,-646,-969,304,1786588040347368
cross_device,0,1,depth,-646,-972,313,1786588040380712
cross_device,0,1,depth,-646,-973,539,1786588040414274
cross_device,0,1,depth,-646,-976,276,1786588040447366
cross_device,0,1,depth,-646,-978,-221,1786588040480447
cross_device,0,1,depth,-647,-980,124,1786588040514203
cross_device,0,1,depth,-646,-982,-230,1786588040548344
cross_device,0,1,depth,-647,-642,99,1786588040580469
cross_device,0,1,depth,-646,-640,257,1786588040613973
cross_device,0,1,depth,-646,-641,260,1786588040647308
cross_device,0,1,depth,-647,-642,248,1786588040680668
cross_device,0,1,depth,-647,-642,344,1786588040714073
cross_device,0,1,depth,-646,-641,140,1786588040747489
cross_device,0,1,depth,-647,-643,324,1786588040780738
cross_device,0,1,depth,-653,-648,-22,1786588040814158
cross_device,0,1,depth,-647,-642,372,1786588040847466
cross_device,0,1,depth,-647,-642,120,1786588040880798
cross_device,0,1,depth,-651,-646,256,1786588040914072
cross_device,0,1,depth,-647,-643,324,1786588040947416
cross_device,0,1,depth,-648,-643,49,1786588040980538
cross_device,0,1,depth,-649,-644,437,1786588041014183
cross_device,0,1,depth,-648,-644,107,1786588041047491
cross_device,0,1,depth,-648,-643,330,1786588041080722
cross_device,0,1,depth,-648,-644,345,1786588041114076
cross_device,0,1,depth,-647,-642,294,1786588041147369
cross_device,0,1,depth,-647,-643,324,1786588041180714
cross_device,0,1,depth,-653,-649,227,1786588041213995
cross_device,0,1,depth,-648,-644,-41,1786588041247235
cross_device,0,1,depth,-648,-644,225,1786588041280663
cross_device,0,1,depth,-657,-652,-68,1786588041313886
cross_device,0,1,depth,-649,-645,151,1786588041347342
cross_device,0,1,depth,-649,-645,311,1786588041380743
cross_device,0,1,depth,-656,-652,285,1786588041414008
cross_device,0,1,depth,-648,-644,280,1786588041447400
cross_device,0,1,depth,-649,-646,217,1786588041480674
cross_device,0,1,depth,-649,-645,423,1786588041514158
cross_device,0,1,depth,-648,-644,175,1786588041547257
cross_device,0,1,depth,-649,-523,532,1786588041580879
cross_device,0,1,depth,-651,-525,214,1786588041613983
cross_device,0,1,depth,-649,-522,280,1786588041647363
cross_device,0,1,depth,-649,-521,457,1786588041680854
cross_device,0,1,depth,-653,-525,17,1786588041714010
cross_device,0,1,depth,-649,-520,-141,1786588041747330
cross_device,0,1,depth,-650,-521,298,1786588041780666
cross_device,0,1,depth,-659,-530,136,1786588041814038
cross_device,0,1,depth,-649,-519,243,1786588041847340
cross_device,0,1,depth,-650,-520,-20,1786588041880843
cross_device,0,1,depth,-653,-522,247,1786588041914004
cross_device,0,1,depth,-650,-518,256,1786588041947289
cross_device,0,1,depth,-649,-518,234,1786588041980677
cross_device,0,1,depth,-653,-521,290,1786588042014163
cross_device,0,1,depth,-650,-517,9,1786588042047557
cross_device,0,1,depth,-650,-517,11,1786588042080863
cross_device,0,1,depth,-660,-526,471,1786588042114179
cross_device,0,1,depth,-650,-516,320,1786588042147343
cross_device,0,1,depth,-650,-515,279,1786588042180672
cross_device,0,1,depth,-654,-519,170,1786588042213933
cross_device,0,1,depth,-650,-514,-380,1786588042247627
cross_device,0,1,depth,-650,-514,228,1786588042280597
cross_device,0,1,depth,-651,-515,-32,1786588042314145
cross_device,0,1,depth,-651,-514,242,1786588042347383
cross_device,0,1,depth,-651,-513,89,1786588042380496
cross_device,0,1,depth,-650,-512,445,1786588042414204
cross_device,0,1,depth,-651,-513,284,1786588042447377
cross_device,0,1,depth,-651,-512,110,1786588042480616
cross_device,0,1,depth,-654,-515,309,1786588042513996
cross_device,0,1,depth,-651,-511,58,1786588042547625
cross_device,0,1,depth,-651,-450,294,1786588042580710
cross_device,0,1,depth,-661,-459,196,1786588042614450
cross_device,0,1,depth,-652,-449,336,1786588042647400
cross_device,0,1,depth,-651,-448,296,1786588042680709
cross_device,0,1,depth,-651,-448,469,1786588042714208
cross_device,0,1,depth,-652,-448,509,1786588042747609
cross_device,0,1,depth,-652,-447,260,1786588042780673
cross_device,0,1,depth,-661,-455,466,1786588042814237
cross_device,0,1,depth,-651,-444,183,1786588042847482
cross_device,0,1,depth,-651,-444,-111,1786588042880899
cross_device,0,1,depth,-662,-453,-50,1786588042913954
cross_device,0,1,depth,-652,-443,317,1786588042947511
cross_device,0,1,depth,-652,-442,-328,1786588042980881
cross_device,0,1,depth,-652,-442,504,1786588043014368
cross_device,0,1,depth,-652,-441,349,1786588043047982
cross_device,0,1,depth,-652,-440,283,1786588043081127
cross_device,0,1,depth,-653,-440,214,1786588043114225
cross_device,0,1,depth,-652,-438,186,1786588043147568
cross_device,0,1,depth,-653,-439,69,1786588043180742
cross_device,0,1,depth,-653,-439,484,1786588043214243
cross_device,0,1,depth,-653,-437,300,1786588043247769
cross_device,0,1,depth,-652,-435,231,1786588043280900
cross_device,0,1,depth,-653,-436,-41,1786588043314135
cross_device,0,1,depth,-653,-435,133,1786588043347356
cross_device,0,1,depth,-653,-434,349,1786588043380718
cross_device,0,1,depth,-660,-440,182,1786588043414195
cross_device,0,1,depth,-653,-433,85,1786588043447541
cross_device,0,1,depth,-654,-433,197,1786588043480879
cross_device,0,1,depth,-653,-432,204,1786588043514236
cross_device,0,1,depth,-653,-430,-56,1786588043547104
cross_device,0,1,depth,-654,-56,336,1786588043581065
cross_device,0,1,depth,-653,-54,-49,1786588043614185
cross_device,0,1,depth,-653,-51,14,1786588043647358
cross_device,0,1,depth,-654,-49,-142,1786588043680738
cross_device,0,1,depth,-654,-46,-82,1786588043713754
cross_device,0,1,depth,-654,-46,33466,1786588043747302
cross_device,0,1,depth,-654,-42,-49,1786588043780643
cross_device,0,1,depth,-654,-39,-10,1786588043814012
cross_device,0,1,depth,-654,-36,31,1786588043847376
cross_device,0,1,depth,-654,-33,82,1786588043880741
cross_device,0,1,depth,-654,-30,317,1786588043914216
cross_device,0,1,depth,-654,-29,17,1786588043947371
cross_device,0,1,depth,-655,-27,60,1786588043980710
cross_device,0,1,depth,-655,-24,-31,1786588044013993
cross_device,0,1,depth,-654,-20,125,1786588044047562
cross_device,0,1,depth,-655,-18,-7,1786588044080695
cross_device,0,1,depth,-655,-16,22,1786588044114035
cross_device,0,1,depth,-655,-13,54,1786588044147395
cross_device,0,1,depth,-655,-11,135,1786588044180700
cross_device,0,1,depth,-655,-8,-40,1786588044213995
cross_device,0,1,depth,-655,-5,81,1786588044247684
cross_device,0,1,depth,-655,-2,38,1786588044280884
cross_device,0,1,depth,-655,-1,143,1786588044313975
cross_device,0,1,depth,-655,2,-49,1786588044347341
cross_device,0,1,depth,-655,5,239,1786588044380556
cross_device,0,1,depth,-655,8,248,1786588044414410
cross_device,0,1,depth,-656,8,8,1786588044447376
cross_device,0,1,depth,-656,11,229,1786588044480731
cross_device,0,1,depth,-655,15,-2,1786588044514030
cross_device,0,1,depth,-656,17,120,1786588044547365
cross_device,0,1,depth,-656,-113,24,1786588044580762
cross_device,0,1,depth,-656,-111,67,1786588044614285
cross_device,0,1,depth,-656,-109,-9,1786588044647332
cross_device,0,1,depth,-656,-107,42,1786588044680725
cross_device,0,1,depth,-656,-105,259,1786588044714265
cross_device,0,1,depth,-656,-103,231,1786588044747558
cross_device,0,1,depth,-656,-102,126,1786588044780497
cross_device,0,1,depth,-656,-100,-150,1786588044814139
cross_device,0,1,depth,-656,-98,-61,1786588044847521
cross_device,0,1,depth,-657,-96,-139,1786588044880523
cross_device,0,1,depth,-657,-95,301,1786588044914117
cross_device,0,1,depth,-657,-92,78,1786588044947420
cross_device,0,1,depth,-657,-91,132,1786588044980843
cross_device,0,1,depth,-657,-89,174,1786588045014206
cross_device,0,1,depth,-657,-86,200,1786588045047607
cross_device,0,1,depth,-657,-85,78,1786588045080742
cross_device,0,1,depth,-657,-85,33461,1786588045114125
cross_device,0,1,depth,-657,-81,273,1786588045147593
cross_device,0,1,depth,-657,-78,182,1786588045180868
cross_device,0,1,depth,-657,-76,131,1786588045214167
cross_device,0,1,depth,-658,-76,73,1786588045247410
cross_device,0,1,depth,-657,-73,432,1786588045281140
cross_device,0,1,depth,-658,-72,193,1786588045314175
cross_device,0,1,depth,-658,-70,220,1786588045347580
cross_device,0,1,depth,-658,-68,120,1786588045380892
cross_device,0,1,depth,-658,-65,238,1786588045414205
cross_device,0,1,depth,-658,-64,73,1786588045447492
cross_device,0,1,depth,-658,-61,-166,1786588045480600
cross_device,0,1,depth,-658,-59,149,1786588045514164
cross_device,0,1,depth,-659,-58,186,1786588045547518
cross_device,0,1,depth,-659,-58,33483,1786588045580815
cross_device,0,1,depth,-659,-132,156,1786588045614188
cross_device,0,1,depth,-658,-129,204,1786588045647542
cross_device,0,1,depth,-658,-127,53,1786588045680789
cross_device,0,1,depth,-659,-127,197,1786588045714162
cross_device,0,1,depth,-659,-125,168,1786588045747473
cross_device,0,1,depth,-658,-122,146,1786588045780809
cross_device,0,1,depth,-658,-121,107,1786588045814133
cross_device,0,1,depth,-659,-120,-80,1786588045847485
cross_device,0,1,depth,-658,-118,119,1786588045880521
cross_device,0,1,depth,-658,-118,33737,1786588045914139
cross_device,0,1,depth,-659,-115,-14,1786588045947207
cross_device,0,1,depth,-659,-113,42,1786588045980828
cross_device,0,1,depth,-659,-111,47,1786588046014328
cross_device,0,1,depth,-659,-110,-89,1786588046047356
cross_device,0,1,depth,-659,-109,-36,1786588046080863
cross_device,0,1,depth,-660,-108,22,1786588046114198
cross_device,0,1,depth,-659,-104,0,1786588046147490
cross_device,0,1,depth,-660,-104,-88,1786588046180631
cross_device,0,1,depth,-659,-101,-88,1786588046214029
cross_device,0,1,depth,-660,-101,-260,1786588046247227
cross_device,0,1,depth,-660,-99,51,1786588046280749
cross_device,0,1,depth,-660,-98,14,1786588046314011
cross_device,0,1,depth,-660,-96,-18,1786588046347390
cross_device,0,1,depth,-660,-94,409,1786588046380844
cross_device,0,1,depth,-660,-92,-12,1786588046414012
cross_device,0,1,depth,-661,-92,187,1786588046447446
cross_device,0,1,depth,-660,-89,-185,1786588046480546
cross_device,0,1,depth,-661,-89,-11,1786588046514060
cross_device,0,1,depth,-660,-86,-47,1786588046547329
cross_device,0,1,depth,-661,-85,70,1786588046580673
cross_device,0,1,depth,-661,-83,293,1786588046614180
cross_device,0,1,depth,-661,-81,-16,1786588046647343
cross_device,0,1,depth,-661,-80,-51,1786588046680648
cross_device,0,1,depth,-661,-78,-11,1786588046714227
cross_device,0,1,depth,-661,-77,-5,1786588046747490
cross_device,0,1,depth,-661,-75,-122,1786588046780712
cross_device,0,1,depth,-661,-73,442,1786588046814361
cross_device,0,1,depth,-662,-72,39,1786588046847365
cross_device,0,1,depth,-662,-71,-39,1786588046880727
cross_device,0,1,depth,-661,-68,-149,1786588046913964
cross_device,0,1,depth,-662,-67,-508,1786588046947422
cross_device,0,1,depth,-661,-65,404,1786588046980721
cross_device,0,1,depth,-662,-64,225,1786588047014013
cross_device,0,1,depth,-662,-62,-363,1786588047047265
cross_device,0,1,depth,-661,-59,343,1786588047080752
cross_device,0,1,depth,-661,-58,293,1786588047114152
cross_device,0,1,depth,-662,-57,526,1786588047147730
cross_device,0,1,depth,-662,-56,298,1786588047180685
cross_device,0,1,depth,-660,-52,243,1786588047214004
cross_device,0,1,depth,-662,-52,543,1786588047247654
cross_device,0,1,depth,-662,-50,474,1786588047280885
cross_device,0,1,depth,-663,-50,473,1786588047314232
cross_device,0,1,depth,-662,-47,473,1786588047347771
cross_device,0,1,depth,-662,-46,442,1786588047380897
cross_device,0,1,depth,-663,-45,-11,1786588047414054
cross_device,0,1,depth,-663,-44,97,1786588047447427
cross_device,0,1,depth,-663,-41,29,1786588047480763
cross_device,0,1,depth,-663,-39,196,1786588047514514
cross_device,0,1,depth,-663,-38,120,1786588047547514
cross_device,0,1,depth,-663,-36,243,1786588047580945
cross_device,0,1,depth,-663,-35,199,1786588047614386
cross_device,0,1,depth,-663,-32,-48,1786588047647364
cross_device,0,1,depth,-663,-31,124,1786588047680842
cross_device,0,1,depth,-663,-29,-51,1786588047713986
cross_device,0,1,depth,-663,-28,223,1786588047747700
cross_device,0,1,depth,-663,-26,26,1786588047780939
cross_device,0,1,depth,-663,-24,163,1786588047814179
cross_device,0,1,depth,-664,-24,180,1786588047847432
cross_device,0,1,depth,-663,-20,-37,1786588047880691
cross_device,0,1,depth,-664,-21,-56,1786588047913899
cross_device,0,1,depth,-664,-18,258,1786588047947593
cross_device,0,1,depth,-664,-17,72,1786588047980883
cross_device,0,1,depth,-664,-15,223,1786588048014506
cross_device,0,1,depth,-664,-14,60,1786588048047417
cross_device,0,1,depth,-664,-12,103,1786588048080797
cross_device,0,1,depth,-664,-10,39,1786588048114104
cross_device,0,1,depth,-664,-8,-11,1786588048147401
cross_device,0,1,depth,-665,-8,-38,1786588048180744
cross_device,0,1,depth,-664,-5,-30,1786588048214034
cross_device,0,1,depth,-664,-4,76,1786588048247450
cross_device,0,1,depth,-665,-3,236,1786588048280671
cross_device,0,1,depth,-665,0,-288,1786588048313954
cross_device,0,1,depth,-664,2,-469,1786588048347485
cross_device,0,1,depth,-665,2,63,1786588048380942
cross_device,0,1,depth,-665,4,-26,1786588048414056
cross_device,0,1,depth,-665,6,-143,1786588048447367
cross_device,0,1,depth,-665,7,177,1786588048480567
cross_device,0,1,depth,-665,9,163,1786588048514013
cross_device,0,1,depth,-665,10,1,1786588048547388
cross_device,0,1,depth,-665,12,42,1786588048580799
cross_device,0,1,depth,-665,14,74,1786588048614108
cross_device,0,1,depth,-666,15,35,1786588048647354
cross_device,0,1,depth,-666,16,-16,1786588048680873
cross_device,0,1,depth,-666,18,-14,1786588048713997
cross_device,0,1,depth,-665,20,-24,1786588048747359
cross_device,0,1,depth,-666,22,-5,1786588048780729
cross_device,0,1,depth,-666,23,17,1786588048814006
cross_device,0,1,depth,-666,25,83,1786588048847431
cross_device,0,1,depth,-666,27,318,1786588048880671
cross_device,0,1,depth,-666,28,86,1786588048914141
cross_device,0,1,depth,-666,30,120,1786588048947596
cross_device,0,1,depth,-666,32,165,1786588048980660
cross_device,0,1,depth,-667,33,15,1786588049013940
cross_device,0,1,depth,-666,35,-42,1786588049047313
cross_device,0,1,depth,-667,36,10,1786588049080742
cross_device,0,1,depth,-667,37,257,1786588049114115
cross_device,0,1,depth,-667,39,165,1786588049147517
cross_device,0,1,depth,-666,41,-54,1786588049180661
cross_device,0,1,depth,-667,42,8,1786588049214026
cross_device,0,1,depth,-667,44,228,1786588049247576
cross_device,0,1,depth,-667,46,131,1786588049280866
cross_device,0,1,depth,-667,48,216,1786588049314187
cross_device,0,1,depth,-667,49,72,1786588049347558
cross_device,0,1,depth,-668,50,22,1786588049380858
cross_device,0,1,depth,-667,52,69,1786588049414240
cross_device,0,1,depth,-667,55,144,1786588049447514
cross_device,0,1,depth,-667,56,34,1786588049480558
cross_device,0,1,depth,-667,58,113,1786588049514173
cross_device,0,1,depth,-668,58,26,1786588049547476
cross_device,0,1,depth,-668,60,280,1786588049580767
cross_device,0,1,depth,-668,61,37,1786588049614312
cross_device,0,1,depth,-668,63,-9,1786588049647419
cross_device,0,1,depth,-668,65,332,1786588049680770
cross_device,0,1,depth,-668,67,162,1786588049714430
cross_device,0,1,depth,-668,68,162,1786588049747357
cross_device,0,1,depth,-668,70,275,1786588049780712
cross_device,0,1,depth,-668,72,-33,1786588049814045
cross_device,0,1,depth,-668,73,144,1786588049847539
cross_device,0,1,depth,-668,75,44,1786588049880533
cross_device,0,1,depth,-668,77,88,1786588049913996
cross_device,0,1,depth,-668,79,238,1786588049947417
cross_device,0,1,depth,-669,79,246,1786588049980749
cross_device,0,1,depth,-668,82,262,1786588050013959
cross_device,0,1,depth,-668,83,-26,1786588050047404
cross_device,0,1,depth,-669,84,-94,1786588050080696
cross_device,0,1,depth,-669,87,2,1786588050114016
cross_device,0,1,depth,-669,88,5,1786588050147367
cross_device,0,1,depth,-669,90,-57,1786588050180703
cross_device,0,1,depth,-669,91,219,1786588050214256
cross_device,0,1,depth,-669,93,-25,1786588050247325
cross_device,0,1,depth,-669,94,23,1786588050280762
cross_device,0,1,depth,-669,96,13,1786588050314065
cross_device,0,1,depth,-670,97,61,1786588050347429
cross_device,0,1,depth,-669,100,12,1786588050380713
cross_device,0,1,depth,-669,101,-6,1786588050413991
cross_device,0,1,depth,-669,103,-4,1786588050447357
cross_device,0,1,depth,-670,103,27,1786588050480764
cross_device,0,1,depth,-669,106,271,1786588050514001
cross_device,0,1,depth,-670,108,-56,1786588050547476
cross_device,0,1,depth,-670,109,-58,1786588050580714
cross_device,0,1,depth,-670,110,252,1786588050614595
cross_device,0,1,depth,-670,112,4,1786588050647409
cross_device,0,1,depth,-671,113,119,1786588050680803
cross_device,0,1,depth,-671,114,22,1786588050714248
cross_device,0,1,depth,-670,117,-87,1786588050747436
cross_device,0,1,depth,-671,118,-25,1786588050780750
cross_device,0,1,depth,-671,120,113,1786588050814094
cross_device,0,1,depth,-670,122,258,1786588050847396
cross_device,0,1,depth,-671,123,-69,1786588050880699
cross_device,0,1,depth,-671,124,91,1786588050914072
cross_device,0,1,depth,-671,126,-7,1786588050947362
cross_device,0,1,depth,-671,128,43,1786588050980739
cross_device,0,1,depth,-670,131,8,1786588051013905
cross_device,0,1,depth,-671,131,234,1786588051047712
cross_device,0,1,depth,-672,132,-31,1786588051080695
cross_device,0,1,depth,-671,135,221,1786588051114261
cross_device,0,1,depth,-672,135,224,1786588051147611
cross_device,0,1,depth,-671,138,-191,1786588051180681
cross_device,0,1,depth,-672,138,-59,1786588051214000
cross_device,0,1,depth,-672,141,254,1786588051247511
cross_device,0,1,depth,-672,142,109,1786588051280566
cross_device,0,1,depth,-672,144,154,1786588051314186
cross_device,0,1,depth,-672,145,184,1786588051347552
cross_device,0,1,depth,-671,149,222,1786588051380913
cross_device,0,1,depth,-672,150,-84,1786588051413970
cross_device,0,1,depth,-672,151,-73,1786588051447324
cross_device,0,1,depth,-672,153,512,1786588051480930
cross_device,0,1,depth,-672,154,278,1786588051514014
cross_device,0,1,depth,-672,156,675,1786588051547917
cross_device,0,1,depth,-673,156,485,1786588051580951
cross_device,0,1,depth,-672,159,336,1786588051613991
cross_device,0,1,depth,-672,160,89,1786588051647609
cross_device,0,1,depth,-672,163,80,1786588051680761
cross_device,0,1,depth,-673,163,46,1786588051714048
cross_device,0,1,depth,-673,163,33685,1786588051747687
cross_device,0,1,depth,-672,167,44,1786588051780806
cross_device,0,1,depth,-672,169,23,1786588051814044
cross_device,0,1,depth,-673,170,-73,1786588051847427
cross_device,0,1,depth,-674,171,2,1786588051880729
cross_device,0,1,depth,-673,173,-42,1786588051913986
cross_device,0,1,depth,-673,175,29,1786588051947492
cross_device,0,1,depth,-673,177,-358,1786588051980815
cross_device,0,1,depth,-673,178,-67,1786588052014031
cross_device,0,1,depth,-674,179,-295,1786588052047191
cross_device,0,1,depth,-673,181,-117,1786588052080779
cross_device,0,1,depth,-673,184,356,1786588052114104
cross_device,0,1,depth,-674,184,361,1786588052147415
cross_device,0,1,depth,-674,186,313,1786588052180719
cross_device,0,1,depth,-674,188,282,1786588052213996
cross_device,0,1,depth,-674,189,26,1786588052247386
cross_device,0,1,depth,-674,192,-41,1786588052280804
cross_device,0,1,depth,-674,193,-38,1786588052313984
cross_device,0,1,depth,-675,193,-27,1786588052347341
cross_device,0,1,depth,-674,196,183,1786588052380853
cross_device,0,1,depth,-674,198,-14,1786588052414010
cross_device,0,1,depth,-674,199,172,1786588052447534
cross_device,0,1,depth,-675,200,43,1786588052480616
cross_device,0,1,depth,-675,202,-97,1786588052513823
cross_device,0,1,depth,-675,204,185,1786588052547491
cross_device,0,1,depth,-674,206,-20,1786588052580455
cross_device,0,1,depth,-675,207,-12,1786588052614024
cross_device,0,1,depth,-674,209,38,1786588052647483
cross_device,0,1,depth,-675,210,-78,1786588052680669
cross_device,0,1,depth,-675,212,65,1786588052714067
cross_device,0,1,depth,-675,214,13,1786588052747389
cross_device,0,1,depth,-675,215,22,1786588052780749
cross_device,0,1,depth,-675,217,-210,1786588052814007
cross_device,0,1,depth,-676,217,179,1786588052847522
cross_device,0,1,depth,-675,220,-207,1786588052880488
cross_device,0,1,depth,-675,222,-153,1786588052913866
cross_device,0,1,depth,-676,222,-80,1786588052947438
cross_device,0,1,depth,-676,225,9,1786588052980804
cross_device,0,1,depth,-676,226,8,1786588053014023
cross_device,0,1,depth,-676,228,147,1786588053047518
cross_device,0,1,depth,-676,232,229,1786588053114014
cross_device,0,1,depth,-676,233,232,1786588053147371
cross_device,0,1,depth,-676,235,-71,1786588053180628
cross_device,0,1,depth,-676,238,-154,1786588053247443
cross_device,0,1,depth,-677,239,-435,1786588053280488
cross_device,0,1,depth,-677,240,-255,1786588053313810
cross_device,0,1,depth,-677,242,-232,1786588053347141
cross_device,0,1,depth,-677,243,81,1786588053380513
cross_device,0,1,depth,-677,246,-143,1786588053413851
cross_device,0,1,depth,-676,248,-158,1786588053447163
cross_device,0,1,depth,-677,249,-222,1786588053480482
cross_device,0,1,depth,-677,250,-206,1786588053513799
cross_device,0,1,depth,-677,252,-371,1786588053547093
cross_device,0,1,depth,-677,253,142,1786588053580648
cross_device,0,1,depth,-678,255,-14,1786588053614086
cross_device,0,1,depth,-677,257,-330,1786588053647273
cross_device,0,1,depth,-677,259,-383,1786588053680736
cross_device,0,1,depth,-678,260,-221,1786588053713801
cross_device,0,1,depth,-678,261,85,1786588053747300
cross_device,0,1,depth,-678,262,79,1786588053780725
cross_device,0,1,depth,-678,265,44,1786588053813749
cross_device,0,1,depth,-678,267,-46,1786588053847336
cross_device,0,1,depth,-678,268,60,1786588053880404
cross_device,0,1,depth,-678,270,-85,1786588053913757
cross_device,0,1,depth,-678,271,-221,1786588053947135
cross_device,0,1,depth,-678,273,-248,1786588053980483
cross_device,0,1,depth,-678,274,-36,1786588054014078
cross_device,0,1,depth,-678,277,-211,1786588054047164
cross_device,0,1,depth,-679,277,72,1786588054080543
cross_device,0,1,depth,-678,280,-444,1786588054113815
cross_device,0,1,depth,-678,281,-42,1786588054147283
cross_device,0,1,depth,-679,282,-215,1786588054180489
cross_device,0,1,depth,-678,285,-276,1786588054213787
cross_device,0,1,depth,-678,286,346,1786588054247566
cross_device,0,1,depth,-679,287,-432,1786588054280499
cross_device,0,1,depth,-679,289,-264,1786588054313830
cross_device,0,1,depth,-678,292,-167,1786588054347163
cross_device,0,1,depth,-679,292,-181,1786588054380511
cross_device,0,1,depth,-679,294,63,1786588054413787
cross_device,0,1,depth,-679,296,-135,1786588054447171
cross_device,0,1,depth,-679,298,-223,1786588054480484
cross_device,0,1,depth,-680,298,528,1786588054514573
cross_device,0,1,depth,-679,301,70,1786588054547457
cross_device,0,1,depth,-679,303,-1,1786588054580746
cross_device,0,1,depth,-680,303,-3,1786588054613895
cross_device,0,1,depth,-679,305,-42,1786588054647592
cross_device,0,1,depth,-680,306,-18,1786588054680685
cross_device,0,1,depth,-679,309,-762,1786588054713878
cross_device,0,1,depth,-679,311,21,1786588054747503
cross_device,0,1,depth,-680,312,-137,1786588054780358
cross_device,0,1,depth,-680,313,-100,1786588054814073
cross_device,0,1,depth,-680,315,-28,1786588054847368
cross_device,0,1,depth,-680,316,0,1786588054880709
cross_device,0,1,depth,-680,318,-195,1786588054913922
cross_device,0,1,depth,-680,320,212,1786588054947558
cross_device,0,1,depth,-681,321,-22,1786588054980724
cross_device,0,1,depth,-681,322,50,1786588055014226
cross_device,0,1,depth,-680,325,-25,1786588055047160
cross_device,0,1,depth,-681,326,67,1786588055080690
cross_device,0,1,depth,-681,328,462,1786588055114525
cross_device,0,1,depth,-681,330,341,1786588055147482
cross_device,0,1,depth,-681,331,-169,1786588055180509
cross_device,0,1,depth,-681,333,-155,1786588055213850
cross_device,0,1,depth,-681,336,-106,1786588055280742
cross_device,0,1,depth,-681,337,-82,1786588055313997
cross_device,0,1,depth,-682,339,-28,1786588055347326
cross_device,0,1,depth,-682,340,-55,1786588055380654
cross_device,0,1,depth,-681,343,-17,1786588055413989
cross_device,0,1,depth,-682,343,-54,1786588055447369
cross_device,0,1,depth,-681,346,-209,1786588055480691
cross_device,0,1,depth,-682,346,39,1786588055513928
cross_device,0,1,depth,-682,348,-403,1786588055547040
cross_device,0,1,depth,-682,350,-1,1786588055580646
cross_device,0,1,depth,-682,118,-22,1786588055613809
cross_device,0,1,depth,-678,124,-346,1786588055680578
cross_device,0,1,depth,-682,121,-149,1786588055714019
cross_device,0,1,depth,-682,123,282,1786588055747314
cross_device,0,1,depth,-681,125,-349,1786588055780546
cross_device,0,1,depth,-682,125,-1,1786588055814020
cross_device,0,1,depth,-682,127,24,1786588055847349
cross_device,0,1,depth,-683,127,-221,1786588055880674
cross_device,0,1,depth,-682,129,65,1786588055913756
cross_device,0,1,depth,-683,129,-52,1786588055947449
cross_device,0,1,depth,-683,131,-238,1786588055980512
cross_device,0,1,depth,-683,131,-114,1786588056014062
cross_device,0,1,depth,-683,133,127,1786588056047371
cross_device,0,1,depth,-682,135,-159,1786588056080675
cross_device,0,1,depth,-683,136,-225,1786588056113944
cross_device,0,1,depth,-683,136,-304,1786588056146996
cross_device,0,1,depth,-683,138,149,1786588056180893
cross_device,0,1,depth,-683,140,-326,1786588056213763
cross_device,0,1,depth,-683,141,-159,1786588056247193
cross_device,0,1,depth,-684,140,-24,1786588056280855
cross_device,0,1,depth,-684,142,-72,1786588056313952
cross_device,0,1,depth,-684,142,-485,1786588056347097
cross_device,0,1,depth,-684,144,-173,1786588056380915
cross_device,0,1,depth,-683,146,110,1786588056414153
cross_device,0,1,depth,-684,147,61,1786588056447361
cross_device,0,1,depth,-684,147,-233,1786588056480471
cross_device,0,1,depth,-684,149,116,1786588056514236
cross_device,0,1,depth,-684,151,107,1786588056547433
cross_device,0,1,depth,-684,151,59,1786588056580493
cross_device,0,1,depth,-684,153,170,1786588056614178
cross_device,0,1,depth,-684,154,-165,1786588056647294
cross_device,0,1,depth,-685,154,-54,1786588056680665
cross_device,0,1,depth,-684,156,-286,1786588056713992
cross_device,0,1,depth,-684,159,-393,1786588056780733
cross_device,0,1,depth,-685,159,194,1786588056814199
cross_device,0,1,depth,-684,161,-65,1786588056847519
cross_device,0,1,depth,-684,163,-367,1786588056880677
cross_device,0,1,depth,-685,163,-259,1786588056913987
cross_device,0,1,depth,-685,164,-111,1786588056947356
cross_device,0,1,depth,-685,165,-332,1786588056980578
cross_device,0,1,depth,-685,167,190,1786588057014204
cross_device,0,1,depth,-685,167,226,1786588057047548
cross_device,0,1,depth,-686,168,26,1786588057080643
cross_device,0,1,depth,-685,170,26,1786588057114021
cross_device,0,1,depth,-685,171,-441,1786588057147336
cross_device,0,1,depth,-681,176,-217,1786588057180483
cross_device,0,1,depth,-686,173,215,1786588057214206
cross_device,0,1,depth,-686,174,34,1786588057247713
cross_device,0,1,depth,-685,176,54,1786588057280779
cross_device,0,1,depth,-686,176,-39,1786588057314055
cross_device,0,1,depth,-686,179,77,1786588057380854
cross_device,0,1,depth,-686,180,-58,1786588057414182
cross_device,0,1,depth,-686,181,140,1786588057447503
cross_device,0,1,depth,-683,186,-187,1786588057480716
cross_device,0,1,depth,-687,182,-134,1786588057514099
cross_device,0,1,depth,-686,185,-166,1786588057547116
cross_device,0,1,depth,-686,186,-138,1786588057580686
cross_device,0,1,depth,-686,188,-142,1786588057614030
cross_device,0,1,depth,-686,188,-54,1786588057647091
cross_device,0,1,depth,-687,189,-78,1786588057680684
cross_device,0,1,depth,-687,191,-37,1786588057713834
cross_device,0,1,depth,-687,191,-196,1786588057747030
cross_device,0,1,depth,-683,196,-531,1786588057780377
cross_device,0,1,depth,-688,193,-193,1786588057814020
cross_device,0,1,depth,-687,195,-280,1786588057847021
cross_device,0,1,depth,-685,198,278,1786588057880585
cross_device,0,1,depth,-687,198,-178,1786588057913887
cross_device,0,1,depth,-687,199,-66,1786588057947512
cross_device,0,1,depth,-680,207,-536,1786588057980556
cross_device,0,1,depth,-687,201,-16,1786588058014035
cross_device,0,1,depth,-688,202,42,1786588058047478
cross_device,0,1,depth,-683,208,250,1786588058080703
cross_device,0,1,depth,-687,205,69,1786588058114104
cross_device,0,1,depth,-688,205,101,1786588058147421
cross_device,0,1,depth,-683,212,27,1786588058180445
cross_device,0,1,depth,-688,207,43,1786588058214078
cross_device,0,1,depth,-688,209,-2,1786588058247133
cross_device,0,1,depth,-688,211,10,1786588058314036
cross_device,0,1,depth,-688,212,275,1786588058347646
cross_device,0,1,depth,-683,219,-37,1786588058380690
cross_device,0,1,depth,-688,215,-143,1786588058414052
cross_device,0,1,depth,-688,216,13,1786588058447579
cross_device,0,1,depth,-688,217,-79,1786588058480715
cross_device,0,1,depth,-689,218,35,1786588058514326
cross_device,0,1,depth,-689,218,22,1786588058547414
cross_device,0,1,depth,-689,220,-5,1786588058580654
cross_device,0,1,depth,-688,222,37,1786588058614247
cross_device,0,1,depth,-689,223,125,1786588058647512
cross_device,0,1,depth,-689,223,33163,1786588058680550
cross_device,0,1,depth,-689,225,-174,1786588058713857
cross_device,0,1,depth,-689,227,-226,1786588058747402
cross_device,0,1,depth,-689,227,33241,1786588058780869
cross_device,0,1,depth,-689,229,-210,1786588058814024
cross_device,0,1,depth,-689,230,-369,1786588058847103
cross_device,0,1,depth,-689,230,33074,1786588058880546
cross_device,0,1,depth,-689,232,-17,1786588058914033
cross_device,0,1,depth,-690,233,-25,1786588058947317
cross_device,0,1,depth,-690,234,-59,1786588058980684
cross_device,0,1,depth,-690,235,-31,1786588059014004
cross_device,0,1,depth,-690,236,-394,1786588059047214
cross_device,0,1,depth,-690,237,55,1786588059080937
cross_device,0,1,depth,-690,239,-183,1786588059114039
cross_device,0,1,depth,-690,240,367,1786588059147725
cross_device,0,1,depth,-690,240,33194,1786588059180552
cross_device,0,1,depth,-690,243,14,1786588059213756
cross_device,0,1,depth,-690,243,2,1786588059247500
cross_device,0,1,depth,-691,244,-434,1786588059280428
cross_device,0,1,depth,-691,245,-280,1786588059313790
cross_device,0,1,depth,-690,247,-299,1786588059347122
cross_device,0,1,depth,-691,247,-510,1786588059380389
cross_device,0,1,depth,-690,250,4,1786588059414014
cross_device,0,1,depth,-691,250,158,1786588059447700
cross_device,0,1,depth,-691,251,309,1786588059480725
cross_device,0,1,depth,-691,252,-26,1786588059513891
cross_device,0,1,depth,-691,254,-270,1786588059547098
cross_device,0,1,depth,-691,254,190,1786588059581040
cross_device,0,1,depth,-691,256,-304,1786588059613873
cross_device,0,1,depth,-691,259,-302,1786588059680605
cross_device,0,1,depth,-691,259,32877,1786588059713784
cross_device,0,1,depth,-692,260,364,1786588059747537
cross_device,0,1,depth,-691,262,77,1786588059780838
cross_device,0,1,depth,-691,264,-142,1786588059813928
cross_device,0,1,depth,-691,264,-39,1786588059847310
cross_device,0,1,depth,-692,265,-262,1786588059880455
cross_device,0,1,depth,-692,266,-88,1786588059913774
cross_device,0,1,depth,-692,268,-217,1786588059947154
cross_device,0,1,depth,-692,268,-394,1786588059980440
cross_device,0,1,depth,-692,270,62,1786588060013791
cross_device,0,1,depth,-693,269,-230,1786588060047141
cross_device,0,1,depth,-693,269,33123,1786588060080494
cross_device,0,1,depth,-693,272,-296,1786588060113791
cross_device,0,1,depth,-693,273,-184,1786588060147272
cross_device,0,1,depth,-692,276,-342,1786588060180439
cross_device,0,1,depth,-692,277,-301,1786588060213991
cross_device,0,1,depth,-693,278,200,1786588060247302
cross_device,0,1,depth,-693,279,-143,1786588060280556
cross_device,0,1,depth,-693,280,309,1786588060314266
cross_device,0,1,depth,-693,281,-207,1786588060347205
cross_device,0,1,depth,-693,282,-305,1786588060380441
cross_device,0,1,depth,-693,283,185,1786588060413959
cross_device,0,1,depth,-693,285,-127,1786588060447292
cross_device,0,1,depth,-694,285,-348,1786588060480465
cross_device,0,1,depth,-693,288,72,1786588060513942
cross_device,0,1,depth,-694,287,448,1786588060547409
cross_device,0,1,depth,-694,289,-235,1786588060580649
cross_device,0,1,depth,-694,289,-334,1786588060613844
cross_device,0,1,depth,-694,291,-94,1786588060647461
cross_device,0,1,depth,-694,294,-376,1786588060713667
cross_device,0,1,depth,-694,294,6,1786588060747710
cross_device,0,1,depth,-694,296,-139,1786588060780791
cross_device,0,2,depth,-4445,-599,-169052,1786588039880622
cross_device,0,2,depth,-4445,-597,-610938,1786588039914257
cross_device,0,2,depth,-4445,-596,-579726,1786588039947850
cross_device,0,2,depth,-4445,-595,-549103,1786588039980825
cross_device,0,2,depth,-4446,-595,-518041,1786588040014144
cross_device,0,2,depth,-4446,-595,-487299,1786588040047173
cross_device,0,2,depth,-4447,-595,-458216,1786588040080768
cross_device,0,2,depth,-4447,-593,-427008,1786588040114306
cross_device,0,2,depth,-4451,-585,2516,1786588040548344
cross_device,0,2,depth,-4452,788,1269,1786588040580469
cross_device,0,2,depth,-4452,-531,1246,1786588040613973
cross_device,0,2,depth,-4452,-532,1395,1786588040647308
cross_device,0,2,depth,-4453,-533,1664,1786588040680668
cross_device,0,2,depth,-4453,-533,1428,1786588040714073
cross_device,0,2,depth,-4453,-534,1972,1786588040747489
cross_device,0,2,depth,-4453,-535,1548,1786588040780738
cross_device,0,2,depth,-4460,-541,1677,1786588040814158
cross_device,0,2,depth,-4453,-535,1583,1786588040847466
cross_device,0,2,depth,-4454,-536,1560,1786588040880798
cross_device,0,2,depth,-4458,-541,1559,1786588040914072
cross_device,0,2,depth,-4455,-538,1518,1786588040947416
cross_device,0,2,depth,-4455,-538,1393,1786588040980538
cross_device,0,2,depth,-4457,-541,1796,1786588041014183
cross_device,0,2,depth,-4456,-540,1678,1786588041047491
cross_device,0,2,depth,-4456,-540,1505,1786588041080722
cross_device,0,2,depth,-4457,-542,1561,1786588041114076
cross_device,0,2,depth,-4456,-541,1484,1786588041147369
cross_device,0,2,depth,-4457,-542,1520,1786588041180714
cross_device,0,2,depth,-4463,-549,1578,1786588041213995
cross_device,0,2,depth,-4458,-544,1730,1786588041247235
cross_device,0,2,depth,-4458,-545,1670,1786588041280663
cross_device,0,2,depth,-4467,-553,1662,1786588041313886
cross_device,0,2,depth,-4459,-546,1170,1786588041347342
cross_device,0,2,depth,-4459,-547,1297,1786588041380743
cross_device,0,2,depth,-4467,-554,1231,1786588041414008
cross_device,0,2,depth,-4459,-547,1305,1786588041447400
cross_device,0,2,depth,-4460,-549,1255,1786588041480674
cross_device,0,2,depth,-4460,-549,1402,1786588041514158
cross_device,0,2,depth,-4460,-549,1435,1786588041547257
cross_device,0,2,depth,-4461,287,1858,1786588041580879
cross_device,0,2,depth,-4463,-460,1478,1786588041613983
cross_device,0,2,depth,-4462,-459,1528,1786588041647363
cross_device,0,2,depth,-4462,-460,1711,1786588041680854
cross_device,0,2,depth,-4466,-464,1387,1786588041714010
cross_device,0,2,depth,-4462,-460,1427,1786588041747330
cross_device,0,2,depth,-4463,-462,1340,1786588041780666
cross_device,0,2,depth,-4473,-473,1315,1786588041814038
cross_device,0,2,depth,-4463,-463,1186,1786588041847340
cross_device,0,2,depth,-4464,-464,1546,1786588041880843
cross_device,0,2,depth,-4467,-467,1276,1786588041914004
cross_device,0,2,depth,-4465,-466,1286,1786588041947289
cross_device,0,2,depth,-4464,-466,1276,1786588041980677
cross_device,0,2,depth,-4468,-470,1362,1786588042014163
cross_device,0,2,depth,-4466,-468,1406,1786588042047557
cross_device,0,2,depth,-4465,-467,1585,1786588042080863
cross_device,0,2,depth,-4476,-479,1529,1786588042114179
cross_device,0,2,depth,-4466,-469,1345,1786588042147343
cross_device,0,2,depth,-4466,-469,1227,1786588042180672
cross_device,0,2,depth,-4471,-475,1189,1786588042213933
cross_device,0,2,depth,-4467,-472,1714,1786588042247627
cross_device,0,2,depth,-4467,-472,1634,1786588042280597
cross_device,0,2,depth,-4468,-473,1696,1786588042314145
cross_device,0,2,depth,-4468,-474,1484,1786588042347383
cross_device,0,2,depth,-4469,-475,1248,1786588042380496
cross_device,0,2,depth,-4468,-475,1618,1786588042414204
cross_device,0,2,depth,-4469,-476,1421,1786588042447377
cross_device,0,2,depth,-4470,-477,1430,1786588042480616
cross_device,0,2,depth,-4472,-480,1542,1786588042513996
cross_device,0,2,depth,-4470,-478,1628,1786588042547625
cross_device,0,2,depth,-4470,-235,1427,1786588042580710
cross_device,0,2,depth,-4480,-387,1932,1786588042614450
cross_device,0,2,depth,-4471,-379,1468,1786588042647400
cross_device,0,2,depth,-4471,-379,1457,1786588042680709
cross_device,0,2,depth,-4471,-379,1607,1786588042714208
cross_device,0,2,depth,-4472,-380,1735,1786588042747609
cross_device,0,2,depth,-4473,-380,1277,1786588042780673
cross_device,0,2,depth,-4482,-389,1761,1786588042814237
cross_device,0,2,depth,-4472,-379,1804,1786588042847482
cross_device,0,2,depth,-4473,-380,2025,1786588042880899
cross_device,0,2,depth,-4483,-390,1590,1786588042913954
cross_device,0,2,depth,-4474,-381,1670,1786588042947511
cross_device,0,2,depth,-4474,-381,2038,1786588042980881
cross_device,0,2,depth,-4474,-381,1844,1786588043014368
cross_device,0,2,depth,-4475,-382,1973,1786588043047982
cross_device,0,2,depth,-4475,-381,1966,1786588043081127
cross_device,0,2,depth,-4475,-381,1749,1786588043114225
cross_device,0,2,depth,-4475,-382,1736,1786588043147568
cross_device,0,2,depth,-4476,-383,1568,1786588043180742
cross_device,0,2,depth,-4476,-383,1705,1786588043214243
cross_device,0,2,depth,-4477,-383,1992,1786588043247769
cross_device,0,2,depth,-4477,-383,1742,1786588043280900
cross_device,0,2,depth,-4477,-383,1719,1786588043314135
cross_device,0,2,depth,-4477,-383,1806,1786588043347356
cross_device,0,2,depth,-4478,-383,1702,1786588043380718
cross_device,0,2,depth,-4485,-390,1629,1786588043414195
cross_device,0,2,depth,-4478,-384,1657,1786588043447541
cross_device,0,2,depth,-4479,-385,2042,1786588043480879
cross_device,0,2,depth,-4479,-385,1777,1786588043514236
cross_device,0,2,depth,-4479,-384,777,1786588043547104
cross_device,0,2,depth,-4480,-64,2056,1786588043581065
cross_device,0,2,depth,-4480,-321,1436,1786588043614185
cross_device,0,2,depth,-4480,-320,1121,1786588043647358
cross_device,0,2,depth,-4481,-321,1289,1786588043680738
cross_device,0,2,depth,-4481,-320,1169,1786588043713754
cross_device,0,2,depth,-4481,-320,34717,1786588043747302
cross_device,0,2,depth,-4481,-320,1419,1786588043780643
cross_device,0,2,depth,-4481,-320,1358,1786588043814012
cross_device,0,2,depth,-4482,-320,1178,1786588043847376
cross_device,0,2,depth,-4482,-320,1556,1786588043880741
cross_device,0,2,depth,-4483,-320,1431,1786588043914216
cross_device,0,2,depth,-4483,-321,1256,1786588043947371
cross_device,0,2,depth,-4484,-321,1324,1786588043980710
cross_device,0,2,depth,-4484,-321,1321,1786588044013993
cross_device,0,2,depth,-4484,-320,1537,1786588044047562
cross_device,0,2,depth,-4484,-320,1283,1786588044080695
cross_device,0,2,depth,-4485,-321,1269,1786588044114035
cross_device,0,2,depth,-4485,-320,1300,1786588044147395
cross_device,0,2,depth,-4485,-320,1371,1786588044180700
cross_device,0,2,depth,-4485,-320,1502,1786588044213995
cross_device,0,2,depth,-4486,-321,2065,1786588044247684
cross_device,0,2,depth,-4486,-320,2066,1786588044280884
cross_device,0,2,depth,-4486,-321,1588,1786588044313975
cross_device,0,2,depth,-4487,-321,1533,1786588044347341
cross_device,0,2,depth,-4487,-321,1510,1786588044380556
cross_device,0,2,depth,-4487,-320,2159,1786588044414410
cross_device,0,2,depth,-4488,-322,1556,1786588044447376
cross_device,0,2,depth,-4488,-321,1883,1786588044480731
cross_device,0,2,depth,-4488,-321,1527,1786588044514030
cross_device,0,2,depth,-4488,-320,1504,1786588044547365
cross_device,0,2,depth,-4489,-282,1667,1786588044580762
cross_device,0,2,depth,-4490,-282,2095,1786588044614285
cross_device,0,2,depth,-4489,-201,1312,1786588044647332
cross_device,0,2,depth,-4490,-201,1565,1786588044680725
cross_device,0,2,depth,-4490,-200,1744,1786588044714265
cross_device,0,2,depth,-4490,-199,1689,1786588044747558
cross_device,0,2,depth,-4490,-199,1404,1786588044780497
cross_device,0,2,depth,-4491,-200,1947,1786588044814139
cross_device,0,2,depth,-4491,-199,1669,1786588044847521
cross_device,0,2,depth,-4492,-198,1559,1786588044880523
cross_device,0,2,depth,-4492,-198,1737,1786588044914117
cross_device,0,2,depth,-4493,-197,1575,1786588044947420
cross_device,0,2,depth,-4492,-196,1718,1786588044980843
cross_device,0,2,depth,-4493,-197,1721,1786588045014206
cross_device,0,2,depth,-4493,-195,1763,1786588045047607
cross_device,0,2,depth,-4494,-196,1728,1786588045080742
cross_device,0,2,depth,-4494,-196,35111,1786588045114125
cross_device,0,2,depth,-4494,-194,1790,1786588045147593
cross_device,0,2,depth,-4494,-192,1730,1786588045180868
cross_device,0,2,depth,-4494,-192,1664,1786588045214167
cross_device,0,2,depth,-4495,-193,1652,1786588045247410
cross_device,0,2,depth,-4495,-192,1829,1786588045281140
cross_device,0,2,depth,-4496,-192,1634,1786588045314175
cross_device,0,2,depth,-4496,-191,1774,1786588045347580
cross_device,0,2,depth,-4496,-190,1742,1786588045380892
cross_device,0,2,depth,-4497,-190,1746,1786588045414205
cross_device,0,2,depth,-4497,-189,1606,1786588045447492
cross_device,0,2,depth,-4498,-189,1785,1786588045480600
cross_device,0,2,depth,-4497,-188,1664,1786588045514164
cross_device,0,2,depth,-4499,-189,1680,1786588045547518
cross_device,0,2,depth,-4499,-189,34977,1786588045580815
cross_device,0,2,depth,-4499,-298,1670,1786588045614188
cross_device,0,2,depth,-4499,-377,1653,1786588045647542
cross_device,0,2,depth,-4499,-378,1652,1786588045680789
cross_device,0,2,depth,-4500,-379,1734,1786588045714162
cross_device,0,2,depth,-4500,-379,1710,1786588045747473
cross_device,0,2,depth,-4500,-378,1534,1786588045780809
cross_device,0,2,depth,-4500,-378,1583,1786588045814133
cross_device,0,2,depth,-4501,-379,1678,1786588045847485
cross_device,0,2,depth,-4501,-379,1491,1786588045880521
cross_device,0,2,depth,-4501,-379,35109,1786588045914139
cross_device,0,2,depth,-4502,-381,1355,1786588045947207
cross_device,0,2,depth,-4502,-380,1692,1786588045980828
cross_device,0,2,depth,-4502,-379,1607,1786588046014328
cross_device,0,2,depth,-4503,-381,1488,1786588046047356
cross_device,0,2,depth,-4503,-381,1620,1786588046080863
cross_device,0,2,depth,-4503,-381,1708,1786588046114198
cross_device,0,2,depth,-4503,-380,1668,1786588046147490
cross_device,0,2,depth,-4504,-382,1505,1786588046180631
cross_device,0,2,depth,-4504,-382,1518,1786588046214029
cross_device,0,2,depth,-4505,-383,1387,1786588046247227
cross_device,0,2,depth,-4505,-382,1583,1786588046280749
cross_device,0,2,depth,-4505,-383,1555,1786588046314011
cross_device,0,2,depth,-4505,-382,1526,1786588046347390
cross_device,0,2,depth,-4506,-384,1650,1786588046380844
cross_device,0,2,depth,-4506,-383,1516,1786588046414012
cross_device,0,2,depth,-4507,-385,1698,1786588046447446
cross_device,0,2,depth,-4506,-383,1551,1786588046480546
cross_device,0,2,depth,-4507,-385,1637,1786588046514060
cross_device,0,2,depth,-4507,-384,1481,1786588046547329
cross_device,0,2,depth,-4507,-384,1620,1786588046580673
cross_device,0,2,depth,-4508,-385,1699,1786588046614180
cross_device,0,2,depth,-4508,-385,1530,1786588046647343
cross_device,0,2,depth,-4509,-386,1511,1786588046680648
cross_device,0,2,depth,-4508,-385,1693,1786588046714227
cross_device,0,2,depth,-4509,-386,1654,1786588046747490
cross_device,0,2,depth,-4509,-386,1567,1786588046780712
cross_device,0,2,depth,-4509,-386,1822,1786588046814361
cross_device,0,2,depth,-4510,-387,1520,1786588046847365
cross_device,0,2,depth,-4511,-388,1579,1786588046880727
cross_device,0,2,depth,-4511,-387,1632,1786588046913964
cross_device,0,2,depth,-4511,-387,1795,1786588046947422
cross_device,0,2,depth,-4511,-387,1306,1786588046980721
cross_device,0,2,depth,-4511,-387,1578,1786588047014013
cross_device,0,2,depth,-4512,-389,1749,1786588047047265
cross_device,0,2,depth,-4512,-388,1539,1786588047080752
cross_device,0,2,depth,-4512,-389,1536,1786588047114152
cross_device,0,2,depth,-4513,-389,1909,1786588047147730
cross_device,0,2,depth,-4513,-389,1541,1786588047180685
cross_device,0,2,depth,-4511,-387,1456,1786588047214004
cross_device,0,2,depth,-4514,-390,1807,1786588047247654
cross_device,0,2,depth,-4514,-390,1680,1786588047280885
cross_device,0,2,depth,-4514,-390,1738,1786588047314232
cross_device,0,2,depth,-4514,-390,1929,1786588047347771
cross_device,0,2,depth,-4515,-391,1746,1786588047380897
cross_device,0,2,depth,-4515,-391,1569,1786588047414054
cross_device,0,2,depth,-4515,-391,1749,1786588047447427
cross_device,0,2,depth,-4516,-392,1790,1786588047480763
cross_device,0,2,depth,-4516,-391,2289,1786588047514514
cross_device,0,2,depth,-4516,-392,1708,1786588047547514
cross_device,0,2,depth,-4517,-392,1970,1786588047580945
cross_device,0,2,depth,-4517,-393,2288,1786588047614386
cross_device,0,2,depth,-4517,-392,1521,1786588047647364
cross_device,0,2,depth,-4518,-394,1678,1786588047680842
cross_device,0,2,depth,-4517,-392,1490,1786588047713986
cross_device,0,2,depth,-4518,-394,2200,1786588047747700
cross_device,0,2,depth,-4518,-393,2011,1786588047780939
cross_device,0,2,depth,-4518,-393,1681,1786588047814179
cross_device,0,2,depth,-4519,-394,1433,1786588047847432
cross_device,0,2,depth,-4519,-393,1655,1786588047880691
cross_device,0,2,depth,-4520,-395,1694,1786588047913899
cross_device,0,2,depth,-4520,-394,1753,1786588047947593
cross_device,0,2,depth,-4520,-395,2060,1786588047980883
cross_device,0,2,depth,-4521,-395,2271,1786588048014506
cross_device,0,2,depth,-4521,-396,1394,1786588048047417
cross_device,0,2,depth,-4521,-395,1638,1786588048080797
cross_device,0,2,depth,-4521,-396,1590,1786588048114104
cross_device,0,2,depth,-4521,-396,1415,1786588048147401
cross_device,0,2,depth,-4522,-397,1583,1786588048180744
cross_device,0,2,depth,-4522,-396,1380,1786588048214034
cross_device,0,2,depth,-4523,-398,1937,1786588048247450
cross_device,0,2,depth,-4524,-398,1680,1786588048280671
cross_device,0,2,depth,-4524,-398,1715,1786588048313954
cross_device,0,2,depth,-4523,-397,1805,1786588048347485
cross_device,0,2,depth,-4524,-399,2070,1786588048380942
cross_device,0,2,depth,-4524,-398,1539,1786588048414056
cross_device,0,2,depth,-4524,-398,1576,1786588048447367
cross_device,0,2,depth,-4525,-399,1531,1786588048480567
cross_device,0,2,depth,-4525,-399,1509,1786588048514013
cross_device,0,2,depth,-4525,-399,1562,1786588048547388
cross_device,0,2,depth,-4526,-400,1648,1786588048580799
cross_device,0,2,depth,-4526,-400,1628,1786588048614108
cross_device,0,2,depth,-4527,-401,1550,1786588048647354
cross_device,0,2,depth,-4527,-401,1585,1786588048680873
cross_device,0,2,depth,-4527,-400,1350,1786588048713997
cross_device,0,2,depth,-4527,-401,1547,1786588048747359
cross_device,0,2,depth,-4528,-402,1597,1786588048780729
cross_device,0,2,depth,-4528,-402,1528,1786588048814006
cross_device,0,2,depth,-4529,-402,2004,1786588048847431
cross_device,0,2,depth,-4529,-402,1611,1786588048880671
cross_device,0,2,depth,-4529,-403,1989,1786588048914141
cross_device,0,2,depth,-4529,-402,2022,1786588048947596
cross_device,0,2,depth,-4529,-402,505,1786588048980660
cross_device,0,2,depth,-4530,-403,1736,1786588049013940
cross_device,0,2,depth,-4530,-403,1452,1786588049047313
cross_device,0,2,depth,-4531,-404,1731,1786588049080742
cross_device,0,2,depth,-4531,-404,1913,1786588049114115
cross_device,0,2,depth,-4531,-404,1694,1786588049147517
cross_device,0,2,depth,-4531,-404,1519,1786588049180661
cross_device,0,2,depth,-4532,-405,1111,1786588049214026
cross_device,0,2,depth,-4532,-405,1744,1786588049247576
cross_device,0,2,depth,-4532,-405,1522,1786588049280866
cross_device,0,2,depth,-4532,-404,1804,1786588049314187
cross_device,0,2,depth,-4533,-406,1753,1786588049347558
cross_device,0,2,depth,-4534,-406,1731,1786588049380858
cross_device,0,2,depth,-4533,-406,1356,1786588049414240
cross_device,0,2,depth,-4533,-405,1309,1786588049447514
cross_device,0,2,depth,-4534,-407,1537,1786588049480558
cross_device,0,2,depth,-4534,-406,1211,1786588049514173
cross_device,0,2,depth,-4535,-408,1393,1786588049547476
cross_device,0,2,depth,-4535,-407,1329,1786588049580767
cross_device,0,2,depth,-4536,-409,1663,1786588049614312
cross_device,0,2,depth,-4535,-407,1342,1786588049647419
cross_device,0,2,depth,-4536,-409,1304,1786588049680770
cross_device,0,2,depth,-4536,-408,1650,1786588049714430
cross_device,0,2,depth,-4536,-408,1455,1786588049747357
cross_device,0,2,depth,-4537,-409,1428,1786588049780712
cross_device,0,2,depth,-4537,-408,1328,1786588049814045
cross_device,0,2,depth,-4537,-409,1459,1786588049847539
cross_device,0,2,depth,-4537,-408,1123,1786588049880533
cross_device,0,2,depth,-4538,-410,1287,1786588049913996
cross_device,0,2,depth,-4538,-409,1273,1786588049947417
cross_device,0,2,depth,-4539,-411,1423,1786588049980749
cross_device,0,2,depth,-4539,-410,1733,1786588050013959
cross_device,0,2,depth,-4539,-411,1554,1786588050047404
cross_device,0,2,depth,-4540,-411,1522,1786588050080696
cross_device,0,2,depth,-4540,-411,1528,1786588050114016
cross_device,0,2,depth,-4540,-411,1483,1786588050147367
cross_device,0,2,depth,-4541,-412,1482,1786588050180703
cross_device,0,2,depth,-4541,-412,1758,1786588050214256
cross_device,0,2,depth,-4541,-412,1766,1786588050247325
cross_device,0,2,depth,-4541,-412,1616,1786588050280762
cross_device,0,2,depth,-4541,-412,1606,1786588050314065
cross_device,0,2,depth,-4542,-413,1593,1786588050347429
cross_device,0,2,depth,-4542,-413,1561,1786588050380713
cross_device,0,2,depth,-4542,-413,1487,1786588050413991
cross_device,0,2,depth,-4543,-414,1487,1786588050447357
cross_device,0,2,depth,-4543,-414,1703,1786588050480764
cross_device,0,2,depth,-4543,-414,1744,1786588050514001
cross_device,0,2,depth,-4544,-414,1824,1786588050547476
cross_device,0,2,depth,-4544,-415,1719,1786588050580714
cross_device,0,2,depth,-4544,-415,2352,1786588050614595
cross_device,0,2,depth,-4545,-416,1538,1786588050647409
cross_device,0,2,depth,-4545,-415,1614,1786588050680803
cross_device,0,2,depth,-4546,-416,1509,1786588050714248
cross_device,0,2,depth,-4545,-415,1545,1786588050747436
cross_device,0,2,depth,-4546,-416,1547,1786588050780750
cross_device,0,2,depth,-4546,-416,1570,1786588050814094
cross_device,0,2,depth,-4546,-416,1535,1786588050847396
cross_device,0,2,depth,-4547,-417,1525,1786588050880699
cross_device,0,2,depth,-4547,-417,1819,1786588050914072
cross_device,0,2,depth,-4547,-417,1518,1786588050947362
cross_device,0,2,depth,-4548,-418,1610,1786588050980739
cross_device,0,2,depth,-4547,-417,1404,1786588051013905
cross_device,0,2,depth,-4548,-418,1856,1786588051047712
cross_device,0,2,depth,-4549,-419,1533,1786588051080695
cross_device,0,2,depth,-4549,-418,1744,1786588051114261
cross_device,0,2,depth,-4550,-420,1809,1786588051147611
cross_device,0,2,depth,-4549,-418,1541,1786588051180681
cross_device,0,2,depth,-4550,-420,1539,1786588051214000
cross_device,0,2,depth,-4551,-420,1841,1786588051247511
cross_device,0,2,depth,-4550,-420,1437,1786588051280566
cross_device,0,2,depth,-4551,-420,1704,1786588051314186
cross_device,0,2,depth,-4551,-420,1756,1786588051347552
cross_device,0,2,depth,-4551,-420,1778,1786588051380913
cross_device,0,2,depth,-4552,-420,1501,1786588051413970
cross_device,0,2,depth,-4552,-421,1519,1786588051447324
cross_device,0,2,depth,-4552,-420,1986,1786588051480930
cross_device,0,2,depth,-4553,-422,1602,1786588051514014
cross_device,0,2,depth,-4553,-422,2241,1786588051547917
cross_device,0,2,depth,-4554,-423,1790,1786588051580951
cross_device,0,2,depth,-4553,-421,1612,1786588051613991
cross_device,0,2,depth,-4554,-423,1638,1786588051647609
cross_device,0,2,depth,-4554,-422,1615,1786588051680761
cross_device,0,2,depth,-4554,-423,1552,1786588051714048
cross_device,0,2,depth,-4554,-423,35191,1786588051747687
cross_device,0,2,depth,-4555,-424,1669,1786588051780806
cross_device,0,2,depth,-4555,-423,1542,1786588051814044
cross_device,0,2,depth,-4556,-425,1568,1786588051847427
cross_device,0,2,depth,-4556,-424,1609,1786588051880729
cross_device,0,2,depth,-4556,-425,1684,1786588051913986
cross_device,0,2,depth,-4556,-424,1635,1786588051947492
cross_device,0,2,depth,-4557,-425,1916,1786588051980815
cross_device,0,2,depth,-4557,-425,1877,1786588052014031
cross_device,0,2,depth,-4558,-426,1375,1786588052047191
cross_device,0,2,depth,-4558,-426,1894,1786588052080779
cross_device,0,2,depth,-4558,-426,1345,1786588052114104
cross_device,0,2,depth,-4558,-426,1344,1786588052147415
cross_device,0,2,depth,-4559,-427,1276,1786588052180719
cross_device,0,2,depth,-4559,-426,1283,1786588052213996
cross_device,0,2,depth,-4559,-427,1435,1786588052247386
cross_device,0,2,depth,-4559,-426,1623,1786588052280804
cross_device,0,2,depth,-4560,-428,1238,1786588052313984
cross_device,0,2,depth,-4561,-429,1261,1786588052347341
cross_device,0,2,depth,-4560,-428,1439,1786588052380853
cross_device,0,2,depth,-4561,-428,1270,1786588052414010
cross_device,0,2,depth,-4561,-428,1682,1786588052447534
cross_device,0,2,depth,-4562,-429,1449,1786588052480616
cross_device,0,2,depth,-4562,-430,1524,1786588052513823
cross_device,0,2,depth,-4562,-429,1701,1786588052547491
cross_device,0,2,depth,-4562,-430,1445,1786588052580455
cross_device,0,2,depth,-4562,-429,1221,1786588052614024
cross_device,0,2,depth,-4562,-430,1600,1786588052647483
cross_device,0,2,depth,-4563,-430,1255,1786588052680669
cross_device,0,2,depth,-4564,-431,1346,1786588052714067
cross_device,0,2,depth,-4563,-430,1300,1786588052747389
cross_device,0,2,depth,-4564,-431,1374,1786588052780749
cross_device,0,2,depth,-4564,-431,1261,1786588052814007
cross_device,0,2,depth,-4565,-432,1384,1786588052847522
cross_device,0,2,depth,-4565,-432,1159,1786588052880488
cross_device,0,2,depth,-4565,-431,1165,1786588052913866
cross_device,0,2,depth,-4566,-433,1482,1786588052947438
cross_device,0,2,depth,-4566,-432,1076,1786588052980804
cross_device,0,2,depth,-4566,-433,1336,1786588053014023
cross_device,0,2,depth,-4566,-432,1414,1786588053047518
cross_device,0,2,depth,-4567,-434,1437,1786588053080775
cross_device,0,2,depth,-4567,-433,1178,1786588053114014
cross_device,0,2,depth,-4567,-434,1246,1786588053147371
cross_device,0,2,depth,-4567,-433,1228,1786588053180628
cross_device,0,2,depth,-4568,-435,883,1786588053213800
cross_device,0,2,depth,-4568,-434,1316,1786588053247443
cross_device,0,2,depth,-4569,-435,1019,1786588053280488
cross_device,0,2,depth,-4569,-435,994,1786588053313810
cross_device,0,2,depth,-4569,-435,1118,1786588053347141
cross_device,0,2,depth,-4570,-436,1404,1786588053380513
cross_device,0,2,depth,-4570,-436,1171,1786588053413851
cross_device,0,2,depth,-4570,-436,1284,1786588053447163
cross_device,0,2,depth,-4571,-437,1157,1786588053480482
cross_device,0,2,depth,-4571,-437,1216,1786588053513799
cross_device,0,2,depth,-4571,-437,1347,1786588053547093
cross_device,0,2,depth,-4571,-437,1475,1786588053580648
cross_device,0,2,depth,-4572,-437,1962,1786588053614086
cross_device,0,2,depth,-4571,-437,1335,1786588053647273
cross_device,0,2,depth,-4572,-437,1610,1786588053680736
cross_device,0,2,depth,-4573,-438,1328,1786588053713801
cross_device,0,2,depth,-4573,-438,1783,1786588053747300
cross_device,0,2,depth,-4574,-440,1494,1786588053780725
cross_device,0,2,depth,-4573,-438,1016,1786588053813749
cross_device,0,2,depth,-4574,-439,1856,1786588053847336
cross_device,0,2,depth,-4574,-439,1365,1786588053880404
cross_device,0,2,depth,-4574,-439,1404,1786588053913757
cross_device,0,2,depth,-4574,-439,1235,1786588053947135
cross_device,0,2,depth,-4575,-440,1309,1786588053980483
cross_device,0,2,depth,-4575,-440,1947,1786588054014078
cross_device,0,2,depth,-4575,-440,1227,1786588054047164
cross_device,0,2,depth,-4576,-441,1537,1786588054080543
cross_device,0,2,depth,-4576,-441,1515,1786588054113815
cross_device,0,2,depth,-4576,-441,1319,1786588054147283
cross_device,0,2,depth,-4577,-442,1329,1786588054180489
cross_device,0,2,depth,-4577,-441,1311,1786588054213787
cross_device,0,2,depth,-4577,-442,1908,1786588054247566
cross_device,0,2,depth,-4578,-442,1201,1786588054280499
cross_device,0,2,depth,-4578,-442,1320,1786588054313830
cross_device,0,2,depth,-4578,-442,1334,1786588054347163
cross_device,0,2,depth,-4579,-444,1372,1786588054380511
cross_device,0,2,depth,-4578,-442,1158,1786588054413787
cross_device,0,2,depth,-4579,-442,1340,1786588054447171
cross_device,0,2,depth,-4580,-444,1351,1786588054480484
cross_device,0,2,depth,-4580,-444,2361,1786588054514573
cross_device,0,2,depth,-4580,-444,1658,1786588054547457
cross_device,0,2,depth,-4580,-444,1641,1786588054580746
cross_device,0,2,depth,-4581,-445,1764,1786588054613895
cross_device,0,2,depth,-4581,-445,1762,1786588054647592
cross_device,0,2,depth,-4582,-446,1419,1786588054680685
cross_device,0,2,depth,-4581,-444,1640,1786588054713878
cross_device,0,2,depth,-4581,-445,1655,1786588054747503
cross_device,0,2,depth,-4582,-445,1221,1786588054780358
cross_device,0,2,depth,-4583,-447,1594,1786588054814073
cross_device,0,2,depth,-4583,-446,1540,1786588054847368
cross_device,0,2,depth,-4583,-447,1613,1786588054880709
cross_device,0,2,depth,-4583,-446,1599,1786588054913922
cross_device,0,2,depth,-4583,-447,1766,1786588054947558
cross_device,0,2,depth,-4584,-447,1628,1786588054980724
cross_device,0,2,depth,-4585,-449,2065,1786588055014226
cross_device,0,2,depth,-4584,-447,1331,1786588055047160
cross_device,0,2,depth,-4585,-448,1531,1786588055080690
cross_device,0,2,depth,-4585,-448,2249,1786588055114525
cross_device,0,2,depth,-4586,-449,1760,1786588055147482
cross_device,0,2,depth,-4586,-449,1346,1786588055180509
cross_device,0,2,depth,-4587,-450,1304,1786588055213850
cross_device,0,2,depth,-4587,-450,2067,1786588055247846
cross_device,0,2,depth,-4587,-449,1483,1786588055280742
cross_device,0,2,depth,-4587,-450,1509,1786588055313997
cross_device,0,2,depth,-4587,-450,1503,1786588055347326
cross_device,0,2,depth,-4588,-451,1528,1786588055380654
cross_device,0,2,depth,-4588,-451,1523,1786588055413989
cross_device,0,2,depth,-4588,-451,1493,1786588055447369
cross_device,0,2,depth,-4588,-451,1561,1786588055480691
cross_device,0,2,depth,-4589,-452,1693,1786588055513928
cross_device,0,2,depth,-4589,-451,1525,1786588055547040
cross_device,0,2,depth,-4590,-452,1578,1786588055580646
cross_device,0,2,depth,-4590,-362,1305,1786588055613809
cross_device,0,2,depth,-4590,173,1737,1786588055647662
cross_device,0,2,depth,-4590,173,1372,1786588055680578
cross_device,0,2,depth,-4591,174,1486,1786588055714019
cross_device,0,2,depth,-4591,175,1523,1786588055747314
cross_device,0,2,depth,-4591,176,1469,1786588055780546
cross_device,0,2,depth,-4591,177,1535,1786588055814020
cross_device,0,2,depth,-4592,178,1520,1786588055847349
cross_device,0,2,depth,-4592,180,1442,1786588055880674
cross_device,0,2,depth,-4592,180,1221,1786588055913756
cross_device,0,2,depth,-4592,182,1765,1786588055947449
cross_device,0,2,depth,-4593,182,1451,1786588055980512
cross_device,0,2,depth,-4593,183,1927,1786588056014062
cross_device,0,2,depth,-4593,184,1811,1786588056047371
cross_device,0,2,depth,-4593,186,1517,1786588056080675
cross_device,0,2,depth,-4594,187,1550,1786588056113944
cross_device,0,2,depth,-4594,187,1454,1786588056146996
cross_device,0,2,depth,-4595,188,1717,1786588056180893
cross_device,0,2,depth,-4595,189,1226,1786588056213763
cross_device,0,2,depth,-4595,191,1631,1786588056247193
cross_device,0,2,depth,-4596,190,1892,1786588056280855
cross_device,0,2,depth,-4596,192,1385,1786588056313952
cross_device,0,2,depth,-4597,192,1288,1786588056347097
cross_device,0,2,depth,-4597,193,1805,1786588056380915
cross_device,0,2,depth,-4597,196,1579,1786588056447361
cross_device,0,2,depth,-4597,197,1464,1786588056480471
cross_device,0,2,depth,-4598,198,2014,1786588056514236
cross_device,0,2,depth,-4598,199,1599,1786588056547433
cross_device,0,2,depth,-4598,200,1355,1786588056580493
cross_device,0,2,depth,-4599,200,1719,1786588056614178
cross_device,0,2,depth,-4599,202,1473,1786588056647294
cross_device,0,2,depth,-4599,204,1813,1786588056680665
cross_device,0,2,depth,-4599,204,1490,1786588056713992
cross_device,0,2,depth,-4600,205,1476,1786588056747188
cross_device,0,2,depth,-4600,206,1629,1786588056780733
cross_device,0,2,depth,-4601,206,1804,1786588056814199
cross_device,0,2,depth,-4600,209,1722,1786588056847519
cross_device,0,2,depth,-4601,209,1571,1786588056880677
cross_device,0,2,depth,-4601,211,1529,1786588056913987
cross_device,0,2,depth,-4602,210,1586,1786588056947356
cross_device,0,2,depth,-4602,212,1483,1786588056980578
cross_device,0,2,depth,-4602,213,1741,1786588057014204
cross_device,0,2,depth,-4602,214,1733,1786588057047548
cross_device,0,2,depth,-4603,215,1621,1786588057080643
cross_device,0,2,depth,-4603,216,1583,1786588057114021
cross_device,0,2,depth,-4603,217,1589,1786588057147336
cross_device,0,2,depth,-4604,217,1457,1786588057180483
cross_device,0,2,depth,-4604,219,1740,1786588057214206
cross_device,0,2,depth,-4604,221,2144,1786588057247713
cross_device,0,2,depth,-4605,220,1892,1786588057280779
cross_device,0,2,depth,-4605,222,1603,1786588057314055
cross_device,0,2,depth,-4605,223,1152,1786588057347133
cross_device,0,2,depth,-4606,224,1578,1786588057380854
cross_device,0,2,depth,-4606,224,1746,1786588057414182
cross_device,0,2,depth,-4606,226,1734,1786588057447503
cross_device,0,2,depth,-4606,227,1590,1786588057480716
cross_device,0,2,depth,-4607,227,1632,1786588057514099
cross_device,0,2,depth,-4607,229,1578,1786588057547116
cross_device,0,2,depth,-4608,229,1584,1786588057580686
cross_device,0,2,depth,-4607,232,1579,1786588057614030
cross_device,0,2,depth,-4608,232,1269,1786588057647091
cross_device,0,2,depth,-4609,232,1775,1786588057680684
cross_device,0,2,depth,-4609,234,1559,1786588057713834
cross_device,0,2,depth,-4609,234,1424,1786588057747030
cross_device,0,2,depth,-4609,236,1068,1786588057780377
cross_device,0,2,depth,-4610,236,1462,1786588057814020
cross_device,0,2,depth,-4610,237,1364,1786588057847021
cross_device,0,2,depth,-4610,238,1404,1786588057880585
cross_device,0,2,depth,-4610,240,1221,1786588057913887
cross_device,0,2,depth,-4610,242,1880,1786588057947512
cross_device,0,2,depth,-4611,241,1273,1786588057980556
cross_device,0,2,depth,-4601,253,1587,1786588058014035
cross_device,0,2,depth,-4612,243,1591,1786588058047478
cross_device,0,2,depth,-4612,245,1634,1786588058080703
cross_device,0,2,depth,-4612,246,1694,1786588058114104
cross_device,0,2,depth,-4612,247,1601,1786588058147421
cross_device,0,2,depth,-4613,248,1469,1786588058180445
cross_device,0,2,depth,-4613,248,1479,1786588058214078
cross_device,0,2,depth,-4614,249,1633,1786588058247133
cross_device,0,2,depth,-4613,251,1753,1786588058280873
cross_device,0,2,depth,-4613,252,1529,1786588058314036
cross_device,0,2,depth,-4614,253,1804,1786588058347646
cross_device,0,2,depth,-4615,253,1871,1786588058380690
cross_device,0,2,depth,-4615,255,1571,1786588058414052
cross_device,0,2,depth,-4615,255,1714,1786588058447579
cross_device,0,2,depth,-4615,257,1416,1786588058480715
cross_device,0,2,depth,-4616,258,2106,1786588058514326
cross_device,0,2,depth,-4616,258,1564,1786588058547414
cross_device,0,2,depth,-4616,260,1445,1786588058580654
cross_device,0,2,depth,-4616,261,1651,1786588058614247
cross_device,0,2,depth,-4617,262,1650,1786588058647512
cross_device,0,2,depth,-4617,262,34688,1786588058680550
cross_device,0,2,depth,-4618,263,1363,1786588058713857
cross_device,0,2,depth,-4618,265,1690,1786588058747402
cross_device,0,2,depth,-4618,265,35157,1786588058780869
cross_device,0,2,depth,-4617,268,1491,1786588058814024
cross_device,0,2,depth,-4618,271,1541,1786588058914033
cross_device,0,2,depth,-4620,270,1579,1786588058947317
cross_device,0,2,depth,-4620,272,1547,1786588058980684
cross_device,0,2,depth,-4612,281,1441,1786588059014004
cross_device,0,2,depth,-4620,274,1470,1786588059047214
cross_device,0,2,depth,-4621,275,1893,1786588059080937
cross_device,0,2,depth,-4621,276,1861,1786588059114039
cross_device,0,2,depth,-4621,277,2035,1786588059147725
cross_device,0,2,depth,-4621,277,34862,1786588059180552
cross_device,0,2,depth,-4622,279,1194,1786588059213756
cross_device,0,2,depth,-4622,280,1995,1786588059247500
cross_device,0,2,depth,-4623,280,1192,1786588059280428
cross_device,0,2,depth,-4623,282,1284,1786588059313790
cross_device,0,2,depth,-4623,282,1263,1786588059347122
cross_device,0,2,depth,-4623,284,1202,1786588059380389
cross_device,0,2,depth,-4623,285,1372,1786588059414014
cross_device,0,2,depth,-4624,286,1892,1786588059447700
cross_device,0,2,depth,-4625,285,1535,1786588059480725
cross_device,0,2,depth,-4624,288,1158,1786588059513891
cross_device,0,2,depth,-4625,289,1265,1786588059547098
cross_device,0,2,depth,-4625,289,1901,1786588059581040
cross_device,0,2,depth,-4625,291,1381,1786588059613873
cross_device,0,2,depth,-4626,291,1274,1786588059647109
cross_device,0,2,depth,-4626,293,1327,1786588059680605
cross_device,0,2,depth,-4626,293,34506,1786588059713784
cross_device,0,2,depth,-4627,294,1929,1786588059747537
cross_device,0,2,depth,-4627,296,2057,1786588059780838
cross_device,0,2,depth,-4627,298,1324,1786588059813928
cross_device,0,2,depth,-4627,298,1491,1786588059847310
cross_device,0,2,depth,-4628,299,1617,1786588059880455
cross_device,0,2,depth,-4628,300,1260,1786588059913774
cross_device,0,2,depth,-4629,301,918,1786588059947154
cross_device,0,2,depth,-4629,301,1266,1786588059980440
cross_device,0,2,depth,-4629,303,1331,1786588060013791
cross_device,0,2,depth,-4630,302,1278,1786588060047141
cross_device,0,2,depth,-4630,302,34631,1786588060080494
cross_device,0,2,depth,-4630,306,1192,1786588060113791
cross_device,0,2,depth,-4631,305,1695,1786588060147272
cross_device,0,2,depth,-4630,308,1295,1786588060180439
cross_device,0,2,depth,-4631,308,1492,1786588060213991
cross_device,0,2,depth,-4631,310,1632,1786588060247302
cross_device,0,2,depth,-4632,310,1541,1786588060280556
cross_device,0,2,depth,-4632,311,1206,1786588060314266
cross_device,0,2,depth,-4632,313,1194,1786588060347205
cross_device,0,2,depth,-4632,314,1004,1786588060380441
cross_device,0,2,depth,-4633,314,1419,1786588060413959
cross_device,0,2,depth,-4633,315,1332,1786588060447292
cross_device,0,2,depth,-4633,317,1016,1786588060480465
cross_device,0,2,depth,-4633,319,1743,1786588060513942
cross_device,1,2,depth,-3800,341,-169276,1786588039880398
cross_device,1,2,depth,-3800,344,-611055,1786588039914140
cross_device,1,2,depth,-3800,347,-580017,1786588039947559
cross_device,1,2,depth,-3800,351,-549543,1786588039980385
cross_device,1,2,depth,-3801,352,-518456,1786588040013729
cross_device,1,2,depth,-3801,355,-487385,1786588040047087
cross_device,1,2,depth,-3801,358,-458468,1786588040080516
cross_device,1,2,depth,-3802,361,-427136,1786588040114178
cross_device,1,2,depth,-3805,397,2746,1786588040548574
cross_device,1,2,depth,-3806,109,989,1786588040613716
cross_device,1,2,depth,-3806,109,1135,1786588040647048
cross_device,1,2,depth,-3806,109,1416,1786588040680420
cross_device,1,2,depth,-3806,109,1084,1786588040713729
cross_device,1,2,depth,-3807,107,1832,1786588040747349
cross_device,1,2,depth,-3806,108,1224,1786588040780414
cross_device,1,2,depth,-3807,107,1699,1786588040814180
cross_device,1,2,depth,-3806,107,1211,1786588040847094
cross_device,1,2,depth,-3807,106,1440,1786588040880678
cross_device,1,2,depth,-3807,105,1303,1786588040913816
cross_device,1,2,depth,-3808,105,1194,1786588040947092
cross_device,1,2,depth,-3807,105,1344,1786588040980489
cross_device,1,2,depth,-3808,103,1359,1786588041013746
cross_device,1,2,depth,-3808,104,1571,1786588041047384
cross_device,1,2,depth,-3808,103,1175,1786588041080392
cross_device,1,2,depth,-3809,102,1216,1786588041113731
cross_device,1,2,depth,-3809,101,1190,1786588041147075
cross_device,1,2,depth,-3810,101,1196,1786588041180390
cross_device,1,2,depth,-3810,100,1351,1786588041213768
cross_device,1,2,depth,-3810,100,1771,1786588041247276
cross_device,1,2,depth,-3810,99,1445,1786588041280438
cross_device,1,2,depth,-3810,99,1730,1786588041313954
cross_device,1,2,depth,-3810,99,1019,1786588041347191
cross_device,1,2,depth,-3810,98,986,1786588041380432
cross_device,1,2,depth,-3811,98,946,1786588041413723
cross_device,1,2,depth,-3811,97,1025,1786588041447120
cross_device,1,2,depth,-3811,97,1038,1786588041480457
cross_device,1,2,depth,-3811,96,979,1786588041513735
cross_device,1,2,depth,-3812,95,1260,1786588041547082
cross_device,1,2,depth,-3812,810,1326,1786588041580347
cross_device,1,2,depth,-3812,65,1264,1786588041613769
cross_device,1,2,depth,-3813,63,1248,1786588041647083
cross_device,1,2,depth,-3813,61,1254,1786588041680397
cross_device,1,2,depth,-3813,61,1370,1786588041713993
cross_device,1,2,depth,-3813,60,1568,1786588041747471
cross_device,1,2,depth,-3813,59,1042,1786588041780368
cross_device,1,2,depth,-3814,57,1179,1786588041813902
cross_device,1,2,depth,-3814,56,943,1786588041847097
cross_device,1,2,depth,-3814,56,1566,1786588041880863
cross_device,1,2,depth,-3814,55,1029,1786588041913757
cross_device,1,2,depth,-3815,52,1030,1786588041947033
cross_device,1,2,depth,-3815,52,1042,1786588041980443
cross_device,1,2,depth,-3815,51,1072,1786588042013873
cross_device,1,2,depth,-3816,49,1397,1786588042047548
cross_device,1,2,depth,-3815,50,1574,1786588042080852
cross_device,1,2,depth,-3816,47,1058,1786588042113708
cross_device,1,2,depth,-3816,47,1025,1786588042147023
cross_device,1,2,depth,-3816,46,948,1786588042180393
cross_device,1,2,depth,-3817,44,1019,1786588042213763
cross_device,1,2,depth,-3817,42,2094,1786588042248007
cross_device,1,2,depth,-3817,42,1406,1786588042280369
cross_device,1,2,depth,-3817,42,1728,1786588042314177
cross_device,1,2,depth,-3817,40,1242,1786588042347141
cross_device,1,2,depth,-3818,38,1159,1786588042380407
cross_device,1,2,depth,-3818,37,1173,1786588042413759
cross_device,1,2,depth,-3818,37,1137,1786588042447093
cross_device,1,2,depth,-3819,35,1320,1786588042480506
cross_device,1,2,depth,-3818,35,1233,1786588042513687
cross_device,1,2,depth,-3819,33,1570,1786588042547567
cross_device,1,2,depth,-3819,215,1133,1786588042580416
cross_device,1,2,depth,-3819,72,1736,1786588042614254
cross_device,1,2,depth,-3819,70,1132,1786588042647064
cross_device,1,2,depth,-3820,69,1161,1786588042680413
cross_device,1,2,depth,-3820,69,1138,1786588042713739
cross_device,1,2,depth,-3820,68,1226,1786588042747100
cross_device,1,2,depth,-3821,67,1017,1786588042780413
cross_device,1,2,depth,-3821,66,1295,1786588042813771
cross_device,1,2,depth,-3821,65,1621,1786588042847299
cross_device,1,2,depth,-3822,64,2136,1786588042881010
cross_device,1,2,depth,-3821,63,1640,1786588042914004
cross_device,1,2,depth,-3822,62,1353,1786588042947194
cross_device,1,2,depth,-3822,61,2366,1786588042981209
cross_device,1,2,depth,-3822,61,1340,1786588043013864
cross_device,1,2,depth,-3823,59,1624,1786588043047633
cross_device,1,2,depth,-3823,59,1683,1786588043080844
cross_device,1,2,depth,-3822,59,1535,1786588043114011
cross_device,1,2,depth,-3823,56,1550,1786588043147382
cross_device,1,2,depth,-3823,56,1499,1786588043180673
cross_device,1,2,depth,-3823,56,1221,1786588043213759
cross_device,1,2,depth,-3824,54,1692,1786588043247469
cross_device,1,2,depth,-3825,52,1511,1786588043280669
cross_device,1,2,depth,-3824,53,1760,1786588043314176
cross_device,1,2,depth,-3824,52,1673,1786588043347223
cross_device,1,2,depth,-3825,51,1353,1786588043380369
cross_device,1,2,depth,-3825,50,1447,1786588043414013
cross_device,1,2,depth,-3825,49,1572,1786588043447456
cross_device,1,2,depth,-3825,48,1845,1786588043480682
cross_device,1,2,depth,-3826,47,1573,1786588043514032
cross_device,1,2,depth,-3826,46,833,1786588043547160
cross_device,1,2,depth,-3826,-8,1720,1786588043580729
cross_device,1,2,depth,-3827,-267,1485,1786588043614234
cross_device,1,2,depth,-3827,-269,1107,1786588043647344
cross_device,1,2,depth,-3827,-272,1431,1786588043680880
cross_device,1,2,depth,-3827,-274,1251,1786588043713836
cross_device,1,2,depth,-3828,-278,896,1786588043747295
cross_device,1,2,depth,-3827,-278,1468,1786588043780692
cross_device,1,2,depth,-3827,-281,1368,1786588043814022
cross_device,1,2,depth,-3828,-284,1147,1786588043847345
cross_device,1,2,depth,-3828,-287,1474,1786588043880659
cross_device,1,2,depth,-3829,-290,1114,1786588043913899
cross_device,1,2,depth,-3829,-292,1239,1786588043947354
cross_device,1,2,depth,-3829,-294,1264,1786588043980650
cross_device,1,2,depth,-3829,-297,1352,1786588044014024
cross_device,1,2,depth,-3830,-300,1412,1786588044047437
cross_device,1,2,depth,-3829,-302,1290,1786588044080702
cross_device,1,2,depth,-3830,-305,1247,1786588044114013
cross_device,1,2,depth,-3830,-307,1246,1786588044147341
cross_device,1,2,depth,-3830,-309,1236,1786588044180565
cross_device,1,2,depth,-3830,-312,1542,1786588044214035
cross_device,1,2,depth,-3831,-316,1984,1786588044247603
cross_device,1,2,depth,-3831,-318,2028,1786588044280846
cross_device,1,2,depth,-3831,-320,1445,1786588044313832
cross_device,1,2,depth,-3832,-323,1582,1786588044347390
cross_device,1,2,depth,-3832,-326,1271,1786588044380317
cross_device,1,2,depth,-3832,-328,1911,1786588044414162
cross_device,1,2,depth,-3832,-330,1548,1786588044447368
cross_device,1,2,depth,-3832,-332,1654,1786588044480502
cross_device,1,2,depth,-3833,-336,1529,1786588044514032
cross_device,1,2,depth,-3832,-337,1384,1786588044547245
cross_device,1,2,depth,-3833,-169,1643,1786588044580738
cross_device,1,2,depth,-3834,-171,2028,1786588044614218
cross_device,1,2,depth,-3833,-92,1321,1786588044647341
cross_device,1,2,depth,-3834,-94,1523,1786588044680683
cross_device,1,2,depth,-3834,-95,1485,1786588044714006
cross_device,1,2,depth,-3834,-96,1458,1786588044747327
cross_device,1,2,depth,-3834,-97,1278,1786588044780371
cross_device,1,2,depth,-3835,-100,2097,1786588044814289
cross_device,1,2,depth,-3835,-101,1730,1786588044847582
cross_device,1,2,depth,-3835,-102,1698,1786588044880662
cross_device,1,2,depth,-3835,-103,1436,1786588044913816
cross_device,1,2,depth,-3836,-105,1497,1786588044947342
cross_device,1,2,depth,-3835,-105,1586,1786588044980711
cross_device,1,2,depth,-3836,-108,1547,1786588045014032
cross_device,1,2,depth,-3836,-109,1563,1786588045047407
cross_device,1,2,depth,-3837,-111,1650,1786588045080664
cross_device,1,2,depth,-3837,-112,1449,1786588045113761
cross_device,1,2,depth,-3837,-113,1517,1786588045147320
cross_device,1,2,depth,-3837,-114,1548,1786588045180686
cross_device,1,2,depth,-3837,-116,1533,1786588045214036
cross_device,1,2,depth,-3837,-117,1579,1786588045247337
cross_device,1,2,depth,-3838,-119,1397,1786588045280708
cross_device,1,2,depth,-3838,-120,1441,1786588045313982
cross_device,1,2,depth,-3838,-121,1554,1786588045347360
cross_device,1,2,depth,-3838,-122,1622,1786588045380772
cross_device,1,2,depth,-3839,-125,1508,1786588045413967
cross_device,1,2,depth,-3839,-125,1533,1786588045447419
cross_device,1,2,depth,-3840,-128,1951,1786588045480766
cross_device,1,2,depth,-3839,-129,1515,1786588045514015
cross_device,1,2,depth,-3840,-131,1494,1786588045547332
cross_device,1,2,depth,-3840,-165,1641,1786588045580663
cross_device,1,2,depth,-3840,-166,1514,1786588045614032
cross_device,1,2,depth,-3841,-248,1449,1786588045647338
cross_device,1,2,depth,-3841,-251,1599,1786588045680736
cross_device,1,2,depth,-3841,-252,1537,1786588045713965
cross_device,1,2,depth,-3841,-254,1542,1786588045747305
cross_device,1,2,depth,-3842,-256,1388,1786588045780663
cross_device,1,2,depth,-3842,-257,1476,1786588045814026
cross_device,1,2,depth,-3842,-259,1758,1786588045847565
cross_device,1,2,depth,-3843,-261,1372,1786588045880402
cross_device,1,2,depth,-3842,-263,1736,1786588045913960
cross_device,1,2,depth,-3843,-266,1369,1786588045947221
cross_device,1,2,depth,-3843,-267,1650,1786588045980786
cross_device,1,2,depth,-3843,-268,1560,1786588046014281
cross_device,1,2,depth,-3844,-271,1577,1786588046047445
cross_device,1,2,depth,-3844,-272,1656,1786588046080899
cross_device,1,2,depth,-3843,-273,1686,1786588046114176
cross_device,1,2,depth,-3844,-276,1668,1786588046147490
cross_device,1,2,depth,-3844,-278,1593,1786588046180719
cross_device,1,2,depth,-3845,-281,1606,1786588046214117
cross_device,1,2,depth,-3845,-282,1647,1786588046247487
cross_device,1,2,depth,-3845,-283,1532,1786588046280698
cross_device,1,2,depth,-3845,-285,1541,1786588046313997
cross_device,1,2,depth,-3845,-286,1544,1786588046347408
cross_device,1,2,depth,-3846,-290,1241,1786588046380435
cross_device,1,2,depth,-3846,-291,1528,1786588046414024
cross_device,1,2,depth,-3846,-293,1511,1786588046447259
cross_device,1,2,depth,-3846,-294,1736,1786588046480731
cross_device,1,2,depth,-3846,-296,1648,1786588046514071
cross_device,1,2,depth,-3847,-298,1528,1786588046547376
cross_device,1,2,depth,-3846,-299,1550,1786588046580603
cross_device,1,2,depth,-3847,-302,1406,1786588046613887
cross_device,1,2,depth,-3847,-304,1546,1786588046647359
cross_device,1,2,depth,-3848,-306,1562,1786588046680699
cross_device,1,2,depth,-3847,-307,1704,1786588046714238
cross_device,1,2,depth,-3848,-309,1659,1786588046747495
cross_device,1,2,depth,-3848,-311,1689,1786588046780834
cross_device,1,2,depth,-3848,-313,1380,1786588046813919
cross_device,1,2,depth,-3848,-315,1481,1786588046847326
cross_device,1,2,depth,-3849,-317,1618,1786588046880766
cross_device,1,2,depth,-3850,-319,1781,1786588046914113
cross_device,1,2,depth,-3849,-320,2303,1786588046947930
cross_device,1,2,depth,-3850,-322,902,1786588046980317
cross_device,1,2,depth,-3849,-323,1353,1786588047013788
cross_device,1,2,depth,-3850,-327,2112,1786588047047628
cross_device,1,2,depth,-3851,-329,1196,1786588047080409
cross_device,1,2,depth,-3851,-331,1243,1786588047113859
cross_device,1,2,depth,-3851,-332,1383,1786588047147204
cross_device,1,2,depth,-3851,-333,1243,1786588047180387
cross_device,1,2,depth,-3851,-335,1213,1786588047213761
cross_device,1,2,depth,-3852,-338,1264,1786588047247111
cross_device,1,2,depth,-3852,-340,1206,1786588047280411
cross_device,1,2,depth,-3851,-340,1265,1786588047313759
cross_device,1,2,depth,-3852,-343,1456,1786588047347298
cross_device,1,2,depth,-3853,-345,1304,1786588047380455
cross_device,1,2,depth,-3852,-346,1580,1786588047414065
cross_device,1,2,depth,-3852,-347,1652,1786588047447330
cross_device,1,2,depth,-3853,-351,1761,1786588047480734
cross_device,1,2,depth,-3853,-352,2093,1786588047514318
cross_device,1,2,depth,-3853,-354,1588,1786588047547394
cross_device,1,2,depth,-3854,-356,1727,1786588047580702
cross_device,1,2,depth,-3854,-358,2089,1786588047614187
cross_device,1,2,depth,-3854,-360,1569,1786588047647412
cross_device,1,2,depth,-3855,-363,1554,1786588047680718
cross_device,1,2,depth,-3854,-363,1541,1786588047714037
cross_device,1,2,depth,-3855,-366,1977,1786588047747477
cross_device,1,2,depth,-3855,-367,1985,1786588047780913
cross_device,1,2,depth,-3855,-369,1518,1786588047814016
cross_device,1,2,depth,-3855,-370,1253,1786588047847252
cross_device,1,2,depth,-3856,-373,1692,1786588047880728
cross_device,1,2,depth,-3856,-374,1750,1786588047913955
cross_device,1,2,depth,-3856,-376,1495,1786588047947335
cross_device,1,2,depth,-3856,-378,1988,1786588047980811
cross_device,1,2,depth,-3857,-380,2048,1786588048014283
cross_device,1,2,depth,-3857,-382,1334,1786588048047357
cross_device,1,2,depth,-3857,-383,1535,1786588048080694
cross_device,1,2,depth,-3857,-386,1551,1786588048114065
cross_device,1,2,depth,-3857,-388,1426,1786588048147412
cross_device,1,2,depth,-3857,-389,1621,1786588048180782
cross_device,1,2,depth,-3858,-391,1410,1786588048214064
cross_device,1,2,depth,-3859,-394,1861,1786588048247374
cross_device,1,2,depth,-3859,-395,1444,1786588048280435
cross_device,1,2,depth,-3859,-398,2003,1786588048314242
cross_device,1,2,depth,-3859,-399,2274,1786588048347954
cross_device,1,2,depth,-3859,-401,2007,1786588048380879
cross_device,1,2,depth,-3859,-402,1565,1786588048414082
cross_device,1,2,depth,-3859,-404,1719,1786588048447510
cross_device,1,2,depth,-3860,-406,1354,1786588048480390
cross_device,1,2,depth,-3860,-408,1346,1786588048513850
cross_device,1,2,depth,-3860,-409,1561,1786588048547387
cross_device,1,2,depth,-3861,-412,1606,1786588048580757
cross_device,1,2,depth,-3861,-414,1554,1786588048614034
cross_device,1,2,depth,-3861,-416,1515,1786588048647319
cross_device,1,2,depth,-3861,-417,1601,1786588048680889
cross_device,1,2,depth,-3861,-418,1364,1786588048714011
cross_device,1,2,depth,-3862,-421,1571,1786588048747383
cross_device,1,2,depth,-3862,-424,1602,1786588048780734
cross_device,1,2,depth,-3862,-425,1511,1786588048813989
cross_device,1,2,depth,-3863,-427,1921,1786588048847348
cross_device,1,2,depth,-3863,-429,1293,1786588048880353
cross_device,1,2,depth,-3863,-431,1903,1786588048914055
cross_device,1,2,depth,-3863,-432,1902,1786588048947476
cross_device,1,2,depth,-3863,-434,340,1786588048980495
cross_device,1,2,depth,-3863,-436,1721,1786588049013925
cross_device,1,2,depth,-3864,-438,1494,1786588049047355
cross_device,1,2,depth,-3864,-440,1721,1786588049080732
cross_device,1,2,depth,-3864,-441,1656,1786588049113858
cross_device,1,2,depth,-3864,-443,1529,1786588049147352
cross_device,1,2,depth,-3865,-445,1573,1786588049180715
cross_device,1,2,depth,-3865,-447,1103,1786588049214018
cross_device,1,2,depth,-3865,-449,1516,1786588049247348
cross_device,1,2,depth,-3865,-451,1391,1786588049280735
cross_device,1,2,depth,-3865,-452,1588,1786588049313971
cross_device,1,2,depth,-3866,-455,1681,1786588049347486
cross_device,1,2,depth,-3866,-456,1709,1786588049380836
cross_device,1,2,depth,-3866,-458,1287,1786588049414171
cross_device,1,2,depth,-3866,-460,1165,1786588049447370
cross_device,1,2,depth,-3867,-463,1503,1786588049480524
cross_device,1,2,depth,-3867,-464,1098,1786588049514060
cross_device,1,2,depth,-3867,-466,1367,1786588049547450
cross_device,1,2,depth,-3867,-467,1049,1786588049580487
cross_device,1,2,depth,-3868,-470,1626,1786588049614275
cross_device,1,2,depth,-3867,-470,1351,1786588049647428
cross_device,1,2,depth,-3868,-474,972,1786588049680438
cross_device,1,2,depth,-3868,-475,1488,1786588049714268
cross_device,1,2,depth,-3868,-476,1293,1786588049747195
cross_device,1,2,depth,-3869,-479,1153,1786588049780437
cross_device,1,2,depth,-3869,-480,1361,1786588049814078
cross_device,1,2,depth,-3869,-482,1315,1786588049847395
cross_device,1,2,depth,-3869,-483,1079,1786588049880489
cross_device,1,2,depth,-3870,-487,1199,1786588049913908
cross_device,1,2,depth,-3870,-488,1035,1786588049947179
cross_device,1,2,depth,-3870,-490,1177,1786588049980503
cross_device,1,2,depth,-3871,-492,1471,1786588050013697
cross_device,1,2,depth,-3871,-494,1580,1786588050047430
cross_device,1,2,depth,-3871,-495,1616,1786588050080790
cross_device,1,2,depth,-3871,-498,1526,1786588050114014
cross_device,1,2,depth,-3871,-499,1478,1786588050147362
cross_device,1,2,depth,-3872,-502,1539,1786588050180760
cross_device,1,2,depth,-3872,-503,1539,1786588050214037
cross_device,1,2,depth,-3872,-505,1791,1786588050247350
cross_device,1,2,depth,-3872,-506,1593,1786588050280739
cross_device,1,2,depth,-3872,-508,1593,1786588050314052
cross_device,1,2,depth,-3872,-510,1532,1786588050347368
cross_device,1,2,depth,-3873,-513,1549,1786588050380701
cross_device,1,2,depth,-3873,-514,1493,1786588050413997
cross_device,1,2,depth,-3874,-517,1491,1786588050447361
cross_device,1,2,depth,-3873,-517,1676,1786588050480737
cross_device,1,2,depth,-3874,-520,1473,1786588050513730
cross_device,1,2,depth,-3874,-522,1880,1786588050547532
cross_device,1,2,depth,-3874,-524,1777,1786588050580772
cross_device,1,2,depth,-3874,-525,2100,1786588050614343
cross_device,1,2,depth,-3875,-528,1534,1786588050647405
cross_device,1,2,depth,-3874,-528,1495,1786588050680684
cross_device,1,2,depth,-3875,-530,1487,1786588050714226
cross_device,1,2,depth,-3875,-532,1632,1786588050747523
cross_device,1,2,depth,-3875,-534,1572,1786588050780775
cross_device,1,2,depth,-3875,-536,1457,1786588050813981
cross_device,1,2,depth,-3876,-538,1277,1786588050847138
cross_device,1,2,depth,-3876,-540,1594,1786588050880768
cross_device,1,2,depth,-3876,-541,1728,1786588050913981
cross_device,1,2,depth,-3876,-543,1525,1786588050947369
cross_device,1,2,depth,-3877,-546,1567,1786588050980696
cross_device,1,2,depth,-3877,-548,1396,1786588051013897
cross_device,1,2,depth,-3877,-549,1622,1786588051047478
cross_device,1,2,depth,-3877,-551,1564,1786588051080726
cross_device,1,2,depth,-3878,-553,1523,1786588051114040
cross_device,1,2,depth,-3878,-555,1585,1786588051147387
cross_device,1,2,depth,-3878,-556,1732,1786588051180872
cross_device,1,2,depth,-3878,-558,1598,1786588051214059
cross_device,1,2,depth,-3879,-561,1587,1786588051247257
cross_device,1,2,depth,-3878,-562,1328,1786588051280457
cross_device,1,2,depth,-3879,-564,1550,1786588051314032
cross_device,1,2,depth,-3879,-565,1572,1786588051347368
cross_device,1,2,depth,-3880,-569,1556,1786588051380691
cross_device,1,2,depth,-3880,-570,1585,1786588051414054
cross_device,1,2,depth,-3880,-572,1592,1786588051447397
cross_device,1,2,depth,-3880,-573,1474,1786588051480418
cross_device,1,2,depth,-3881,-576,1324,1786588051513736
cross_device,1,2,depth,-3881,-578,1566,1786588051547242
cross_device,1,2,depth,-3881,-579,1305,1786588051580466
cross_device,1,2,depth,-3881,-580,1276,1786588051613655
cross_device,1,2,depth,-3882,-583,1549,1786588051647520
cross_device,1,2,depth,-3882,-585,1535,1786588051680681
cross_device,1,2,depth,-3881,-586,1506,1786588051714002
cross_device,1,2,depth,-3882,-588,1857,1786588051747359
cross_device,1,2,depth,-3883,-591,1625,1786588051780762
cross_device,1,2,depth,-3883,-592,1519,1786588051814021
cross_device,1,2,depth,-3883,-595,1641,1786588051847500
cross_device,1,2,depth,-3882,-595,1607,1786588051880727
cross_device,1,2,depth,-3883,-598,1726,1786588051914028
cross_device,1,2,depth,-3883,-599,1606,1786588051947463
cross_device,1,2,depth,-3884,-602,2274,1786588051981173
cross_device,1,2,depth,-3884,-603,1944,1786588052014098
cross_device,1,2,depth,-3884,-605,1670,1786588052047486
cross_device,1,2,depth,-3885,-607,2011,1786588052080896
cross_device,1,2,depth,-3885,-610,989,1786588052113748
cross_device,1,2,depth,-3884,-610,983,1786588052147054
cross_device,1,2,depth,-3885,-613,963,1786588052180406
cross_device,1,2,depth,-3885,-614,1001,1786588052213714
cross_device,1,2,depth,-3885,-616,1409,1786588052247360
cross_device,1,2,depth,-3885,-618,1664,1786588052280845
cross_device,1,2,depth,-3886,-621,1276,1786588052314022
cross_device,1,2,depth,-3886,-622,1288,1786588052347368
cross_device,1,2,depth,-3886,-624,1256,1786588052380670
cross_device,1,2,depth,-3887,-626,1284,1786588052414024
cross_device,1,2,depth,-3887,-627,1510,1786588052447362
cross_device,1,2,depth,-3887,-629,1406,1786588052480573
cross_device,1,2,depth,-3887,-632,1621,1786588052513920
cross_device,1,2,depth,-3887,-633,1516,1786588052547306
cross_device,1,2,depth,-3888,-636,1465,1786588052580475
cross_device,1,2,depth,-3887,-636,1233,1786588052614036
cross_device,1,2,depth,-3888,-639,1562,1786588052647445
cross_device,1,2,depth,-3888,-640,1333,1786588052680747
cross_device,1,2,depth,-3889,-643,1281,1786588052714002
cross_device,1,2,depth,-3888,-644,1287,1786588052747376
cross_device,1,2,depth,-3889,-646,1352,1786588052780727
cross_device,1,2,depth,-3889,-648,1471,1786588052814217
cross_device,1,2,depth,-3889,-649,1205,1786588052847343
cross_device,1,2,depth,-3890,-652,1366,1786588052880695
cross_device,1,2,depth,-3890,-653,1318,1786588052914019
cross_device,1,2,depth,-3890,-655,1562,1786588052947518
cross_device,1,2,depth,-3890,-657,1067,1786588052980795
cross_device,1,2,depth,-3890,-659,1328,1786588053014015
cross_device,1,2,depth,-3890,-660,1267,1786588053047371
cross_device,1,2,depth,-3890,-660,34587,1786588053080691
cross_device,1,2,depth,-3891,-665,949,1786588053113785
cross_device,1,2,depth,-3891,-667,1014,1786588053147139
cross_device,1,2,depth,-3891,-668,1299,1786588053180699
cross_device,1,2,depth,-3891,-668,34843,1786588053214243
cross_device,1,2,depth,-3892,-672,1470,1786588053247597
cross_device,1,2,depth,-3892,-674,1454,1786588053280923
cross_device,1,2,depth,-3892,-675,1249,1786588053314065
cross_device,1,2,depth,-3892,-677,1350,1786588053347373
cross_device,1,2,depth,-3893,-679,1323,1786588053380432
cross_device,1,2,depth,-3893,-682,1314,1786588053413994
cross_device,1,2,depth,-3894,-684,1442,1786588053447321
cross_device,1,2,depth,-3894,-686,1379,1786588053480704
cross_device,1,2,depth,-3894,-687,1422,1786588053514005
cross_device,1,2,depth,-3894,-689,1718,1786588053547464
cross_device,1,2,depth,-3894,-690,1333,1786588053580506
cross_device,1,2,depth,-3894,-692,1976,1786588053614100
cross_device,1,2,depth,-3894,-694,1665,1786588053647603
cross_device,1,2,depth,-3895,-696,1993,1786588053681119
cross_device,1,2,depth,-3895,-698,1549,1786588053714022
cross_device,1,2,depth,-3895,-699,1698,1786588053747215
cross_device,1,2,depth,-3896,-702,1415,1786588053780646
cross_device,1,2,depth,-3895,-703,972,1786588053813705
cross_device,1,2,depth,-3896,-706,1902,1786588053847382
cross_device,1,2,depth,-3896,-707,1305,1786588053880344
cross_device,1,2,depth,-3896,-709,1489,1786588053913842
cross_device,1,2,depth,-3896,-710,1456,1786588053947356
cross_device,1,2,depth,-3897,-713,1557,1786588053980731
cross_device,1,2,depth,-3897,-714,1983,1786588054014114
cross_device,1,2,depth,-3897,-717,1438,1786588054047375
cross_device,1,2,depth,-3897,-718,1465,1786588054080471
cross_device,1,2,depth,-3898,-721,1959,1786588054114259
cross_device,1,2,depth,-3898,-722,1361,1786588054147325
cross_device,1,2,depth,-3898,-724,1544,1786588054180704
cross_device,1,2,depth,-3899,-726,1587,1786588054214063
cross_device,1,2,depth,-3899,-728,1562,1786588054247220
cross_device,1,2,depth,-3899,-729,1633,1786588054280931
cross_device,1,2,depth,-3899,-731,1584,1786588054314094
cross_device,1,2,depth,-3900,-734,1501,1786588054347330
cross_device,1,2,depth,-3900,-736,1553,1786588054380692
cross_device,1,2,depth,-3899,-736,1095,1786588054413724
cross_device,1,2,depth,-3900,-738,1475,1786588054447306
cross_device,1,2,depth,-3901,-742,1574,1786588054480707
cross_device,1,2,depth,-3900,-742,1833,1786588054514045
cross_device,1,2,depth,-3901,-745,1588,1786588054547387
cross_device,1,2,depth,-3901,-747,1642,1786588054580747
cross_device,1,2,depth,-3901,-748,1767,1786588054613898
cross_device,1,2,depth,-3902,-750,1804,1786588054647634
cross_device,1,2,depth,-3902,-752,1437,1786588054680703
cross_device,1,2,depth,-3902,-753,2402,1786588054714640
cross_device,1,2,depth,-3902,-756,1634,1786588054747482
cross_device,1,2,depth,-3902,-757,1358,1786588054780495
cross_device,1,2,depth,-3903,-760,1694,1786588054814173
cross_device,1,2,depth,-3903,-761,1568,1786588054847396
cross_device,1,2,depth,-3903,-763,1613,1786588054880709
cross_device,1,2,depth,-3903,-764,1794,1786588054914117
cross_device,1,2,depth,-3903,-767,1554,1786588054947346
cross_device,1,2,depth,-3903,-768,1650,1786588054980746
cross_device,1,2,depth,-3904,-771,2015,1786588055014176
cross_device,1,2,depth,-3904,-772,1356,1786588055047185
cross_device,1,2,depth,-3904,-774,1464,1786588055080623
cross_device,1,2,depth,-3904,-776,1787,1786588055114063
cross_device,1,2,depth,-3905,-779,1419,1786588055147141
cross_device,1,2,depth,-3905,-780,1515,1786588055180678
cross_device,1,2,depth,-3906,-783,1459,1786588055214005
cross_device,1,2,depth,-3906,-783,35008,1786588055247554
cross_device,1,2,depth,-3906,-785,1589,1786588055280848
cross_device,1,2,depth,-3906,-787,1591,1786588055314079
cross_device,1,2,depth,-3905,-789,1531,1786588055347354
cross_device,1,2,depth,-3906,-791,1583,1786588055380709
cross_device,1,2,depth,-3907,-794,1540,1786588055414006
cross_device,1,2,depth,-3906,-794,1547,1786588055447423
cross_device,1,2,depth,-3907,-797,1770,1786588055480900
cross_device,1,2,depth,-3907,-798,1654,1786588055513889
cross_device,1,2,depth,-3907,-799,1928,1786588055547443
cross_device,1,2,depth,-3908,-802,1579,1786588055580647
cross_device,1,2,depth,-3908,-480,1327,1786588055613831
cross_device,1,2,depth,-3908,-480,34606,1786588055647110
cross_device,1,2,depth,-3912,49,1718,1786588055680924
cross_device,1,2,depth,-3909,53,1635,1786588055714168
cross_device,1,2,depth,-3909,52,1241,1786588055747032
cross_device,1,2,depth,-3910,51,1818,1786588055780895
cross_device,1,2,depth,-3909,52,1536,1786588055814021
cross_device,1,2,depth,-3910,51,1496,1786588055847325
cross_device,1,2,depth,-3909,53,1663,1786588055880895
cross_device,1,2,depth,-3910,51,1156,1786588055913691
cross_device,1,2,depth,-3909,53,1817,1786588055947501
cross_device,1,2,depth,-3910,51,1689,1786588055980750
cross_device,1,2,depth,-3910,52,2041,1786588056014176
cross_device,1,2,depth,-3910,51,1684,1786588056047244
cross_device,1,2,depth,-3911,51,1676,1786588056080834
cross_device,1,2,depth,-3911,51,1775,1786588056114169
cross_device,1,2,depth,-3911,51,1758,1786588056147300
cross_device,1,2,depth,-3912,50,1568,1786588056180744
cross_device,1,2,depth,-3912,49,1552,1786588056214089
cross_device,1,2,depth,-3912,50,1790,1786588056247352
cross_device,1,2,depth,-3912,50,1916,1786588056280879
cross_device,1,2,depth,-3912,50,1457,1786588056314024
cross_device,1,2,depth,-3913,50,1773,1786588056347582
cross_device,1,2,depth,-3913,49,1978,1786588056381088
cross_device,1,2,depth,-3913,49,1518,1786588056447300
cross_device,1,2,depth,-3913,50,1697,1786588056480704
cross_device,1,2,depth,-3914,49,1898,1786588056514120
cross_device,1,2,depth,-3914,48,1492,1786588056547326
cross_device,1,2,depth,-3914,49,1296,1786588056580434
cross_device,1,2,depth,-3915,47,1549,1786588056614008
cross_device,1,2,depth,-3915,48,1638,1786588056647459
cross_device,1,2,depth,-3914,50,1867,1786588056680719
cross_device,1,2,depth,-3915,48,1776,1786588056714278
cross_device,1,2,depth,-3915,48,35012,1786588056747514
cross_device,1,2,depth,-3916,47,2022,1786588056781126
cross_device,1,2,depth,-3916,47,1610,1786588056814005
cross_device,1,2,depth,-3916,48,1787,1786588056847584
cross_device,1,2,depth,-3917,46,1938,1786588056881044
cross_device,1,2,depth,-3916,48,1788,1786588056914246
cross_device,1,2,depth,-3917,46,1697,1786588056947467
cross_device,1,2,depth,-3917,47,1815,1786588056980910
cross_device,1,2,depth,-3917,46,1551,1786588057014014
cross_device,1,2,depth,-3917,47,1507,1786588057047322
cross_device,1,2,depth,-3917,47,1595,1786588057080617
cross_device,1,2,depth,-3918,46,1557,1786588057113995
cross_device,1,2,depth,-3918,46,2030,1786588057147777
cross_device,1,2,depth,-3923,41,1674,1786588057180700
cross_device,1,2,depth,-3918,46,1525,1786588057213991
cross_device,1,2,depth,-3918,47,2110,1786588057247679
cross_device,1,2,depth,-3920,44,1838,1786588057280725
cross_device,1,2,depth,-3919,46,1642,1786588057314094
cross_device,1,2,depth,-3919,46,35552,1786588057348004
cross_device,1,2,depth,-3920,45,1501,1786588057380777
cross_device,1,2,depth,-3920,44,1804,1786588057414240
cross_device,1,2,depth,-3920,45,1594,1786588057447363
cross_device,1,2,depth,-3923,41,1777,1786588057480903
cross_device,1,2,depth,-3920,45,1766,1786588057514233
cross_device,1,2,depth,-3921,44,1744,1786588057547282
cross_device,1,2,depth,-3922,43,1722,1786588057580824
cross_device,1,2,depth,-3921,44,1721,1786588057614172
cross_device,1,2,depth,-3922,44,1323,1786588057647145
cross_device,1,2,depth,-3922,43,1853,1786588057680762
cross_device,1,2,depth,-3922,43,1596,1786588057713871
cross_device,1,2,depth,-3922,43,1620,1786588057747226
cross_device,1,2,depth,-3926,40,1599,1786588057780908
cross_device,1,2,depth,-3922,43,1655,1786588057814213
cross_device,1,2,depth,-3923,42,1644,1786588057847301
cross_device,1,2,depth,-3925,40,1126,1786588057880307
cross_device,1,2,depth,-3923,42,1399,1786588057914065
cross_device,1,2,depth,-3923,43,1946,1786588057947578
cross_device,1,2,depth,-3931,34,1809,1786588057981092
cross_device,1,2,depth,-3914,52,1603,1786588058014051
cross_device,1,2,depth,-3924,41,1549,1786588058047436
cross_device,1,2,depth,-3929,37,1384,1786588058080453
cross_device,1,2,depth,-3925,41,1625,1786588058114035
cross_device,1,2,depth,-3924,42,1500,1786588058147320
cross_device,1,2,depth,-3930,36,1442,1786588058180418
cross_device,1,2,depth,-3925,41,1436,1786588058214035
cross_device,1,2,depth,-3926,40,1635,1786588058247135
cross_device,1,2,depth,-3926,40,35373,1786588058280873
cross_device,1,2,depth,-3925,41,1519,1786588058314026
cross_device,1,2,depth,-3926,41,1529,1786588058347371
cross_device,1,2,depth,-3932,34,1908,1786588058380727
cross_device,1,2,depth,-3927,40,1714,1786588058414195
cross_device,1,2,depth,-3927,39,1701,1786588058447566
cross_device,1,2,depth,-3927,40,1495,1786588058480794
cross_device,1,2,depth,-3927,40,2071,1786588058514291
cross_device,1,2,depth,-3927,40,1542,1786588058547392
cross_device,1,2,depth,-3927,40,1450,1786588058580659
cross_device,1,2,depth,-3928,39,1614,1786588058614210
cross_device,1,2,depth,-3928,39,1525,1786588058647387
cross_device,1,2,depth,-3929,39,1715,1786588058680863
cross_device,1,2,depth,-3929,38,1537,1786588058714031
cross_device,1,2,depth,-3929,38,1916,1786588058747628
cross_device,1,2,depth,-3929,38,1805,1786588058781002
cross_device,1,2,depth,-3928,39,1701,1786588058814234
cross_device,1,2,depth,-3929,38,1464,1786588058880630
cross_device,1,2,depth,-3929,39,1558,1786588058914050
cross_device,1,2,depth,-3930,37,1604,1786588058947342
cross_device,1,2,depth,-3930,38,1606,1786588058980743
cross_device,1,2,depth,-3922,46,1472,1786588059014035
cross_device,1,2,depth,-3930,38,1864,1786588059047608
cross_device,1,2,depth,-3931,38,1838,1786588059080882
cross_device,1,2,depth,-3931,37,2044,1786588059114222
cross_device,1,2,depth,-3931,37,1668,1786588059147358
cross_device,1,2,depth,-3931,37,1534,1786588059180732
cross_device,1,2,depth,-3932,36,1180,1786588059213742
cross_device,1,2,depth,-3932,37,1993,1786588059247498
cross_device,1,2,depth,-3932,36,1626,1786588059280862
cross_device,1,2,depth,-3932,37,1564,1786588059314070
cross_device,1,2,depth,-3933,35,1562,1786588059347421
cross_device,1,2,depth,-3932,37,1712,1786588059380899
cross_device,1,2,depth,-3933,35,1368,1786588059414010
cross_device,1,2,depth,-3933,36,1734,1786588059447542
cross_device,1,2,depth,-3934,34,1226,1786588059480416
cross_device,1,2,depth,-3933,36,1184,1786588059513917
cross_device,1,2,depth,-3934,35,1535,1786588059547368
cross_device,1,2,depth,-3934,35,1711,1786588059580850
cross_device,1,2,depth,-3934,35,1685,1786588059614177
cross_device,1,2,depth,-3934,35,34902,1786588059647394
cross_device,1,2,depth,-3935,34,1629,1786588059680907
cross_device,1,2,depth,-3935,34,1169,1786588059713743
cross_device,1,2,depth,-3935,34,1565,1786588059747173
cross_device,1,2,depth,-3936,34,1980,1786588059780761
cross_device,1,2,depth,-3936,34,1466,1786588059814070
cross_device,1,2,depth,-3936,34,1530,1786588059847349
cross_device,1,2,depth,-3936,34,1879,1786588059880717
cross_device,1,2,depth,-3936,34,1348,1786588059913862
cross_device,1,2,depth,-3937,33,1135,1786588059947371
cross_device,1,2,depth,-3937,33,1660,1786588059980834
cross_device,1,2,depth,-3937,33,1269,1786588060013729
cross_device,1,2,depth,-3937,33,1508,1786588060047371
cross_device,1,2,depth,-3937,33,1594,1786588060080723
cross_device,1,2,depth,-3937,34,1488,1786588060114087
cross_device,1,2,depth,-3938,32,1879,1786588060147456
cross_device,1,2,depth,-3938,32,1637,1786588060180781
cross_device,1,2,depth,-3939,31,1793,1786588060214292
cross_device,1,2,depth,-3938,32,1432,1786588060247102
cross_device,1,2,depth,-3939,31,1684,1786588060280699
cross_device,1,2,depth,-3939,31,897,1786588060313957
cross_device,1,2,depth,-3939,32,1401,1786588060347412
cross_device,1,2,depth,-3939,32,1309,1786588060380746
cross_device,1,2,depth,-3940,31,1234,1786588060413774
cross_device,1,2,depth,-3940,30,1459,1786588060447419
cross_device,1,2,depth,-3939,32,1364,1786588060480813
cross_device,1,2,depth,-3940,31,1671,1786588060513870
cross_device,0,1,color,-643,-901,8,1786588039275913
cross_device,0,1,color,-644,-903,0,1786588039309238
cross_device,0,1,color,-643,-904,-25,1786588039342613
cross_device,0,1,color,-644,-908,-82,1786588039375782
cross_device,0,1,color,-644,-910,190,1786588039409373
cross_device,0,1,color,-644,-911,-56,1786588039442516
cross_device,0,1,color,-644,-914,-119,1786588039475859
cross_device,0,1,color,-644,-916,-134,1786588039509247
cross_device,0,1,color,-644,-917,-23,1786588039542496
cross_device,0,1,color,-644,-920,-180,1786588039575829
cross_device,0,1,color,-645,-923,-30,1786588039609335
cross_device,0,1,color,-645,-924,-99,1786588039642342
cross_device,0,1,color,-645,-927,-147,1786588039675763
cross_device,0,1,color,-645,-929,44,1786588039709441
cross_device,0,1,color,-644,-932,-70,1786588039775927
cross_device,0,1,color,-645,-935,0,1786588039808928
cross_device,0,1,color,-645,-937,-28,1786588039842565
cross_device,0,1,color,-645,-940,8,1786588039875926
cross_device,0,1,color,-645,-941,-96,1786588039909300
cross_device,0,1,color,-645,-943,13,1786588039942722
cross_device,0,1,color,-645,-946,21,1786588039976103
cross_device,0,1,color,-645,-947,-43,1786588040009258
cross_device,0,1,color,-645,-949,119,1786588040042927
cross_device,0,1,color,-645,-952,-143,1786588040075837
cross_device,0,1,color,-645,-954,-117,1786588040109078
cross_device,0,1,color,-645,-956,-336,1786588040142740
cross_device,0,1,color,-646,-959,206,1786588040175922
cross_device,0,1,color,-646,-961,23,1786588040209337
cross_device,0,1,color,-646,-964,423,1786588040243149
cross_device,0,1,color,-646,-965,142,1786588040276016
cross_device,0,1,color,-646,-967,167,1786588040309395
cross_device,0,1,color,-646,-970,-154,1786588040342543
cross_device,0,1,color,-646,-972,-1,1786588040376296
cross_device,0,1,color,-646,-973,-168,1786588040409388
cross_device,0,1,color,-646,-975,142,1786588040442906
cross_device,0,1,color,-646,-978,-3,1786588040475893
cross_device,0,1,color,-646,-980,-44,1786588040509302
cross_device,0,1,color,-646,-981,-253,1786588040542307
cross_device,0,1,color,-646,-641,-213,1786588040575643
cross_device,0,1,color,-646,-641,-449,1786588040642580
cross_device,0,1,color,-647,-642,-241,1786588040675692
cross_device,0,1,color,-646,-641,-124,1786588040709003
cross_device,0,1,color,-647,-642,-106,1786588040742500
cross_device,0,1,color,-647,-643,269,1786588040775927
cross_device,0,1,color,-653,-648,-330,1786588040808928
cross_device,0,1,color,-647,-642,-315,1786588040842410
cross_device,0,1,color,-647,-642,-86,1786588040875906
cross_device,0,1,color,-651,-646,15,1786588040909060
cross_device,0,1,color,-647,-643,49,1786588040942644
cross_device,0,1,color,-647,-642,279,1786588040975936
cross_device,0,1,color,-649,-644,-12,1786588041009088
cross_device,0,1,color,-648,-643,-214,1786588041042349
cross_device,0,1,color,-647,-642,467,1786588041076114
cross_device,0,1,color,-647,-643,292,1786588041109246
cross_device,0,1,color,-648,-643,326,1786588041142606
cross_device,0,1,color,-648,-644,236,1786588041175914
cross_device,0,1,color,-653,-649,158,1786588041209008
cross_device,0,1,color,-648,-643,-65,1786588041242349
cross_device,0,1,color,-648,-644,155,1786588041275818
cross_device,0,1,color,-656,-652,-164,1786588041308942
cross_device,0,1,color,-648,-644,-3,1786588041342586
cross_device,0,1,color,-648,-644,315,1786588041375866
cross_device,0,1,color,-655,-650,341,1786588041409270
cross_device,0,1,color,-648,-644,355,1786588041442613
cross_device,0,1,color,-649,-644,210,1786588041475890
cross_device,0,1,color,-648,-644,273,1786588041509199
cross_device,0,1,color,-649,-645,335,1786588041542620
cross_device,0,1,color,-648,-522,137,1786588041575744
cross_device,0,1,color,-651,-524,304,1786588041609221
cross_device,0,1,color,-649,-522,279,1786588041642571
cross_device,0,1,color,-649,-521,233,1786588041675864
cross_device,0,1,color,-653,-524,-19,1786588041709089
cross_device,0,1,color,-649,-520,0,1786588041742619
cross_device,0,1,color,-649,-520,183,1786588041775808
cross_device,0,1,color,-659,-529,184,1786588041809206
cross_device,0,1,color,-649,-519,-142,1786588041842329
cross_device,0,1,color,-650,-519,-6,1786588041875922
cross_device,0,1,color,-653,-522,-232,1786588041908998
cross_device,0,1,color,-650,-518,45,1786588041942534
cross_device,0,1,color,-650,-518,6,1786588041976080
cross_device,0,1,color,-653,-521,20,1786588042009219
cross_device,0,1,color,-650,-517,-423,1786588042042332
cross_device,0,1,color,-650,-517,100,1786588042076207
cross_device,0,1,color,-659,-525,-46,1786588042109217
cross_device,0,1,color,-650,-515,53,1786588042142684
cross_device,0,1,color,-651,-516,5,1786588042175926
cross_device,0,1,color,-654,-519,-16,1786588042209189
cross_device,0,1,color,-650,-515,-139,1786588042242331
cross_device,0,1,color,-651,-515,-113,1786588042275759
cross_device,0,1,color,-650,-513,60,1786588042309346
cross_device,0,1,color,-650,-513,-84,1786588042342499
cross_device,0,1,color,-650,-512,51,1786588042375957
cross_device,0,1,color,-651,-513,-4,1786588042409276
cross_device,0,1,color,-651,-513,-16,1786588042442740
cross_device,0,1,color,-651,-512,90,1786588042475852
cross_device,0,1,color,-653,-514,117,1786588042509000
cross_device,0,1,color,-651,-511,-25,1786588042542584
cross_device,0,1,color,-651,-451,297,1786588042575899
cross_device,0,1,color,-661,-460,-30,1786588042609335
cross_device,0,1,color,-652,-449,43,1786588042642618
cross_device,0,1,color,-651,-448,25,1786588042675920
cross_device,0,1,color,-651,-447,-38,1786588042709277
cross_device,0,1,color,-651,-447,-286,1786588042742277
cross_device,0,1,color,-652,-446,-7,1786588042776105
cross_device,0,1,color,-661,-455,-58,1786588042809230
cross_device,0,1,color,-652,-445,-71,1786588042842487
cross_device,0,1,color,-652,-445,-39,1786588042875922
cross_device,0,1,color,-661,-453,-310,1786588042909017
cross_device,0,1,color,-652,-443,2,1786588042942800
cross_device,0,1,color,-652,-442,29,1786588042976138
cross_device,0,1,color,-652,-442,191,1786588043009599
cross_device,0,1,color,-652,-440,125,1786588043042914
cross_device,0,1,color,-653,-441,271,1786588043075901
cross_device,0,1,color,-652,-439,74,1786588043109383
cross_device,0,1,color,-653,-439,480,1786588043142763
cross_device,0,1,color,-652,-438,97,1786588043176044
cross_device,0,1,color,-652,-437,200,1786588043209444
cross_device,0,1,color,-653,-437,120,1786588043242486
cross_device,0,1,color,-653,-437,132,1786588043276100
cross_device,0,1,color,-653,-436,-199,1786588043309205
cross_device,0,1,color,-652,-433,-123,1786588043342680
cross_device,0,1,color,-653,-435,241,1786588043375806
cross_device,0,1,color,-660,-440,-76,1786588043409105
cross_device,0,1,color,-653,-433,480,1786588043442783
cross_device,0,1,color,-653,-432,-20,1786588043475897
cross_device,0,1,color,-653,-432,180,1786588043509441
cross_device,0,1,color,-654,-431,-126,1786588043542324
cross_device,0,1,color,-653,-56,109,1786588043575869
cross_device,0,1,color,-654,-54,429,1786588043609396
cross_device,0,1,color,-654,-52,468,1786588043642767
cross_device,0,1,color,-653,-48,515,1786588043676170
cross_device,0,1,color,-654,-46,468,1786588043709428
cross_device,0,1,color,-654,-44,1,1786588043742660
cross_device,0,1,color,-654,-42,-379,1786588043775700
cross_device,0,1,color,-654,-39,-64,1786588043809351
cross_device,0,1,color,-654,-36,-268,1786588043842371
cross_device,0,1,color,-654,-33,-172,1786588043875763
cross_device,0,1,color,-654,-31,40,1786588043909218
cross_device,0,1,color,-654,-29,83,1786588043942803
cross_device,0,1,color,-655,-27,-413,1786588043976105
cross_device,0,1,color,-654,-23,61,1786588044009419
cross_device,0,1,color,-654,-20,-175,1786588044042752
cross_device,0,1,color,-654,-17,61,1786588044076160
cross_device,0,1,color,-654,-16,3,1786588044109451
cross_device,0,1,color,-655,-14,-144,1786588044142567
cross_device,0,1,color,-655,-11,161,1786588044176072
cross_device,0,1,color,-655,-8,203,1786588044209432
cross_device,0,1,color,-655,-5,-100,1786588044242327
cross_device,0,1,color,-655,-3,-41,1786588044276228
cross_device,0,1,color,-655,-1,169,1786588044309567
cross_device,0,1,color,-656,1,-177,1786588044342568
cross_device,0,1,color,-655,5,-287,1786588044375607
cross_device,0,1,color,-656,7,167,1786588044409406
cross_device,0,1,color,-655,11,-40,1786588044442550
cross_device,0,1,color,-655,12,13,1786588044476047
cross_device,0,1,color,-656,14,104,1786588044509547
cross_device,0,1,color,-656,17,-34,1786588044542717
cross_device,0,1,color,-656,-152,-9,1786588044575534
cross_device,0,1,color,-656,-111,-46,1786588044609427
cross_device,0,1,color,-656,-109,-357,1786588044642391
cross_device,0,1,color,-656,-108,-67,1786588044675706
cross_device,0,1,color,-656,-105,181,1786588044709367
cross_device,0,1,color,-656,-103,18,1786588044742634
cross_device,0,1,color,-657,-102,47,1786588044775697
cross_device,0,1,color,-657,-100,3,1786588044809478
cross_device,0,1,color,-656,-97,-22,1786588044842599
cross_device,0,1,color,-656,-96,-27,1786588044875972
cross_device,0,1,color,-656,-94,44,1786588044909085
cross_device,0,1,color,-657,-92,-25,1786588044942582
cross_device,0,1,color,-657,-90,2,1786588044975992
cross_device,0,1,color,-657,-89,34,1786588045009325
cross_device,0,1,color,-657,-86,-37,1786588045042618
cross_device,0,1,color,-657,-85,14,1786588045075946
cross_device,0,1,color,-657,-83,102,1786588045109234
cross_device,0,1,color,-657,-81,103,1786588045142611
cross_device,0,1,color,-658,-80,29,1786588045175694
cross_device,0,1,color,-658,-78,-15,1786588045208971
cross_device,0,1,color,-657,-75,-277,1786588045242417
cross_device,0,1,color,-658,-74,-32,1786588045275999
cross_device,0,1,color,-658,-72,-306,1786588045308945
cross_device,0,1,color,-658,-70,-377,1786588045342311
cross_device,0,1,color,-657,-66,-343,1786588045375686
cross_device,0,1,color,-658,-65,45,1786588045409349
cross_device,0,1,color,-658,-64,21,1786588045442293
cross_device,0,1,color,-658,-61,-152,1786588045475731
cross_device,0,1,color,-658,-60,-350,1786588045508941
cross_device,0,1,color,-658,-57,-319,1786588045542289
cross_device,0,1,color,-658,-56,-279,1786588045575862
cross_device,0,1,color,-658,-131,-302,1786588045608949
cross_device,0,1,color,-658,-129,-14,1786588045642272
cross_device,0,1,color,-658,-128,-274,1786588045675652
cross_device,0,1,color,-658,-125,-410,1786588045708990
cross_device,0,1,color,-658,-124,-459,1786588045742293
cross_device,0,1,color,-659,-123,-19,1786588045775610
cross_device,0,1,color,-659,-122,13,1786588045808890
cross_device,0,1,color,-659,-120,-582,1786588045842220
cross_device,0,1,color,-659,-119,-119,1786588045875590
cross_device,0,1,color,-659,-117,255,1786588045909402
cross_device,0,1,color,-659,-115,-94,1786588045942501
cross_device,0,1,color,-659,-113,335,1786588045975951
cross_device,0,1,color,-659,-111,0,1786588046009286
cross_device,0,1,color,-659,-110,-3,1786588046042291
cross_device,0,1,color,-659,-109,111,1786588046076011
cross_device,0,1,color,-659,-107,403,1786588046109444
cross_device,0,1,color,-659,-105,371,1786588046142624
cross_device,0,1,color,-659,-103,-63,1786588046175717
cross_device,0,1,color,-660,-102,348,1786588046209274
cross_device,0,1,color,-660,-101,-22,1786588046242307
cross_device,0,1,color,-660,-99,336,1786588046275956
cross_device,0,1,color,-660,-98,332,1786588046309274
cross_device,0,1,color,-660,-96,297,1786588046342589
cross_device,0,1,color,-660,-95,9,1786588046375635
cross_device,0,1,color,-660,-92,319,1786588046409269
cross_device,0,1,color,-660,-91,-290,1786588046442323
cross_device,0,1,color,-660,-89,153,1786588046475755
cross_device,0,1,color,-660,-88,124,1786588046509205
cross_device,0,1,color,-661,-87,322,1786588046542732
cross_device,0,1,color,-660,-85,297,1786588046576083
cross_device,0,1,color,-661,-83,396,1786588046609339
cross_device,0,1,color,-660,-80,410,1786588046642801
cross_device,0,1,color,-661,-80,465,1786588046676065
cross_device,0,1,color,-661,-78,322,1786588046709383
cross_device,0,1,color,-661,-77,341,1786588046742616
cross_device,0,1,color,-661,-75,18,1786588046775665
cross_device,0,1,color,-661,-74,109,1786588046809038
cross_device,0,1,color,-661,-71,252,1786588046842522
cross_device,0,1,color,-661,-70,-4,1786588046875609
cross_device,0,1,color,-661,-68,-27,1786588046908874
cross_device,0,1,color,-661,-67,147,1786588046942483
cross_device,0,1,color,-661,-65,290,1786588046975932
cross_device,0,1,color,-661,-64,302,1786588047009255
cross_device,0,1,color,-662,-62,-154,1786588047042706
cross_device,0,1,color,-662,-60,246,1786588047075885
cross_device,0,1,color,-662,-59,201,1786588047109260
cross_device,0,1,color,-662,-57,75,1786588047142391
cross_device,0,1,color,-662,-56,342,1786588047176156
cross_device,0,1,color,-661,-53,305,1786588047209303
cross_device,0,1,color,-662,-53,281,1786588047242471
cross_device,0,1,color,-662,-50,394,1786588047276035
cross_device,0,1,color,-662,-49,437,1786588047309426
cross_device,0,1,color,-663,-48,301,1786588047342608
cross_device,0,1,color,-662,-45,273,1786588047375933
cross_device,0,1,color,-662,-44,302,1786588047409273
cross_device,0,1,color,-662,-41,352,1786588047442590
cross_device,0,1,color,-662,-40,280,1786588047475853
cross_device,0,1,color,-663,-39,3,1786588047509385
cross_device,0,1,color,-662,-37,335,1786588047542611
cross_device,0,1,color,-663,-36,411,1786588047575974
cross_device,0,1,color,-663,-35,-47,1786588047609615
cross_device,0,1,color,-663,-33,252,1786588047642546
cross_device,0,1,color,-663,-32,307,1786588047675951
cross_device,0,1,color,-663,-29,357,1786588047709291
cross_device,0,1,color,-664,-29,31,1786588047742680
cross_device,0,1,color,-664,-27,285,1786588047776208
cross_device,0,1,color,-663,-24,348,1786588047809415
cross_device,0,1,color,-664,-24,97,1786588047842688
cross_device,0,1,color,-664,-22,-160,1786588047875644
cross_device,0,1,color,-664,-20,-258,1786588047908975
cross_device,0,1,color,-664,-18,302,1786588047942584
cross_device,0,1,color,-664,-17,43,1786588047975767
cross_device,0,1,color,-664,-15,88,1786588048009385
cross_device,0,1,color,-664,-14,339,1786588048042629
cross_device,0,1,color,-664,-12,301,1786588048075952
cross_device,0,1,color,-664,-11,338,1786588048109300
cross_device,0,1,color,-664,-8,489,1786588048142794
cross_device,0,1,color,-664,-7,360,1786588048176030
cross_device,0,1,color,-665,-6,190,1786588048209250
cross_device,0,1,color,-664,-4,-161,1786588048242590
cross_device,0,1,color,-665,-3,-105,1786588048275627
cross_device,0,1,color,-665,-2,-346,1786588048309021
cross_device,0,1,color,-665,1,48,1786588048342845
cross_device,0,1,color,-664,4,-149,1786588048375993
cross_device,0,1,color,-665,4,230,1786588048409387
cross_device,0,1,color,-664,7,399,1786588048442999
cross_device,0,1,color,-665,7,19,1786588048475709
cross_device,0,1,color,-665,9,367,1786588048509321
cross_device,0,1,color,-666,9,-60,1786588048542323
cross_device,0,1,color,-665,13,157,1786588048575900
cross_device,0,1,color,-666,13,411,1786588048609320
cross_device,0,1,color,-665,16,299,1786588048642676
cross_device,0,1,color,-665,18,257,1786588048675902
cross_device,0,1,color,-665,19,374,1786588048709574
cross_device,0,1,color,-666,20,-24,1786588048742228
cross_device,0,1,color,-666,21,312,1786588048775940
cross_device,0,1,color,-666,24,216,1786588048809284
cross_device,0,1,color,-666,25,496,1786588048842877
cross_device,0,1,color,-666,27,162,1786588048876038
cross_device,0,1,color,-666,28,196,1786588048909546
cross_device,0,1,color,-666,30,-70,1786588048942716
cross_device,0,1,color,-667,31,-287,1786588048975839
cross_device,0,1,color,-666,34,-101,1786588049009219
cross_device,0,1,color,-667,34,358,1786588049042622
cross_device,0,1,color,-666,37,177,1786588049075782
cross_device,0,1,color,-666,38,47,1786588049109367
cross_device,0,1,color,-667,39,110,1786588049142602
cross_device,0,1,color,-667,42,341,1786588049176119
cross_device,0,1,color,-667,42,263,1786588049209299
cross_device,0,1,color,-667,45,97,1786588049242390
cross_device,0,1,color,-667,46,533,1786588049276285
cross_device,0,1,color,-667,48,399,1786588049309437
cross_device,0,1,color,-667,49,383,1786588049342783
cross_device,0,1,color,-667,51,505,1786588049376094
cross_device,0,1,color,-667,52,327,1786588049409379
cross_device,0,1,color,-667,54,391,1786588049442785
cross_device,0,1,color,-667,56,172,1786588049476184
cross_device,0,1,color,-667,58,247,1786588049509247
cross_device,0,1,color,-667,59,480,1786588049542758
cross_device,0,1,color,-668,60,263,1786588049575890
cross_device,0,1,color,-668,61,329,1786588049609283
cross_device,0,1,color,-667,65,513,1786588049642779
cross_device,0,1,color,-668,66,322,1786588049675954
cross_device,0,1,color,-668,67,319,1786588049709286
cross_device,0,1,color,-668,69,359,1786588049743077
cross_device,0,1,color,-668,70,380,1786588049776164
cross_device,0,1,color,-668,72,297,1786588049809244
cross_device,0,1,color,-668,73,253,1786588049842612
cross_device,0,1,color,-668,76,295,1786588049875935
cross_device,0,1,color,-669,76,141,1786588049909812
cross_device,0,1,color,-668,79,359,1786588049942661
cross_device,0,1,color,-668,80,10,1786588049975993
cross_device,0,1,color,-669,81,-137,1786588050009086
cross_device,0,1,color,-669,83,25,1786588050042379
cross_device,0,1,color,-669,84,0,1786588050075941
cross_device,0,1,color,-669,86,-24,1786588050109289
cross_device,0,1,color,-669,88,52,1786588050142611
cross_device,0,1,color,-669,89,-17,1786588050175940
cross_device,0,1,color,-669,91,-120,1786588050209295
cross_device,0,1,color,-669,93,-46,1786588050242393
cross_device,0,1,color,-669,94,29,1786588050275947
cross_device,0,1,color,-669,97,59,1786588050309337
cross_device,0,1,color,-669,98,-150,1786588050342755
cross_device,0,1,color,-669,100,-77,1786588050376104
cross_device,0,1,color,-670,100,-19,1786588050409369
cross_device,0,1,color,-669,103,-138,1786588050442616
cross_device,0,1,color,-670,103,-60,1786588050475768
cross_device,0,1,color,-670,105,-425,1786588050508928
cross_device,0,1,color,-670,107,-967,1786588050542524
cross_device,0,1,color,-670,109,125,1786588050575764
cross_device,0,1,color,-670,111,-26,1786588050609378
cross_device,0,1,color,-670,112,399,1786588050642649
cross_device,0,1,color,-670,114,311,1786588050675921
cross_device,0,1,color,-670,115,480,1786588050709412
cross_device,0,1,color,-671,116,325,1786588050742779
cross_device,0,1,color,-670,119,99,1786588050775927
cross_device,0,1,color,-670,121,341,1786588050809297
cross_device,0,1,color,-670,122,356,1786588050842732
cross_device,0,1,color,-670,124,455,1786588050876089
cross_device,0,1,color,-671,125,-47,1786588050909265
cross_device,0,1,color,-671,126,390,1786588050942736
cross_device,0,1,color,-671,127,468,1786588050976077
cross_device,0,1,color,-671,130,356,1786588051009295
cross_device,0,1,color,-671,132,7,1786588051042609
cross_device,0,1,color,-671,133,351,1786588051076078
cross_device,0,1,color,-672,134,448,1786588051109378
cross_device,0,1,color,-671,136,523,1786588051142786
cross_device,0,1,color,-672,138,505,1786588051176211
cross_device,0,1,color,-671,140,466,1786588051209418
cross_device,0,1,color,-672,141,449,1786588051242782
cross_device,0,1,color,-671,143,150,1786588051275798
cross_device,0,1,color,-671,145,184,1786588051309229
cross_device,0,1,color,-672,145,337,1786588051342832
cross_device,0,1,color,-672,148,348,1786588051375973
cross_device,0,1,color,-672,149,534,1786588051409585
cross_device,0,1,color,-672,151,335,1786588051442598
cross_device,0,1,color,-672,153,2,1786588051475667
cross_device,0,1,color,-672,154,72,1786588051509003
cross_device,0,1,color,-672,155,184,1786588051542699
cross_device,0,1,color,-673,157,80,1786588051575793
cross_device,0,1,color,-673,158,166,1786588051609219
cross_device,0,1,color,-672,161,569,1786588051642962
cross_device,0,1,color,-673,162,355,1786588051676112
cross_device,0,1,color,-672,164,322,1786588051709375
cross_device,0,1,color,-672,166,-193,1786588051742563
cross_device,0,1,color,-673,167,125,1786588051776044
cross_device,0,1,color,-673,168,403,1786588051809599
cross_device,0,1,color,-673,169,516,1786588051842921
cross_device,0,1,color,-673,172,471,1786588051876326
cross_device,0,1,color,-673,174,-259,1786588051909288
cross_device,0,1,color,-674,174,-308,1786588051942738
cross_device,0,1,color,-673,176,169,1786588051976291
cross_device,0,1,color,-674,177,346,1786588052009394
cross_device,0,1,color,-673,181,30,1786588052042619
cross_device,0,1,color,-673,182,-394,1786588052075672
cross_device,0,1,color,-674,183,273,1786588052109198
cross_device,0,1,color,-673,185,361,1786588052142761
cross_device,0,1,color,-674,186,277,1786588052175919
cross_device,0,1,color,-673,188,456,1786588052209409
cross_device,0,1,color,-674,189,35,1786588052242421
cross_device,0,1,color,-674,191,29,1786588052276313
cross_device,0,1,color,-674,193,348,1786588052309375
cross_device,0,1,color,-674,195,312,1786588052342613
cross_device,0,1,color,-674,196,301,1786588052375906
cross_device,0,1,color,-674,198,304,1786588052409276
cross_device,0,1,color,-674,199,312,1786588052442622
cross_device,0,1,color,-674,201,413,1786588052476058
cross_device,0,1,color,-675,202,55,1786588052509006
cross_device,0,1,color,-675,204,300,1786588052542574
cross_device,0,1,color,-675,205,-256,1786588052575543
cross_device,0,1,color,-674,208,503,1786588052609412
cross_device,0,1,color,-675,208,217,1786588052642890
cross_device,0,1,color,-675,211,419,1786588052676030
cross_device,0,1,color,-675,212,464,1786588052709405
cross_device,0,1,color,-675,214,479,1786588052742755
cross_device,0,1,color,-675,215,285,1786588052775917
cross_device,0,1,color,-676,216,433,1786588052809537
cross_device,0,1,color,-675,219,446,1786588052842736
cross_device,0,1,color,-675,220,450,1786588052876072
cross_device,0,1,color,-676,221,374,1786588052909335
cross_device,0,1,color,-675,224,13,1786588052942569
cross_device,0,1,color,-676,225,280,1786588052976109
cross_device,0,1,color,-675,227,319,1786588053009270
cross_device,0,1,color,-675,229,329,1786588053042578
cross_device,0,1,color,-676,229,-128,1786588053075970
cross_device,0,1,color,-676,231,228,1786588053109216
cross_device,0,1,color,-676,232,46,1786588053142403
cross_device,0,1,color,-677,234,306,1786588053176105
cross_device,0,1,color,-676,237,335,1786588053209266
cross_device,0,1,color,-676,238,124,1786588053242606
cross_device,0,1,color,-676,240,361,1786588053275946
cross_device,0,1,color,-676,241,325,1786588053309259
cross_device,0,1,color,-676,243,-10,1786588053342371
cross_device,0,1,color,-676,245,196,1786588053375980
cross_device,0,1,color,-676,247,290,1786588053409226
cross_device,0,1,color,-677,247,255,1786588053442607
cross_device,0,1,color,-677,249,-16,1786588053475627
cross_device,0,1,color,-677,250,-31,1786588053508921
cross_device,0,1,color,-677,252,332,1786588053542622
cross_device,0,1,color,-677,254,117,1786588053575962
cross_device,0,1,color,-677,256,17,1786588053609045
cross_device,0,1,color,-677,257,292,1786588053642580
cross_device,0,1,color,-677,259,285,1786588053676209
cross_device,0,1,color,-677,260,347,1786588053709409
cross_device,0,1,color,-677,262,63,1786588053742419
cross_device,0,1,color,-678,263,136,1786588053776135
cross_device,0,1,color,-677,265,165,1786588053809220
cross_device,0,1,color,-677,268,245,1786588053842643
cross_device,0,1,color,-678,268,-9,1786588053875714
cross_device,0,1,color,-677,271,330,1786588053909289
cross_device,0,1,color,-678,271,255,1786588053942738
cross_device,0,1,color,-677,274,207,1786588053976103
cross_device,0,1,color,-678,274,173,1786588054009309
cross_device,0,1,color,-679,276,-85,1786588054042477
cross_device,0,1,color,-678,279,223,1786588054075976
cross_device,0,1,color,-678,280,250,1786588054109260
cross_device,0,1,color,-678,281,147,1786588054142662
cross_device,0,1,color,-679,282,224,1786588054175955
cross_device,0,1,color,-679,283,615,1786588054209565
cross_device,0,1,color,-679,285,187,1786588054242457
cross_device,0,1,color,-678,289,336,1786588054275942
cross_device,0,1,color,-678,290,530,1786588054309479
cross_device,0,1,color,-679,292,24,1786588054375965
cross_device,0,1,color,-679,294,-61,1786588054409006
cross_device,0,1,color,-679,295,-324,1786588054442305
cross_device,0,1,color,-679,297,-288,1786588054475628
cross_device,0,1,color,-679,299,-115,1786588054508946
cross_device,0,1,color,-679,301,-28,1786588054542505
cross_device,0,1,color,-679,302,-255,1786588054575685
cross_device,0,1,color,-679,306,-173,1786588054642427
cross_device,0,1,color,-680,307,-263,1786588054675650
cross_device,0,1,color,-680,309,80,1786588054709474
cross_device,0,1,color,-680,310,197,1786588054742752
cross_device,0,1,color,-680,312,53,1786588054775670
cross_device,0,1,color,-680,313,-449,1786588054808961
cross_device,0,1,color,-680,315,-111,1786588054842465
cross_device,0,1,color,-680,316,-173,1786588054875732
cross_device,0,1,color,-680,319,238,1786588054909464
cross_device,0,1,color,-681,319,5,1786588054942303
cross_device,0,1,color,-681,322,-54,1786588055009243
cross_device,0,1,color,-681,324,-282,1786588055042276
cross_device,0,1,color,-680,326,-107,1786588055075615
cross_device,0,1,color,-680,328,116,1786588055109326
cross_device,0,1,color,-681,330,299,1786588055142620
cross_device,0,1,color,-681,331,141,1786588055175962
cross_device,0,1,color,-681,333,456,1786588055209670
cross_device,0,1,color,-681,334,468,1786588055242784
cross_device,0,1,color,-681,336,-190,1786588055275596
cross_device,0,1,color,-681,337,102,1786588055309394
cross_device,0,1,color,-681,339,-48,1786588055342562
cross_device,0,1,color,-681,343,232,1786588055409229
cross_device,0,1,color,-681,344,313,1786588055442828
cross_device,0,1,color,-682,345,271,1786588055475904
cross_device,0,1,color,-681,347,207,1786588055509106
cross_device,0,1,color,-682,348,127,1786588055543055
cross_device,0,1,color,-682,350,2,1786588055575967
cross_device,0,1,color,-681,119,-488,1786588055609009
cross_device,0,1,color,-682,120,-152,1786588055642371
cross_device,0,1,color,-677,125,75,1786588055676208
cross_device,0,1,color,-682,122,-73,1786588055709350
cross_device,0,1,color,-682,123,-39,1786588055742572
cross_device,0,1,color,-681,125,-209,1786588055775750
cross_device,0,1,color,-682,125,-49,1786588055809245
cross_device,0,1,color,-682,127,-11,1786588055842583
cross_device,0,1,color,-682,127,-4,1786588055875626
cross_device,0,1,color,-682,129,112,1786588055909426
cross_device,0,1,color,-682,130,232,1786588055942708
cross_device,0,1,color,-682,132,-311,1786588055975714
cross_device,0,1,color,-683,131,-127,1786588056009080
cross_device,0,1,color,-682,134,228,1786588056042694
cross_device,0,1,color,-683,134,-301,1786588056075688
cross_device,0,1,color,-683,136,-149,1786588056109119
cross_device,0,1,color,-684,135,167,1786588056142539
cross_device,0,1,color,-683,138,46,1786588056175665
cross_device,0,1,color,-684,138,249,1786588056209194
cross_device,0,1,color,-683,140,-33,1786588056242366
cross_device,0,1,color,-683,141,251,1786588056276049
cross_device,0,1,color,-683,143,275,1786588056309279
cross_device,0,1,color,-684,142,510,1786588056342998
cross_device,0,1,color,-684,144,-89,1786588056375826
cross_device,0,1,color,-684,145,47,1786588056409010
cross_device,0,1,color,-683,148,31,1786588056475674
cross_device,0,1,color,-684,149,-186,1786588056509174
cross_device,0,1,color,-684,151,187,1786588056542616
cross_device,0,1,color,-684,151,-63,1786588056575759
cross_device,0,1,color,-684,152,210,1786588056609168
cross_device,0,1,color,-684,154,38,1786588056642487
cross_device,0,1,color,-684,156,6,1786588056675951
cross_device,0,1,color,-684,156,466,1786588056709424
cross_device,0,1,color,-685,156,479,1786588056742750
cross_device,0,1,color,-685,158,708,1786588056776333
cross_device,0,1,color,-685,159,158,1786588056809065
cross_device,0,1,color,-685,160,289,1786588056842572
cross_device,0,1,color,-685,162,454,1786588056876092
cross_device,0,1,color,-684,164,495,1786588056909404
cross_device,0,1,color,-685,164,132,1786588056942439
cross_device,0,1,color,-685,165,559,1786588056976177
cross_device,0,1,color,-685,167,633,1786588057009580
cross_device,0,1,color,-686,167,421,1786588057042725
cross_device,0,1,color,-686,168,588,1786588057076130
cross_device,0,1,color,-686,169,559,1786588057109606
cross_device,0,1,color,-685,172,-39,1786588057142750
cross_device,0,1,color,-680,177,288,1786588057175905
cross_device,0,1,color,-685,174,623,1786588057209579
cross_device,0,1,color,-685,175,158,1786588057242791
cross_device,0,1,color,-684,177,14,1786588057275921
cross_device,0,1,color,-685,177,0,1786588057308970
cross_device,0,1,color,-686,178,615,1786588057342999
cross_device,0,1,color,-686,179,-44,1786588057375727
cross_device,0,1,color,-686,180,408,1786588057409486
cross_device,0,1,color,-686,181,45,1786588057442349
cross_device,0,1,color,-682,187,318,1786588057476028
cross_device,0,1,color,-686,183,380,1786588057509237
cross_device,0,1,color,-686,185,-46,1786588057542697
cross_device,0,1,color,-685,187,406,1786588057576205
cross_device,0,1,color,-687,186,719,1786588057609668
cross_device,0,1,color,-687,187,512,1786588057642935
cross_device,0,1,color,-686,190,1035,1786588057676592
cross_device,0,1,color,-687,190,303,1786588057709298
cross_device,0,1,color,-687,191,-203,1786588057742363
cross_device,0,1,color,-683,197,-135,1786588057775802
cross_device,0,1,color,-687,194,180,1786588057809279
cross_device,0,1,color,-687,194,352,1786588057842658
cross_device,0,1,color,-684,199,171,1786588057875894
cross_device,0,1,color,-687,197,324,1786588057909322
cross_device,0,1,color,-688,198,-377,1786588057942165
cross_device,0,1,color,-679,208,528,1786588057976329
cross_device,0,1,color,-688,200,287,1786588058009511
cross_device,0,1,color,-687,203,415,1786588058042759
cross_device,0,1,color,-682,209,125,1786588058075766
cross_device,0,1,color,-688,204,-367,1786588058108938
cross_device,0,1,color,-687,206,32,1786588058142507
cross_device,0,1,color,-682,213,-176,1786588058175590
cross_device,0,1,color,-688,207,181,1786588058209048
cross_device,0,1,color,-688,209,-42,1786588058242200
cross_device,0,1,color,-678,220,216,1786588058276270
cross_device,0,1,color,-688,211,1,1786588058309352
cross_device,0,1,color,-688,212,116,1786588058342856
cross_device,0,1,color,-682,220,263,1786588058375871
cross_device,0,1,color,-688,215,16,1786588058409473
cross_device,0,1,color,-688,216,27,1786588058442659
cross_device,0,1,color,-689,216,126,1786588058476205
cross_device,0,1,color,-688,219,200,1786588058509643
cross_device,0,1,color,-688,219,240,1786588058542475
cross_device,0,1,color,-688,221,78,1786588058576215
cross_device,0,1,color,-689,223,141,1786588058642416
cross_device,0,1,color,-689,223,15,1786588058675654
cross_device,0,1,color,-689,225,64,1786588058708936
cross_device,0,1,color,-689,226,93,1786588058742347
cross_device,0,1,color,-689,228,-401,1786588058775639
cross_device,0,1,color,-689,228,33110,1786588058809150
cross_device,0,1,color,-690,229,34,1786588058842744
cross_device,0,1,color,-689,230,38,1786588058875650
cross_device,0,1,color,-689,232,-172,1786588058909072
cross_device,0,1,color,-690,232,112,1786588058942764
cross_device,0,1,color,-690,235,-284,1786588059008993
cross_device,0,1,color,-690,236,-320,1786588059042273
cross_device,0,1,color,-690,238,49,1786588059076074
cross_device,0,1,color,-690,239,10,1786588059109173
cross_device,0,1,color,-690,240,-238,1786588059142344
cross_device,0,1,color,-691,240,-350,1786588059175876
cross_device,0,1,color,-691,242,529,1786588059243111
cross_device,0,1,color,-690,245,-30,1786588059276181
cross_device,0,1,color,-690,246,353,1786588059309629
cross_device,0,1,color,-691,247,5,1786588059342840
cross_device,0,1,color,-690,248,-43,1786588059375932
cross_device,0,1,color,-691,249,30,1786588059409451
cross_device,0,1,color,-690,251,-83,1786588059442513
cross_device,0,1,color,-691,252,304,1786588059476159
cross_device,0,1,color,-691,252,261,1786588059509329
cross_device,0,1,color,-691,254,179,1786588059542503
cross_device,0,1,color,-691,254,-211,1786588059575783
cross_device,0,1,color,-692,255,-81,1786588059609148
cross_device,0,1,color,-691,257,-93,1786588059642509
cross_device,0,1,color,-692,258,-250,1786588059675751
cross_device,0,1,color,-691,259,-136,1786588059708876
cross_device,0,1,color,-691,261,-174,1786588059742505
cross_device,0,1,color,-692,261,-149,1786588059776071
cross_device,0,1,color,-692,262,-42,1786588059809154
cross_device,0,1,color,-692,263,-80,1786588059842311
cross_device,0,1,color,-691,266,194,1786588059875991
cross_device,0,1,color,-692,266,232,1786588059909284
cross_device,0,1,color,-692,266,33506,1786588059942558
cross_device,0,1,color,-693,267,51,1786588059975694
cross_device,0,1,color,-692,270,309,1786588060009536
cross_device,0,1,color,-692,270,366,1786588060042666
cross_device,0,1,color,-692,272,-317,1786588060075840
cross_device,0,1,color,-692,274,327,1786588060109442
cross_device,0,1,color,-693,274,0,1786588060142398
cross_device,0,1,color,-692,275,298,1786588060175948
cross_device,0,1,color,-692,275,33762,1786588060209412
cross_device,0,1,color,-693,277,69,1786588060242480
cross_device,0,1,color,-693,279,149,1786588060276026
cross_device,0,1,color,-692,281,-128,1786588060309072
cross_device,0,1,color,-693,281,-33,1786588060342387
cross_device,0,1,color,-693,282,-47,1786588060375631
cross_device,0,1,color,-693,283,161,1786588060409361
cross_device,0,1,color,-693,285,-38,1786588060442374
cross_device,0,1,color,-693,286,170,1786588060475775
cross_device,0,1,color,-694,286,-5,1786588060509137
cross_device,0,1,color,-693,288,-129,1786588060542379
cross_device,0,1,color,-693,290,92,1786588060575757
cross_device,0,1,color,-694,290,-22,1786588060608987
cross_device,0,1,color,-693,292,-57,1786588060642583
cross_device,0,1,color,-693,295,-29,1786588060708896
cross_device,0,1,color,-694,294,18,1786588060743055
cross_device,0,1,color,-694,296,-9,1786588060775946
cross_device,0,2,color,-4798,-878,-480,1786588040675692
cross_device,0,2,color,-4798,-878,-521,1786588040709003
cross_device,0,2,color,-4416,-497,-202,1786588040742500
cross_device,0,2,color,-4400,-482,151,1786588040775927
cross_device,0,2,color,-4407,-488,-337,1786588040808928
cross_device,0,2,color,-4401,-483,-218,1786588040842410
cross_device,0,2,color,-4401,-483,-173,1786588040875906
cross_device,0,2,color,-4405,-487,-132,1786588040909060
cross_device,0,2,color,-4402,-485,-38,1786588040942644
cross_device,0,2,color,-4402,-485,3,1786588040975936
cross_device,0,2,color,-4404,-488,-115,1786588041009088
cross_device,0,2,color,-4403,-486,-214,1786588041042349
cross_device,0,2,color,-4403,-487,145,1786588041076114
cross_device,0,2,color,-4403,-488,-258,1786588041109246
cross_device,0,2,color,-4404,-489,111,1786588041142606
cross_device,0,2,color,-4405,-490,261,1786588041175914
cross_device,0,2,color,-4409,-495,-82,1786588041209008
cross_device,0,2,color,-4405,-491,-214,1786588041242349
cross_device,0,2,color,-4405,-491,28,1786588041275818
cross_device,0,2,color,-4414,-501,-237,1786588041308942
cross_device,0,2,color,-4406,-493,33,1786588041342586
cross_device,0,2,color,-4406,-494,-3,1786588041375866
cross_device,0,2,color,-4414,-501,-116,1786588041409270
cross_device,0,2,color,-4406,-494,-220,1786588041442613
cross_device,0,2,color,-4407,-495,-275,1786588041475890
cross_device,0,2,color,-4407,-495,-371,1786588041509199
cross_device,0,2,color,-4408,-497,-171,1786588041542620
cross_device,0,2,color,-4408,340,-123,1786588041575744
cross_device,0,2,color,-4410,-407,-165,1786588041609221
cross_device,0,2,color,-4409,-407,15,1786588041642571
cross_device,0,2,color,-4409,-407,-40,1786588041675864
cross_device,0,2,color,-4413,-411,-7,1786588041709089
cross_device,0,2,color,-4410,-408,-195,1786588041742619
cross_device,0,2,color,-4410,-409,24,1786588041775808
cross_device,0,2,color,-4420,-420,-69,1786588041809206
cross_device,0,2,color,-4410,-410,-115,1786588041842329
cross_device,0,2,color,-4411,-411,2,1786588041875922
cross_device,0,2,color,-4414,-414,-134,1786588041908998
cross_device,0,2,color,-4412,-413,-62,1786588041942534
cross_device,0,2,color,-4412,-413,19,1786588041976080
cross_device,0,2,color,-4415,-417,-198,1786588042009219
cross_device,0,2,color,-4412,-414,-177,1786588042042332
cross_device,0,2,color,-4413,-416,-111,1786588042076207
cross_device,0,2,color,-4423,-426,-295,1786588042109217
cross_device,0,2,color,-4413,-416,53,1786588042142684
cross_device,0,2,color,-4414,-417,262,1786588042175926
cross_device,0,2,color,-4418,-422,78,1786588042209189
cross_device,0,2,color,-4414,-419,-205,1786588042242331
cross_device,0,2,color,-4415,-420,-42,1786588042275759
cross_device,0,2,color,-4415,-420,-33,1786588042309346
cross_device,0,2,color,-4415,-420,-128,1786588042342499
cross_device,0,2,color,-4415,-421,8,1786588042375957
cross_device,0,2,color,-4416,-422,-24,1786588042409276
cross_device,0,2,color,-4416,-423,-195,1786588042442740
cross_device,0,2,color,-4416,-424,-8,1786588042475852
cross_device,0,2,color,-4419,-427,-180,1786588042509000
cross_device,0,2,color,-4418,-426,-285,1786588042542584
cross_device,0,2,color,-4417,-182,-129,1786588042575899
cross_device,0,2,color,-4427,-335,-263,1786588042609335
cross_device,0,2,color,-4418,-325,-304,1786588042642618
cross_device,0,2,color,-4418,-326,-65,1786588042675920
cross_device,0,2,color,-4418,-326,-139,1786588042709277
cross_device,0,2,color,-4419,-327,-85,1786588042742277
cross_device,0,2,color,-4420,-327,-146,1786588042776105
cross_device,0,2,color,-4429,-336,-443,1786588042809230
cross_device,0,2,color,-4420,-327,-211,1786588042842487
cross_device,0,2,color,-4421,-328,-249,1786588042875922
cross_device,0,2,color,-4430,-338,-140,1786588042909017
cross_device,0,2,color,-4421,-328,55,1786588042942800
cross_device,0,2,color,-4422,-329,131,1786588042976138
cross_device,0,2,color,-4422,-329,133,1786588043009599
cross_device,0,2,color,-4421,-327,54,1786588043042914
cross_device,0,2,color,-4422,-328,-31,1786588043075901
cross_device,0,2,color,-4422,-328,20,1786588043109383
cross_device,0,2,color,-4423,-330,-11,1786588043142763
cross_device,0,2,color,-4423,-330,144,1786588043176044
cross_device,0,2,color,-4423,-330,-34,1786588043209444
cross_device,0,2,color,-4424,-330,49,1786588043242486
cross_device,0,2,color,-4424,-330,128,1786588043276100
cross_device,0,2,color,-4424,-330,18,1786588043309205
cross_device,0,2,color,-4424,-329,3,1786588043342680
cross_device,0,2,color,-4425,-331,-62,1786588043375806
cross_device,0,2,color,-4432,-338,-205,1786588043409105
cross_device,0,2,color,-4425,-331,124,1786588043442783
cross_device,0,2,color,-4426,-332,52,1786588043475897
cross_device,0,2,color,-4426,-332,-33,1786588043509441
cross_device,0,2,color,-4427,-332,56,1786588043542324
cross_device,0,2,color,-4427,-12,6,1786588043575869
cross_device,0,2,color,-4428,-10,45,1786588043609396
cross_device,0,2,color,-4428,-268,-100,1786588043642767
cross_device,0,2,color,-4428,-268,144,1786588043676170
cross_device,0,2,color,-4428,-267,120,1786588043709428
cross_device,0,2,color,-4428,-268,-17,1786588043742660
cross_device,0,2,color,-4428,-267,-44,1786588043775700
cross_device,0,2,color,-4429,-268,-68,1786588043809351
cross_device,0,2,color,-4429,-267,-33,1786588043842371
cross_device,0,2,color,-4429,-267,-133,1786588043875763
cross_device,0,2,color,-4430,-268,-50,1786588043909218
cross_device,0,2,color,-4430,-268,23,1786588043942803
cross_device,0,2,color,-4431,-269,147,1786588043976105
cross_device,0,2,color,-4431,-268,109,1786588044009419
cross_device,0,2,color,-4431,-267,-54,1786588044042752
cross_device,0,2,color,-4431,-267,172,1786588044076160
cross_device,0,2,color,-4432,-268,149,1786588044109451
cross_device,0,2,color,-4432,-268,-28,1786588044142567
cross_device,0,2,color,-4432,-268,112,1786588044176072
cross_device,0,2,color,-4433,-268,142,1786588044209432
cross_device,0,2,color,-4433,-268,-78,1786588044242327
cross_device,0,2,color,-4433,-268,-15,1786588044276228
cross_device,0,2,color,-4433,-268,78,1786588044309567
cross_device,0,2,color,-4434,-268,-47,1786588044342568
cross_device,0,2,color,-4434,-268,-42,1786588044375607
cross_device,0,2,color,-4435,-268,428,1786588044409406
cross_device,0,2,color,-4435,-268,-105,1786588044442550
cross_device,0,2,color,-4435,-268,38,1786588044476047
cross_device,0,2,color,-4436,-269,114,1786588044509547
cross_device,0,2,color,-4436,-268,-40,1786588044542717
cross_device,0,2,color,-4436,-268,-72,1786588044575534
cross_device,0,2,color,-4437,-229,16,1786588044609427
cross_device,0,2,color,-4437,-149,-344,1786588044642391
cross_device,0,2,color,-4437,-149,-53,1786588044675706
cross_device,0,2,color,-4437,-147,28,1786588044709367
cross_device,0,2,color,-4438,-148,-401,1786588044742634
cross_device,0,2,color,-4438,-147,39,1786588044775697
cross_device,0,2,color,-4439,-147,28,1786588044809478
cross_device,0,2,color,-4438,-145,-105,1786588044842599
cross_device,0,2,color,-4439,-146,-48,1786588044875972
cross_device,0,2,color,-4439,-145,-92,1786588044909085
cross_device,0,2,color,-4440,-144,-119,1786588044942582
cross_device,0,2,color,-4440,-143,-180,1786588044975992
cross_device,0,2,color,-4441,-145,-137,1786588045009325
cross_device,0,2,color,-4440,-142,-156,1786588045042618
cross_device,0,2,color,-4440,-142,-52,1786588045075946
cross_device,0,2,color,-4441,-142,68,1786588045109234
cross_device,0,2,color,-4441,-141,36,1786588045142611
cross_device,0,2,color,-4442,-141,-285,1786588045175694
cross_device,0,2,color,-4442,-140,-620,1786588045208971
cross_device,0,2,color,-4442,-140,-684,1786588045242417
cross_device,0,2,color,-4443,-140,-76,1786588045275999
cross_device,0,2,color,-4443,-139,-526,1786588045308945
cross_device,0,2,color,-4443,-138,-673,1786588045342311
cross_device,0,2,color,-4443,-137,-35,1786588045375686
cross_device,0,2,color,-4444,-137,28,1786588045409349
cross_device,0,2,color,-4444,-136,-293,1786588045442293
cross_device,0,2,color,-4444,-136,-51,1786588045475731
cross_device,0,2,color,-4445,-136,-310,1786588045508941
cross_device,0,2,color,-4445,-135,-336,1786588045542289
cross_device,0,2,color,-4445,-134,-266,1786588045575862
cross_device,0,2,color,-4446,-245,-626,1786588045608949
cross_device,0,2,color,-4446,-324,-162,1786588045642272
cross_device,0,2,color,-4446,-325,-330,1786588045675652
cross_device,0,2,color,-4447,-325,-360,1786588045708990
cross_device,0,2,color,-4447,-326,-536,1786588045742293
cross_device,0,2,color,-4448,-326,-164,1786588045775610
cross_device,0,2,color,-4448,-327,-226,1786588045808890
cross_device,0,2,color,-4448,-326,-662,1786588045842220
cross_device,0,2,color,-4448,-326,-360,1786588045875590
cross_device,0,2,color,-4449,-327,126,1786588045909402
cross_device,0,2,color,-4449,-328,-96,1786588045942501
cross_device,0,2,color,-4449,-327,177,1786588045975951
cross_device,0,2,color,-4450,-327,-149,1786588046009286
cross_device,0,2,color,-4450,-328,-313,1786588046042291
cross_device,0,2,color,-4450,-328,122,1786588046076011
cross_device,0,2,color,-4450,-328,-136,1786588046109444
cross_device,0,2,color,-4450,-327,-172,1786588046142624
cross_device,0,2,color,-4451,-329,-528,1786588046175717
cross_device,0,2,color,-4452,-329,-354,1786588046209274
cross_device,0,2,color,-4451,-329,-434,1786588046242307
cross_device,0,2,color,-4452,-329,-147,1786588046275956
cross_device,0,2,color,-4459,-336,-212,1786588046342589
cross_device,0,2,color,-4460,-338,-454,1786588046375635
cross_device,0,2,color,-4461,-338,-150,1786588046409269
cross_device,0,2,color,-4461,-339,-358,1786588046442323
cross_device,0,2,color,-4461,-338,-438,1786588046475755
cross_device,0,2,color,-4461,-339,-251,1786588046509205
cross_device,0,2,color,-4462,-339,20,1786588046542732
cross_device,0,2,color,-4462,-340,-17,1786588046576083
cross_device,0,2,color,-4462,-339,-330,1786588046609339
cross_device,0,2,color,-4462,-339,-107,1786588046642801
cross_device,0,2,color,-4463,-340,-292,1786588046676065
cross_device,0,2,color,-4464,-341,-273,1786588046709383
cross_device,0,2,color,-4464,-341,-381,1786588046742616
cross_device,0,2,color,-4464,-341,-479,1786588046775665
cross_device,0,2,color,-4464,-341,-630,1786588046809038
cross_device,0,2,color,-4465,-342,-76,1786588046842522
cross_device,0,2,color,-4465,-342,-644,1786588046875609
cross_device,0,2,color,-4465,-341,-311,1786588046908874
cross_device,0,2,color,-4465,-342,-105,1786588046942483
cross_device,0,2,color,-4465,-341,-21,1786588046975932
cross_device,0,2,color,-4466,-343,5,1786588047009255
cross_device,0,2,color,-4466,-342,-225,1786588047042706
cross_device,0,2,color,-4467,-343,-356,1786588047075885
cross_device,0,2,color,-4467,-344,-180,1786588047109260
cross_device,0,2,color,-4467,-343,-250,1786588047142391
cross_device,0,2,color,-4468,-344,74,1786588047176156
cross_device,0,2,color,-4467,-343,82,1786588047209303
cross_device,0,2,color,-4468,-344,110,1786588047242471
cross_device,0,2,color,-4468,-344,-107,1786588047276035
cross_device,0,2,color,-4469,-345,125,1786588047309426
cross_device,0,2,color,-4469,-345,-180,1786588047342608
cross_device,0,2,color,-4469,-344,-168,1786588047375933
cross_device,0,2,color,-4470,-346,-289,1786588047409273
cross_device,0,2,color,-4470,-345,236,1786588047442590
cross_device,0,2,color,-4470,-346,-61,1786588047475853
cross_device,0,2,color,-4470,-345,-206,1786588047509385
cross_device,0,2,color,-4471,-347,-220,1786588047542611
cross_device,0,2,color,-4471,-346,-94,1786588047575974
cross_device,0,2,color,-4471,-347,-158,1786588047609615
cross_device,0,2,color,-4472,-347,-373,1786588047642546
cross_device,0,2,color,-4472,-347,-298,1786588047675951
cross_device,0,2,color,-4473,-348,-218,1786588047709291
cross_device,0,2,color,-4473,-349,-257,1786588047742680
cross_device,0,2,color,-4473,-348,232,1786588047776208
cross_device,0,2,color,-4473,-347,-78,1786588047809415
cross_device,0,2,color,-4474,-349,127,1786588047842688
cross_device,0,2,color,-4474,-349,-340,1786588047875644
cross_device,0,2,color,-4474,-349,-563,1786588047908975
cross_device,0,2,color,-4475,-349,-190,1786588047942584
cross_device,0,2,color,-4475,-350,-181,1786588047975767
cross_device,0,2,color,-4475,-349,-246,1786588048009385
cross_device,0,2,color,-4475,-350,16,1786588048042629
cross_device,0,2,color,-4476,-350,-261,1786588048075952
cross_device,0,2,color,-4476,-351,-295,1786588048109300
cross_device,0,2,color,-4477,-351,42,1786588048142794
cross_device,0,2,color,-4477,-352,31,1786588048176030
cross_device,0,2,color,-4477,-351,-18,1786588048209250
cross_device,0,2,color,-4477,-352,-111,1786588048242590
cross_device,0,2,color,-4478,-352,-457,1786588048275627
cross_device,0,2,color,-4478,-353,-288,1786588048309021
cross_device,0,2,color,-4479,-353,67,1786588048342845
cross_device,0,2,color,-4478,-352,-189,1786588048375993
cross_device,0,2,color,-4479,-353,-34,1786588048409387
cross_device,0,2,color,-4479,-353,53,1786588048442999
cross_device,0,2,color,-4479,-353,-322,1786588048475709
cross_device,0,2,color,-4479,-353,-111,1786588048509321
cross_device,0,2,color,-4481,-355,-448,1786588048542323
cross_device,0,2,color,-4480,-354,-15,1786588048575900
cross_device,0,2,color,-4481,-355,56,1786588048609320
cross_device,0,2,color,-4481,-355,-61,1786588048642676
cross_device,0,2,color,-4481,-354,-208,1786588048675902
cross_device,0,2,color,-4482,-356,160,1786588048709574
cross_device,0,2,color,-4482,-355,-583,1786588048742228
cross_device,0,2,color,-4482,-356,-7,1786588048775940
cross_device,0,2,color,-4483,-356,56,1786588048809284
cross_device,0,2,color,-4483,-356,491,1786588048842877
cross_device,0,2,color,-4483,-356,182,1786588048876038
cross_device,0,2,color,-4483,-356,341,1786588048909546
cross_device,0,2,color,-4484,-357,-19,1786588048942716
cross_device,0,2,color,-4484,-357,48,1786588048975839
cross_device,0,2,color,-4484,-357,-39,1786588049009219
cross_device,0,2,color,-4485,-358,-167,1786588049042622
cross_device,0,2,color,-4485,-358,-229,1786588049075782
cross_device,0,2,color,-4485,-358,-34,1786588049109367
cross_device,0,2,color,-4486,-359,-321,1786588049142602
cross_device,0,2,color,-4486,-358,-15,1786588049176119
cross_device,0,2,color,-4486,-359,-381,1786588049209299
cross_device,0,2,color,-4487,-359,-164,1786588049242390
cross_device,0,2,color,-4487,-360,-2,1786588049276285
cross_device,0,2,color,-4487,-359,-152,1786588049309437
cross_device,0,2,color,-4487,-360,-148,1786588049342783
cross_device,0,2,color,-4488,-360,-198,1786588049376094
cross_device,0,2,color,-4488,-361,-217,1786588049409379
cross_device,0,2,color,-4489,-361,-178,1786588049442785
cross_device,0,2,color,-4488,-361,248,1786588049476184
cross_device,0,2,color,-4489,-361,90,1786588049509247
cross_device,0,2,color,-4489,-362,2,1786588049542758
cross_device,0,2,color,-4490,-362,98,1786588049575890
cross_device,0,2,color,-4490,-363,-100,1786588049609283
cross_device,0,2,color,-4490,-362,-8,1786588049642779
cross_device,0,2,color,-4491,-362,-42,1786588049675954
cross_device,0,2,color,-4491,-363,4,1786588049709286
cross_device,0,2,color,-4491,-363,273,1786588049743077
cross_device,0,2,color,-4491,-363,206,1786588049776164
cross_device,0,2,color,-4491,-363,109,1786588049809244
cross_device,0,2,color,-4492,-364,306,1786588049842612
cross_device,0,2,color,-4492,-364,268,1786588049875935
cross_device,0,2,color,-4493,-365,49,1786588049909812
cross_device,0,2,color,-4493,-364,179,1786588049942661
cross_device,0,2,color,-4493,-365,357,1786588049975993
cross_device,0,2,color,-4494,-365,-73,1786588050009086
cross_device,0,2,color,-4494,-365,-1,1786588050042379
cross_device,0,2,color,-4494,-365,294,1786588050075941
cross_device,0,2,color,-4495,-367,-7,1786588050109289
cross_device,0,2,color,-4494,-365,37,1786588050142611
cross_device,0,2,color,-4495,-367,-39,1786588050175940
cross_device,0,2,color,-4495,-366,53,1786588050209295
cross_device,0,2,color,-4495,-366,-44,1786588050242393
cross_device,0,2,color,-4496,-367,-57,1786588050275947
cross_device,0,2,color,-4496,-367,36,1786588050309337
cross_device,0,2,color,-4496,-367,-117,1786588050342755
cross_device,0,2,color,-4496,-367,382,1786588050376104
cross_device,0,2,color,-4498,-369,-86,1786588050409369
cross_device,0,2,color,-4497,-368,45,1786588050442616
cross_device,0,2,color,-4498,-369,-381,1786588050475768
cross_device,0,2,color,-4498,-368,-20,1786588050508928
cross_device,0,2,color,-4498,-368,16,1786588050542524
cross_device,0,2,color,-4498,-369,-323,1786588050575764
cross_device,0,2,color,-4499,-369,-25,1786588050609378
cross_device,0,2,color,-4499,-370,-111,1786588050642649
cross_device,0,2,color,-4500,-370,-125,1786588050675921
cross_device,0,2,color,-4500,-371,-137,1786588050709412
cross_device,0,2,color,-4500,-370,12,1786588050742779
cross_device,0,2,color,-4500,-370,-296,1786588050775927
cross_device,0,2,color,-4501,-371,60,1786588050809297
cross_device,0,2,color,-4501,-372,-78,1786588050842732
cross_device,0,2,color,-4501,-371,187,1786588050876089
cross_device,0,2,color,-4502,-372,-515,1786588050909265
cross_device,0,2,color,-4502,-372,-163,1786588050942736
cross_device,0,2,color,-4502,-373,151,1786588050976077
cross_device,0,2,color,-4503,-373,-285,1786588051009295
cross_device,0,2,color,-4503,-372,-27,1786588051042609
cross_device,0,2,color,-4503,-373,-7,1786588051076078
cross_device,0,2,color,-4504,-373,-168,1786588051109378
cross_device,0,2,color,-4504,-374,179,1786588051142786
cross_device,0,2,color,-4505,-374,204,1786588051176211
cross_device,0,2,color,-4504,-374,154,1786588051209418
cross_device,0,2,color,-4505,-374,81,1786588051242782
cross_device,0,2,color,-4505,-375,-169,1786588051275798
cross_device,0,2,color,-4505,-374,-353,1786588051309229
cross_device,0,2,color,-4506,-376,-102,1786588051342832
cross_device,0,2,color,-4506,-375,-277,1786588051375973
cross_device,0,2,color,-4506,-375,473,1786588051409585
cross_device,0,2,color,-4506,-375,2,1786588051442598
cross_device,0,2,color,-4507,-376,-139,1786588051475667
cross_device,0,2,color,-4507,-376,68,1786588051509003
cross_device,0,2,color,-4507,-377,206,1786588051542699
cross_device,0,2,color,-4508,-377,72,1786588051575793
cross_device,0,2,color,-4508,-376,-178,1786588051609219
cross_device,0,2,color,-4508,-377,154,1786588051642962
cross_device,0,2,color,-4509,-378,-46,1786588051676112
cross_device,0,2,color,-4509,-378,29,1786588051709375
cross_device,0,2,color,-4509,-378,39,1786588051742563
cross_device,0,2,color,-4510,-378,126,1786588051776044
cross_device,0,2,color,-4510,-378,135,1786588051809599
cross_device,0,2,color,-4510,-379,144,1786588051842921
cross_device,0,2,color,-4511,-379,212,1786588051876326
cross_device,0,2,color,-4511,-379,119,1786588051909288
cross_device,0,2,color,-4512,-380,106,1786588051942738
cross_device,0,2,color,-4511,-380,105,1786588051976291
cross_device,0,2,color,-4505,-373,-112,1786588052042619
cross_device,0,2,color,-4505,-373,-367,1786588052075672
cross_device,0,2,color,-4506,-374,-4,1786588052109198
cross_device,0,2,color,-4505,-373,23,1786588052142761
cross_device,0,2,color,-4506,-374,-12,1786588052175919
cross_device,0,2,color,-4506,-374,25,1786588052209409
cross_device,0,2,color,-4506,-374,-13,1786588052242421
cross_device,0,2,color,-4506,-374,8,1786588052276313
cross_device,0,2,color,-4507,-375,-72,1786588052309375
cross_device,0,2,color,-4507,-374,8,1786588052342613
cross_device,0,2,color,-4507,-375,-427,1786588052375906
cross_device,0,2,color,-4508,-375,5,1786588052409276
cross_device,0,2,color,-4508,-376,-28,1786588052442622
cross_device,0,2,color,-4508,-375,-119,1786588052476058
cross_device,0,2,color,-4509,-377,-579,1786588052509006
cross_device,0,2,color,-4509,-376,-188,1786588052542574
cross_device,0,2,color,-4510,-378,-30,1786588052575543
cross_device,0,2,color,-4509,-376,144,1786588052609412
cross_device,0,2,color,-4510,-378,-162,1786588052642890
cross_device,0,2,color,-4510,-377,442,1786588052676030
cross_device,0,2,color,-4511,-378,122,1786588052709405
cross_device,0,2,color,-4511,-378,-7,1786588052742755
cross_device,0,2,color,-4511,-378,-37,1786588052775917
cross_device,0,2,color,-4512,-379,82,1786588052809537
cross_device,0,2,color,-4512,-378,442,1786588052842736
cross_device,0,2,color,-4512,-379,-83,1786588052876072
cross_device,0,2,color,-4513,-379,-134,1786588052909335
cross_device,0,2,color,-4512,-379,-472,1786588052942569
cross_device,0,2,color,-4513,-379,263,1786588052976109
cross_device,0,2,color,-4513,-380,-60,1786588053009270
cross_device,0,2,color,-4513,-379,132,1786588053042578
cross_device,0,2,color,-4514,-381,31,1786588053075970
cross_device,0,2,color,-4515,-381,145,1786588053109216
cross_device,0,2,color,-4514,-381,4,1786588053142403
cross_device,0,2,color,-4515,-381,-39,1786588053176105
cross_device,0,2,color,-4515,-381,-317,1786588053209266
cross_device,0,2,color,-4515,-381,-57,1786588053242606
cross_device,0,2,color,-4516,-382,-121,1786588053275946
cross_device,0,2,color,-4516,-382,-202,1786588053309259
cross_device,0,2,color,-4516,-381,-7,1786588053342371
cross_device,0,2,color,-4516,-382,-31,1786588053375980
cross_device,0,2,color,-4517,-383,222,1786588053409226
cross_device,0,2,color,-4517,-383,-312,1786588053442607
cross_device,0,2,color,-4518,-384,-561,1786588053475627
cross_device,0,2,color,-4518,-384,-205,1786588053508921
cross_device,0,2,color,-4518,-384,-19,1786588053542622
cross_device,0,2,color,-4519,-384,-44,1786588053575962
cross_device,0,2,color,-4519,-384,-151,1786588053609045
cross_device,0,2,color,-4519,-385,270,1786588053642580
cross_device,0,2,color,-4519,-384,58,1786588053676209
cross_device,0,2,color,-4520,-386,433,1786588053709409
cross_device,0,2,color,-4520,-385,182,1786588053742419
cross_device,0,2,color,-4521,-386,154,1786588053776135
cross_device,0,2,color,-4520,-385,169,1786588053809220
cross_device,0,2,color,-4521,-386,24,1786588053842643
cross_device,0,2,color,-4521,-386,-313,1786588053875714
cross_device,0,2,color,-4521,-386,305,1786588053909289
cross_device,0,2,color,-4522,-387,265,1786588053942738
cross_device,0,2,color,-4522,-387,278,1786588053976103
cross_device,0,2,color,-4522,-387,-16,1786588054009309
cross_device,0,2,color,-4523,-388,-430,1786588054042477
cross_device,0,2,color,-4523,-387,294,1786588054075976
cross_device,0,2,color,-4523,-388,221,1786588054109260
cross_device,0,2,color,-4523,-388,310,1786588054142662
cross_device,0,2,color,-4524,-389,310,1786588054175955
cross_device,0,2,color,-4525,-390,366,1786588054209565
cross_device,0,2,color,-4525,-389,88,1786588054242457
cross_device,0,2,color,-4524,-388,292,1786588054275942
cross_device,0,2,color,-4525,-390,304,1786588054309479
cross_device,0,2,color,-4526,-390,-75,1786588054342599
cross_device,0,2,color,-4525,-390,-10,1786588054375965
cross_device,0,2,color,-4526,-390,-224,1786588054409006
cross_device,0,2,color,-4527,-392,-335,1786588054442305
cross_device,0,2,color,-4526,-390,-320,1786588054475628
cross_device,0,2,color,-4527,-392,-271,1786588054508946
cross_device,0,2,color,-4527,-391,-3,1786588054542505
cross_device,0,2,color,-4527,-392,25,1786588054575685
cross_device,0,2,color,-4528,-392,-49,1786588054608918
cross_device,0,2,color,-4528,-391,-4,1786588054642427
cross_device,0,2,color,-4529,-393,-19,1786588054675650
cross_device,0,2,color,-4529,-393,98,1786588054709474
cross_device,0,2,color,-4529,-393,348,1786588054742752
cross_device,0,2,color,-4530,-394,18,1786588054775670
cross_device,0,2,color,-4530,-394,-33,1786588054808961
cross_device,0,2,color,-4530,-393,1,1786588054842465
cross_device,0,2,color,-4531,-395,89,1786588054875732
cross_device,0,2,color,-4531,-394,519,1786588054909464
cross_device,0,2,color,-4531,-395,34,1786588054942303
cross_device,0,2,color,-4531,-394,-11,1786588054975617
cross_device,0,2,color,-4531,-395,66,1786588055009243
cross_device,0,2,color,-4532,-395,-43,1786588055042276
cross_device,0,2,color,-4532,-396,-99,1786588055075615
cross_device,0,2,color,-4532,-395,65,1786588055109326
cross_device,0,2,color,-4533,-396,318,1786588055142620
cross_device,0,2,color,-4533,-396,112,1786588055175962
cross_device,0,2,color,-4533,-396,410,1786588055209670
cross_device,0,2,color,-4533,-396,468,1786588055242784
cross_device,0,2,color,-4534,-397,-20,1786588055275596
cross_device,0,2,color,-4534,-397,437,1786588055309394
cross_device,0,2,color,-4534,-397,264,1786588055342562
cross_device,0,2,color,-4535,-398,83,1786588055375933
cross_device,0,2,color,-4535,-398,62,1786588055409229
cross_device,0,2,color,-4535,-398,310,1786588055442828
cross_device,0,2,color,-4536,-399,245,1786588055475904
cross_device,0,2,color,-4536,-399,200,1786588055509106
cross_device,0,2,color,-4536,-398,20,1786588055543055
cross_device,0,2,color,-4537,-400,301,1786588055575967
cross_device,0,2,color,-4536,-309,11,1786588055609009
cross_device,0,2,color,-4537,226,-126,1786588055642371
cross_device,0,2,color,-4537,226,398,1786588055676208
cross_device,0,2,color,-4537,228,330,1786588055709350
cross_device,0,2,color,-4538,228,-39,1786588055742572
cross_device,0,2,color,-4539,228,-313,1786588055775750
cross_device,0,2,color,-4538,231,275,1786588055809245
cross_device,0,2,color,-4539,231,-67,1786588055842583
cross_device,0,2,color,-4539,232,-42,1786588055875626
cross_device,0,2,color,-4539,233,102,1786588055909426
cross_device,0,2,color,-4539,235,-261,1786588055942708
cross_device,0,2,color,-4540,235,-224,1786588055975714
cross_device,0,2,color,-4540,236,-382,1786588056009080
cross_device,0,2,color,-4540,237,239,1786588056042694
cross_device,0,2,color,-4541,238,-265,1786588056075688
cross_device,0,2,color,-4541,240,-151,1786588056109119
cross_device,0,2,color,-4542,239,-187,1786588056142539
cross_device,0,2,color,-4541,242,-19,1786588056175665
cross_device,0,2,color,-4543,241,-137,1786588056209194
cross_device,0,2,color,-4542,243,-70,1786588056242366
cross_device,0,2,color,-4543,244,-29,1786588056276049
cross_device,0,2,color,-4543,245,311,1786588056309279
cross_device,0,2,color,-4544,245,505,1786588056342998
cross_device,0,2,color,-4544,246,134,1786588056375826
cross_device,0,2,color,-4544,248,-235,1786588056409010
cross_device,0,2,color,-4544,249,305,1786588056442828
cross_device,0,2,color,-4544,250,18,1786588056475674
cross_device,0,2,color,-4545,251,-205,1786588056509174
cross_device,0,2,color,-4545,252,290,1786588056542616
cross_device,0,2,color,-4546,252,-73,1786588056575759
cross_device,0,2,color,-4546,253,1,1786588056609168
cross_device,0,2,color,-4546,255,99,1786588056642487
cross_device,0,2,color,-4546,257,-133,1786588056675951
cross_device,0,2,color,-4546,257,454,1786588056709424
cross_device,0,2,color,-4547,258,295,1786588056742750
cross_device,0,2,color,-4548,258,701,1786588056776333
cross_device,0,2,color,-4548,259,-11,1786588056809065
cross_device,0,2,color,-4548,260,289,1786588056842572
cross_device,0,2,color,-4548,262,453,1786588056876092
cross_device,0,2,color,-4548,263,286,1786588056909404
cross_device,0,2,color,-4549,263,84,1786588056942439
cross_device,0,2,color,-4549,265,546,1786588056976177
cross_device,0,2,color,-4549,266,633,1786588057009580
cross_device,0,2,color,-4550,267,206,1786588057042725
cross_device,0,2,color,-4550,268,403,1786588057076130
cross_device,0,2,color,-4551,268,548,1786588057109606
cross_device,0,2,color,-4550,271,-95,1786588057142750
cross_device,0,2,color,-4551,271,288,1786588057175905
cross_device,0,2,color,-4551,272,458,1786588057209579
cross_device,0,2,color,-4551,274,-50,1786588057242791
cross_device,0,2,color,-4552,273,3,1786588057275921
cross_device,0,2,color,-4552,274,-20,1786588057308970
cross_device,0,2,color,-4552,276,655,1786588057342999
cross_device,0,2,color,-4553,277,19,1786588057375727
cross_device,0,2,color,-4553,277,315,1786588057409486
cross_device,0,2,color,-4553,279,-204,1786588057442349
cross_device,0,2,color,-4553,281,331,1786588057476028
cross_device,0,2,color,-4554,280,178,1786588057509237
cross_device,0,2,color,-4554,282,-48,1786588057542697
cross_device,0,2,color,-4554,283,361,1786588057576205
cross_device,0,2,color,-4555,283,492,1786588057609668
cross_device,0,2,color,-4556,284,603,1786588057642935
cross_device,0,2,color,-4555,286,1009,1786588057676592
cross_device,0,2,color,-4556,287,303,1786588057709298
cross_device,0,2,color,-4556,287,-382,1786588057742363
cross_device,0,2,color,-4557,288,36,1786588057775802
cross_device,0,2,color,-4557,289,295,1786588057809279
cross_device,0,2,color,-4565,284,17,1786588057875894
cross_device,0,2,color,-4564,286,336,1786588057909322
cross_device,0,2,color,-4565,287,-596,1786588057942165
cross_device,0,2,color,-4529,323,533,1786588057976329
cross_device,0,2,color,-4520,334,-281,1786588058009511
cross_device,0,2,color,-4575,280,-281,1786588058042759
cross_device,0,2,color,-4575,282,-503,1786588058075766
cross_device,0,2,color,-4576,282,-823,1786588058108938
cross_device,0,2,color,-4575,284,-63,1786588058142507
cross_device,0,2,color,-4576,285,-670,1786588058175590
cross_device,0,2,color,-4576,285,-291,1786588058209048
cross_device,0,2,color,-4576,287,-420,1786588058242200
cross_device,0,2,color,-4577,287,-352,1786588058276270
cross_device,0,2,color,-4576,289,354,1786588058309352
cross_device,0,2,color,-4577,290,300,1786588058342856
cross_device,0,2,color,-4578,290,-273,1786588058375871
cross_device,0,2,color,-4577,293,266,1786588058409473
cross_device,0,2,color,-4578,292,259,1786588058442659
cross_device,0,2,color,-4579,293,430,1786588058476205
cross_device,0,2,color,-4579,295,98,1786588058509643
cross_device,0,2,color,-4579,295,207,1786588058542475
cross_device,0,2,color,-4579,297,112,1786588058576215
cross_device,0,2,color,-4580,297,140,1786588058609248
cross_device,0,2,color,-4580,299,76,1786588058642416
cross_device,0,2,color,-4581,299,-15,1786588058675654
cross_device,0,2,color,-4580,301,-109,1786588058708936
cross_device,0,2,color,-4581,302,-69,1786588058742347
cross_device,0,2,color,-4581,303,-2,1786588058775639
cross_device,0,2,color,-4581,303,33509,1786588058809150
cross_device,0,2,color,-4582,305,-101,1786588058842744
cross_device,0,2,color,-4582,305,-10,1786588058875650
cross_device,0,2,color,-4581,308,-144,1786588058909072
cross_device,0,2,color,-4583,307,-47,1786588058942764
cross_device,0,2,color,-4583,309,-88,1786588058975640
cross_device,0,2,color,-4575,317,-93,1786588059008993
cross_device,0,2,color,-4583,311,-18,1786588059042273
cross_device,0,2,color,-4584,312,-135,1786588059076074
cross_device,0,2,color,-4584,313,-218,1786588059109173
cross_device,0,2,color,-4585,313,-537,1786588059142344
cross_device,0,2,color,-4585,314,12,1786588059175876
cross_device,0,2,color,-4585,316,33,1786588059209119
cross_device,0,2,color,-4586,316,350,1786588059243111
cross_device,0,2,color,-4586,317,168,1786588059276181
cross_device,0,2,color,-4586,319,208,1786588059309629
cross_device,0,2,color,-4587,319,215,1786588059342840
cross_device,0,2,color,-4586,321,-11,1786588059375932
cross_device,0,2,color,-4587,321,223,1786588059409451
cross_device,0,2,color,-4587,323,-95,1786588059442513
cross_device,0,2,color,-4588,323,48,1786588059476159
cross_device,0,2,color,-4587,325,78,1786588059509329
cross_device,0,2,color,-4588,326,131,1786588059542503
cross_device,0,2,color,-4588,326,-477,1786588059575783
cross_device,0,2,color,-4589,327,-303,1786588059609148
cross_device,0,2,color,-4589,328,-48,1786588059642509
cross_device,0,2,color,-4590,329,-442,1786588059675751
cross_device,0,2,color,-4590,329,-683,1786588059708876
cross_device,0,2,color,-4590,331,-387,1786588059742505
cross_device,0,2,color,-4591,332,-57,1786588059776071
cross_device,0,2,color,-4591,333,-332,1786588059809154
cross_device,0,2,color,-4591,334,-547,1786588059842311
cross_device,0,2,color,-4591,336,-105,1786588059875991
cross_device,0,2,color,-4591,337,-182,1786588059909284
cross_device,0,2,color,-4591,337,33092,1786588059942558
cross_device,0,2,color,-4592,338,-322,1786588059975694
cross_device,0,2,color,-4593,339,-132,1786588060009536
cross_device,0,2,color,-4593,339,-114,1786588060042666
cross_device,0,2,color,-4593,341,5,1786588060075840
cross_device,0,2,color,-4593,343,-36,1786588060109442
cross_device,0,2,color,-4594,343,-3,1786588060142398
cross_device,0,2,color,-4593,345,-262,1786588060175948
cross_device,0,2,color,-4593,345,33202,1786588060209412
cross_device,0,2,color,-4594,347,171,1786588060242480
cross_device,0,2,color,-4595,347,442,1786588060276026
cross_device,0,2,color,-4594,349,-337,1786588060309072
cross_device,0,2,color,-4595,350,-247,1786588060342387
cross_device,0,2,color,-4595,350,41,1786588060375631
cross_device,0,2,color,-4595,352,-86,1786588060409361
cross_device,0,2,color,-4596,352,-372,1786588060442374
cross_device,0,2,color,-4596,354,-331,1786588060475775
cross_device,0,2,color,-4597,354,-196,1786588060509137
cross_device,1,2,color,-4151,-236,-239,1786588040675933
cross_device,1,2,color,-4152,-237,-397,1786588040709127
cross_device,1,2,color,-3769,145,-96,1786588040742606
cross_device,1,2,color,-3753,161,-118,1786588040775658
cross_device,1,2,color,-3754,160,-7,1786588040809258
cross_device,1,2,color,-3754,159,97,1786588040842725
cross_device,1,2,color,-3754,159,-87,1786588040875992
cross_device,1,2,color,-3754,159,-147,1786588040909045
cross_device,1,2,color,-3755,158,-87,1786588040942595
cross_device,1,2,color,-3755,157,-276,1786588040975657
cross_device,1,2,color,-3755,156,-103,1786588041009100
cross_device,1,2,color,-3755,157,0,1786588041042563
cross_device,1,2,color,-3756,155,-322,1786588041075647
cross_device,1,2,color,-3756,155,-550,1786588041108954
cross_device,1,2,color,-3756,154,-215,1786588041142280
cross_device,1,2,color,-3757,154,25,1786588041175678
cross_device,1,2,color,-3756,154,-240,1786588041208850
cross_device,1,2,color,-3757,152,-149,1786588041242414
cross_device,1,2,color,-3757,153,-127,1786588041275663
cross_device,1,2,color,-3758,151,-73,1786588041309106
cross_device,1,2,color,-3758,151,36,1786588041342589
cross_device,1,2,color,-3758,150,-318,1786588041375551
cross_device,1,2,color,-3759,149,-457,1786588041408929
cross_device,1,2,color,-3758,150,-575,1786588041442258
cross_device,1,2,color,-3758,149,-485,1786588041475680
cross_device,1,2,color,-3759,149,-644,1786588041508926
cross_device,1,2,color,-3759,148,-506,1786588041542285
cross_device,1,2,color,-3760,862,-260,1786588041575607
cross_device,1,2,color,-3759,117,-469,1786588041608917
cross_device,1,2,color,-3760,115,-264,1786588041642292
cross_device,1,2,color,-3760,114,-273,1786588041675631
cross_device,1,2,color,-3760,113,12,1786588041709108
cross_device,1,2,color,-3761,112,-195,1786588041742619
cross_device,1,2,color,-3761,111,-159,1786588041775625
cross_device,1,2,color,-3761,109,-253,1786588041809022
cross_device,1,2,color,-3761,109,27,1786588041842471
cross_device,1,2,color,-3761,108,8,1786588041875928
cross_device,1,2,color,-3761,108,98,1786588041909230
cross_device,1,2,color,-3762,105,-107,1786588041942489
cross_device,1,2,color,-3762,105,13,1786588041976074
cross_device,1,2,color,-3762,104,-218,1786588042009199
cross_device,1,2,color,-3762,103,246,1786588042042755
cross_device,1,2,color,-3763,101,-211,1786588042076107
cross_device,1,2,color,-3764,99,-249,1786588042109263
cross_device,1,2,color,-3763,99,0,1786588042142631
cross_device,1,2,color,-3763,99,257,1786588042175921
cross_device,1,2,color,-3764,97,94,1786588042209205
cross_device,1,2,color,-3764,96,-66,1786588042242470
cross_device,1,2,color,-3764,95,71,1786588042275872
cross_device,1,2,color,-3765,93,-93,1786588042309286
cross_device,1,2,color,-3765,93,-44,1786588042342583
cross_device,1,2,color,-3765,91,-43,1786588042375906
cross_device,1,2,color,-3765,91,-20,1786588042409280
cross_device,1,2,color,-3765,90,-179,1786588042442756
cross_device,1,2,color,-3765,88,-98,1786588042475762
cross_device,1,2,color,-3766,87,-297,1786588042508883
cross_device,1,2,color,-3767,85,-260,1786588042542609
cross_device,1,2,color,-3766,269,-426,1786588042575602
cross_device,1,2,color,-3766,125,-233,1786588042609365
cross_device,1,2,color,-3766,124,-347,1786588042642575
cross_device,1,2,color,-3767,122,-90,1786588042675895
cross_device,1,2,color,-3767,121,-101,1786588042709315
cross_device,1,2,color,-3768,120,201,1786588042742563
cross_device,1,2,color,-3768,119,-139,1786588042776112
cross_device,1,2,color,-3768,119,-385,1786588042809288
cross_device,1,2,color,-3768,118,-140,1786588042842558
cross_device,1,2,color,-3769,117,-210,1786588042875961
cross_device,1,2,color,-3769,115,170,1786588042909327
cross_device,1,2,color,-3769,115,53,1786588042942798
cross_device,1,2,color,-3770,113,102,1786588042976109
cross_device,1,2,color,-3770,113,-58,1786588043009408
cross_device,1,2,color,-3769,113,-71,1786588043042789
cross_device,1,2,color,-3769,113,-302,1786588043075630
cross_device,1,2,color,-3770,111,-54,1786588043109309
cross_device,1,2,color,-3770,109,-491,1786588043142283
cross_device,1,2,color,-3771,108,47,1786588043175947
cross_device,1,2,color,-3771,107,-234,1786588043209244
cross_device,1,2,color,-3771,107,-71,1786588043242366
cross_device,1,2,color,-3771,107,-4,1786588043275968
cross_device,1,2,color,-3771,106,217,1786588043309404
cross_device,1,2,color,-3772,104,126,1786588043342803
cross_device,1,2,color,-3772,104,-303,1786588043375565
cross_device,1,2,color,-3772,102,-129,1786588043409181
cross_device,1,2,color,-3772,102,-356,1786588043442303
cross_device,1,2,color,-3773,100,72,1786588043475917
cross_device,1,2,color,-3773,100,-213,1786588043509261
cross_device,1,2,color,-3773,99,182,1786588043542450
cross_device,1,2,color,-3774,44,-103,1786588043575760
cross_device,1,2,color,-3774,44,-384,1786588043608967
cross_device,1,2,color,-3774,-216,-568,1786588043642299
cross_device,1,2,color,-3775,-220,-371,1786588043675655
cross_device,1,2,color,-3774,-221,-348,1786588043708960
cross_device,1,2,color,-3774,-224,-18,1786588043742659
cross_device,1,2,color,-3774,-225,335,1786588043776079
cross_device,1,2,color,-3775,-229,-4,1786588043809415
cross_device,1,2,color,-3775,-231,235,1786588043842639
cross_device,1,2,color,-3775,-234,39,1786588043875935
cross_device,1,2,color,-3776,-237,-90,1786588043909178
cross_device,1,2,color,-3776,-239,-60,1786588043942720
cross_device,1,2,color,-3776,-242,560,1786588043976518
cross_device,1,2,color,-3777,-245,48,1786588044009358
cross_device,1,2,color,-3777,-247,121,1786588044042927
cross_device,1,2,color,-3777,-250,111,1786588044076099
cross_device,1,2,color,-3778,-252,146,1786588044109448
cross_device,1,2,color,-3777,-254,116,1786588044142711
cross_device,1,2,color,-3777,-257,-49,1786588044175911
cross_device,1,2,color,-3778,-260,-61,1786588044209229
cross_device,1,2,color,-3778,-263,22,1786588044242427
cross_device,1,2,color,-3778,-265,26,1786588044276269
cross_device,1,2,color,-3778,-267,-91,1786588044309398
cross_device,1,2,color,-3778,-269,130,1786588044342745
cross_device,1,2,color,-3779,-273,245,1786588044375894
cross_device,1,2,color,-3779,-275,261,1786588044409239
cross_device,1,2,color,-3780,-279,-65,1786588044442590
cross_device,1,2,color,-3780,-280,25,1786588044476034
cross_device,1,2,color,-3780,-283,10,1786588044509443
cross_device,1,2,color,-3780,-285,-6,1786588044542751
cross_device,1,2,color,-3780,-116,-63,1786588044575543
cross_device,1,2,color,-3781,-118,62,1786588044609473
cross_device,1,2,color,-3781,-40,13,1786588044642748
cross_device,1,2,color,-3781,-41,14,1786588044675773
cross_device,1,2,color,-3781,-42,-153,1786588044709186
cross_device,1,2,color,-3782,-45,-419,1786588044742616
cross_device,1,2,color,-3781,-45,-8,1786588044775650
cross_device,1,2,color,-3782,-47,25,1786588044809475
cross_device,1,2,color,-3782,-48,-83,1786588044842621
cross_device,1,2,color,-3783,-50,-21,1786588044875999
cross_device,1,2,color,-3783,-51,-136,1786588044909041
cross_device,1,2,color,-3783,-52,-94,1786588044942607
cross_device,1,2,color,-3783,-53,-182,1786588044975990
cross_device,1,2,color,-3784,-56,-171,1786588045009291
cross_device,1,2,color,-3783,-56,-119,1786588045042655
cross_device,1,2,color,-3783,-57,-66,1786588045075932
cross_device,1,2,color,-3784,-59,-34,1786588045109132
cross_device,1,2,color,-3784,-60,-67,1786588045142508
cross_device,1,2,color,-3784,-61,-314,1786588045175665
cross_device,1,2,color,-3784,-62,-605,1786588045208986
cross_device,1,2,color,-3785,-65,-407,1786588045242694
cross_device,1,2,color,-3785,-66,-44,1786588045276031
cross_device,1,2,color,-3785,-67,-220,1786588045309251
cross_device,1,2,color,-3785,-68,-296,1786588045342688
cross_device,1,2,color,-3786,-71,308,1786588045376029
cross_device,1,2,color,-3786,-72,-17,1786588045409304
cross_device,1,2,color,-3786,-72,-314,1786588045442272
cross_device,1,2,color,-3786,-75,101,1786588045475883
cross_device,1,2,color,-3787,-76,40,1786588045509291
cross_device,1,2,color,-3787,-78,-17,1786588045542608
cross_device,1,2,color,-3787,-78,13,1786588045576141
cross_device,1,2,color,-3788,-114,-324,1786588045609251
cross_device,1,2,color,-3788,-195,-148,1786588045642286
cross_device,1,2,color,-3788,-197,-56,1786588045675926
cross_device,1,2,color,-3789,-200,50,1786588045709400
cross_device,1,2,color,-3789,-202,-77,1786588045742752
cross_device,1,2,color,-3789,-203,-145,1786588045775629
cross_device,1,2,color,-3789,-205,-239,1786588045808877
cross_device,1,2,color,-3789,-206,-80,1786588045842802
cross_device,1,2,color,-3789,-207,-241,1786588045875709
cross_device,1,2,color,-3790,-210,-129,1786588045909147
cross_device,1,2,color,-3790,-213,-2,1786588045942595
cross_device,1,2,color,-3790,-214,-158,1786588045975616
cross_device,1,2,color,-3791,-216,-149,1786588046009286
cross_device,1,2,color,-3791,-218,-310,1786588046042294
cross_device,1,2,color,-3791,-219,11,1786588046075900
cross_device,1,2,color,-3791,-221,-539,1786588046109041
cross_device,1,2,color,-3791,-222,-543,1786588046142253
cross_device,1,2,color,-3792,-226,-465,1786588046175780
cross_device,1,2,color,-3792,-227,-702,1786588046208926
cross_device,1,2,color,-3791,-228,-412,1786588046242329
cross_device,1,2,color,-3792,-230,-483,1786588046275620
cross_device,1,2,color,-3799,-240,-509,1786588046342292
cross_device,1,2,color,-3800,-243,-463,1786588046375626
cross_device,1,2,color,-3801,-246,-469,1786588046408950
cross_device,1,2,color,-3801,-248,-68,1786588046442613
cross_device,1,2,color,-3801,-249,-591,1786588046475602
cross_device,1,2,color,-3801,-251,-375,1786588046509081
cross_device,1,2,color,-3801,-252,-302,1786588046542410
cross_device,1,2,color,-3802,-255,-314,1786588046575786
cross_device,1,2,color,-3801,-256,-726,1786588046608943
cross_device,1,2,color,-3802,-259,-517,1786588046642391
cross_device,1,2,color,-3802,-260,-757,1786588046675600
cross_device,1,2,color,-3803,-263,-595,1786588046709061
cross_device,1,2,color,-3803,-264,-722,1786588046742275
cross_device,1,2,color,-3803,-266,-497,1786588046775647
cross_device,1,2,color,-3803,-267,-739,1786588046808929
cross_device,1,2,color,-3804,-271,-328,1786588046842270
cross_device,1,2,color,-3804,-272,-640,1786588046875613
cross_device,1,2,color,-3804,-273,-284,1786588046908901
cross_device,1,2,color,-3804,-275,-252,1786588046942336
cross_device,1,2,color,-3804,-276,-311,1786588046975642
cross_device,1,2,color,-3805,-279,-297,1786588047008953
cross_device,1,2,color,-3804,-280,-71,1786588047042860
cross_device,1,2,color,-3805,-283,-602,1786588047075639
cross_device,1,2,color,-3805,-285,-381,1786588047109059
cross_device,1,2,color,-3805,-286,-325,1786588047142316
cross_device,1,2,color,-3806,-288,-268,1786588047175814
cross_device,1,2,color,-3806,-290,-223,1786588047208998
cross_device,1,2,color,-3806,-291,-171,1786588047242190
cross_device,1,2,color,-3806,-294,-501,1786588047275641
cross_device,1,2,color,-3807,-296,-312,1786588047308989
cross_device,1,2,color,-3806,-297,-481,1786588047342307
cross_device,1,2,color,-3807,-299,-441,1786588047375660
cross_device,1,2,color,-3808,-302,-591,1786588047408971
cross_device,1,2,color,-3808,-304,-116,1786588047442238
cross_device,1,2,color,-3808,-306,-341,1786588047475573
cross_device,1,2,color,-3807,-306,-209,1786588047509382
cross_device,1,2,color,-3809,-310,-555,1786588047542276
cross_device,1,2,color,-3808,-310,-505,1786588047575563
cross_device,1,2,color,-3808,-312,-111,1786588047609662
cross_device,1,2,color,-3809,-314,-625,1786588047642294
cross_device,1,2,color,-3809,-315,-605,1786588047675644
cross_device,1,2,color,-3810,-319,-575,1786588047708934
cross_device,1,2,color,-3809,-320,-288,1786588047742649
cross_device,1,2,color,-3809,-321,-53,1786588047775923
cross_device,1,2,color,-3810,-323,-426,1786588047809067
cross_device,1,2,color,-3810,-325,30,1786588047842591
cross_device,1,2,color,-3810,-327,-180,1786588047875804
cross_device,1,2,color,-3810,-329,-305,1786588047909233
cross_device,1,2,color,-3811,-331,-492,1786588047942282
cross_device,1,2,color,-3811,-333,-224,1786588047975724
cross_device,1,2,color,-3811,-334,-334,1786588048009297
cross_device,1,2,color,-3811,-336,-323,1786588048042290
cross_device,1,2,color,-3812,-338,-562,1786588048075651
cross_device,1,2,color,-3812,-340,-633,1786588048108962
cross_device,1,2,color,-3813,-343,-447,1786588048142305
cross_device,1,2,color,-3813,-345,-329,1786588048175670
cross_device,1,2,color,-3812,-345,-208,1786588048209060
cross_device,1,2,color,-3813,-348,50,1786588048242751
cross_device,1,2,color,-3813,-349,-352,1786588048275732
cross_device,1,2,color,-3813,-351,58,1786588048309367
cross_device,1,2,color,-3814,-354,19,1786588048342797
cross_device,1,2,color,-3814,-356,-40,1786588048376142
cross_device,1,2,color,-3814,-357,-264,1786588048409157
cross_device,1,2,color,-3815,-360,-346,1786588048442600
cross_device,1,2,color,-3814,-360,-341,1786588048475690
cross_device,1,2,color,-3814,-362,-478,1786588048508954
cross_device,1,2,color,-3815,-364,-388,1786588048542383
cross_device,1,2,color,-3815,-367,-172,1786588048575743
cross_device,1,2,color,-3815,-368,-355,1786588048608909
cross_device,1,2,color,-3816,-371,-360,1786588048642377
cross_device,1,2,color,-3816,-372,-465,1786588048675645
cross_device,1,2,color,-3817,-375,-214,1786588048709200
cross_device,1,2,color,-3816,-375,-559,1786588048742252
cross_device,1,2,color,-3816,-377,-319,1786588048775628
cross_device,1,2,color,-3817,-380,-160,1786588048809068
cross_device,1,2,color,-3817,-381,-5,1786588048842381
cross_device,1,2,color,-3817,-383,20,1786588048875876
cross_device,1,2,color,-3817,-384,145,1786588048909350
cross_device,1,2,color,-3818,-387,51,1786588048942786
cross_device,1,2,color,-3817,-388,335,1786588048976126
cross_device,1,2,color,-3818,-391,62,1786588049009320
cross_device,1,2,color,-3818,-392,-525,1786588049042264
cross_device,1,2,color,-3819,-395,-406,1786588049075605
cross_device,1,2,color,-3819,-396,-81,1786588049109320
cross_device,1,2,color,-3819,-398,-431,1786588049142492
cross_device,1,2,color,-3819,-400,-356,1786588049175778
cross_device,1,2,color,-3819,-401,-644,1786588049209036
cross_device,1,2,color,-3820,-404,-261,1786588049242293
cross_device,1,2,color,-3820,-406,-535,1786588049275752
cross_device,1,2,color,-3820,-407,-551,1786588049309038
cross_device,1,2,color,-3820,-409,-531,1786588049342400
cross_device,1,2,color,-3821,-411,-703,1786588049375589
cross_device,1,2,color,-3821,-413,-544,1786588049409052
cross_device,1,2,color,-3822,-415,-569,1786588049442394
cross_device,1,2,color,-3821,-417,76,1786588049476012
cross_device,1,2,color,-3822,-419,-157,1786588049509000
cross_device,1,2,color,-3822,-421,-478,1786588049542278
cross_device,1,2,color,-3822,-422,-165,1786588049575627
cross_device,1,2,color,-3822,-424,-429,1786588049608954
cross_device,1,2,color,-3823,-427,-521,1786588049642266
cross_device,1,2,color,-3823,-428,-364,1786588049675632
cross_device,1,2,color,-3823,-430,-315,1786588049708967
cross_device,1,2,color,-3823,-432,-86,1786588049742718
cross_device,1,2,color,-3823,-433,-174,1786588049775784
cross_device,1,2,color,-3823,-435,-188,1786588049808947
cross_device,1,2,color,-3824,-437,53,1786588049842359
cross_device,1,2,color,-3824,-440,-27,1786588049875640
cross_device,1,2,color,-3824,-441,-92,1786588049909671
cross_device,1,2,color,-3825,-443,-180,1786588049942302
cross_device,1,2,color,-3825,-445,347,1786588049975983
cross_device,1,2,color,-3825,-446,64,1786588050009223
cross_device,1,2,color,-3825,-448,-26,1786588050042354
cross_device,1,2,color,-3825,-449,294,1786588050075941
cross_device,1,2,color,-3826,-453,17,1786588050109313
cross_device,1,2,color,-3825,-453,-15,1786588050142559
cross_device,1,2,color,-3826,-456,-22,1786588050175957
cross_device,1,2,color,-3826,-457,173,1786588050209415
cross_device,1,2,color,-3826,-459,2,1786588050242439
cross_device,1,2,color,-3827,-461,-86,1786588050275918
cross_device,1,2,color,-3827,-464,-23,1786588050309278
cross_device,1,2,color,-3827,-465,33,1786588050342905
cross_device,1,2,color,-3827,-467,459,1786588050376181
cross_device,1,2,color,-3828,-469,-67,1786588050409388
cross_device,1,2,color,-3828,-471,183,1786588050442754
cross_device,1,2,color,-3828,-472,-321,1786588050475828
cross_device,1,2,color,-3828,-473,405,1786588050509353
cross_device,1,2,color,-3828,-475,983,1786588050543491
cross_device,1,2,color,-3828,-478,-448,1786588050575639
cross_device,1,2,color,-3829,-480,1,1786588050609404
cross_device,1,2,color,-3829,-482,-510,1786588050642250
cross_device,1,2,color,-3830,-484,-436,1786588050675610
cross_device,1,2,color,-3830,-486,-617,1786588050708932
cross_device,1,2,color,-3829,-486,-313,1786588050742454
cross_device,1,2,color,-3830,-489,-395,1786588050775828
cross_device,1,2,color,-3831,-492,-281,1786588050808956
cross_device,1,2,color,-3831,-494,-434,1786588050842376
cross_device,1,2,color,-3831,-495,-268,1786588050875634
cross_device,1,2,color,-3831,-497,-468,1786588050909312
cross_device,1,2,color,-3831,-498,-553,1786588050942346
cross_device,1,2,color,-3831,-500,-317,1786588050975609
cross_device,1,2,color,-3832,-503,-641,1786588051008939
cross_device,1,2,color,-3832,-504,-34,1786588051042602
cross_device,1,2,color,-3832,-506,-358,1786588051075727
cross_device,1,2,color,-3832,-507,-616,1786588051108930
cross_device,1,2,color,-3833,-510,-344,1786588051142263
cross_device,1,2,color,-3833,-512,-301,1786588051175706
cross_device,1,2,color,-3833,-514,-312,1786588051208952
cross_device,1,2,color,-3833,-515,-368,1786588051242333
cross_device,1,2,color,-3834,-518,-319,1786588051275648
cross_device,1,2,color,-3834,-519,-537,1786588051309045
cross_device,1,2,color,-3834,-521,-439,1786588051342495
cross_device,1,2,color,-3834,-523,-625,1786588051375625
cross_device,1,2,color,-3834,-524,-61,1786588051409051
cross_device,1,2,color,-3834,-526,-333,1786588051442263
cross_device,1,2,color,-3835,-529,-141,1786588051475665
cross_device,1,2,color,-3835,-530,-4,1786588051508931
cross_device,1,2,color,-3835,-532,22,1786588051542515
cross_device,1,2,color,-3835,-534,-8,1786588051575713
cross_device,1,2,color,-3835,-534,-344,1786588051609053
cross_device,1,2,color,-3836,-538,-415,1786588051642393
cross_device,1,2,color,-3836,-540,-401,1786588051675757
cross_device,1,2,color,-3837,-542,-293,1786588051709053
cross_device,1,2,color,-3837,-544,232,1786588051742756
cross_device,1,2,color,-3837,-545,1,1786588051775919
cross_device,1,2,color,-3837,-546,-268,1786588051809196
cross_device,1,2,color,-3837,-548,-372,1786588051842405
cross_device,1,2,color,-3838,-551,-259,1786588051875855
cross_device,1,2,color,-3838,-553,378,1786588051909547
cross_device,1,2,color,-3838,-554,414,1786588051943046
cross_device,1,2,color,-3838,-556,-64,1786588051976122
cross_device,1,2,color,-3832,-554,-142,1786588052042589
cross_device,1,2,color,-3832,-555,27,1786588052076066
cross_device,1,2,color,-3832,-557,-277,1786588052108925
cross_device,1,2,color,-3832,-558,-338,1786588052142400
cross_device,1,2,color,-3832,-560,-289,1786588052175642
cross_device,1,2,color,-3833,-562,-431,1786588052208953
cross_device,1,2,color,-3832,-563,-48,1786588052242386
cross_device,1,2,color,-3832,-565,-21,1786588052276284
cross_device,1,2,color,-3833,-568,-420,1786588052309027
cross_device,1,2,color,-3833,-569,-304,1786588052342301
cross_device,1,2,color,-3833,-571,-728,1786588052375605
cross_device,1,2,color,-3834,-573,-299,1786588052408972
cross_device,1,2,color,-3834,-575,-340,1786588052442310
cross_device,1,2,color,-3834,-576,-532,1786588052475645
cross_device,1,2,color,-3834,-579,-634,1786588052508951
cross_device,1,2,color,-3834,-580,-488,1786588052542274
cross_device,1,2,color,-3835,-583,226,1786588052575799
cross_device,1,2,color,-3835,-584,-359,1786588052608909
cross_device,1,2,color,-3835,-586,-379,1786588052642673
cross_device,1,2,color,-3835,-588,23,1786588052675611
cross_device,1,2,color,-3836,-590,-342,1786588052708941
cross_device,1,2,color,-3836,-592,-486,1786588052742276
cross_device,1,2,color,-3836,-593,-322,1786588052775632
cross_device,1,2,color,-3836,-595,-351,1786588052809104
cross_device,1,2,color,-3837,-597,-4,1786588052842290
cross_device,1,2,color,-3837,-599,-533,1786588052875622
cross_device,1,2,color,-3837,-600,-508,1786588052908961
cross_device,1,2,color,-3837,-603,-485,1786588052942556
cross_device,1,2,color,-3837,-604,-17,1786588052975829
cross_device,1,2,color,-3838,-607,-379,1786588053008951
cross_device,1,2,color,-3838,-608,-197,1786588053042249
cross_device,1,2,color,-3838,-610,159,1786588053076098
cross_device,1,2,color,-3839,-612,-83,1786588053108988
cross_device,1,2,color,-3838,-613,-42,1786588053142357
cross_device,1,2,color,-3838,-615,-345,1786588053175799
cross_device,1,2,color,-3839,-618,-652,1786588053208931
cross_device,1,2,color,-3839,-619,-181,1786588053242482
cross_device,1,2,color,-3840,-622,-482,1786588053275585
cross_device,1,2,color,-3840,-623,-527,1786588053308934
cross_device,1,2,color,-3840,-624,3,1786588053342381
cross_device,1,2,color,-3840,-627,-227,1786588053375784
cross_device,1,2,color,-3841,-630,-68,1786588053408936
cross_device,1,2,color,-3840,-630,-567,1786588053442352
cross_device,1,2,color,-3841,-633,-545,1786588053475643
cross_device,1,2,color,-3841,-634,-174,1786588053508952
cross_device,1,2,color,-3841,-636,-351,1786588053542290
cross_device,1,2,color,-3842,-638,-161,1786588053575845
cross_device,1,2,color,-3842,-640,-168,1786588053609028
cross_device,1,2,color,-3842,-642,-22,1786588053642288
cross_device,1,2,color,-3842,-643,-227,1786588053675924
cross_device,1,2,color,-3843,-646,86,1786588053709062
cross_device,1,2,color,-3843,-647,119,1786588053742356
cross_device,1,2,color,-3843,-649,18,1786588053775999
cross_device,1,2,color,-3843,-650,4,1786588053809055
cross_device,1,2,color,-3844,-654,-221,1786588053842398
cross_device,1,2,color,-3843,-654,-304,1786588053875723
cross_device,1,2,color,-3844,-657,-25,1786588053908959
cross_device,1,2,color,-3844,-658,10,1786588053942483
cross_device,1,2,color,-3845,-661,71,1786588053975896
cross_device,1,2,color,-3844,-661,-189,1786588054009136
cross_device,1,2,color,-3844,-664,-345,1786588054042562
cross_device,1,2,color,-3845,-666,71,1786588054075753
cross_device,1,2,color,-3845,-668,-29,1786588054109010
cross_device,1,2,color,-3845,-669,163,1786588054142515
cross_device,1,2,color,-3845,-671,86,1786588054175731
cross_device,1,2,color,-3846,-673,-249,1786588054208950
cross_device,1,2,color,-3846,-674,-99,1786588054242270
cross_device,1,2,color,-3846,-677,-44,1786588054275606
cross_device,1,2,color,-3847,-680,-226,1786588054308949
cross_device,1,2,color,-3847,-680,33107,1786588054342282
cross_device,1,2,color,-3846,-682,-34,1786588054375941
cross_device,1,2,color,-3847,-684,-163,1786588054409067
cross_device,1,2,color,-3848,-687,-11,1786588054442629
cross_device,1,2,color,-3847,-687,-32,1786588054475916
cross_device,1,2,color,-3848,-691,-156,1786588054509061
cross_device,1,2,color,-3848,-692,25,1786588054542533
cross_device,1,2,color,-3848,-694,280,1786588054575940
cross_device,1,2,color,-3848,-694,33375,1786588054609035
cross_device,1,2,color,-3849,-697,169,1786588054642600
cross_device,1,2,color,-3849,-700,244,1786588054675913
cross_device,1,2,color,-3849,-702,18,1786588054709394
cross_device,1,2,color,-3849,-703,151,1786588054742555
cross_device,1,2,color,-3850,-706,-35,1786588054775617
cross_device,1,2,color,-3850,-707,416,1786588054809410
cross_device,1,2,color,-3850,-708,112,1786588054842576
cross_device,1,2,color,-3851,-711,262,1786588054875905
cross_device,1,2,color,-3851,-713,281,1786588054909226
cross_device,1,2,color,-3850,-714,29,1786588054942298
cross_device,1,2,color,-3850,-714,33298,1786588054975567
cross_device,1,2,color,-3850,-717,120,1786588055009297
cross_device,1,2,color,-3851,-719,239,1786588055042558
cross_device,1,2,color,-3852,-722,8,1786588055075722
cross_device,1,2,color,-3852,-723,-51,1786588055109210
cross_device,1,2,color,-3852,-726,19,1786588055142321
cross_device,1,2,color,-3852,-727,-29,1786588055175821
cross_device,1,2,color,-3852,-729,-46,1786588055209214
cross_device,1,2,color,-3852,-730,0,1786588055242316
cross_device,1,2,color,-3853,-733,170,1786588055275786
cross_device,1,2,color,-3853,-734,335,1786588055309292
cross_device,1,2,color,-3853,-736,312,1786588055342610
cross_device,1,2,color,-3853,-736,33323,1786588055375621
cross_device,1,2,color,-3854,-741,-170,1786588055408997
cross_device,1,2,color,-3854,-742,-3,1786588055442515
cross_device,1,2,color,-3854,-744,-26,1786588055475633
cross_device,1,2,color,-3855,-746,-7,1786588055508899
cross_device,1,2,color,-3854,-746,-107,1786588055542928
cross_device,1,2,color,-3855,-750,299,1786588055575965
cross_device,1,2,color,-3855,-428,499,1786588055609497
cross_device,1,2,color,-3855,106,26,1786588055642523
cross_device,1,2,color,-3860,101,323,1786588055676133
cross_device,1,2,color,-3855,106,403,1786588055709423
cross_device,1,2,color,-3856,105,0,1786588055742611
cross_device,1,2,color,-3858,103,-104,1786588055775959
cross_device,1,2,color,-3856,106,324,1786588055809294
cross_device,1,2,color,-3857,104,-56,1786588055842594
cross_device,1,2,color,-3857,105,-38,1786588055875630
cross_device,1,2,color,-3857,104,-10,1786588055909314
cross_device,1,2,color,-3857,105,-493,1786588055942476
cross_device,1,2,color,-3858,103,87,1786588055976025
cross_device,1,2,color,-3857,105,-255,1786588056009207
cross_device,1,2,color,-3858,103,11,1786588056042466
cross_device,1,2,color,-3858,104,36,1786588056075989
cross_device,1,2,color,-3858,104,-2,1786588056109268
cross_device,1,2,color,-3858,104,-354,1786588056142372
cross_device,1,2,color,-3858,104,-65,1786588056175619
cross_device,1,2,color,-3859,103,-386,1786588056208945
cross_device,1,2,color,-3859,103,-37,1786588056242399
cross_device,1,2,color,-3860,103,-280,1786588056275798
cross_device,1,2,color,-3860,102,36,1786588056309004
cross_device,1,2,color,-3860,103,-5,1786588056342488
cross_device,1,2,color,-3860,102,223,1786588056375915
cross_device,1,2,color,-3860,103,-282,1786588056408963
cross_device,1,2,color,-3860,103,33306,1786588056442551
cross_device,1,2,color,-3861,102,-13,1786588056475643
cross_device,1,2,color,-3861,102,-19,1786588056509360
cross_device,1,2,color,-3861,101,103,1786588056542429
cross_device,1,2,color,-3862,101,-10,1786588056575822
cross_device,1,2,color,-3862,101,-209,1786588056608958
cross_device,1,2,color,-3862,101,61,1786588056642449
cross_device,1,2,color,-3862,101,-139,1786588056675945
cross_device,1,2,color,-3862,101,-12,1786588056708958
cross_device,1,2,color,-3862,102,-184,1786588056742271
cross_device,1,2,color,-3863,100,-7,1786588056775625
cross_device,1,2,color,-3863,100,-169,1786588056808907
cross_device,1,2,color,-3863,100,0,1786588056842283
cross_device,1,2,color,-3863,100,-1,1786588056875638
cross_device,1,2,color,-3864,99,-209,1786588056908909
cross_device,1,2,color,-3864,99,-48,1786588056942307
cross_device,1,2,color,-3864,100,-13,1786588056975618
cross_device,1,2,color,-3864,99,0,1786588057008947
cross_device,1,2,color,-3864,100,-215,1786588057042304
cross_device,1,2,color,-3864,100,-185,1786588057075542
cross_device,1,2,color,-3865,99,-11,1786588057109047
cross_device,1,2,color,-3865,99,-56,1786588057142789
cross_device,1,2,color,-3871,94,0,1786588057175617
cross_device,1,2,color,-3866,98,-165,1786588057208956
cross_device,1,2,color,-3866,99,-208,1786588057242633
cross_device,1,2,color,-3868,96,-11,1786588057275907
cross_device,1,2,color,-3867,97,-20,1786588057308970
cross_device,1,2,color,-3866,98,40,1786588057342384
cross_device,1,2,color,-3867,98,63,1786588057375771
cross_device,1,2,color,-3867,97,-93,1786588057409078
cross_device,1,2,color,-3867,98,-249,1786588057442304
cross_device,1,2,color,-3871,94,13,1786588057475710
cross_device,1,2,color,-3868,97,-202,1786588057508857
cross_device,1,2,color,-3868,97,-2,1786588057542743
cross_device,1,2,color,-3869,96,-45,1786588057575799
cross_device,1,2,color,-3868,97,-227,1786588057608949
cross_device,1,2,color,-3869,97,91,1786588057642423
cross_device,1,2,color,-3869,96,-26,1786588057675557
cross_device,1,2,color,-3869,97,0,1786588057708995
cross_device,1,2,color,-3869,96,-179,1786588057742566
cross_device,1,2,color,-3874,91,171,1786588057775937
cross_device,1,2,color,-3870,95,115,1786588057809099
cross_device,1,2,color,-3881,85,-154,1786588057875723
cross_device,1,2,color,-3877,89,12,1786588057908998
cross_device,1,2,color,-3877,89,-219,1786588057942542
cross_device,1,2,color,-3850,115,5,1786588057975801
cross_device,1,2,color,-3832,134,-568,1786588058009224
cross_device,1,2,color,-3888,77,-696,1786588058042344
cross_device,1,2,color,-3893,73,-628,1786588058075641
cross_device,1,2,color,-3888,78,-456,1786588058109305
cross_device,1,2,color,-3888,78,-95,1786588058142475
cross_device,1,2,color,-3894,72,-494,1786588058175766
cross_device,1,2,color,-3888,78,-472,1786588058208867
cross_device,1,2,color,-3888,78,-378,1786588058242242
cross_device,1,2,color,-3899,67,-568,1786588058276054
cross_device,1,2,color,-3888,78,353,1786588058309351
cross_device,1,2,color,-3889,78,184,1786588058342740
cross_device,1,2,color,-3896,70,-536,1786588058375608
cross_device,1,2,color,-3889,78,250,1786588058409457
cross_device,1,2,color,-3890,76,232,1786588058442632
cross_device,1,2,color,-3890,77,304,1786588058476079
cross_device,1,2,color,-3891,76,-102,1786588058509443
cross_device,1,2,color,-3891,76,-33,1786588058542235
cross_device,1,2,color,-3891,76,34,1786588058576137
cross_device,1,2,color,-3891,76,33005,1786588058609108
cross_device,1,2,color,-3891,76,-65,1786588058642275
cross_device,1,2,color,-3892,76,-30,1786588058675639
cross_device,1,2,color,-3891,76,-173,1786588058708872
cross_device,1,2,color,-3892,76,-162,1786588058742254
cross_device,1,2,color,-3892,75,399,1786588058776040
cross_device,1,2,color,-3891,76,398,1786588058809549
cross_device,1,2,color,-3892,76,-135,1786588058842710
cross_device,1,2,color,-3893,75,-48,1786588058875612
cross_device,1,2,color,-3892,76,28,1786588058909244
cross_device,1,2,color,-3893,75,-159,1786588058942652
cross_device,1,2,color,-3893,75,32788,1786588058975599
cross_device,1,2,color,-3885,82,191,1786588059009277
cross_device,1,2,color,-3893,75,302,1786588059042593
cross_device,1,2,color,-3894,74,-184,1786588059076025
cross_device,1,2,color,-3894,74,-228,1786588059109163
cross_device,1,2,color,-3895,73,-299,1786588059142582
cross_device,1,2,color,-3894,74,362,1786588059176226
cross_device,1,2,color,-3894,74,33250,1786588059209114
cross_device,1,2,color,-3895,74,-179,1786588059242582
cross_device,1,2,color,-3896,72,198,1786588059276211
cross_device,1,2,color,-3896,73,-145,1786588059309276
cross_device,1,2,color,-3896,72,210,1786588059342835
cross_device,1,2,color,-3896,73,32,1786588059375975
cross_device,1,2,color,-3896,72,193,1786588059409421
cross_device,1,2,color,-3897,72,-12,1786588059442596
cross_device,1,2,color,-3897,71,-256,1786588059475855
cross_device,1,2,color,-3896,73,-183,1786588059509068
cross_device,1,2,color,-3897,72,-48,1786588059542324
cross_device,1,2,color,-3897,72,-266,1786588059575994
cross_device,1,2,color,-3897,72,-222,1786588059609229
cross_device,1,2,color,-3898,71,45,1786588059642602
cross_device,1,2,color,-3898,71,-192,1786588059676001
cross_device,1,2,color,-3899,70,-547,1786588059709012
cross_device,1,2,color,-3899,70,-213,1786588059742679
cross_device,1,2,color,-3899,71,92,1786588059776220
cross_device,1,2,color,-3899,71,-290,1786588059809196
cross_device,1,2,color,-3899,71,-467,1786588059842391
cross_device,1,2,color,-3900,70,-299,1786588059875797
cross_device,1,2,color,-3899,71,-414,1786588059909052
cross_device,1,2,color,-3900,70,-333,1786588059942577
cross_device,1,2,color,-3899,71,-373,1786588059975643
cross_device,1,2,color,-3901,69,-441,1786588060009227
cross_device,1,2,color,-3901,69,-480,1786588060042300
cross_device,1,2,color,-3901,69,322,1786588060076157
cross_device,1,2,color,-3901,69,-363,1786588060109115
cross_device,1,2,color,-3901,69,-3,1786588060142398
cross_device,1,2,color,-3901,70,-560,1786588060175650
cross_device,1,2,color,-3902,68,-296,1786588060209030
cross_device,1,2,color,-3901,70,102,1786588060242411
cross_device,1,2,color,-3902,68,293,1786588060275877
cross_device,1,2,color,-3902,68,-209,1786588060309200
cross_device,1,2,color,-3902,69,-214,1786588060342420
cross_device,1,2,color,-3902,68,88,1786588060375678
cross_device,1,2,color,-3902,69,-247,1786588060409200
cross_device,1,2,color,-3903,67,-334,1786588060442412
cross_device,1,2,color,-3903,68,-501,1786588060475605
cross_device,1,2,color,-3903,68,-191,1786588060509142
multi_device,0,0,depth_all,4445,0,0,0
multi_device,0,0,depth_all,4445,0,0,0
multi_device,0,0,depth_all,4445,0,0,0
multi_device,0,0,depth_all,4445,0,0,0
multi_device,0,0,depth_all,4446,0,0,0
multi_device,0,0,depth_all,4446,0,0,0
multi_device,0,0,depth_all,4447,0,0,0
multi_device,0,0,depth_all,4447,0,0,0
multi_device,0,0,depth_all,4451,0,0,0
multi_device,0,0,depth_all,4452,0,0,0
multi_device,0,0,depth_all,4452,0,0,0
multi_device,0,0,depth_all,4453,0,0,0
multi_device,0,0,depth_all,4453,0,0,0
multi_device,0,0,depth_all,4453,0,0,0
multi_device,0,0,depth_all,4453,0,0,0
multi_device,0,0,depth_all,4460,0,0,0
multi_device,0,0,depth_all,4453,0,0,0
multi_device,0,0,depth_all,4454,0,0,0
multi_device,0,0,depth_all,4458,0,0,0
multi_device,0,0,depth_all,4455,0,0,0
multi_device,0,0,depth_all,4455,0,0,0
multi_device,0,0,depth_all,4457,0,0,0
multi_device,0,0,depth_all,4456,0,0,0
multi_device,0,0,depth_all,4456,0,0,0
multi_device,0,0,depth_all,4457,0,0,0
multi_device,0,0,depth_all,4456,0,0,0
multi_device,0,0,depth_all,4457,0,0,0
multi_device,0,0,depth_all,4463,0,0,0
multi_device,0,0,depth_all,4458,0,0,0
multi_device,0,0,depth_all,4458,0,0,0
multi_device,0,0,depth_all,4467,0,0,0
multi_device,0,0,depth_all,4459,0,0,0
multi_device,0,0,depth_all,4459,0,0,0
multi_device,0,0,depth_all,4467,0,0,0
multi_device,0,0,depth_all,4459,0,0,0
multi_device,0,0,depth_all,4460,0,0,0
multi_device,0,0,depth_all,4460,0,0,0
multi_device,0,0,depth_all,4460,0,0,0
multi_device,0,0,depth_all,4461,0,0,0
multi_device,0,0,depth_all,4463,0,0,0
multi_device,0,0,depth_all,4462,0,0,0
multi_device,0,0,depth_all,4462,0,0,0
multi_device,0,0,depth_all,4466,0,0,0
multi_device,0,0,depth_all,4462,0,0,0
multi_device,0,0,depth_all,4463,0,0,0
multi_device,0,0,depth_all,4473,0,0,0
multi_device,0,0,depth_all,4463,0,0,0
multi_device,0,0,depth_all,4464,0,0,0
multi_device,0,0,depth_all,4467,0,0,0
multi_device,0,0,depth_all,4465,0,0,0
multi_device,0,0,depth_all,4464,0,0,0
multi_device,0,0,depth_all,4468,0,0,0
multi_device,0,0,depth_all,4466,0,0,0
multi_device,0,0,depth_all,4465,0,0,0
multi_device,0,0,depth_all,4476,0,0,0
multi_device,0,0,depth_all,4466,0,0,0
multi_device,0,0,depth_all,4466,0,0,0
multi_device,0,0,depth_all,4471,0,0,0
multi_device,0,0,depth_all,4467,0,0,0
multi_device,0,0,depth_all,4467,0,0,0
multi_device,0,0,depth_all,4468,0,0,0
multi_device,0,0,depth_all,4468,0,0,0
multi_device,0,0,depth_all,4469,0,0,0
multi_device,0,0,depth_all,4468,0,0,0
multi_device,0,0,depth_all,4469,0,0,0
multi_device,0,0,depth_all,4470,0,0,0
multi_device,0,0,depth_all,4472,0,0,0
multi_device,0,0,depth_all,4470,0,0,0
multi_device,0,0,depth_all,4470,0,0,0
multi_device,0,0,depth_all,4480,0,0,0
multi_device,0,0,depth_all,4471,0,0,0
multi_device,0,0,depth_all,4471,0,0,0
multi_device,0,0,depth_all,4471,0,0,0
multi_device,0,0,depth_all,4472,0,0,0
multi_device,0,0,depth_all,4473,0,0,0
multi_device,0,0,depth_all,4482,0,0,0
multi_device,0,0,depth_all,4472,0,0,0
multi_device,0,0,depth_all,4473,0,0,0
multi_device,0,0,depth_all,4483,0,0,0
multi_device,0,0,depth_all,4474,0,0,0
multi_device,0,0,depth_all,4474,0,0,0
multi_device,0,0,depth_all,4474,0,0,0
multi_device,0,0,depth_all,4475,0,0,0
multi_device,0,0,depth_all,4475,0,0,0
multi_device,0,0,depth_all,4475,0,0,0
multi_device,0,0,depth_all,4475,0,0,0
multi_device,0,0,depth_all,4476,0,0,0
multi_device,0,0,depth_all,4476,0,0,0
multi_device,0,0,depth_all,4477,0,0,0
multi_device,0,0,depth_all,4477,0,0,0
multi_device,0,0,depth_all,4477,0,0,0
multi_device,0,0,depth_all,4477,0,0,0
multi_device,0,0,depth_all,4478,0,0,0
multi_device,0,0,depth_all,4485,0,0,0
multi_device,0,0,depth_all,4478,0,0,0
multi_device,0,0,depth_all,4479,0,0,0
multi_device,0,0,depth_all,4479,0,0,0
multi_device,0,0,depth_all,4479,0,0,0
multi_device,0,0,depth_all,4480,0,0,0
multi_device,0,0,depth_all,4480,0,0,0
multi_device,0,0,depth_all,4480,0,0,0
multi_device,0,0,depth_all,4481,0,0,0
multi_device,0,0,depth_all,4481,0,0,0
multi_device,0,0,depth_all,4481,0,0,0
multi_device,0,0,depth_all,4481,0,0,0
multi_device,0,0,depth_all,4482,0,0,0
multi_device,0,0,depth_all,4482,0,0,0
multi_device,0,0,depth_all,4483,0,0,0
multi_device,0,0,depth_all,4483,0,0,0
multi_device,0,0,depth_all,4484,0,0,0
multi_device,0,0,depth_all,4484,0,0,0
multi_device,0,0,depth_all,4484,0,0,0
multi_device,0,0,depth_all,4484,0,0,0
multi_device,0,0,depth_all,4485,0,0,0
multi_device,0,0,depth_all,4485,0,0,0
multi_device,0,0,depth_all,4485,0,0,0
multi_device,0,0,depth_all,4485,0,0,0
multi_device,0,0,depth_all,4486,0,0,0
multi_device,0,0,depth_all,4486,0,0,0
multi_device,0,0,depth_all,4486,0,0,0
multi_device,0,0,depth_all,4487,0,0,0
multi_device,0,0,depth_all,4487,0,0,0
multi_device,0,0,depth_all,4487,0,0,0
multi_device,0,0,depth_all,4488,0,0,0
multi_device,0,0,depth_all,4488,0,0,0
multi_device,0,0,depth_all,4488,0,0,0
multi_device,0,0,depth_all,4488,0,0,0
multi_device,0,0,depth_all,4489,0,0,0
multi_device,0,0,depth_all,4490,0,0,0
multi_device,0,0,depth_all,4489,0,0,0
multi_device,0,0,depth_all,4490,0,0,0
multi_device,0,0,depth_all,4490,0,0,0
multi_device,0,0,depth_all,4490,0,0,0
multi_device,0,0,depth_all,4490,0,0,0
multi_device,0,0,depth_all,4491,0,0,0
multi_device,0,0,depth_all,4491,0,0,0
multi_device,0,0,depth_all,4492,0,0,0
multi_device,0,0,depth_all,4492,0,0,0
multi_device,0,0,depth_all,4493,0,0,0
multi_device,0,0,depth_all,4492,0,0,0
multi_device,0,0,depth_all,4493,0,0,0
multi_device,0,0,depth_all,4493,0,0,0
multi_device,0,0,depth_all,4494,0,0,0
multi_device,0,0,depth_all,4494,0,0,0
multi_device,0,0,depth_all,4494,0,0,0
multi_device,0,0,depth_all,4494,0,0,0
multi_device,0,0,depth_all,4495,0,0,0
multi_device,0,0,depth_all,4495,0,0,0
multi_device,0,0,depth_all,4496,0,0,0
multi_device,0,0,depth_all,4496,0,0,0
multi_device,0,0,depth_all,4496,0,0,0
multi_device,0,0,depth_all,4497,0,0,0
multi_device,0,0,depth_all,4497,0,0,0
multi_device,0,0,depth_all,4498,0,0,0
multi_device,0,0,depth_all,4497,0,0,0
multi_device,0,0,depth_all,4499,0,0,0
multi_device,0,0,depth_all,4499,0,0,0
multi_device,0,0,depth_all,4499,0,0,0
multi_device,0,0,depth_all,4499,0,0,0
multi_device,0,0,depth_all,4500,0,0,0
multi_device,0,0,depth_all,4500,0,0,0
multi_device,0,0,depth_all,4500,0,0,0
multi_device,0,0,depth_all,4500,0,0,0
multi_device,0,0,depth_all,4501,0,0,0
multi_device,0,0,depth_all,4501,0,0,0
multi_device,0,0,depth_all,4502,0,0,0
multi_device,0,0,depth_all,4502,0,0,0
multi_device,0,0,depth_all,4502,0,0,0
multi_device,0,0,depth_all,4503,0,0,0
multi_device,0,0,depth_all,4503,0,0,0
multi_device,0,0,depth_all,4503,0,0,0
multi_device,0,0,depth_all,4503,0,0,0
multi_device,0,0,depth_all,4504,0,0,0
multi_device,0,0,depth_all,4504,0,0,0
multi_device,0,0,depth_all,4505,0,0,0
multi_device,0,0,depth_all,4505,0,0,0
multi_device,0,0,depth_all,4505,0,0,0
multi_device,0,0,depth_all,4505,0,0,0
multi_device,0,0,depth_all,4506,0,0,0
multi_device,0,0,depth_all,4506,0,0,0
multi_device,0,0,depth_all,4507,0,0,0
multi_device,0,0,depth_all,4506,0,0,0
multi_device,0,0,depth_all,4507,0,0,0
multi_device,0,0,depth_all,4507,0,0,0
multi_device,0,0,depth_all,4507,0,0,0
multi_device,0,0,depth_all,4508,0,0,0
multi_device,0,0,depth_all,4508,0,0,0
multi_device,0,0,depth_all,4509,0,0,0
multi_device,0,0,depth_all,4508,0,0,0
multi_device,0,0,depth_all,4509,0,0,0
multi_device,0,0,depth_all,4509,0,0,0
multi_device,0,0,depth_all,4509,0,0,0
multi_device,0,0,depth_all,4510,0,0,0
multi_device,0,0,depth_all,4511,0,0,0
multi_device,0,0,depth_all,4511,0,0,0
multi_device,0,0,depth_all,4511,0,0,0
multi_device,0,0,depth_all,4511,0,0,0
multi_device,0,0,depth_all,4511,0,0,0
multi_device,0,0,depth_all,4512,0,0,0
multi_device,0,0,depth_all,4512,0,0,0
multi_device,0,0,depth_all,4512,0,0,0
multi_device,0,0,depth_all,4513,0,0,0
multi_device,0,0,depth_all,4513,0,0,0
multi_device,0,0,depth_all,4511,0,0,0
multi_device,0,0,depth_all,4514,0,0,0
multi_device,0,0,depth_all,4514,0,0,0
multi_device,0,0,depth_all,4514,0,0,0
multi_device,0,0,depth_all,4514,0,0,0
multi_device,0,0,depth_all,4515,0,0,0
multi_device,0,0,depth_all,4515,0,0,0
multi_device,0,0,depth_all,4515,0,0,0
multi_device,0,0,depth_all,4516,0,0,0
multi_device,0,0,depth_all,4516,0,0,0
multi_device,0,0,depth_all,4516,0,0,0
multi_device,0,0,depth_all,4517,0,0,0
multi_device,0,0,depth_all,4517,0,0,0
multi_device,0,0,depth_all,4517,0,0,0
multi_device,0,0,depth_all,4518,0,0,0
multi_device,0,0,depth_all,4517,0,0,0
multi_device,0,0,depth_all,4518,0,0,0
multi_device,0,0,depth_all,4518,0,0,0
multi_device,0,0,depth_all,4518,0,0,0
multi_device,0,0,depth_all,4519,0,0,0
multi_device,0,0,depth_all,4519,0,0,0
multi_device,0,0,depth_all,4520,0,0,0
multi_device,0,0,depth_all,4520,0,0,0
multi_device,0,0,depth_all,4520,0,0,0
multi_device,0,0,depth_all,4521,0,0,0
multi_device,0,0,depth_all,4521,0,0,0
multi_device,0,0,depth_all,4521,0,0,0
multi_device,0,0,depth_all,4521,0,0,0
multi_device,0,0,depth_all,4521,0,0,0
multi_device,0,0,depth_all,4522,0,0,0
multi_device,0,0,depth_all,4522,0,0,0
multi_device,0,0,depth_all,4523,0,0,0
multi_device,0,0,depth_all,4524,0,0,0
multi_device,0,0,depth_all,4524,0,0,0
multi_device,0,0,depth_all,4523,0,0,0
multi_device,0,0,depth_all,4524,0,0,0
multi_device,0,0,depth_all,4524,0,0,0
multi_device,0,0,depth_all,4524,0,0,0
multi_device,0,0,depth_all,4525,0,0,0
multi_device,0,0,depth_all,4525,0,0,0
multi_device,0,0,depth_all,4525,0,0,0
multi_device,0,0,depth_all,4526,0,0,0
multi_device,0,0,depth_all,4526,0,0,0
multi_device,0,0,depth_all,4527,0,0,0
multi_device,0,0,depth_all,4527,0,0,0
multi_device,0,0,depth_all,4527,0,0,0
multi_device,0,0,depth_all,4527,0,0,0
multi_device,0,0,depth_all,4528,0,0,0
multi_device,0,0,depth_all,4528,0,0,0
multi_device,0,0,depth_all,4529,0,0,0
multi_device,0,0,depth_all,4529,0,0,0
multi_device,0,0,depth_all,4529,0,0,0
multi_device,0,0,depth_all,4529,0,0,0
multi_device,0,0,depth_all,4529,0,0,0
multi_device,0,0,depth_all,4530,0,0,0
multi_device,0,0,depth_all,4530,0,0,0
multi_device,0,0,depth_all,4531,0,0,0
multi_device,0,0,depth_all,4531,0,0,0
multi_device,0,0,depth_all,4531,0,0,0
multi_device,0,0,depth_all,4531,0,0,0
multi_device,0,0,depth_all,4532,0,0,0
multi_device,0,0,depth_all,4532,0,0,0
multi_device,0,0,depth_all,4532,0,0,0
multi_device,0,0,depth_all,4532,0,0,0
multi_device,0,0,depth_all,4533,0,0,0
multi_device,0,0,depth_all,4534,0,0,0
multi_device,0,0,depth_all,4533,0,0,0
multi_device,0,0,depth_all,4533,0,0,0
multi_device,0,0,depth_all,4534,0,0,0
multi_device,0,0,depth_all,4534,0,0,0
multi_device,0,0,depth_all,4535,0,0,0
multi_device,0,0,depth_all,4535,0,0,0
multi_device,0,0,depth_all,4536,0,0,0
multi_device,0,0,depth_all,4535,0,0,0
multi_device,0,0,depth_all,4536,0,0,0
multi_device,0,0,depth_all,4536,0,0,0
multi_device,0,0,depth_all,4536,0,0,0
multi_device,0,0,depth_all,4537,0,0,0
multi_device,0,0,depth_all,4537,0,0,0
multi_device,0,0,depth_all,4537,0,0,0
multi_device,0,0,depth_all,4537,0,0,0
multi_device,0,0,depth_all,4538,0,0,0
multi_device,0,0,depth_all,4538,0,0,0
multi_device,0,0,depth_all,4539,0,0,0
multi_device,0,0,depth_all,4539,0,0,0
multi_device,0,0,depth_all,4539,0,0,0
multi_device,0,0,depth_all,4540,0,0,0
multi_device,0,0,depth_all,4540,0,0,0
multi_device,0,0,depth_all,4540,0,0,0
multi_device,0,0,depth_all,4541,0,0,0
multi_device,0,0,depth_all,4541,0,0,0
multi_device,0,0,depth_all,4541,0,0,0
multi_device,0,0,depth_all,4541,0,0,0
multi_device,0,0,depth_all,4541,0,0,0
multi_device,0,0,depth_all,4542,0,0,0
multi_device,0,0,depth_all,4542,0,0,0
multi_device,0,0,depth_all,4542,0,0,0
multi_device,0,0,depth_all,4543,0,0,0
multi_device,0,0,depth_all,4543,0,0,0
multi_device,0,0,depth_all,4543,0,0,0
multi_device,0,0,depth_all,4544,0,0,0
multi_device,0,0,depth_all,4544,0,0,0
multi_device,0,0,depth_all,4544,0,0,0
multi_device,0,0,depth_all,4545,0,0,0
multi_device,0,0,depth_all,4545,0,0,0
multi_device,0,0,depth_all,4546,0,0,0
multi_device,0,0,depth_all,4545,0,0,0
multi_device,0,0,depth_all,4546,0,0,0
multi_device,0,0,depth_all,4546,0,0,0
multi_device,0,0,depth_all,4546,0,0,0
multi_device,0,0,depth_all,4547,0,0,0
multi_device,0,0,depth_all,4547,0,0,0
multi_device,0,0,depth_all,4547,0,0,0
multi_device,0,0,depth_all,4548,0,0,0
multi_device,0,0,depth_all,4547,0,0,0
multi_device,0,0,depth_all,4548,0,0,0
multi_device,0,0,depth_all,4549,0,0,0
multi_device,0,0,depth_all,4549,0,0,0
multi_device,0,0,depth_all,4550,0,0,0
multi_device,0,0,depth_all,4549,0,0,0
multi_device,0,0,depth_all,4550,0,0,0
multi_device,0,0,depth_all,4551,0,0,0
multi_device,0,0,depth_all,4550,0,0,0
multi_device,0,0,depth_all,4551,0,0,0
multi_device,0,0,depth_all,4551,0,0,0
multi_device,0,0,depth_all,4551,0,0,0
multi_device,0,0,depth_all,4552,0,0,0
multi_device,0,0,depth_all,4552,0,0,0
multi_device,0,0,depth_all,4552,0,0,0
multi_device,0,0,depth_all,4553,0,0,0
multi_device,0,0,depth_all,4553,0,0,0
multi_device,0,0,depth_all,4554,0,0,0
multi_device,0,0,depth_all,4553,0,0,0
multi_device,0,0,depth_all,4554,0,0,0
multi_device,0,0,depth_all,4554,0,0,0
multi_device,0,0,depth_all,4554,0,0,0
multi_device,0,0,depth_all,4555,0,0,0
multi_device,0,0,depth_all,4555,0,0,0
multi_device,0,0,depth_all,4556,0,0,0
multi_device,0,0,depth_all,4556,0,0,0
multi_device,0,0,depth_all,4556,0,0,0
multi_device,0,0,depth_all,4556,0,0,0
multi_device,0,0,depth_all,4557,0,0,0
multi_device,0,0,depth_all,4557,0,0,0
multi_device,0,0,depth_all,4558,0,0,0
multi_device,0,0,depth_all,4558,0,0,0
multi_device,0,0,depth_all,4558,0,0,0
multi_device,0,0,depth_all,4558,0,0,0
multi_device,0,0,depth_all,4559,0,0,0
multi_device,0,0,depth_all,4559,0,0,0
multi_device,0,0,depth_all,4559,0,0,0
multi_device,0,0,depth_all,4559,0,0,0
multi_device,0,0,depth_all,4560,0,0,0
multi_device,0,0,depth_all,4561,0,0,0
multi_device,0,0,depth_all,4560,0,0,0
multi_device,0,0,depth_all,4561,0,0,0
multi_device,0,0,depth_all,4561,0,0,0
multi_device,0,0,depth_all,4562,0,0,0
multi_device,0,0,depth_all,4562,0,0,0
multi_device,0,0,depth_all,4562,0,0,0
multi_device,0,0,depth_all,4562,0,0,0
multi_device,0,0,depth_all,4562,0,0,0
multi_device,0,0,depth_all,4562,0,0,0
multi_device,0,0,depth_all,4563,0,0,0
multi_device,0,0,depth_all,4564,0,0,0
multi_device,0,0,depth_all,4563,0,0,0
multi_device,0,0,depth_all,4564,0,0,0
multi_device,0,0,depth_all,4564,0,0,0
multi_device,0,0,depth_all,4565,0,0,0
multi_device,0,0,depth_all,4565,0,0,0
multi_device,0,0,depth_all,4565,0,0,0
multi_device,0,0,depth_all,4566,0,0,0
multi_device,0,0,depth_all,4566,0,0,0
multi_device,0,0,depth_all,4566,0,0,0
multi_device,0,0,depth_all,4566,0,0,0
multi_device,0,0,depth_all,4567,0,0,0
multi_device,0,0,depth_all,4567,0,0,0
multi_device,0,0,depth_all,4567,0,0,0
multi_device,0,0,depth_all,4568,0,0,0
multi_device,0,0,depth_all,4569,0,0,0
multi_device,0,0,depth_all,4569,0,0,0
multi_device,0,0,depth_all,4569,0,0,0
multi_device,0,0,depth_all,4570,0,0,0
multi_device,0,0,depth_all,4570,0,0,0
multi_device,0,0,depth_all,4570,0,0,0
multi_device,0,0,depth_all,4571,0,0,0
multi_device,0,0,depth_all,4571,0,0,0
multi_device,0,0,depth_all,4571,0,0,0
multi_device,0,0,depth_all,4571,0,0,0
multi_device,0,0,depth_all,4572,0,0,0
multi_device,0,0,depth_all,4571,0,0,0
multi_device,0,0,depth_all,4572,0,0,0
multi_device,0,0,depth_all,4573,0,0,0
multi_device,0,0,depth_all,4573,0,0,0
multi_device,0,0,depth_all,4574,0,0,0
multi_device,0,0,depth_all,4573,0,0,0
multi_device,0,0,depth_all,4574,0,0,0
multi_device,0,0,depth_all,4574,0,0,0
multi_device,0,0,depth_all,4574,0,0,0
multi_device,0,0,depth_all,4574,0,0,0
multi_device,0,0,depth_all,4575,0,0,0
multi_device,0,0,depth_all,4575,0,0,0
multi_device,0,0,depth_all,4575,0,0,0
multi_device,0,0,depth_all,4576,0,0,0
multi_device,0,0,depth_all,4576,0,0,0
multi_device,0,0,depth_all,4576,0,0,0
multi_device,0,0,depth_all,4577,0,0,0
multi_device,0,0,depth_all,4577,0,0,0
multi_device,0,0,depth_all,4577,0,0,0
multi_device,0,0,depth_all,4578,0,0,0
multi_device,0,0,depth_all,4578,0,0,0
multi_device,0,0,depth_all,4578,0,0,0
multi_device,0,0,depth_all,4579,0,0,0
multi_device,0,0,depth_all,4578,0,0,0
multi_device,0,0,depth_all,4579,0,0,0
multi_device,0,0,depth_all,4580,0,0,0
multi_device,0,0,depth_all,4580,0,0,0
multi_device,0,0,depth_all,4580,0,0,0
multi_device,0,0,depth_all,4580,0,0,0
multi_device,0,0,depth_all,4581,0,0,0
multi_device,0,0,depth_all,4581,0,0,0
multi_device,0,0,depth_all,4582,0,0,0
multi_device,0,0,depth_all,4581,0,0,0
multi_device,0,0,depth_all,4581,0,0,0
multi_device,0,0,depth_all,4582,0,0,0
multi_device,0,0,depth_all,4583,0,0,0
multi_device,0,0,depth_all,4583,0,0,0
multi_device,0,0,depth_all,4583,0,0,0
multi_device,0,0,depth_all,4583,0,0,0
multi_device,0,0,depth_all,4583,0,0,0
multi_device,0,0,depth_all,4584,0,0,0
multi_device,0,0,depth_all,4585,0,0,0
multi_device,0,0,depth_all,4584,0,0,0
multi_device,0,0,depth_all,4585,0,0,0
multi_device,0,0,depth_all,4585,0,0,0
multi_device,0,0,depth_all,4586,0,0,0
multi_device,0,0,depth_all,4586,0,0,0
multi_device,0,0,depth_all,4587,0,0,0
multi_device,0,0,depth_all,4587,0,0,0
multi_device,0,0,depth_all,4587,0,0,0
multi_device,0,0,depth_all,4587,0,0,0
multi_device,0,0,depth_all,4588,0,0,0
multi_device,0,0,depth_all,4588,0,0,0
multi_device,0,0,depth_all,4588,0,0,0
multi_device,0,0,depth_all,4588,0,0,0
multi_device,0,0,depth_all,4589,0,0,0
multi_device,0,0,depth_all,4589,0,0,0
multi_device,0,0,depth_all,4590,0,0,0
multi_device,0,0,depth_all,4590,0,0,0
multi_device,0,0,depth_all,4590,0,0,0
multi_device,0,0,depth_all,4591,0,0,0
multi_device,0,0,depth_all,4591,0,0,0
multi_device,0,0,depth_all,4591,0,0,0
multi_device,0,0,depth_all,4591,0,0,0
multi_device,0,0,depth_all,4592,0,0,0
multi_device,0,0,depth_all,4592,0,0,0
multi_device,0,0,depth_all,4592,0,0,0
multi_device,0,0,depth_all,4592,0,0,0
multi_device,0,0,depth_all,4593,0,0,0
multi_device,0,0,depth_all,4593,0,0,0
multi_device,0,0,depth_all,4593,0,0,0
multi_device,0,0,depth_all,4593,0,0,0
multi_device,0,0,depth_all,4594,0,0,0
multi_device,0,0,depth_all,4594,0,0,0
multi_device,0,0,depth_all,4595,0,0,0
multi_device,0,0,depth_all,4595,0,0,0
multi_device,0,0,depth_all,4595,0,0,0
multi_device,0,0,depth_all,4596,0,0,0
multi_device,0,0,depth_all,4596,0,0,0
multi_device,0,0,depth_all,4597,0,0,0
multi_device,0,0,depth_all,4597,0,0,0
multi_device,0,0,depth_all,4597,0,0,0
multi_device,0,0,depth_all,4597,0,0,0
multi_device,0,0,depth_all,4597,0,0,0
multi_device,0,0,depth_all,4598,0,0,0
multi_device,0,0,depth_all,4598,0,0,0
multi_device,0,0,depth_all,4598,0,0,0
multi_device,0,0,depth_all,4599,0,0,0
multi_device,0,0,depth_all,4599,0,0,0
multi_device,0,0,depth_all,4599,0,0,0
multi_device,0,0,depth_all,4599,0,0,0
multi_device,0,0,depth_all,4600,0,0,0
multi_device,0,0,depth_all,4601,0,0,0
multi_device,0,0,depth_all,4600,0,0,0
multi_device,0,0,depth_all,4601,0,0,0
multi_device,0,0,depth_all,4601,0,0,0
multi_device,0,0,depth_all,4602,0,0,0
multi_device,0,0,depth_all,4602,0,0,0
multi_device,0,0,depth_all,4602,0,0,0
multi_device,0,0,depth_all,4602,0,0,0
multi_device,0,0,depth_all,4603,0,0,0
multi_device,0,0,depth_all,4603,0,0,0
multi_device,0,0,depth_all,4603,0,0,0
multi_device,0,0,depth_all,4604,0,0,0
multi_device,0,0,depth_all,4604,0,0,0
multi_device,0,0,depth_all,4604,0,0,0
multi_device,0,0,depth_all,4605,0,0,0
multi_device,0,0,depth_all,4605,0,0,0
multi_device,0,0,depth_all,4606,0,0,0
multi_device,0,0,depth_all,4606,0,0,0
multi_device,0,0,depth_all,4606,0,0,0
multi_device,0,0,depth_all,4606,0,0,0
multi_device,0,0,depth_all,4607,0,0,0
multi_device,0,0,depth_all,4607,0,0,0
multi_device,0,0,depth_all,4608,0,0,0
multi_device,0,0,depth_all,4607,0,0,0
multi_device,0,0,depth_all,4608,0,0,0
multi_device,0,0,depth_all,4609,0,0,0
multi_device,0,0,depth_all,4609,0,0,0
multi_device,0,0,depth_all,4609,0,0,0
multi_device,0,0,depth_all,4609,0,0,0
multi_device,0,0,depth_all,4610,0,0,0
multi_device,0,0,depth_all,4610,0,0,0
multi_device,0,0,depth_all,4610,0,0,0
multi_device,0,0,depth_all,4610,0,0,0
multi_device,0,0,depth_all,4610,0,0,0
multi_device,0,0,depth_all,4611,0,0,0
multi_device,0,0,depth_all,4601,0,0,0
multi_device,0,0,depth_all,4612,0,0,0
multi_device,0,0,depth_all,4612,0,0,0
multi_device,0,0,depth_all,4612,0,0,0
multi_device,0,0,depth_all,4612,0,0,0
multi_device,0,0,depth_all,4613,0,0,0
multi_device,0,0,depth_all,4613,0,0,0
multi_device,0,0,depth_all,4614,0,0,0
multi_device,0,0,depth_all,4613,0,0,0
multi_device,0,0,depth_all,4614,0,0,0
multi_device,0,0,depth_all,4615,0,0,0
multi_device,0,0,depth_all,4615,0,0,0
multi_device,0,0,depth_all,4615,0,0,0
multi_device,0,0,depth_all,4615,0,0,0
multi_device,0,0,depth_all,4616,0,0,0
multi_device,0,0,depth_all,4616,0,0,0
multi_device,0,0,depth_all,4616,0,0,0
multi_device,0,0,depth_all,4616,0,0,0
multi_device,0,0,depth_all,4617,0,0,0
multi_device,0,0,depth_all,4618,0,0,0
multi_device,0,0,depth_all,4618,0,0,0
multi_device,0,0,depth_all,4617,0,0,0
multi_device,0,0,depth_all,4617,0,0,0
multi_device,0,0,depth_all,4618,0,0,0
multi_device,0,0,depth_all,4620,0,0,0
multi_device,0,0,depth_all,4620,0,0,0
multi_device,0,0,depth_all,4612,0,0,0
multi_device,0,0,depth_all,4620,0,0,0
multi_device,0,0,depth_all,4621,0,0,0
multi_device,0,0,depth_all,4621,0,0,0
multi_device,0,0,depth_all,4621,0,0,0
multi_device,0,0,depth_all,4622,0,0,0
multi_device,0,0,depth_all,4622,0,0,0
multi_device,0,0,depth_all,4623,0,0,0
multi_device,0,0,depth_all,4623,0,0,0
multi_device,0,0,depth_all,4623,0,0,0
multi_device,0,0,depth_all,4623,0,0,0
multi_device,0,0,depth_all,4623,0,0,0
multi_device,0,0,depth_all,4624,0,0,0
multi_device,0,0,depth_all,4625,0,0,0
multi_device,0,0,depth_all,4624,0,0,0
multi_device,0,0,depth_all,4625,0,0,0
multi_device,0,0,depth_all,4625,0,0,0
multi_device,0,0,depth_all,4625,0,0,0
multi_device,0,0,depth_all,4626,0,0,0
multi_device,0,0,depth_all,4627,0,0,0
multi_device,0,0,depth_all,4627,0,0,0
multi_device,0,0,depth_all,4627,0,0,0
multi_device,0,0,depth_all,4627,0,0,0
multi_device,0,0,depth_all,4628,0,0,0
multi_device,0,0,depth_all,4628,0,0,0
multi_device,0,0,depth_all,4629,0,0,0
multi_device,0,0,depth_all,4629,0,0,0
multi_device,0,0,depth_all,4629,0,0,0
multi_device,0,0,depth_all,4630,0,0,0
multi_device,0,0,depth_all,4630,0,0,0
multi_device,0,0,depth_all,4631,0,0,0
multi_device,0,0,depth_all,4630,0,0,0
multi_device,0,0,depth_all,4631,0,0,0
multi_device,0,0,depth_all,4631,0,0,0
multi_device,0,0,depth_all,4632,0,0,0
multi_device,0,0,depth_all,4632,0,0,0
multi_device,0,0,depth_all,4632,0,0,0
multi_device,0,0,depth_all,4632,0,0,0
multi_device,0,0,depth_all,4633,0,0,0
multi_device,0,0,depth_all,4633,0,0,0
multi_device,0,0,depth_all,4633,0,0,0
multi_device,0,0,depth_all,4633,0,0,0
multi_device,0,0,color_all,4798,0,0,0
multi_device,0,0,color_all,4798,0,0,0
multi_device,0,0,color_all,4416,0,0,0
multi_device,0,0,color_all,4400,0,0,0
multi_device,0,0,color_all,4407,0,0,0
multi_device,0,0,color_all,4401,0,0,0
multi_device,0,0,color_all,4401,0,0,0
multi_device,0,0,color_all,4405,0,0,0
multi_device,0,0,color_all,4402,0,0,0
multi_device,0,0,color_all,4402,0,0,0
multi_device,0,0,color_all,4404,0,0,0
multi_device,0,0,color_all,4403,0,0,0
multi_device,0,0,color_all,4403,0,0,0
multi_device,0,0,color_all,4403,0,0,0
multi_device,0,0,color_all,4404,0,0,0
multi_device,0,0,color_all,4405,0,0,0
multi_device,0,0,color_all,4409,0,0,0
multi_device,0,0,color_all,4405,0,0,0
multi_device,0,0,color_all,4405,0,0,0
multi_device,0,0,color_all,4414,0,0,0
multi_device,0,0,color_all,4406,0,0,0
multi_device,0,0,color_all,4406,0,0,0
multi_device,0,0,color_all,4414,0,0,0
multi_device,0,0,color_all,4406,0,0,0
multi_device,0,0,color_all,4407,0,0,0
multi_device,0,0,color_all,4407,0,0,0
multi_device,0,0,color_all,4408,0,0,0
multi_device,0,0,color_all,4408,0,0,0
multi_device,0,0,color_all,4410,0,0,0
multi_device,0,0,color_all,4409,0,0,0
multi_device,0,0,color_all,4409,0,0,0
multi_device,0,0,color_all,4413,0,0,0
multi_device,0,0,color_all,4410,0,0,0
multi_device,0,0,color_all,4410,0,0,0
multi_device,0,0,color_all,4420,0,0,0
multi_device,0,0,color_all,4410,0,0,0
multi_device,0,0,color_all,4411,0,0,0
multi_device,0,0,color_all,4414,0,0,0
multi_device,0,0,color_all,4412,0,0,0
multi_device,0,0,color_all,4412,0,0,0
multi_device,0,0,color_all,4415,0,0,0
multi_device,0,0,color_all,4412,0,0,0
multi_device,0,0,color_all,4413,0,0,0
multi_device,0,0,color_all,4423,0,0,0
multi_device,0,0,color_all,4413,0,0,0
multi_device,0,0,color_all,4414,0,0,0
multi_device,0,0,color_all,4418,0,0,0
multi_device,0,0,color_all,4414,0,0,0
multi_device,0,0,color_all,4415,0,0,0
multi_device,0,0,color_all,4415,0,0,0
multi_device,0,0,color_all,4415,0,0,0
multi_device,0,0,color_all,4415,0,0,0
multi_device,0,0,color_all,4416,0,0,0
multi_device,0,0,color_all,4416,0,0,0
multi_device,0,0,color_all,4416,0,0,0
multi_device,0,0,color_all,4419,0,0,0
multi_device,0,0,color_all,4418,0,0,0
multi_device,0,0,color_all,4417,0,0,0
multi_device,0,0,color_all,4427,0,0,0
multi_device,0,0,color_all,4418,0,0,0
multi_device,0,0,color_all,4418,0,0,0
multi_device,0,0,color_all,4418,0,0,0
multi_device,0,0,color_all,4419,0,0,0
multi_device,0,0,color_all,4420,0,0,0
multi_device,0,0,color_all,4429,0,0,0
multi_device,0,0,color_all,4420,0,0,0
multi_device,0,0,color_all,4421,0,0,0
multi_device,0,0,color_all,4430,0,0,0
multi_device,0,0,color_all,4421,0,0,0
multi_device,0,0,color_all,4422,0,0,0
multi_device,0,0,color_all,4422,0,0,0
multi_device,0,0,color_all,4421,0,0,0
multi_device,0,0,color_all,4422,0,0,0
multi_device,0,0,color_all,4422,0,0,0
multi_device,0,0,color_all,4423,0,0,0
multi_device,0,0,color_all,4423,0,0,0
multi_device,0,0,color_all,4423,0,0,0
multi_device,0,0,color_all,4424,0,0,0
multi_device,0,0,color_all,4424,0,0,0
multi_device,0,0,color_all,4424,0,0,0
multi_device,0,0,color_all,4424,0,0,0
multi_device,0,0,color_all,4425,0,0,0
multi_device,0,0,color_all,4432,0,0,0
multi_device,0,0,color_all,4425,0,0,0
multi_device,0,0,color_all,4426,0,0,0
multi_device,0,0,color_all,4426,0,0,0
multi_device,0,0,color_all,4427,0,0,0
multi_device,0,0,color_all,4427,0,0,0
multi_device,0,0,color_all,4428,0,0,0
multi_device,0,0,color_all,4428,0,0,0
multi_device,0,0,color_all,4428,0,0,0
multi_device,0,0,color_all,4428,0,0,0
multi_device,0,0,color_all,4428,0,0,0
multi_device,0,0,color_all,4428,0,0,0
multi_device,0,0,color_all,4429,0,0,0
multi_device,0,0,color_all,4429,0,0,0
multi_device,0,0,color_all,4429,0,0,0
multi_device,0,0,color_all,4430,0,0,0
multi_device,0,0,color_all,4430,0,0,0
multi_device,0,0,color_all,4431,0,0,0
multi_device,0,0,color_all,4431,0,0,0
multi_device,0,0,color_all,4431,0,0,0
multi_device,0,0,color_all,4431,0,0,0
multi_device,0,0,color_all,4432,0,0,0
multi_device,0,0,color_all,4432,0,0,0
multi_device,0,0,color_all,4432,0,0,0
multi_device,0,0,color_all,4433,0,0,0
multi_device,0,0,color_all,4433,0,0,0
multi_device,0,0,color_all,4433,0,0,0
multi_device,0,0,color_all,4433,0,0,0
multi_device,0,0,color_all,4434,0,0,0
multi_device,0,0,color_all,4434,0,0,0
multi_device,0,0,color_all,4435,0,0,0
multi_device,0,0,color_all,4435,0,0,0
multi_device,0,0,color_all,4435,0,0,0
multi_device,0,0,color_all,4436,0,0,0
multi_device,0,0,color_all,4436,0,0,0
multi_device,0,0,color_all,4436,0,0,0
multi_device,0,0,color_all,4437,0,0,0
multi_device,0,0,color_all,4437,0,0,0
multi_device,0,0,color_all,4437,0,0,0
multi_device,0,0,color_all,4437,0,0,0
multi_device,0,0,color_all,4438,0,0,0
multi_device,0,0,color_all,4438,0,0,0
multi_device,0,0,color_all,4439,0,0,0
multi_device,0,0,color_all,4438,0,0,0
multi_device,0,0,color_all,4439,0,0,0
multi_device,0,0,color_all,4439,0,0,0
multi_device,0,0,color_all,4440,0,0,0
multi_device,0,0,color_all,4440,0,0,0
multi_device,0,0,color_all,4441,0,0,0
multi_device,0,0,color_all,4440,0,0,0
multi_device,0,0,color_all,4440,0,0,0
multi_device,0,0,color_all,4441,0,0,0
multi_device,0,0,color_all,4441,0,0,0
multi_device,0,0,color_all,4442,0,0,0
multi_device,0,0,color_all,4442,0,0,0
multi_device,0,0,color_all,4442,0,0,0
multi_device,0,0,color_all,4443,0,0,0
multi_device,0,0,color_all,4443,0,0,0
multi_device,0,0,color_all,4443,0,0,0
multi_device,0,0,color_all,4443,0,0,0
multi_device,0,0,color_all,4444,0,0,0
multi_device,0,0,color_all,4444,0,0,0
multi_device,0,0,color_all,4444,0,0,0
multi_device,0,0,color_all,4445,0,0,0
multi_device,0,0,color_all,4445,0,0,0
multi_device,0,0,color_all,4445,0,0,0
multi_device,0,0,color_all,4446,0,0,0
multi_device,0,0,color_all,4446,0,0,0
multi_device,0,0,color_all,4446,0,0,0
multi_device,0,0,color_all,4447,0,0,0
multi_device,0,0,color_all,4447,0,0,0
multi_device,0,0,color_all,4448,0,0,0
multi_device,0,0,color_all,4448,0,0,0
multi_device,0,0,color_all,4448,0,0,0
multi_device,0,0,color_all,4448,0,0,0
multi_device,0,0,color_all,4449,0,0,0
multi_device,0,0,color_all,4449,0,0,0
multi_device,0,0,color_all,4449,0,0,0
multi_device,0,0,color_all,4450,0,0,0
multi_device,0,0,color_all,4450,0,0,0
multi_device,0,0,color_all,4450,0,0,0
multi_device,0,0,color_all,4450,0,0,0
multi_device,0,0,color_all,4450,0,0,0
multi_device,0,0,color_all,4451,0,0,0
multi_device,0,0,color_all,4452,0,0,0
multi_device,0,0,color_all,4451,0,0,0
multi_device,0,0,color_all,4452,0,0,0
multi_device,0,0,color_all,4459,0,0,0
multi_device,0,0,color_all,4460,0,0,0
multi_device,0,0,color_all,4461,0,0,0
multi_device,0,0,color_all,4461,0,0,0
multi_device,0,0,color_all,4461,0,0,0
multi_device,0,0,color_all,4461,0,0,0
multi_device,0,0,color_all,4462,0,0,0
multi_device,0,0,color_all,4462,0,0,0
multi_device,0,0,color_all,4462,0,0,0
multi_device,0,0,color_all,4462,0,0,0
multi_device,0,0,color_all,4463,0,0,0
multi_device,0,0,color_all,4464,0,0,0
multi_device,0,0,color_all,4464,0,0,0
multi_device,0,0,color_all,4464,0,0,0
multi_device,0,0,color_all,4464,0,0,0
multi_device,0,0,color_all,4465,0,0,0
multi_device,0,0,color_all,4465,0,0,0
multi_device,0,0,color_all,4465,0,0,0
multi_device,0,0,color_all,4465,0,0,0
multi_device,0,0,color_all,4465,0,0,0
multi_device,0,0,color_all,4466,0,0,0
multi_device,0,0,color_all,4466,0,0,0
multi_device,0,0,color_all,4467,0,0,0
multi_device,0,0,color_all,4467,0,0,0
multi_device,0,0,color_all,4467,0,0,0
multi_device,0,0,color_all,4468,0,0,0
multi_device,0,0,color_all,4467,0,0,0
multi_device,0,0,color_all,4468,0,0,0
multi_device,0,0,color_all,4468,0,0,0
multi_device,0,0,color_all,4469,0,0,0
multi_device,0,0,color_all,4469,0,0,0
multi_device,0,0,color_all,4469,0,0,0
multi_device,0,0,color_all,4470,0,0,0
multi_device,0,0,color_all,4470,0,0,0
multi_device,0,0,color_all,4470,0,0,0
multi_device,0,0,color_all,4470,0,0,0
multi_device,0,0,color_all,4471,0,0,0
multi_device,0,0,color_all,4471,0,0,0
multi_device,0,0,color_all,4471,0,0,0
multi_device,0,0,color_all,4472,0,0,0
multi_device,0,0,color_all,4472,0,0,0
multi_device,0,0,color_all,4473,0,0,0
multi_device,0,0,color_all,4473,0,0,0
multi_device,0,0,color_all,4473,0,0,0
multi_device,0,0,color_all,4473,0,0,0
multi_device,0,0,color_all,4474,0,0,0
multi_device,0,0,color_all,4474,0,0,0
multi_device,0,0,color_all,4474,0,0,0
multi_device,0,0,color_all,4475,0,0,0
multi_device,0,0,color_all,4475,0,0,0
multi_device,0,0,color_all,4475,0,0,0
multi_device,0,0,color_all,4475,0,0,0
multi_device,0,0,color_all,4476,0,0,0
multi_device,0,0,color_all,4476,0,0,0
multi_device,0,0,color_all,4477,0,0,0
multi_device,0,0,color_all,4477,0,0,0
multi_device,0,0,color_all,4477,0,0,0
multi_device,0,0,color_all,4477,0,0,0
multi_device,0,0,color_all,4478,0,0,0
multi_device,0,0,color_all,4478,0,0,0
multi_device,0,0,color_all,4479,0,0,0
multi_device,0,0,color_all,4478,0,0,0
multi_device,0,0,color_all,4479,0,0,0
multi_device,0,0,color_all,4479,0,0,0
multi_device,0,0,color_all,4479,0,0,0
multi_device,0,0,color_all,4479,0,0,0
multi_device,0,0,color_all,4481,0,0,0
multi_device,0,0,color_all,4480,0,0,0
multi_device,0,0,color_all,4481,0,0,0
multi_device,0,0,color_all,4481,0,0,0
multi_device,0,0,color_all,4481,0,0,0
multi_device,0,0,color_all,4482,0,0,0
multi_device,0,0,color_all,4482,0,0,0
multi_device,0,0,color_all,4482,0,0,0
multi_device,0,0,color_all,4483,0,0,0
multi_device,0,0,color_all,4483,0,0,0
multi_device,0,0,color_all,4483,0,0,0
multi_device,0,0,color_all,4483,0,0,0
multi_device,0,0,color_all,4484,0,0,0
multi_device,0,0,color_all,4484,0,0,0
multi_device,0,0,color_all,4484,0,0,0
multi_device,0,0,color_all,4485,0,0,0
multi_device,0,0,color_all,4485,0,0,0
multi_device,0,0,color_all,4485,0,0,0
multi_device,0,0,color_all,4486,0,0,0
multi_device,0,0,color_all,4486,0,0,0
multi_device,0,0,color_all,4486,0,0,0
multi_device,0,0,color_all,4487,0,0,0
multi_device,0,0,color_all,4487,0,0,0
multi_device,0,0,color_all,4487,0,0,0
multi_device,0,0,color_all,4487,0,0,0
multi_device,0,0,color_all,4488,0,0,0
multi_device,0,0,color_all,4488,0,0,0
multi_device,0,0,color_all,4489,0,0,0
multi_device,0,0,color_all,4488,0,0,0
multi_device,0,0,color_all,4489,0,0,0
multi_device,0,0,color_all,4489,0,0,0
multi_device,0,0,color_all,4490,0,0,0
multi_device,0,0,color_all,4490,0,0,0
multi_device,0,0,color_all,4490,0,0,0
multi_device,0,0,color_all,4491,0,0,0
multi_device,0,0,color_all,4491,0,0,0
multi_device,0,0,color_all,4491,0,0,0
multi_device,0,0,color_all,4491,0,0,0
multi_device,0,0,color_all,4491,0,0,0
multi_device,0,0,color_all,4492,0,0,0
multi_device,0,0,color_all,4492,0,0,0
multi_device,0,0,color_all,4493,0,0,0
multi_device,0,0,color_all,4493,0,0,0
multi_device,0,0,color_all,4493,0,0,0
multi_device,0,0,color_all,4494,0,0,0
multi_device,0,0,color_all,4494,0,0,0
multi_device,0,0,color_all,4494,0,0,0
multi_device,0,0,color_all,4495,0,0,0
multi_device,0,0,color_all,4494,0,0,0
multi_device,0,0,color_all,4495,0,0,0
multi_device,0,0,color_all,4495,0,0,0
multi_device,0,0,color_all,4495,0,0,0
multi_device,0,0,color_all,4496,0,0,0
multi_device,0,0,color_all,4496,0,0,0
multi_device,0,0,color_all,4496,0,0,0
multi_device,0,0,color_all,4496,0,0,0
multi_device,0,0,color_all,4498,0,0,0
multi_device,0,0,color_all,4497,0,0,0
multi_device,0,0,color_all,4498,0,0,0
multi_device,0,0,color_all,4498,0,0,0
multi_device,0,0,color_all,4498,0,0,0
multi_device,0,0,color_all,4498,0,0,0
multi_device,0,0,color_all,4499,0,0,0
multi_device,0,0,color_all,4499,0,0,0
multi_device,0,0,color_all,4500,0,0,0
multi_device,0,0,color_all,4500,0,0,0
multi_device,0,0,color_all,4500,0,0,0
multi_device,0,0,color_all,4500,0,0,0
multi_device,0,0,color_all,4501,0,0,0
multi_device,0,0,color_all,4501,0,0,0
multi_device,0,0,color_all,4501,0,0,0
multi_device,0,0,color_all,4502,0,0,0
multi_device,0,0,color_all,4502,0,0,0
multi_device,0,0,color_all,4502,0,0,0
multi_device,0,0,color_all,4503,0,0,0
multi_device,0,0,color_all,4503,0,0,0
multi_device,0,0,color_all,4503,0,0,0
multi_device,0,0,color_all,4504,0,0,0
multi_device,0,0,color_all,4504,0,0,0
multi_device,0,0,color_all,4505,0,0,0
multi_device,0,0,color_all,4504,0,0,0
multi_device,0,0,color_all,4505,0,0,0
multi_device,0,0,color_all,4505,0,0,0
multi_device,0,0,color_all,4505,0,0,0
multi_device,0,0,color_all,4506,0,0,0
multi_device,0,0,color_all,4506,0,0,0
multi_device,0,0,color_all,4506,0,0,0
multi_device,0,0,color_all,4506,0,0,0
multi_device,0,0,color_all,4507,0,0,0
multi_device,0,0,color_all,4507,0,0,0
multi_device,0,0,color_all,4507,0,0,0
multi_device,0,0,color_all,4508,0,0,0
multi_device,0,0,color_all,4508,0,0,0
multi_device,0,0,color_all,4508,0,0,0
multi_device,0,0,color_all,4509,0,0,0
multi_device,0,0,color_all,4509,0,0,0
multi_device,0,0,color_all,4509,0,0,0
multi_device,0,0,color_all,4510,0,0,0
multi_device,0,0,color_all,4510,0,0,0
multi_device,0,0,color_all,4510,0,0,0
multi_device,0,0,color_all,4511,0,0,0
multi_device,0,0,color_all,4511,0,0,0
multi_device,0,0,color_all,4512,0,0,0
multi_device,0,0,color_all,4511,0,0,0
multi_device,0,0,color_all,4505,0,0,0
multi_device,0,0,color_all,4505,0,0,0
multi_device,0,0,color_all,4506,0,0,0
multi_device,0,0,color_all,4505,0,0,0
multi_device,0,0,color_all,4506,0,0,0
multi_device,0,0,color_all,4506,0,0,0
multi_device,0,0,color_all,4506,0,0,0
multi_device,0,0,color_all,4506,0,0,0
multi_device,0,0,color_all,4507,0,0,0
multi_device,0,0,color_all,4507,0,0,0
multi_device,0,0,color_all,4507,0,0,0
multi_device,0,0,color_all,4508,0,0,0
multi_device,0,0,color_all,4508,0,0,0
multi_device,0,0,color_all,4508,0,0,0
multi_device,0,0,color_all,4509,0,0,0
multi_device,0,0,color_all,4509,0,0,0
multi_device,0,0,color_all,4510,0,0,0
multi_device,0,0,color_all,4509,0,0,0
multi_device,0,0,color_all,4510,0,0,0
multi_device,0,0,color_all,4510,0,0,0
multi_device,0,0,color_all,4511,0,0,0
multi_device,0,0,color_all,4511,0,0,0
multi_device,0,0,color_all,4511,0,0,0
multi_device,0,0,color_all,4512,0,0,0
multi_device,0,0,color_all,4512,0,0,0
multi_device,0,0,color_all,4512,0,0,0
multi_device,0,0,color_all,4513,0,0,0
multi_device,0,0,color_all,4512,0,0,0
multi_device,0,0,color_all,4513,0,0,0
multi_device,0,0,color_all,4513,0,0,0
multi_device,0,0,color_all,4513,0,0,0
multi_device,0,0,color_all,4514,0,0,0
multi_device,0,0,color_all,4515,0,0,0
multi_device,0,0,color_all,4514,0,0,0
multi_device,0,0,color_all,4515,0,0,0
multi_device,0,0,color_all,4515,0,0,0
multi_device,0,0,color_all,4515,0,0,0
multi_device,0,0,color_all,4516,0,0,0
multi_device,0,0,color_all,4516,0,0,0
multi_device,0,0,color_all,4516,0,0,0
multi_device,0,0,color_all,4516,0,0,0
multi_device,0,0,color_all,4517,0,0,0
multi_device,0,0,color_all,4517,0,0,0
multi_device,0,0,color_all,4518,0,0,0
multi_device,0,0,color_all,4518,0,0,0
multi_device,0,0,color_all,4518,0,0,0
multi_device,0,0,color_all,4519,0,0,0
multi_device,0,0,color_all,4519,0,0,0
multi_device,0,0,color_all,4519,0,0,0
multi_device,0,0,color_all,4519,0,0,0
multi_device,0,0,color_all,4520,0,0,0
multi_device,0,0,color_all,4520,0,0,0
multi_device,0,0,color_all,4521,0,0,0
multi_device,0,0,color_all,4520,0,0,0
multi_device,0,0,color_all,4521,0,0,0
multi_device,0,0,color_all,4521,0,0,0
multi_device,0,0,color_all,4521,0,0,0
multi_device,0,0,color_all,4522,0,0,0
multi_device,0,0,color_all,4522,0,0,0
multi_device,0,0,color_all,4522,0,0,0
multi_device,0,0,color_all,4523,0,0,0
multi_device,0,0,color_all,4523,0,0,0
multi_device,0,0,color_all,4523,0,0,0
multi_device,0,0,color_all,4523,0,0,0
multi_device,0,0,color_all,4524,0,0,0
multi_device,0,0,color_all,4525,0,0,0
multi_device,0,0,color_all,4525,0,0,0
multi_device,0,0,color_all,4524,0,0,0
multi_device,0,0,color_all,4525,0,0,0
multi_device,0,0,color_all,4525,0,0,0
multi_device,0,0,color_all,4526,0,0,0
multi_device,0,0,color_all,4527,0,0,0
multi_device,0,0,color_all,4526,0,0,0
multi_device,0,0,color_all,4527,0,0,0
multi_device,0,0,color_all,4527,0,0,0
multi_device,0,0,color_all,4527,0,0,0
multi_device,0,0,color_all,4528,0,0,0
multi_device,0,0,color_all,4529,0,0,0
multi_device,0,0,color_all,4529,0,0,0
multi_device,0,0,color_all,4529,0,0,0
multi_device,0,0,color_all,4530,0,0,0
multi_device,0,0,color_all,4530,0,0,0
multi_device,0,0,color_all,4530,0,0,0
multi_device,0,0,color_all,4531,0,0,0
multi_device,0,0,color_all,4531,0,0,0
multi_device,0,0,color_all,4531,0,0,0
multi_device,0,0,color_all,4531,0,0,0
multi_device,0,0,color_all,4532,0,0,0
multi_device,0,0,color_all,4532,0,0,0
multi_device,0,0,color_all,4532,0,0,0
multi_device,0,0,color_all,4533,0,0,0
multi_device,0,0,color_all,4533,0,0,0
multi_device,0,0,color_all,4533,0,0,0
multi_device,0,0,color_all,4533,0,0,0
multi_device,0,0,color_all,4534,0,0,0
multi_device,0,0,color_all,4534,0,0,0
multi_device,0,0,color_all,4534,0,0,0
multi_device,0,0,color_all,4535,0,0,0
multi_device,0,0,color_all,4535,0,0,0
multi_device,0,0,color_all,4536,0,0,0
multi_device,0,0,color_all,4536,0,0,0
multi_device,0,0,color_all,4536,0,0,0
multi_device,0,0,color_all,4537,0,0,0
multi_device,0,0,color_all,4536,0,0,0
multi_device,0,0,color_all,4537,0,0,0
multi_device,0,0,color_all,4537,0,0,0
multi_device,0,0,color_all,4537,0,0,0
multi_device,0,0,color_all,4538,0,0,0
multi_device,0,0,color_all,4539,0,0,0
multi_device,0,0,color_all,4538,0,0,0
multi_device,0,0,color_all,4539,0,0,0
multi_device,0,0,color_all,4539,0,0,0
multi_device,0,0,color_all,4539,0,0,0
multi_device,0,0,color_all,4539,0,0,0
multi_device,0,0,color_all,4540,0,0,0
multi_device,0,0,color_all,4540,0,0,0
multi_device,0,0,color_all,4540,0,0,0
multi_device,0,0,color_all,4541,0,0,0
multi_device,0,0,color_all,4541,0,0,0
multi_device,0,0,color_all,4542,0,0,0
multi_device,0,0,color_all,4541,0,0,0
multi_device,0,0,color_all,4543,0,0,0
multi_device,0,0,color_all,4542,0,0,0
multi_device,0,0,color_all,4543,0,0,0
multi_device,0,0,color_all,4543,0,0,0
multi_device,0,0,color_all,4544,0,0,0
multi_device,0,0,color_all,4544,0,0,0
multi_device,0,0,color_all,4544,0,0,0
multi_device,0,0,color_all,4544,0,0,0
multi_device,0,0,color_all,4545,0,0,0
multi_device,0,0,color_all,4545,0,0,0
multi_device,0,0,color_all,4546,0,0,0
multi_device,0,0,color_all,4546,0,0,0
multi_device,0,0,color_all,4546,0,0,0
multi_device,0,0,color_all,4546,0,0,0
multi_device,0,0,color_all,4546,0,0,0
multi_device,0,0,color_all,4547,0,0,0
multi_device,0,0,color_all,4548,0,0,0
multi_device,0,0,color_all,4548,0,0,0
multi_device,0,0,color_all,4548,0,0,0
multi_device,0,0,color_all,4548,0,0,0
multi_device,0,0,color_all,4548,0,0,0
multi_device,0,0,color_all,4549,0,0,0
multi_device,0,0,color_all,4549,0,0,0
multi_device,0,0,color_all,4549,0,0,0
multi_device,0,0,color_all,4550,0,0,0
multi_device,0,0,color_all,4550,0,0,0
multi_device,0,0,color_all,4551,0,0,0
multi_device,0,0,color_all,4550,0,0,0
multi_device,0,0,color_all,4551,0,0,0
multi_device,0,0,color_all,4551,0,0,0
multi_device,0,0,color_all,4551,0,0,0
multi_device,0,0,color_all,4552,0,0,0
multi_device,0,0,color_all,4552,0,0,0
multi_device,0,0,color_all,4552,0,0,0
multi_device,0,0,color_all,4553,0,0,0
multi_device,0,0,color_all,4553,0,0,0
multi_device,0,0,color_all,4553,0,0,0
multi_device,0,0,color_all,4553,0,0,0
multi_device,0,0,color_all,4554,0,0,0
multi_device,0,0,color_all,4554,0,0,0
multi_device,0,0,color_all,4554,0,0,0
multi_device,0,0,color_all,4555,0,0,0
multi_device,0,0,color_all,4556,0,0,0
multi_device,0,0,color_all,4555,0,0,0
multi_device,0,0,color_all,4556,0,0,0
multi_device,0,0,color_all,4556,0,0,0
multi_device,0,0,color_all,4557,0,0,0
multi_device,0,0,color_all,4557,0,0,0
multi_device,0,0,color_all,4565,0,0,0
multi_device,0,0,color_all,4564,0,0,0
multi_device,0,0,color_all,4565,0,0,0
multi_device,0,0,color_all,4529,0,0,0
multi_device,0,0,color_all,4520,0,0,0
multi_device,0,0,color_all,4575,0,0,0
multi_device,0,0,color_all,4575,0,0,0
multi_device,0,0,color_all,4576,0,0,0
multi_device,0,0,color_all,4575,0,0,0
multi_device,0,0,color_all,4576,0,0,0
multi_device,0,0,color_all,4576,0,0,0
multi_device,0,0,color_all,4576,0,0,0
multi_device,0,0,color_all,4577,0,0,0
multi_device,0,0,color_all,4576,0,0,0
multi_device,0,0,color_all,4577,0,0,0
multi_device,0,0,color_all,4578,0,0,0
multi_device,0,0,color_all,4577,0,0,0
multi_device,0,0,color_all,4578,0,0,0
multi_device,0,0,color_all,4579,0,0,0
multi_device,0,0,color_all,4579,0,0,0
multi_device,0,0,color_all,4579,0,0,0
multi_device,0,0,color_all,4579,0,0,0
multi_device,0,0,color_all,4580,0,0,0
multi_device,0,0,color_all,4581,0,0,0
multi_device,0,0,color_all,4580,0,0,0
multi_device,0,0,color_all,4581,0,0,0
multi_device,0,0,color_all,4581,0,0,0
multi_device,0,0,color_all,4582,0,0,0
multi_device,0,0,color_all,4582,0,0,0
multi_device,0,0,color_all,4581,0,0,0
multi_device,0,0,color_all,4583,0,0,0
multi_device,0,0,color_all,4575,0,0,0
multi_device,0,0,color_all,4583,0,0,0
multi_device,0,0,color_all,4584,0,0,0
multi_device,0,0,color_all,4584,0,0,0
multi_device,0,0,color_all,4585,0,0,0
multi_device,0,0,color_all,4585,0,0,0
multi_device,0,0,color_all,4586,0,0,0
multi_device,0,0,color_all,4586,0,0,0
multi_device,0,0,color_all,4586,0,0,0
multi_device,0,0,color_all,4587,0,0,0
multi_device,0,0,color_all,4586,0,0,0
multi_device,0,0,color_all,4587,0,0,0
multi_device,0,0,color_all,4587,0,0,0
multi_device,0,0,color_all,4588,0,0,0
multi_device,0,0,color_all,4587,0,0,0
multi_device,0,0,color_all,4588,0,0,0
multi_device,0,0,color_all,4588,0,0,0
multi_device,0,0,color_all,4589,0,0,0
multi_device,0,0,color_all,4589,0,0,0
multi_device,0,0,color_all,4590,0,0,0
multi_device,0,0,color_all,4590,0,0,0
multi_device,0,0,color_all,4590,0,0,0
multi_device,0,0,color_all,4591,0,0,0
multi_device,0,0,color_all,4591,0,0,0
multi_device,0,0,color_all,4591,0,0,0
multi_device,0,0,color_all,4591,0,0,0
multi_device,0,0,color_all,4591,0,0,0
multi_device,0,0,color_all,4592,0,0,0
multi_device,0,0,color_all,4593,0,0,0
multi_device,0,0,color_all,4593,0,0,0
multi_device,0,0,color_all,4593,0,0,0
multi_device,0,0,color_all,4593,0,0,0
multi_device,0,0,color_all,4594,0,0,0
multi_device,0,0,color_all,4593,0,0,0
multi_device,0,0,color_all,4594,0,0,0
multi_device,0,0,color_all,4595,0,0,0
multi_device,0,0,color_all,4594,0,0,0
multi_device,0,0,color_all,4595,0,0,0
multi_device,0,0,color_all,4595,0,0,0
multi_device,0,0,color_all,4595,0,0,0
multi_device,0,0,color_all,4596,0,0,0
multi_device,0,0,color_all,4596,0,0,0
multi_device,0,0,color_all,4597,0,0,0
